date,atm_iv_30d,n_trades
2017-02-21 00:00:00+00:00,94.42065420560749,10
2017-02-22 00:00:00+00:00,92.54499999999999,10
2017-02-23 00:00:00+00:00,112.63425872093023,64
2017-02-24 00:00:00+00:00,108.74333333333334,3
2017-02-25 00:00:00+00:00,127.10857142857142,3
2017-02-27 00:00:00+00:00,116.24491525423728,3
2017-03-01 00:00:00+00:00,96.53,1
2017-03-02 00:00:00+00:00,95.71,1
2017-03-03 00:00:00+00:00,72.11,1
2017-03-04 00:00:00+00:00,174.99434782608697,12
2017-03-06 00:00:00+00:00,76.066,5
2017-03-09 00:00:00+00:00,104.53000000000002,1
2017-03-11 00:00:00+00:00,86.97,1
2017-05-21 00:00:00+00:00,99.2011111111111,6
2017-05-22 00:00:00+00:00,113.11,1
2017-05-23 00:00:00+00:00,93.78502702702703,10
2017-05-24 00:00:00+00:00,71.1200964630225,10
2017-05-25 00:00:00+00:00,98.79815143354982,33
2017-05-26 00:00:00+00:00,96.46785714285714,25
2017-05-27 00:00:00+00:00,98.086125,12
2017-05-28 00:00:00+00:00,109.19271604938272,2
2017-05-29 00:00:00+00:00,128.41099273057705,10
2017-05-31 00:00:00+00:00,112.04557986870897,9
2017-06-01 00:00:00+00:00,108.78338444687844,17
2017-06-03 00:00:00+00:00,120.09036931818181,6
2017-06-04 00:00:00+00:00,115.81133333333334,4
2017-06-05 00:00:00+00:00,122.66508909752827,52
2017-06-06 00:00:00+00:00,112.402659050414,29
2017-06-07 00:00:00+00:00,119.521118363027,16
2017-06-08 00:00:00+00:00,113.7782191780822,10
2017-06-09 00:00:00+00:00,94.93616319444445,18
2017-06-10 00:00:00+00:00,95.43416666666667,3
2017-06-30 00:00:00+00:00,84.75113091579595,26
2017-07-01 00:00:00+00:00,97.36615871675812,70
2017-07-02 00:00:00+00:00,82.20167400881057,12
2017-07-03 00:00:00+00:00,82.29124999999999,3
2017-07-04 00:00:00+00:00,78.53316391359593,29
2017-07-05 00:00:00+00:00,85.7075,3
2017-07-06 00:00:00+00:00,81.14569767441861,4
2017-07-07 00:00:00+00:00,75.23040445728437,14
2017-07-28 00:00:00+00:00,73.14465517241379,9
2017-07-29 00:00:00+00:00,112.78545454545454,6
2017-07-30 00:00:00+00:00,76.62756097560975,9
2017-07-31 00:00:00+00:00,101.65107438016528,17
2017-08-01 00:00:00+00:00,96.22038961038962,39
2017-08-02 00:00:00+00:00,89.8325,2
2017-08-03 00:00:00+00:00,91.74199999999999,3
2017-08-04 00:00:00+00:00,86.11320987654321,9
2017-08-05 00:00:00+00:00,73.90376470588235,11
2017-08-21 00:00:00+00:00,112.42349999999999,6
2017-08-22 00:00:00+00:00,97.69959677419354,14
2017-08-23 00:00:00+00:00,104.60989130434783,9
2017-08-24 00:00:00+00:00,77.00138989169675,43
2017-08-25 00:00:00+00:00,73.72399297423887,85
2017-08-26 00:00:00+00:00,78.94907488986784,12
2017-08-27 00:00:00+00:00,70.07714606741573,9
2017-08-28 00:00:00+00:00,71.97743251349729,26
2017-08-29 00:00:00+00:00,66.59685866816521,64
2017-08-30 00:00:00+00:00,70.96434751519486,46
2017-08-31 00:00:00+00:00,64.9763445807771,78
2017-09-01 00:00:00+00:00,82.99685361972952,265
2017-09-02 00:00:00+00:00,88.47385866351271,66
2017-09-03 00:00:00+00:00,76.79501672240802,15
2017-09-04 00:00:00+00:00,93.48712328767124,162
2017-09-05 00:00:00+00:00,94.77387181738366,100
2017-09-06 00:00:00+00:00,85.72561643835617,27
2017-09-07 00:00:00+00:00,89.06983128834356,48
2017-09-08 00:00:00+00:00,84.36419484240687,43
2017-09-09 00:00:00+00:00,93.22217391304348,3
2017-09-29 00:00:00+00:00,81.82719696969697,8
2017-09-30 00:00:00+00:00,91.59619047619047,9
2017-10-01 00:00:00+00:00,81.495,5
2017-10-02 00:00:00+00:00,95.80059701492537,47
2017-10-03 00:00:00+00:00,87.3824812030075,25
2017-10-04 00:00:00+00:00,81.91187500000001,12
2017-10-05 00:00:00+00:00,81.42532110091743,31
2017-10-06 00:00:00+00:00,75.48760869565217,22
2017-10-07 00:00:00+00:00,76.39,1
2017-10-27 00:00:00+00:00,93.68363636363637,3
2017-10-28 00:00:00+00:00,68.99333333333334,7
2017-10-29 00:00:00+00:00,85.1295238095238,6
2017-10-30 00:00:00+00:00,77.73796610169491,10
2017-10-31 00:00:00+00:00,90.24582278481013,13
2017-11-01 00:00:00+00:00,91.08465346534653,13
2017-11-02 00:00:00+00:00,98.61473684210526,20
2017-11-03 00:00:00+00:00,110.22309523809523,11
2017-11-04 00:00:00+00:00,78.50166666666667,5
2017-11-19 00:00:00+00:00,108.617578125,39
2017-11-20 00:00:00+00:00,101.2678801843318,31
2017-11-21 00:00:00+00:00,90.9353846153846,26
2017-11-22 00:00:00+00:00,97.12948339483394,18
2017-11-23 00:00:00+00:00,82.98473321858864,108
2017-11-24 00:00:00+00:00,79.34272727272727,70
2017-11-25 00:00:00+00:00,78.74173535791758,78
2017-11-26 00:00:00+00:00,81.79894654088051,100
2017-11-27 00:00:00+00:00,83.44261972402597,174
2017-11-28 00:00:00+00:00,81.25029202037351,248
2017-11-29 00:00:00+00:00,94.67533549783549,311
2017-11-30 00:00:00+00:00,97.18823765020026,136
2017-12-01 00:00:00+00:00,103.59626366120219,190
2017-12-02 00:00:00+00:00,109.24913793103448,67
2017-12-03 00:00:00+00:00,110.67477386934674,145
2017-12-04 00:00:00+00:00,107.57088757396448,47
2017-12-05 00:00:00+00:00,106.94101265822785,59
2017-12-06 00:00:00+00:00,109.96330182309251,222
2017-12-07 00:00:00+00:00,128.43867139061115,201
2017-12-08 00:00:00+00:00,145.16435353535354,199
2017-12-09 00:00:00+00:00,149.92207236842106,40
2017-12-27 00:00:00+00:00,148.66131926121372,51
2017-12-28 00:00:00+00:00,162.78871485943776,26
2017-12-29 00:00:00+00:00,158.3354411764706,35
2017-12-30 00:00:00+00:00,147.37224842767296,81
2017-12-31 00:00:00+00:00,148.11086206896553,12
2018-01-01 00:00:00+00:00,146.65962962962962,6
2018-01-02 00:00:00+00:00,151.11669291338583,24
2018-01-03 00:00:00+00:00,147.92951219512196,25
2018-01-04 00:00:00+00:00,154.08115384615382,19
2018-01-05 00:00:00+00:00,148.12200617283952,53
2018-01-06 00:00:00+00:00,153.77,1
2018-01-23 00:00:00+00:00,150.9730434782609,5
2018-01-25 00:00:00+00:00,144.00892857142856,5
2018-01-26 00:00:00+00:00,129.0129357798165,21
2018-01-28 00:00:00+00:00,129.2869565217391,4
2018-01-29 00:00:00+00:00,128.008125,3
2018-01-30 00:00:00+00:00,134.69840579710143,23
2018-01-31 00:00:00+00:00,124.51157894736843,25
2018-02-01 00:00:00+00:00,131.3725069637883,50
2018-02-02 00:00:00+00:00,134.67171397379911,96
2018-02-03 00:00:00+00:00,122.39,1
2018-02-18 00:00:00+00:00,136.20433962264153,8
2018-02-19 00:00:00+00:00,138.98962328767124,26
2018-02-20 00:00:00+00:00,141.3634328358209,24
2018-02-21 00:00:00+00:00,142.91465899753493,63
2018-02-22 00:00:00+00:00,140.30654028436018,27
2018-02-23 00:00:00+00:00,143.60033175355449,33
2018-02-24 00:00:00+00:00,144.8916809116809,30
2018-02-25 00:00:00+00:00,135.8225,2
2018-02-26 00:00:00+00:00,139.598,8
2018-02-27 00:00:00+00:00,138.0239238095238,62
2018-02-28 00:00:00+00:00,132.5608770257388,119
2018-03-01 00:00:00+00:00,134.25610281923716,77
2018-03-02 00:00:00+00:00,132.35415730337078,46
2018-03-03 00:00:00+00:00,134.6086859688196,53
2018-03-04 00:00:00+00:00,136.39135135135137,58
2018-03-05 00:00:00+00:00,134.46278820375335,46
2018-03-06 00:00:00+00:00,137.07572727272728,27
2018-03-07 00:00:00+00:00,129.70946740858506,73
2018-03-08 00:00:00+00:00,135.12575923392612,86
2018-03-09 00:00:00+00:00,133.52531779661018,96
2018-03-10 00:00:00+00:00,129.99567567567567,5
2018-03-24 00:00:00+00:00,90.61333333333334,4
2018-03-25 00:00:00+00:00,90.93954314720813,34
2018-03-26 00:00:00+00:00,93.73895238095238,29
2018-03-27 00:00:00+00:00,81.26350877192982,9
2018-03-28 00:00:00+00:00,85.6996261682243,13
2018-03-29 00:00:00+00:00,84.60935897435897,15
2018-03-30 00:00:00+00:00,97.76753583987016,39
2018-03-31 00:00:00+00:00,91.21157894736842,12
2018-04-01 00:00:00+00:00,96.28139534883721,16
2018-04-02 00:00:00+00:00,95.23924528301886,8
2018-04-03 00:00:00+00:00,100.70005917159763,20
2018-04-04 00:00:00+00:00,99.13131578947369,8
2018-04-05 00:00:00+00:00,93.4774,16
2018-04-06 00:00:00+00:00,97.5477358490566,10
2018-04-07 00:00:00+00:00,94.13,1
2018-04-26 00:00:00+00:00,79.72,1
2018-04-27 00:00:00+00:00,81.91264462809917,19
2018-04-28 00:00:00+00:00,86.10531914893616,19
2018-04-29 00:00:00+00:00,87.95407894736842,16
2018-04-30 00:00:00+00:00,90.43,12
2018-05-01 00:00:00+00:00,91.67884615384615,31
2018-05-02 00:00:00+00:00,89.308625,18
2018-05-03 00:00:00+00:00,87.14338345864662,94
2018-05-04 00:00:00+00:00,83.20078189300412,41
2018-05-05 00:00:00+00:00,84.72484848484848,7
2018-05-20 00:00:00+00:00,75.34472868217054,37
2018-05-21 00:00:00+00:00,74.395,80
2018-05-22 00:00:00+00:00,74.95377777777777,31
2018-05-23 00:00:00+00:00,75.50620652173913,105
2018-05-24 00:00:00+00:00,74.7064459161148,57
2018-05-25 00:00:00+00:00,74.48229398663698,61
2018-05-26 00:00:00+00:00,71.84975806451612,13
2018-05-27 00:00:00+00:00,72.9644,15
2018-05-28 00:00:00+00:00,70.21788819875776,32
2018-05-29 00:00:00+00:00,71.70891719745222,31
2018-05-30 00:00:00+00:00,72.87071052631579,46
2018-05-31 00:00:00+00:00,74.05768558951966,20
2018-06-01 00:00:00+00:00,69.58106617647059,27
2018-06-02 00:00:00+00:00,68.89444444444445,26
2018-06-03 00:00:00+00:00,66.21469696969697,22
2018-06-04 00:00:00+00:00,68.63374429223744,44
2018-06-05 00:00:00+00:00,67.98806593406593,46
2018-06-06 00:00:00+00:00,64.5056,28
2018-06-07 00:00:00+00:00,63.553820224719104,31
2018-06-08 00:00:00+00:00,57.61244736842106,36
2018-06-09 00:00:00+00:00,56.528,2
2018-06-17 00:00:00+00:00,65.07111111111111,6
2018-06-18 00:00:00+00:00,63.50111111111111,5
2018-06-19 00:00:00+00:00,63.89631578947369,7
2018-06-20 00:00:00+00:00,59.1448148148148,5
2018-06-21 00:00:00+00:00,60.50246575342466,19
2018-06-22 00:00:00+00:00,62.18422516556291,97
2018-06-23 00:00:00+00:00,66.46242424242425,4
2018-06-24 00:00:00+00:00,67.35249999999999,39
2018-06-25 00:00:00+00:00,68.22,24
2018-06-26 00:00:00+00:00,68.45163265306122,8
2018-06-27 00:00:00+00:00,69.7769689119171,25
2018-06-28 00:00:00+00:00,65.79710227272727,13
2018-06-29 00:00:00+00:00,66.74147909967844,47
2018-06-30 00:00:00+00:00,65.25368088467614,42
2018-07-01 00:00:00+00:00,66.325,2
2018-07-02 00:00:00+00:00,63.89592063492063,64
2018-07-03 00:00:00+00:00,69.32964169381108,26
2018-07-04 00:00:00+00:00,65.90101899827289,82
2018-07-05 00:00:00+00:00,67.18557142857144,23
2018-07-06 00:00:00+00:00,67.0454347826087,27
2018-07-07 00:00:00+00:00,61.60370370370371,6
2018-07-22 00:00:00+00:00,69.72904494382021,17
2018-07-23 00:00:00+00:00,68.34246753246754,35
2018-07-24 00:00:00+00:00,74.04033591731265,54
2018-07-25 00:00:00+00:00,72.25817824377458,55
2018-07-26 00:00:00+00:00,74.22675617615468,108
2018-07-27 00:00:00+00:00,77.11200000000001,52
2018-07-28 00:00:00+00:00,77.07304347826089,7
2018-07-29 00:00:00+00:00,75.80659340659341,11
2018-07-30 00:00:00+00:00,75.97732283464566,38
2018-07-31 00:00:00+00:00,80.87869565217392,76
2018-08-01 00:00:00+00:00,74.40280898876405,35
2018-08-02 00:00:00+00:00,77.9357174392936,48
2018-08-03 00:00:00+00:00,75.38949720670392,30
2018-08-04 00:00:00+00:00,72.27273381294964,25
2018-08-05 00:00:00+00:00,70.94333333333333,11
2018-08-06 00:00:00+00:00,69.91636718749999,49
2018-08-07 00:00:00+00:00,71.3583422459893,33
2018-08-08 00:00:00+00:00,70.92172413793104,49
2018-08-09 00:00:00+00:00,71.92817427385891,28
2018-08-10 00:00:00+00:00,75.7643861607143,106
2018-08-11 00:00:00+00:00,66.33978260869566,9
2018-08-19 00:00:00+00:00,79.4682225433526,30
2018-08-20 00:00:00+00:00,81.04488664987404,31
2018-08-21 00:00:00+00:00,78.6232584269663,10
2018-08-22 00:00:00+00:00,79.06451193058568,58
2018-08-23 00:00:00+00:00,78.94465384615386,21
2018-08-24 00:00:00+00:00,76.67717079530638,62
2018-08-25 00:00:00+00:00,78.92265700483092,26
2018-08-26 00:00:00+00:00,75.8039097744361,25
2018-08-27 00:00:00+00:00,76.84219444444444,40
2018-08-28 00:00:00+00:00,79.45331761006288,65
2018-08-29 00:00:00+00:00,77.72228637413396,49
2018-08-30 00:00:00+00:00,76.54984168865435,37
2018-08-31 00:00:00+00:00,75.74844311377245,41
2018-09-01 00:00:00+00:00,75.22119266055046,21
2018-09-02 00:00:00+00:00,76.07035714285713,12
2018-09-03 00:00:00+00:00,78.63487804878048,23
2018-09-04 00:00:00+00:00,73.75552208835342,39
2018-09-05 00:00:00+00:00,76.71399879372738,183
2018-09-06 00:00:00+00:00,78.14402347024308,139
2018-09-07 00:00:00+00:00,72.84148876404494,43
2018-09-08 00:00:00+00:00,71.19428571428571,3
2018-09-16 00:00:00+00:00,64.6,1
2018-09-17 00:00:00+00:00,63.59539877300614,34
2018-09-18 00:00:00+00:00,65.44130341880343,36
2018-09-19 00:00:00+00:00,64.95732743362832,48
2018-09-20 00:00:00+00:00,66.39422413793105,29
2018-09-21 00:00:00+00:00,65.33509554140127,85
2018-09-22 00:00:00+00:00,64.1720807453416,24
2018-09-23 00:00:00+00:00,64.3624907063197,25
2018-09-24 00:00:00+00:00,62.53941176470588,47
2018-09-25 00:00:00+00:00,59.57758364312267,63
2018-09-26 00:00:00+00:00,55.08958213256484,63
2018-09-27 00:00:00+00:00,53.385814467145224,94
2018-09-28 00:00:00+00:00,53.553895652173914,92
2018-09-29 00:00:00+00:00,56.04088709677419,20
2018-09-30 00:00:00+00:00,57.511892744479496,45
2018-10-01 00:00:00+00:00,56.37112903225807,40
2018-10-02 00:00:00+00:00,55.8736268829664,64
2018-10-03 00:00:00+00:00,55.76253571428571,28
2018-10-04 00:00:00+00:00,54.835608899297426,62
2018-10-05 00:00:00+00:00,50.51275974025974,73
2018-10-06 00:00:00+00:00,53.985867768595035,8
2018-10-21 00:00:00+00:00,50.50919270833333,20
2018-10-22 00:00:00+00:00,50.64904211395541,44
2018-10-23 00:00:00+00:00,46.759554621848736,64
2018-10-24 00:00:00+00:00,46.81032911392405,52
2018-10-25 00:00:00+00:00,46.47694864048338,49
2018-10-26 00:00:00+00:00,45.23851617995265,66
2018-10-27 00:00:00+00:00,44.68825301204819,34
2018-10-28 00:00:00+00:00,44.29145833333333,35
2018-10-29 00:00:00+00:00,43.52621987951807,81
2018-10-30 00:00:00+00:00,41.70551181102362,33
2018-10-31 00:00:00+00:00,40.844545454545454,31
2018-11-01 00:00:00+00:00,40.99622504537205,31
2018-11-02 00:00:00+00:00,37.90550539744848,82
2018-11-03 00:00:00+00:00,35.7614,22
2018-11-04 00:00:00+00:00,36.6630101010101,77
2018-11-05 00:00:00+00:00,37.333211678832114,29
2018-11-06 00:00:00+00:00,41.8951223967848,89
2018-11-07 00:00:00+00:00,41.95829,61
2018-11-08 00:00:00+00:00,45.680082568807336,103
2018-11-09 00:00:00+00:00,40.84837858220211,77
2018-11-10 00:00:00+00:00,40.71837209302325,5
2018-11-18 00:00:00+00:00,48.3795,6
2018-11-19 00:00:00+00:00,61.325251116071435,127
2018-11-20 00:00:00+00:00,74.11738932291668,109
2018-11-21 00:00:00+00:00,81.65434972677595,57
2018-11-22 00:00:00+00:00,70.60785714285714,38
2018-11-23 00:00:00+00:00,79.59038759689922,45
2018-11-24 00:00:00+00:00,81.45909684439607,73
2018-11-25 00:00:00+00:00,97.25319023569024,96
2018-11-26 00:00:00+00:00,106.83391592920354,73
2018-11-27 00:00:00+00:00,103.5942258064516,51
2018-11-28 00:00:00+00:00,96.55174459176551,66
2018-11-29 00:00:00+00:00,91.52348600508907,30
2018-11-30 00:00:00+00:00,93.48252873563217,78
2018-12-01 00:00:00+00:00,96.38703703703703,37
2018-12-02 00:00:00+00:00,91.81048192771084,13
2018-12-03 00:00:00+00:00,91.82581993569131,48
2018-12-04 00:00:00+00:00,92.99203216374268,69
2018-12-05 00:00:00+00:00,91.0127515151515,105
2018-12-06 00:00:00+00:00,98.04884459459458,97
2018-12-07 00:00:00+00:00,109.4759790491539,107
2018-12-08 00:00:00+00:00,114.98,1
2018-12-16 00:00:00+00:00,87.66321428571429,11
2018-12-17 00:00:00+00:00,90.24938023450586,37
2018-12-18 00:00:00+00:00,91.9160103626943,19
2018-12-19 00:00:00+00:00,91.37753628582063,56
2018-12-20 00:00:00+00:00,91.47790865384614,57
2018-12-21 00:00:00+00:00,92.19923200000001,53
2018-12-22 00:00:00+00:00,94.42422077922078,39
2018-12-23 00:00:00+00:00,95.12345013477088,97
2018-12-24 00:00:00+00:00,102.65969696969697,32
2018-12-25 00:00:00+00:00,100.9061390186916,133
2018-12-26 00:00:00+00:00,99.8765637065637,35
2018-12-27 00:00:00+00:00,99.72860354223435,32
2018-12-28 00:00:00+00:00,93.10208666666666,77
2018-12-29 00:00:00+00:00,96.58946646341465,43
2018-12-30 00:00:00+00:00,97.73793281653747,38
2018-12-31 00:00:00+00:00,98.15410729991204,35
2019-01-01 00:00:00+00:00,98.45715953307393,32
2019-01-02 00:00:00+00:00,89.96497819767443,74
2019-01-03 00:00:00+00:00,88.7686515071391,95
2019-01-04 00:00:00+00:00,80.23212473888391,146
2019-01-05 00:00:00+00:00,73.97290666666666,13
2019-01-18 00:00:00+00:00,65.0673417721519,23
2019-01-19 00:00:00+00:00,66.07211849192102,36
2019-01-20 00:00:00+00:00,70.79273148148148,39
2019-01-21 00:00:00+00:00,64.81998862343572,55
2019-01-22 00:00:00+00:00,69.29355864084765,146
2019-01-23 00:00:00+00:00,68.728000896459,76
2019-01-24 00:00:00+00:00,65.53771050800279,78
2019-01-25 00:00:00+00:00,64.32446516730664,92
2019-01-26 00:00:00+00:00,62.37109600679693,66
2019-01-27 00:00:00+00:00,60.803333333333335,45
2019-01-28 00:00:00+00:00,63.77507838283828,121
2019-01-29 00:00:00+00:00,64.73168117519042,89
2019-01-30 00:00:00+00:00,62.60066,97
2019-01-31 00:00:00+00:00,61.36716071428572,84
2019-02-01 00:00:00+00:00,58.640783912747104,800
2019-02-02 00:00:00+00:00,57.05029411764706,8
2019-02-17 00:00:00+00:00,54.85426356589147,70
2019-02-18 00:00:00+00:00,55.11619692144373,411
2019-02-19 00:00:00+00:00,59.60921728971962,250
2019-02-20 00:00:00+00:00,56.913216195569134,113
2019-02-21 00:00:00+00:00,58.32593625498008,69
2019-02-22 00:00:00+00:00,57.766223776223775,120
2019-02-23 00:00:00+00:00,60.188488335925356,115
2019-02-24 00:00:00+00:00,62.22308968377398,124
2019-02-25 00:00:00+00:00,60.57318306546453,122
2019-02-26 00:00:00+00:00,57.898164601030494,136
2019-02-27 00:00:00+00:00,58.11989355525449,274
2019-02-28 00:00:00+00:00,57.268462532299736,117
2019-03-01 00:00:00+00:00,55.00198601973685,39
2019-03-02 00:00:00+00:00,55.69956284153005,37
2019-03-03 00:00:00+00:00,56.091023676880226,50
2019-03-04 00:00:00+00:00,54.60590254706534,147
2019-03-05 00:00:00+00:00,53.30165111940299,163
2019-03-06 00:00:00+00:00,52.122499999999995,135
2019-03-07 00:00:00+00:00,49.85220447284345,114
2019-03-08 00:00:00+00:00,48.719783616692425,210
2019-03-09 00:00:00+00:00,48.27539130434783,27
2019-03-17 00:00:00+00:00,47.11982182628062,19
2019-03-18 00:00:00+00:00,46.66884542586751,53
2019-03-19 00:00:00+00:00,47.051596638655454,18
2019-03-20 00:00:00+00:00,47.91458415841584,76
2019-03-21 00:00:00+00:00,46.594510638297876,49
2019-03-22 00:00:00+00:00,45.73038499506417,60
2019-03-23 00:00:00+00:00,46.85454545454545,29
2019-03-24 00:00:00+00:00,45.53403465346535,26
2019-03-25 00:00:00+00:00,45.22365226337449,92
2019-03-26 00:00:00+00:00,45.58629598893499,131
2019-03-27 00:00:00+00:00,44.37165883265641,244
2019-03-28 00:00:00+00:00,44.4284899451554,100
2019-03-29 00:00:00+00:00,44.051027010050255,229
2019-03-30 00:00:00+00:00,42.60271805273834,73
2019-03-31 00:00:00+00:00,42.92953846153846,15
2019-04-01 00:00:00+00:00,44.89911651021535,82
2019-04-02 00:00:00+00:00,52.22067253441661,744
2019-04-03 00:00:00+00:00,73.83748443157133,250
2019-04-04 00:00:00+00:00,70.86723152022316,106
2019-04-05 00:00:00+00:00,71.66504032258065,33
2019-04-21 00:00:00+00:00,51.67556786703601,10
2019-04-22 00:00:00+00:00,50.31634218289086,26
2019-04-23 00:00:00+00:00,57.546664742109314,137
2019-04-24 00:00:00+00:00,59.66403280067283,101
2019-04-25 00:00:00+00:00,58.075339840925515,76
2019-04-26 00:00:00+00:00,59.06444237050863,133
2019-04-27 00:00:00+00:00,56.85747228381374,42
2019-04-28 00:00:00+00:00,56.42707567964732,46
2019-04-29 00:00:00+00:00,56.73388589881592,22
2019-04-30 00:00:00+00:00,58.63509510869565,95
2019-05-01 00:00:00+00:00,57.50265765765765,84
2019-05-02 00:00:00+00:00,56.349915611814346,51
2019-05-03 00:00:00+00:00,58.24771730798712,170
2019-05-04 00:00:00+00:00,57.717266576454655,266
2019-05-05 00:00:00+00:00,59.35332842415316,53
2019-05-06 00:00:00+00:00,62.586420824295004,98
2019-05-07 00:00:00+00:00,63.4240879596251,57
2019-05-08 00:00:00+00:00,62.729599471830994,65
2019-05-09 00:00:00+00:00,61.31002310536044,114
2019-05-10 00:00:00+00:00,59.85916984006093,188
2019-05-11 00:00:00+00:00,64.33872403560831,134
2019-05-19 00:00:00+00:00,99.24267616785433,47
2019-05-20 00:00:00+00:00,99.04083135391924,73
2019-05-21 00:00:00+00:00,95.12133116883116,40
2019-05-22 00:00:00+00:00,91.65869680851064,19
2019-05-23 00:00:00+00:00,89.42206845238094,46
2019-05-24 00:00:00+00:00,88.9443670212766,61
2019-05-25 00:00:00+00:00,86.63777777777777,13
2019-05-26 00:00:00+00:00,83.89016514806379,80
2019-05-27 00:00:00+00:00,94.56983462350458,77
2019-05-28 00:00:00+00:00,91.0508679245283,33
2019-05-29 00:00:00+00:00,90.39840637450199,53
2019-05-30 00:00:00+00:00,90.45712807706028,102
2019-05-31 00:00:00+00:00,87.89052803483942,78
2019-06-01 00:00:00+00:00,86.62200750469043,24
2019-06-02 00:00:00+00:00,87.12709190096515,69
2019-06-03 00:00:00+00:00,84.97783742331288,66
2019-06-04 00:00:00+00:00,85.04761431411531,112
2019-06-05 00:00:00+00:00,85.21210950080514,23
2019-06-06 00:00:00+00:00,79.19500420521446,75
2019-06-07 00:00:00+00:00,75.26720029784065,78
2019-06-08 00:00:00+00:00,71.17560606060606,11
2019-06-16 00:00:00+00:00,74.48418390804598,22
2019-06-17 00:00:00+00:00,81.70901423877328,40
2019-06-18 00:00:00+00:00,83.69050877192983,43
2019-06-19 00:00:00+00:00,84.49900000000001,8
2019-06-20 00:00:00+00:00,81.12179378531073,44
2019-06-21 00:00:00+00:00,91.48903743315509,53
2019-06-22 00:00:00+00:00,103.51764501891552,100
2019-06-23 00:00:00+00:00,97.00857280617166,44
2019-06-24 00:00:00+00:00,95.09986344537815,40
2019-06-25 00:00:00+00:00,94.27901709401709,83
2019-06-26 00:00:00+00:00,105.07480748470674,198
2019-06-27 00:00:00+00:00,128.22242379023663,148
2019-06-28 00:00:00+00:00,116.3930494623656,175
2019-06-29 00:00:00+00:00,102.85747734138972,59
2019-06-30 00:00:00+00:00,98.7732262210797,66
2019-07-01 00:00:00+00:00,100.61596062457569,115
2019-07-02 00:00:00+00:00,104.02063139931741,129
2019-07-03 00:00:00+00:00,105.52742545454547,59
2019-07-04 00:00:00+00:00,105.32326968973747,47
2019-07-05 00:00:00+00:00,97.94958256804141,92
2019-07-06 00:00:00+00:00,100.49,4
2019-07-21 00:00:00+00:00,105.85,7
2019-07-22 00:00:00+00:00,103.51741794310722,20
2019-07-23 00:00:00+00:00,105.64621875,19
2019-07-24 00:00:00+00:00,104.74946043165467,27
2019-07-25 00:00:00+00:00,104.38365609348915,18
2019-07-26 00:00:00+00:00,100.54850415512465,28
2019-07-27 00:00:00+00:00,93.98642960812771,38
2019-07-28 00:00:00+00:00,96.68289556962026,27
2019-07-29 00:00:00+00:00,95.18536312849163,14
2019-07-30 00:00:00+00:00,96.32896678966789,47
2019-07-31 00:00:00+00:00,97.67100814663951,44
2019-08-01 00:00:00+00:00,97.56190744920994,47
2019-08-02 00:00:00+00:00,98.2629392971246,34
2019-08-03 00:00:00+00:00,94.77650000000001,25
2019-08-04 00:00:00+00:00,95.30948872180451,21
2019-08-05 00:00:00+00:00,101.76193985599322,101
2019-08-06 00:00:00+00:00,102.94214788732394,41
2019-08-07 00:00:00+00:00,100.54935393258425,23
2019-08-08 00:00:00+00:00,97.3417250996016,55
2019-08-09 00:00:00+00:00,96.06738175675676,19
2019-08-10 00:00:00+00:00,99.03123076923079,4
2019-08-18 00:00:00+00:00,91.97710937500001,10
2019-08-19 00:00:00+00:00,91.45067757009346,15
2019-08-20 00:00:00+00:00,88.67170100058858,38
2019-08-21 00:00:00+00:00,89.61393246187363,38
2019-08-22 00:00:00+00:00,87.21811059907834,34
2019-08-23 00:00:00+00:00,84.57116666666667,21
2019-08-24 00:00:00+00:00,87.62106145251397,25
2019-08-25 00:00:00+00:00,84.24666666666667,7
2019-08-26 00:00:00+00:00,84.60598198198197,31
2019-08-27 00:00:00+00:00,85.38256032171581,30
2019-08-28 00:00:00+00:00,83.25543560606059,38
2019-08-29 00:00:00+00:00,84.32847862886162,169
2019-08-30 00:00:00+00:00,81.67519236249645,98
2019-08-31 00:00:00+00:00,83.5034073441503,38
2019-09-01 00:00:00+00:00,82.07534328358209,17
2019-09-02 00:00:00+00:00,83.95576761904762,78
2019-09-03 00:00:00+00:00,84.30764172335601,141
2019-09-04 00:00:00+00:00,79.27798691860465,54
2019-09-05 00:00:00+00:00,80.03833504624872,24
2019-09-06 00:00:00+00:00,78.95567609254499,132
2019-09-07 00:00:00+00:00,76.80417582417583,11
2019-09-15 00:00:00+00:00,70.28,2
2019-09-16 00:00:00+00:00,69.47019851116626,17
2019-09-17 00:00:00+00:00,68.84961977186312,18
2019-09-18 00:00:00+00:00,68.9786976744186,26
2019-09-19 00:00:00+00:00,70.31768250289687,54
2019-09-20 00:00:00+00:00,68.69341701534171,34
2019-09-21 00:00:00+00:00,65.49280487804879,16
2019-09-22 00:00:00+00:00,65.83396226415094,14
2019-09-23 00:00:00+00:00,70.166784765279,32
2019-09-24 00:00:00+00:00,77.79348596193705,280
2019-09-25 00:00:00+00:00,82.22065599173554,98
2019-09-26 00:00:00+00:00,88.48929772046972,127
2019-09-27 00:00:00+00:00,93.65521085880144,137
2019-09-28 00:00:00+00:00,91.66051565377533,21
2019-09-29 00:00:00+00:00,89.31457593688361,20
2019-09-30 00:00:00+00:00,90.00382252559727,75
2019-10-01 00:00:00+00:00,83.15238062283737,78
2019-10-02 00:00:00+00:00,83.09315677966102,45
2019-10-03 00:00:00+00:00,79.24659159159161,56
2019-10-04 00:00:00+00:00,78.10971962616823,68
2019-10-05 00:00:00+00:00,72.06356435643565,4
2019-10-20 00:00:00+00:00,64.89104218362283,21
2019-10-21 00:00:00+00:00,65.88529702970297,18
2019-10-22 00:00:00+00:00,64.30725571725571,16
2019-10-23 00:00:00+00:00,67.08166338582677,119
2019-10-24 00:00:00+00:00,65.70923821039904,62
2019-10-25 00:00:00+00:00,60.63822138336849,212
2019-10-26 00:00:00+00:00,82.07157112146184,215
2019-10-27 00:00:00+00:00,88.65318681318682,35
2019-10-28 00:00:00+00:00,84.67557326793379,49
2019-10-29 00:00:00+00:00,76.94346583850931,34
2019-10-30 00:00:00+00:00,73.77607778510219,41
2019-10-31 00:00:00+00:00,71.88950819672131,49
2019-11-01 00:00:00+00:00,69.3038032166509,72
2019-11-02 00:00:00+00:00,66.69636363636364,25
2019-11-03 00:00:00+00:00,65.1991823899371,19
2019-11-04 00:00:00+00:00,63.971097560975615,26
2019-11-05 00:00:00+00:00,63.77594594594594,27
2019-11-06 00:00:00+00:00,62.47220183486238,39
2019-11-07 00:00:00+00:00,59.92490066225165,63
2019-11-08 00:00:00+00:00,55.832644165863066,122
2019-11-09 00:00:00+00:00,54.26696,6
2019-11-17 00:00:00+00:00,58.45415263748597,45
2019-11-18 00:00:00+00:00,59.183768564356434,57
2019-11-19 00:00:00+00:00,58.75009478672987,41
2019-11-20 00:00:00+00:00,60.664823600973236,31
2019-11-21 00:00:00+00:00,62.071924217462936,143
2019-11-22 00:00:00+00:00,74.46242340656093,311
2019-11-23 00:00:00+00:00,65.21737267080745,79
2019-11-24 00:00:00+00:00,65.82998004987532,218
2019-11-25 00:00:00+00:00,70.52374729632301,176
2019-11-26 00:00:00+00:00,70.36977433913604,68
2019-11-27 00:00:00+00:00,71.5943689745837,138
2019-11-28 00:00:00+00:00,68.4421372141372,65
2019-11-29 00:00:00+00:00,62.12988551065281,255
2019-11-30 00:00:00+00:00,61.464198895027614,29
2019-12-01 00:00:00+00:00,62.738328,48
2019-12-02 00:00:00+00:00,62.859079550187424,72
2019-12-03 00:00:00+00:00,61.659465954606134,47
2019-12-04 00:00:00+00:00,62.924100850546786,128
2019-12-05 00:00:00+00:00,62.324062256809334,76
2019-12-06 00:00:00+00:00,57.2499405940594,104
2019-12-07 00:00:00+00:00,58.604623233908946,44
2019-12-22 00:00:00+00:00,57.49692466460268,52
2019-12-23 00:00:00+00:00,57.42787915046365,101
2019-12-24 00:00:00+00:00,57.13094182825485,36
2019-12-25 00:00:00+00:00,55.24165931642778,59
2019-12-26 00:00:00+00:00,58.84031227305737,51
2019-12-27 00:00:00+00:00,55.6593050397878,84
2019-12-28 00:00:00+00:00,55.46154411764706,28
2019-12-29 00:00:00+00:00,53.63452813852814,60
2019-12-30 00:00:00+00:00,51.03872749342504,83
2019-12-31 00:00:00+00:00,56.9657360581919,74
2020-01-01 00:00:00+00:00,56.79345945945946,13
2020-01-02 00:00:00+00:00,58.44323600973236,91
2020-01-03 00:00:00+00:00,55.77427446015333,224
2020-01-04 00:00:00+00:00,54.86769881556683,35
2020-01-05 00:00:00+00:00,54.13701219512195,95
2020-01-06 00:00:00+00:00,54.27618260320135,176
2020-01-07 00:00:00+00:00,57.84824322048172,183
2020-01-08 00:00:00+00:00,65.16484006865346,226
2020-01-09 00:00:00+00:00,60.13655321782178,77
2020-01-10 00:00:00+00:00,56.35718723037101,125
2020-01-11 00:00:00+00:00,54.03769230769231,19
2020-01-19 00:00:00+00:00,60.87536299765808,45
2020-01-20 00:00:00+00:00,60.14963756177925,17
2020-01-21 00:00:00+00:00,56.803421052631585,49
2020-01-22 00:00:00+00:00,58.66310924369748,26
2020-01-23 00:00:00+00:00,54.94655666410847,118
2020-01-24 00:00:00+00:00,56.11123851525174,44
2020-01-25 00:00:00+00:00,54.486369426751594,16
2020-01-26 00:00:00+00:00,54.774172535211264,34
2020-01-27 00:00:00+00:00,56.324293820933164,64
2020-01-28 00:00:00+00:00,58.42450711382113,133
2020-01-29 00:00:00+00:00,58.56700864553314,136
2020-01-30 00:00:00+00:00,58.96543639475185,86
2020-01-31 00:00:00+00:00,58.87054763690923,169
2020-02-01 00:00:00+00:00,55.135292056074775,58
2020-02-02 00:00:00+00:00,55.25751202749141,111
2020-02-03 00:00:00+00:00,55.57989929506546,52
2020-02-04 00:00:00+00:00,54.67858987427795,72
2020-02-05 00:00:00+00:00,56.49300040766409,180
2020-02-06 00:00:00+00:00,59.21103738500684,118
2020-02-07 00:00:00+00:00,58.034312997347484,53
2020-02-08 00:00:00+00:00,57.384431818181824,8
2020-02-16 00:00:00+00:00,62.98958988380042,61
2020-02-17 00:00:00+00:00,61.572175995211005,110
2020-02-18 00:00:00+00:00,60.24660403299725,159
2020-02-19 00:00:00+00:00,60.74377456049638,203
2020-02-20 00:00:00+00:00,61.67455531453363,121
2020-02-21 00:00:00+00:00,59.41650490449149,69
2020-02-22 00:00:00+00:00,57.406040054619936,88
2020-02-23 00:00:00+00:00,55.61890929965558,102
2020-02-24 00:00:00+00:00,56.73178384660082,86
2020-02-25 00:00:00+00:00,57.026543486375516,176
2020-02-26 00:00:00+00:00,58.87666780180487,229
2020-02-27 00:00:00+00:00,59.94819242676828,147
2020-02-28 00:00:00+00:00,60.02908594319009,219
2020-02-29 00:00:00+00:00,55.91520107238607,25
2020-03-01 00:00:00+00:00,57.11728591160221,139
2020-03-02 00:00:00+00:00,57.1381447368421,95
2020-03-03 00:00:00+00:00,54.977277822257804,95
2020-03-04 00:00:00+00:00,54.155157894736845,53
2020-03-05 00:00:00+00:00,52.7831198478123,186
2020-03-06 00:00:00+00:00,51.146772805507744,75
2020-03-07 00:00:00+00:00,49.35452229299363,7
2020-03-15 00:00:00+00:00,138.68506900878293,27
2020-03-16 00:00:00+00:00,160.0879874750925,65
2020-03-17 00:00:00+00:00,145.8613324099723,76
2020-03-18 00:00:00+00:00,137.86848236775816,33
2020-03-19 00:00:00+00:00,119.37288238878733,67
2020-03-20 00:00:00+00:00,128.15140359168242,53
2020-03-21 00:00:00+00:00,127.20691233947515,41
2020-03-22 00:00:00+00:00,126.63296836982967,25
2020-03-23 00:00:00+00:00,131.80268330733227,39
2020-03-24 00:00:00+00:00,122.91294736842106,38
2020-03-25 00:00:00+00:00,120.8211931330472,31
2020-03-26 00:00:00+00:00,121.76375218150088,33
2020-03-27 00:00:00+00:00,102.56788732394367,132
2020-03-28 00:00:00+00:00,102.87448796866256,67
2020-03-29 00:00:00+00:00,107.53115979381444,31
2020-03-30 00:00:00+00:00,101.84120911214954,47
2020-03-31 00:00:00+00:00,92.66102882483369,33
2020-04-01 00:00:00+00:00,93.59708041958042,47
2020-04-02 00:00:00+00:00,92.24190758293838,87
2020-04-03 00:00:00+00:00,96.18732838589982,87
2020-04-04 00:00:00+00:00,86.16586092715231,8
2020-04-19 00:00:00+00:00,76.98121951219514,18
2020-04-20 00:00:00+00:00,80.52066959385292,76
2020-04-21 00:00:00+00:00,79.73863067292645,67
2020-04-22 00:00:00+00:00,77.26024896265561,47
2020-04-23 00:00:00+00:00,76.58898512685916,147
2020-04-24 00:00:00+00:00,74.2457925223802,90
2020-04-25 00:00:00+00:00,69.21186375321336,29
2020-04-26 00:00:00+00:00,68.293203125,34
2020-04-27 00:00:00+00:00,68.90353462603878,57
2020-04-28 00:00:00+00:00,70.76847376788552,60
2020-04-29 00:00:00+00:00,72.94462325581395,348
2020-04-30 00:00:00+00:00,81.54531554160125,279
2020-05-01 00:00:00+00:00,77.30523186682521,48
2020-05-02 00:00:00+00:00,74.08254237288135,26
2020-05-03 00:00:00+00:00,71.9916811594203,77
2020-05-04 00:00:00+00:00,77.01175897578625,86
2020-05-05 00:00:00+00:00,74.79725063474791,90
2020-05-06 00:00:00+00:00,78.64674335010784,114
2020-05-07 00:00:00+00:00,80.27224945806236,175
2020-05-08 00:00:00+00:00,81.37400587920898,136
2020-05-09 00:00:00+00:00,79.96012269938649,14
2020-05-17 00:00:00+00:00,87.24302637889687,129
2020-05-18 00:00:00+00:00,90.07066912669127,152
2020-05-19 00:00:00+00:00,84.33272818455366,64
2020-05-20 00:00:00+00:00,85.45985609397944,104
2020-05-21 00:00:00+00:00,81.33815671838023,135
2020-05-22 00:00:00+00:00,78.09745659526494,126
2020-05-23 00:00:00+00:00,74.93114265181458,61
2020-05-24 00:00:00+00:00,72.92410334811191,142
2020-05-25 00:00:00+00:00,75.61750095675468,63
2020-05-26 00:00:00+00:00,73.77172246696036,82
2020-05-27 00:00:00+00:00,72.2006223922114,104
2020-05-28 00:00:00+00:00,64.85150385772198,224
2020-05-29 00:00:00+00:00,61.40285393573733,299
2020-05-30 00:00:00+00:00,65.01101389766266,151
2020-05-31 00:00:00+00:00,70.45683908045977,126
2020-06-01 00:00:00+00:00,70.17412494953574,311
2020-06-02 00:00:00+00:00,75.32123143044006,370
2020-06-03 00:00:00+00:00,71.39596123417722,152
2020-06-04 00:00:00+00:00,66.47835359116021,179
2020-06-05 00:00:00+00:00,64.37745901639344,194
2020-06-06 00:00:00+00:00,63.97488439306358,42
2020-06-21 00:00:00+00:00,62.55600122850122,47
2020-06-22 00:00:00+00:00,60.52943181818183,107
2020-06-23 00:00:00+00:00,59.544710724902814,145
2020-06-24 00:00:00+00:00,60.05264836601307,172
2020-06-25 00:00:00+00:00,59.54861027190332,106
2020-06-26 00:00:00+00:00,56.605858394292426,202
2020-06-27 00:00:00+00:00,52.73625218150087,167
2020-06-28 00:00:00+00:00,55.16328384450088,111
2020-06-29 00:00:00+00:00,52.22990397805212,84
2020-06-30 00:00:00+00:00,51.74520102105935,60
2020-07-01 00:00:00+00:00,49.32289397590362,139
2020-07-02 00:00:00+00:00,46.10328196257274,160
2020-07-03 00:00:00+00:00,46.203341049382715,183
2020-07-04 00:00:00+00:00,48.65310075740188,116
2020-07-05 00:00:00+00:00,48.827964765878534,83
2020-07-06 00:00:00+00:00,49.511789757412394,247
2020-07-07 00:00:00+00:00,51.257259246633716,137
2020-07-08 00:00:00+00:00,51.32017672363679,216
2020-07-09 00:00:00+00:00,52.48025438005391,158
2020-07-10 00:00:00+00:00,47.12321361940298,147
2020-07-11 00:00:00+00:00,48.30029250457038,16
2020-07-19 00:00:00+00:00,50.87776603773585,30
2020-07-20 00:00:00+00:00,51.756221122112215,44
2020-07-21 00:00:00+00:00,51.09989606868505,78
2020-07-22 00:00:00+00:00,51.160543283582086,81
2020-07-23 00:00:00+00:00,52.490232104121475,136
2020-07-24 00:00:00+00:00,50.14339257768835,121
2020-07-25 00:00:00+00:00,47.55502240812668,86
2020-07-26 00:00:00+00:00,53.219358974358975,173
2020-07-27 00:00:00+00:00,69.71247764503897,547
2020-07-28 00:00:00+00:00,71.6859269804053,252
2020-07-29 00:00:00+00:00,61.656157198192375,254
2020-07-30 00:00:00+00:00,56.34996214272194,216
2020-07-31 00:00:00+00:00,56.51749948293692,256
2020-08-01 00:00:00+00:00,61.24443171708185,328
2020-08-02 00:00:00+00:00,71.94566529492455,425
2020-08-03 00:00:00+00:00,65.92767835838701,164
2020-08-04 00:00:00+00:00,63.20544004611837,135
2020-08-05 00:00:00+00:00,62.10978818443804,143
2020-08-06 00:00:00+00:00,56.67381223560039,119
2020-08-07 00:00:00+00:00,58.64393196781273,174
2020-08-08 00:00:00+00:00,57.81279379157428,15
2020-08-16 00:00:00+00:00,74.10215779202676,91
2020-08-17 00:00:00+00:00,71.09727683372769,224
2020-08-18 00:00:00+00:00,72.61124396782841,99
2020-08-19 00:00:00+00:00,66.30626880155265,117
2020-08-20 00:00:00+00:00,63.9547619047619,53
2020-08-21 00:00:00+00:00,61.084317431743166,138
2020-08-22 00:00:00+00:00,61.1376211031175,91
2020-08-23 00:00:00+00:00,59.293363446838086,62
2020-08-24 00:00:00+00:00,56.213169478123355,149
2020-08-25 00:00:00+00:00,55.08864402557503,271
2020-08-26 00:00:00+00:00,53.756478174603174,121
2020-08-27 00:00:00+00:00,55.258877360603115,190
2020-08-28 00:00:00+00:00,53.366090357739296,377
2020-08-29 00:00:00+00:00,52.150801487296015,121
2020-08-30 00:00:00+00:00,52.35022150189088,131
2020-08-31 00:00:00+00:00,52.34889398482978,174
2020-09-01 00:00:00+00:00,53.42086389850058,253
2020-09-02 00:00:00+00:00,52.10340488916149,362
2020-09-03 00:00:00+00:00,54.426737828507015,337
2020-09-04 00:00:00+00:00,58.82797247124876,346
2020-09-05 00:00:00+00:00,57.52008298755188,12
2020-09-10 00:00:00+00:00,61.51654618473896,4
2020-09-11 00:00:00+00:00,60.72105103969754,35
2020-09-12 00:00:00+00:00,53.98433147632312,9
2020-09-17 00:00:00+00:00,51.667875647668396,11
2020-09-18 00:00:00+00:00,46.42344672995781,71
2020-09-19 00:00:00+00:00,44.547798833819236,53
2020-09-20 00:00:00+00:00,47.46105221203666,75
2020-09-21 00:00:00+00:00,48.43292494042891,168
2020-09-22 00:00:00+00:00,50.49347239263803,72
2020-09-23 00:00:00+00:00,48.540621642363774,99
2020-09-24 00:00:00+00:00,48.757405355493994,126
2020-09-25 00:00:00+00:00,46.757192588050955,233
2020-09-26 00:00:00+00:00,43.310062354988396,98
2020-09-27 00:00:00+00:00,46.872030696576154,58
2020-09-28 00:00:00+00:00,46.774057855626324,117
2020-09-29 00:00:00+00:00,46.174616963064295,115
2020-09-30 00:00:00+00:00,47.35738689547581,100
2020-10-01 00:00:00+00:00,47.90206607613119,233
2020-10-02 00:00:00+00:00,47.88725782414307,165
2020-10-03 00:00:00+00:00,47.25581506849315,50
2020-10-04 00:00:00+00:00,49.0250923872875,41
2020-10-05 00:00:00+00:00,49.33094009983361,177
2020-10-06 00:00:00+00:00,47.05244769179674,233
2020-10-07 00:00:00+00:00,47.681154458598726,172
2020-10-08 00:00:00+00:00,48.00732577238952,380
2020-10-09 00:00:00+00:00,43.154463920922566,318
2020-10-10 00:00:00+00:00,44.11451948824754,99
2020-10-15 00:00:00+00:00,45.0970353683262,79
2020-10-16 00:00:00+00:00,43.389876847290644,154
2020-10-18 00:00:00+00:00,48.86780297661234,102
2020-10-19 00:00:00+00:00,49.4686552828175,90
2020-10-20 00:00:00+00:00,50.24510406342913,136
2020-10-21 00:00:00+00:00,57.17561155469664,304
2020-10-22 00:00:00+00:00,57.008585278276485,202
2020-10-23 00:00:00+00:00,55.24651189935802,319
2020-10-24 00:00:00+00:00,52.61489158716392,133
2020-10-25 00:00:00+00:00,53.11752147239264,120
2020-10-26 00:00:00+00:00,50.667149676099555,140
2020-10-27 00:00:00+00:00,52.490270156627766,379
2020-10-28 00:00:00+00:00,53.8359396646008,379
2020-10-29 00:00:00+00:00,51.402110056340206,321
2020-10-30 00:00:00+00:00,49.8572192513369,514
2020-10-31 00:00:00+00:00,56.69794108836744,383
2020-11-01 00:00:00+00:00,59.10580344535442,96
2020-11-02 00:00:00+00:00,60.29788418149913,245
2020-11-03 00:00:00+00:00,59.851248874887496,299
2020-11-04 00:00:00+00:00,58.11929132809378,228
2020-11-05 00:00:00+00:00,59.66108514840469,992
2020-11-06 00:00:00+00:00,62.70227783957483,444
2020-11-07 00:00:00+00:00,59.87792207792208,29
2020-11-12 00:00:00+00:00,56.88670170827858,230
2020-11-13 00:00:00+00:00,56.68344589937974,129
2020-11-14 00:00:00+00:00,55.81231132075471,9
2020-11-15 00:00:00+00:00,57.65608294930876,46
2020-11-16 00:00:00+00:00,56.52987733534629,337
2020-11-17 00:00:00+00:00,61.86045956058717,498
2020-11-18 00:00:00+00:00,67.83497189748202,544
2020-11-19 00:00:00+00:00,61.58528104054682,701
2020-11-20 00:00:00+00:00,63.598021705070884,1421
2020-11-21 00:00:00+00:00,73.3555036976171,347
2020-11-22 00:00:00+00:00,70.57194094226942,216
2020-11-23 00:00:00+00:00,76.63612413528055,243
2020-11-24 00:00:00+00:00,76.97793452974412,534
2020-11-25 00:00:00+00:00,66.47826870832304,358
2020-11-26 00:00:00+00:00,74.17330091786945,1154
2020-11-27 00:00:00+00:00,72.12928363472342,1272
2020-11-28 00:00:00+00:00,63.14363185123042,550
2020-11-29 00:00:00+00:00,61.98287195671776,473
2020-11-30 00:00:00+00:00,78.69489783875488,777
2020-12-01 00:00:00+00:00,88.82877749214511,547
2020-12-02 00:00:00+00:00,71.25124283305227,507
2020-12-03 00:00:00+00:00,67.63854304635761,322
2020-12-04 00:00:00+00:00,69.01405181567212,364
2020-12-05 00:00:00+00:00,70.10914163090128,30
2020-12-10 00:00:00+00:00,63.69837377049179,18
2020-12-11 00:00:00+00:00,63.24761561306746,87
2020-12-12 00:00:00+00:00,62.4685641025641,23
2020-12-17 00:00:00+00:00,82.78013303769401,111
2020-12-18 00:00:00+00:00,75.05804827586206,53
2020-12-19 00:00:00+00:00,67.2934726688103,22
2020-12-20 00:00:00+00:00,86.22630343671418,127
2020-12-21 00:00:00+00:00,83.46219328993489,394
2020-12-22 00:00:00+00:00,84.74518934911242,288
2020-12-23 00:00:00+00:00,85.42603866721514,277
2020-12-24 00:00:00+00:00,82.45825464251887,350
2020-12-25 00:00:00+00:00,77.95303592671901,589
2020-12-26 00:00:00+00:00,81.73118162692846,649
2020-12-27 00:00:00+00:00,86.5506088875514,783
2020-12-28 00:00:00+00:00,82.09628413793104,275
2020-12-29 00:00:00+00:00,82.70686068482418,251
2020-12-30 00:00:00+00:00,84.68180141601005,677
2020-12-31 00:00:00+00:00,92.47500089110675,426
2021-01-01 00:00:00+00:00,83.15896711870705,397
2021-01-02 00:00:00+00:00,86.07584932861025,1157
2021-01-03 00:00:00+00:00,98.33133606885508,599
2021-01-04 00:00:00+00:00,102.60425686378035,546
2021-01-05 00:00:00+00:00,102.22322505045244,801
2021-01-06 00:00:00+00:00,108.85195163641848,1092
2021-01-07 00:00:00+00:00,131.99412818096135,931
2021-01-08 00:00:00+00:00,131.24107015706807,945
2021-01-09 00:00:00+00:00,126.63815830721002,187
2021-01-14 00:00:00+00:00,139.1310262089332,111
2021-01-15 00:00:00+00:00,147.82535732647816,91
2021-01-16 00:00:00+00:00,149.51169491525425,7
2021-01-17 00:00:00+00:00,125.39734065934064,111
2021-01-18 00:00:00+00:00,125.2057912345266,156
2021-01-19 00:00:00+00:00,130.10523880076695,275
2021-01-20 00:00:00+00:00,122.01522677510167,293
2021-01-21 00:00:00+00:00,111.41658811228184,468
2021-01-22 00:00:00+00:00,113.97360824742269,407
2021-01-23 00:00:00+00:00,105.86484057971015,50
2021-01-24 00:00:00+00:00,110.30880990415335,92
2021-01-25 00:00:00+00:00,106.94233818078129,216
2021-01-26 00:00:00+00:00,104.36010387157697,174
2021-01-27 00:00:00+00:00,111.05318417333962,422
2021-01-28 00:00:00+00:00,115.8300283286119,162
2021-01-29 00:00:00+00:00,120.14942020411182,1394
2021-01-30 00:00:00+00:00,113.47171336206897,249
2021-01-31 00:00:00+00:00,111.51509821836454,150
2021-02-01 00:00:00+00:00,108.91087112171837,240
2021-02-02 00:00:00+00:00,102.21767850604174,272
2021-02-03 00:00:00+00:00,102.57189620117711,358
2021-02-04 00:00:00+00:00,100.8438186656529,543
2021-02-05 00:00:00+00:00,100.93942270509162,383
2021-02-06 00:00:00+00:00,102.42638588791357,164
2021-02-11 00:00:00+00:00,115.04621818181819,43
2021-02-12 00:00:00+00:00,113.67371559633027,37
2021-02-13 00:00:00+00:00,108.07046153846154,9
2021-02-14 00:00:00+00:00,109.86345100864553,89
2021-02-15 00:00:00+00:00,108.44509746588695,119
2021-02-16 00:00:00+00:00,112.8075910032554,219
2021-02-17 00:00:00+00:00,110.31328009503696,315
2021-02-18 00:00:00+00:00,110.69690133037695,218
2021-02-19 00:00:00+00:00,99.84647305514781,856
2021-02-20 00:00:00+00:00,99.95573464912279,413
2021-02-21 00:00:00+00:00,100.78636403127716,176
2021-02-22 00:00:00+00:00,103.86803873764053,747
2021-02-23 00:00:00+00:00,118.71452373878422,761
2021-02-24 00:00:00+00:00,112.48599697885197,288
2021-02-25 00:00:00+00:00,109.09725777511963,237
2021-02-26 00:00:00+00:00,105.31232869581679,902
2021-02-27 00:00:00+00:00,101.53008586875862,346
2021-02-28 00:00:00+00:00,105.37954326030449,348
2021-03-01 00:00:00+00:00,102.9230405485282,315
2021-03-02 00:00:00+00:00,96.50418172341905,667
2021-03-03 00:00:00+00:00,94.3574330943423,771
2021-03-04 00:00:00+00:00,94.15332298136646,460
2021-03-05 00:00:00+00:00,98.11661826794357,865
2021-03-06 00:00:00+00:00,97.57825167037862,98
2021-03-11 00:00:00+00:00,96.04504171632897,51
2021-03-12 00:00:00+00:00,94.80813170551238,164
2021-03-13 00:00:00+00:00,93.13357326478148,6
2021-03-18 00:00:00+00:00,89.55437057991513,59
2021-03-19 00:00:00+00:00,84.01812605514914,157
2021-03-20 00:00:00+00:00,80.34228373702423,17
2021-03-21 00:00:00+00:00,81.0636075625958,166
2021-03-22 00:00:00+00:00,77.55460396957892,340
2021-03-23 00:00:00+00:00,73.71559617665527,636
2021-03-24 00:00:00+00:00,75.38177051671734,879
2021-03-25 00:00:00+00:00,77.84354687994933,1090
2021-03-26 00:00:00+00:00,70.69522982963677,1667
2021-03-27 00:00:00+00:00,68.46256942642097,236
2021-03-28 00:00:00+00:00,66.20329886992066,276
2021-03-29 00:00:00+00:00,69.2221330548926,409
2021-03-30 00:00:00+00:00,73.64479222626007,417
2021-03-31 00:00:00+00:00,75.13737456668491,469
2021-04-01 00:00:00+00:00,72.58694382022472,201
2021-04-02 00:00:00+00:00,68.53381366459628,583
2021-04-03 00:00:00+00:00,71.73060731132075,134
2021-04-04 00:00:00+00:00,71.17847832865606,103
2021-04-05 00:00:00+00:00,70.88063016079965,272
2021-04-06 00:00:00+00:00,71.57382056892779,257
2021-04-07 00:00:00+00:00,69.28456713570236,585
2021-04-08 00:00:00+00:00,60.38512672550351,522
2021-04-09 00:00:00+00:00,61.85584586141351,618
2021-04-10 00:00:00+00:00,67.71295126661366,498
2021-04-15 00:00:00+00:00,66.17065101387406,101
2021-04-16 00:00:00+00:00,62.83042506934552,640
2021-04-17 00:00:00+00:00,61.86411591355599,61
2021-04-18 00:00:00+00:00,79.60673171936759,380
2021-04-19 00:00:00+00:00,78.34498931623932,340
2021-04-20 00:00:00+00:00,74.17426841923209,194
2021-04-21 00:00:00+00:00,73.40684702738811,250
2021-04-22 00:00:00+00:00,75.37425120090423,1219
2021-04-23 00:00:00+00:00,84.9258815343133,1486
2021-04-24 00:00:00+00:00,82.36074875207987,405
2021-04-25 00:00:00+00:00,85.63551984198241,381
2021-04-26 00:00:00+00:00,73.23570983810708,675
2021-04-27 00:00:00+00:00,67.06445977716446,704
2021-04-28 00:00:00+00:00,66.26241224489796,585
2021-04-29 00:00:00+00:00,65.83492360309141,755
2021-04-30 00:00:00+00:00,64.96789532663733,1557
2021-05-01 00:00:00+00:00,66.40235294117649,222
2021-05-02 00:00:00+00:00,69.32532131147542,221
2021-05-03 00:00:00+00:00,68.40411157951385,553
2021-05-04 00:00:00+00:00,74.1384948024948,786
2021-05-05 00:00:00+00:00,73.63963216145834,346
2021-05-06 00:00:00+00:00,69.7211164188304,655
2021-05-07 00:00:00+00:00,66.60017721243749,716
2021-05-08 00:00:00+00:00,67.46785834738617,129
2021-05-13 00:00:00+00:00,78.7303699167075,126
2021-05-14 00:00:00+00:00,79.93382423843961,300
2021-05-15 00:00:00+00:00,89.55973727422004,13
2021-05-16 00:00:00+00:00,95.05326029567054,419
2021-05-17 00:00:00+00:00,124.90246312784613,658
2021-05-18 00:00:00+00:00,103.91424352187238,204
2021-05-19 00:00:00+00:00,120.33922319474836,1054
2021-05-20 00:00:00+00:00,102.90318713028422,392
2021-05-21 00:00:00+00:00,108.28612520642547,561
2021-05-22 00:00:00+00:00,123.01176337603619,151
2021-05-23 00:00:00+00:00,138.7980877931449,183
2021-05-24 00:00:00+00:00,115.50987167341314,349
2021-05-25 00:00:00+00:00,111.72295219638242,136
2021-05-26 00:00:00+00:00,104.03016666666667,120
2021-05-27 00:00:00+00:00,95.60459422283357,173
2021-05-28 00:00:00+00:00,98.59856581532416,707
2021-05-29 00:00:00+00:00,109.64282504012843,136
2021-05-30 00:00:00+00:00,111.50419058553386,133
2021-05-31 00:00:00+00:00,100.75849616122841,244
2021-06-01 00:00:00+00:00,95.30578189300411,196
2021-06-02 00:00:00+00:00,91.9715958416925,277
2021-06-03 00:00:00+00:00,86.13495900819836,200
2021-06-04 00:00:00+00:00,89.70244766146993,262
2021-06-05 00:00:00+00:00,90.68904,48
2021-06-10 00:00:00+00:00,89.33497997329772,116
2021-06-11 00:00:00+00:00,86.21990678404971,323
2021-06-12 00:00:00+00:00,88.02632750397456,291
2021-06-17 00:00:00+00:00,82.34902964959568,33
2021-06-18 00:00:00+00:00,85.65189054726369,264
2021-06-19 00:00:00+00:00,83.43833795013849,126
2021-06-20 00:00:00+00:00,85.69782696177063,151
2021-06-21 00:00:00+00:00,92.44729882459313,336
2021-06-22 00:00:00+00:00,99.23561675635749,454
2021-06-23 00:00:00+00:00,93.4156734496124,212
2021-06-24 00:00:00+00:00,92.71188038060716,176
2021-06-25 00:00:00+00:00,91.89216121308858,1005
2021-06-26 00:00:00+00:00,99.01258495821727,429
2021-06-27 00:00:00+00:00,93.84896214896214,307
2021-06-28 00:00:00+00:00,95.9297247706422,185
2021-06-29 00:00:00+00:00,91.70320579710145,307
2021-06-30 00:00:00+00:00,93.70365870077414,294
2021-07-01 00:00:00+00:00,89.40433291207799,373
2021-07-02 00:00:00+00:00,89.27278661365143,307
2021-07-03 00:00:00+00:00,87.09980561555076,164
2021-07-04 00:00:00+00:00,85.26508555989192,268
2021-07-05 00:00:00+00:00,85.56722531497216,481
2021-07-06 00:00:00+00:00,85.02994778067885,481
2021-07-07 00:00:00+00:00,82.99728937728938,255
2021-07-08 00:00:00+00:00,81.61920340866989,332
2021-07-09 00:00:00+00:00,79.94141061891297,238
2021-07-10 00:00:00+00:00,77.90921875,53
2021-07-15 00:00:00+00:00,76.24266055045872,47
2021-07-16 00:00:00+00:00,75.90841628959276,44
2021-07-17 00:00:00+00:00,73.834,8
2021-07-18 00:00:00+00:00,76.1638053097345,36
2021-07-19 00:00:00+00:00,77.80464953271029,160
2021-07-20 00:00:00+00:00,83.20329766151407,243
2021-07-21 00:00:00+00:00,78.97984402079723,178
2021-07-22 00:00:00+00:00,78.18266816143498,117
2021-07-23 00:00:00+00:00,73.12490039840637,129
2021-07-24 00:00:00+00:00,71.86175655616032,121
2021-07-25 00:00:00+00:00,74.46229281767955,93
2021-07-26 00:00:00+00:00,77.31270931688987,593
2021-07-27 00:00:00+00:00,78.0374721996203,220
2021-07-28 00:00:00+00:00,84.63758001561281,322
2021-07-29 00:00:00+00:00,83.75642160278746,175
2021-07-30 00:00:00+00:00,80.74354910301462,369
2021-07-31 00:00:00+00:00,81.60558182661103,185
2021-08-01 00:00:00+00:00,81.17034643008027,353
2021-08-02 00:00:00+00:00,80.60810017271157,153
2021-08-03 00:00:00+00:00,80.3548051052087,223
2021-08-04 00:00:00+00:00,81.5502776957164,257
2021-08-05 00:00:00+00:00,84.63070358601907,474
2021-08-06 00:00:00+00:00,83.70992409867172,494
2021-08-07 00:00:00+00:00,84.15903494176374,212
2021-08-12 00:00:00+00:00,86.64473420260782,51
2021-08-13 00:00:00+00:00,84.34394961977186,111
2021-08-14 00:00:00+00:00,86.95102941176472,18
2021-08-15 00:00:00+00:00,89.94660550458715,155
2021-08-16 00:00:00+00:00,90.93557611438183,245
2021-08-17 00:00:00+00:00,89.27152079956781,268
2021-08-18 00:00:00+00:00,87.99425000000001,146
2021-08-19 00:00:00+00:00,85.16060951105156,181
2021-08-20 00:00:00+00:00,83.71394853183767,319
2021-08-21 00:00:00+00:00,84.49287810383747,131
2021-08-22 00:00:00+00:00,83.81842067480257,109
2021-08-23 00:00:00+00:00,85.0155358032896,256
2021-08-24 00:00:00+00:00,83.49175164473684,271
2021-08-25 00:00:00+00:00,83.09555191445327,225
2021-08-26 00:00:00+00:00,81.39525004967874,338
2021-08-27 00:00:00+00:00,83.84758921306522,294
2021-08-28 00:00:00+00:00,83.1285325697924,112
2021-08-29 00:00:00+00:00,82.32454143646409,131
2021-08-30 00:00:00+00:00,81.87366004112405,203
2021-08-31 00:00:00+00:00,82.43512212541064,191
2021-09-01 00:00:00+00:00,84.69764984007787,223
2021-09-02 00:00:00+00:00,85.88740523067881,197
2021-09-03 00:00:00+00:00,80.93017214397497,296
2021-09-04 00:00:00+00:00,79.93328205128205,19
2021-09-09 00:00:00+00:00,82.81372093023255,30
2021-09-10 00:00:00+00:00,80.62047087980173,64
2021-09-11 00:00:00+00:00,81.48524590163935,5
2021-09-16 00:00:00+00:00,74.02658805031447,47
2021-09-17 00:00:00+00:00,71.55271619404735,141
2021-09-18 00:00:00+00:00,72.7592125984252,29
2021-09-19 00:00:00+00:00,79.06411371237459,111
2021-09-20 00:00:00+00:00,81.5451512455516,127
2021-09-21 00:00:00+00:00,83.92006764374295,217
2021-09-22 00:00:00+00:00,84.91857183418513,143
2021-09-23 00:00:00+00:00,77.73111888111889,197
2021-09-24 00:00:00+00:00,78.9344568286521,580
2021-09-25 00:00:00+00:00,78.05363684489147,81
2021-09-26 00:00:00+00:00,78.7086569465863,172
2021-09-27 00:00:00+00:00,81.38032213845098,71
2021-09-28 00:00:00+00:00,83.43505502063275,242
2021-09-29 00:00:00+00:00,82.76771754636233,81
2021-09-30 00:00:00+00:00,82.83064097814007,163
2021-10-01 00:00:00+00:00,79.33059938220268,544
2021-10-02 00:00:00+00:00,75.64139618138425,60
2021-10-03 00:00:00+00:00,76.65673141326188,79
2021-10-04 00:00:00+00:00,80.29551148225471,178
2021-10-05 00:00:00+00:00,84.5187105816398,224
2021-10-06 00:00:00+00:00,81.80124360886238,320
2021-10-07 00:00:00+00:00,81.8338403834132,162
2021-10-08 00:00:00+00:00,78.77840358271865,198
2021-10-09 00:00:00+00:00,79.30284313725491,12
2021-10-14 00:00:00+00:00,90.82206611570248,27
2021-10-15 00:00:00+00:00,92.96291774891776,82
2021-10-16 00:00:00+00:00,85.51979253112033,6
2021-10-17 00:00:00+00:00,85.10706666666667,63
2021-10-18 00:00:00+00:00,85.98160451422963,290
2021-10-19 00:00:00+00:00,88.01393021120293,449
2021-10-20 00:00:00+00:00,89.7907444668008,402
2021-10-21 00:00:00+00:00,87.08953641494222,386
2021-10-22 00:00:00+00:00,82.09684906240393,291
2021-10-23 00:00:00+00:00,80.15279472595657,106
2021-10-24 00:00:00+00:00,84.14900156006239,58
2021-10-25 00:00:00+00:00,83.30959767329132,190
2021-10-26 00:00:00+00:00,81.78412790697674,133
2021-10-27 00:00:00+00:00,84.23532160981944,276
2021-10-28 00:00:00+00:00,80.92957300425904,304
2021-10-29 00:00:00+00:00,80.63569934134057,296
2021-10-30 00:00:00+00:00,81.88164614387556,44
2021-10-31 00:00:00+00:00,81.21020689655172,64
2021-11-01 00:00:00+00:00,80.89422255192879,200
2021-11-02 00:00:00+00:00,85.77205525197327,223
2021-11-03 00:00:00+00:00,78.49645730027548,134
2021-11-04 00:00:00+00:00,79.58730437903804,218
2021-11-05 00:00:00+00:00,78.95628388803175,213
2021-11-06 00:00:00+00:00,75.45117117117118,19
2021-11-11 00:00:00+00:00,78.53343629343628,36
2021-11-12 00:00:00+00:00,81.0649234303216,106
2021-11-13 00:00:00+00:00,82.515,2
2021-11-18 00:00:00+00:00,82.06604382929642,61
2021-11-19 00:00:00+00:00,79.77253263707573,65
2021-11-20 00:00:00+00:00,75.58658536585365,17
2021-11-21 00:00:00+00:00,80.2825,51
2021-11-22 00:00:00+00:00,81.72646964213912,174
2021-11-23 00:00:00+00:00,81.42700607192901,147
2021-11-24 00:00:00+00:00,84.98430896805895,155
2021-11-25 00:00:00+00:00,82.32018158567774,203
2021-11-26 00:00:00+00:00,81.0782963914766,514
2021-11-27 00:00:00+00:00,80.03220670391062,102
2021-11-28 00:00:00+00:00,82.06843814080655,208
2021-11-29 00:00:00+00:00,79.03608292557301,239
2021-11-30 00:00:00+00:00,80.15706884641953,334
2021-12-01 00:00:00+00:00,78.50045881126174,182
2021-12-02 00:00:00+00:00,77.96595907928389,237
2021-12-03 00:00:00+00:00,77.55432385661311,459
2021-12-04 00:00:00+00:00,84.41395316993017,743
2021-12-05 00:00:00+00:00,83.09509190737647,194
2021-12-06 00:00:00+00:00,82.61614221966316,290
2021-12-07 00:00:00+00:00,80.65283271528637,178
2021-12-08 00:00:00+00:00,80.16909115646258,229
2021-12-09 00:00:00+00:00,83.07605765969474,243
2021-12-10 00:00:00+00:00,83.50827634442027,262
2021-12-11 00:00:00+00:00,82.79936768149882,39
2021-12-16 00:00:00+00:00,78.11188265537578,85
2021-12-17 00:00:00+00:00,76.95155511811024,143
2021-12-18 00:00:00+00:00,76.89764705882354,17
2021-12-19 00:00:00+00:00,82.39091503267974,71
2021-12-20 00:00:00+00:00,83.75775163398693,151
2021-12-21 00:00:00+00:00,83.05463152232383,134
2021-12-22 00:00:00+00:00,80.166248049922,106
2021-12-23 00:00:00+00:00,76.74763579927574,201
2021-12-24 00:00:00+00:00,73.13513668050442,362
2021-12-25 00:00:00+00:00,74.54995029821075,56
2021-12-26 00:00:00+00:00,74.05131600660066,95
2021-12-27 00:00:00+00:00,74.83838709677418,72
2021-12-28 00:00:00+00:00,73.11576822916666,198
2021-12-29 00:00:00+00:00,74.12101842012044,209
2021-12-30 00:00:00+00:00,73.79470378301214,283
2021-12-31 00:00:00+00:00,73.35158995815898,628
2022-01-01 00:00:00+00:00,67.9754381443299,139
2022-01-02 00:00:00+00:00,66.295604970569,84
2022-01-03 00:00:00+00:00,67.27465333648841,215
2022-01-04 00:00:00+00:00,67.70863063888252,191
2022-01-05 00:00:00+00:00,69.78188021376432,471
2022-01-06 00:00:00+00:00,69.66312186265087,339
2022-01-07 00:00:00+00:00,67.42531499796775,399
2022-01-08 00:00:00+00:00,67.17609238451936,38
2022-01-13 00:00:00+00:00,61.05105322763307,91
2022-01-14 00:00:00+00:00,57.677492008851736,106
2022-01-15 00:00:00+00:00,57.093434343434346,6
2022-01-16 00:00:00+00:00,61.976400665004164,69
2022-01-17 00:00:00+00:00,59.7787251908397,172
2022-01-18 00:00:00+00:00,62.36033520809899,68
2022-01-19 00:00:00+00:00,61.1081072298944,130
2022-01-20 00:00:00+00:00,58.09579366812227,381
2022-01-21 00:00:00+00:00,65.65963256011423,923
2022-01-22 00:00:00+00:00,73.21274139844617,650
2022-01-23 00:00:00+00:00,69.39986831913245,173
2022-01-24 00:00:00+00:00,72.9071217894789,701
2022-01-25 00:00:00+00:00,73.24828872419917,521
2022-01-26 00:00:00+00:00,73.01665824561404,380
2022-01-27 00:00:00+00:00,69.52382949180783,332
2022-01-28 00:00:00+00:00,68.1802380952381,440
2022-01-29 00:00:00+00:00,64.5107237936772,146
2022-01-30 00:00:00+00:00,64.52902777777777,100
2022-01-31 00:00:00+00:00,61.88587061432111,319
2022-02-01 00:00:00+00:00,61.18451591062965,276
2022-02-02 00:00:00+00:00,63.98770885286783,259
2022-02-03 00:00:00+00:00,63.70760668973471,133
2022-02-04 00:00:00+00:00,60.17678545716342,719
2022-02-05 00:00:00+00:00,56.81157023823495,548
2022-02-10 00:00:00+00:00,60.36193957703927,91
2022-02-11 00:00:00+00:00,62.2713181448332,119
2022-02-12 00:00:00+00:00,63.09259927797833,11
2022-02-13 00:00:00+00:00,62.38950364963503,37
2022-02-14 00:00:00+00:00,63.15286417176084,181
2022-02-15 00:00:00+00:00,62.82572549019607,91
2022-02-16 00:00:00+00:00,62.228752086811355,70
2022-02-17 00:00:00+00:00,59.996871825515385,488
2022-02-18 00:00:00+00:00,60.178810346529765,387
2022-02-19 00:00:00+00:00,59.46465136054422,134
2022-02-20 00:00:00+00:00,60.90377762430939,235
2022-02-21 00:00:00+00:00,64.66664111605091,433
2022-02-22 00:00:00+00:00,67.77316300405377,426
2022-02-23 00:00:00+00:00,62.842138435565566,313
2022-02-24 00:00:00+00:00,74.20487262598127,1015
2022-02-25 00:00:00+00:00,66.17142749081478,533
2022-02-26 00:00:00+00:00,63.148304928604325,131
2022-02-27 00:00:00+00:00,70.16462919287211,254
2022-02-28 00:00:00+00:00,71.24076715328466,486
2022-03-01 00:00:00+00:00,70.14500087214374,405
2022-03-02 00:00:00+00:00,70.99818143281051,226
2022-03-03 00:00:00+00:00,67.90415451194102,313
2022-03-04 00:00:00+00:00,70.39167709637046,466
2022-03-05 00:00:00+00:00,73.96846852693058,55
2022-03-10 00:00:00+00:00,75.7521815889029,53
2022-03-11 00:00:00+00:00,72.78955574540795,104
2022-03-12 00:00:00+00:00,74.37820224719101,14
2022-03-17 00:00:00+00:00,73.50324376199616,27
2022-03-18 00:00:00+00:00,68.30119615223757,87
2022-03-19 00:00:00+00:00,65.06521786492374,22
2022-03-20 00:00:00+00:00,68.37987834549878,57
2022-03-21 00:00:00+00:00,68.49877744296168,130
2022-03-22 00:00:00+00:00,67.86876885245901,185
2022-03-23 00:00:00+00:00,64.90869158878505,219
2022-03-24 00:00:00+00:00,63.23046143847487,267
2022-03-25 00:00:00+00:00,60.05992626872695,683
2022-03-26 00:00:00+00:00,60.92521194029851,94
2022-03-27 00:00:00+00:00,63.8637179745814,204
2022-03-28 00:00:00+00:00,60.94544365035734,564
2022-03-29 00:00:00+00:00,59.28920975609756,202
2022-03-30 00:00:00+00:00,58.9289791381669,352
2022-03-31 00:00:00+00:00,58.69201893622946,265
2022-04-01 00:00:00+00:00,57.986012858044894,722
2022-04-02 00:00:00+00:00,56.606421541057365,204
2022-04-03 00:00:00+00:00,55.782356107660455,69
2022-04-04 00:00:00+00:00,57.66934206052362,186
2022-04-05 00:00:00+00:00,57.70869366799772,179
2022-04-06 00:00:00+00:00,61.596338313253014,323
2022-04-07 00:00:00+00:00,59.22501324780365,362
2022-04-08 00:00:00+00:00,54.46284051007208,436
2022-04-09 00:00:00+00:00,55.26740837696335,74
2022-04-14 00:00:00+00:00,55.59537793223284,41
2022-04-15 00:00:00+00:00,53.252119460500964,55
2022-04-16 00:00:00+00:00,51.684708029197076,4
2022-04-17 00:00:00+00:00,60.58019756838906,53
2022-04-18 00:00:00+00:00,59.499784345047914,215
2022-04-19 00:00:00+00:00,56.43505668934241,132
2022-04-20 00:00:00+00:00,55.24978082560172,128
2022-04-21 00:00:00+00:00,56.880013736263734,433
2022-04-22 00:00:00+00:00,55.97495107176142,297
2022-04-23 00:00:00+00:00,56.6352806122449,70
2022-04-24 00:00:00+00:00,57.034504504504504,122
2022-04-25 00:00:00+00:00,59.87329781050184,293
2022-04-26 00:00:00+00:00,60.70635514018692,236
2022-04-27 00:00:00+00:00,60.588607095926406,209
2022-04-28 00:00:00+00:00,58.00034759358289,283
2022-04-29 00:00:00+00:00,53.69636223991062,674
2022-04-30 00:00:00+00:00,54.969009523809525,168
2022-05-01 00:00:00+00:00,56.75245389344263,128
2022-05-02 00:00:00+00:00,56.341258669930646,140
2022-05-03 00:00:00+00:00,57.28784681679177,244
2022-05-04 00:00:00+00:00,57.18599397590361,339
2022-05-05 00:00:00+00:00,58.23726377952755,812
2022-05-06 00:00:00+00:00,57.594751839187644,686
2022-05-07 00:00:00+00:00,54.96822916666667,47
2022-05-12 00:00:00+00:00,98.94594190871369,147
2022-05-13 00:00:00+00:00,78.48364606060606,173
2022-05-14 00:00:00+00:00,74.84649032767469,112
2022-05-15 00:00:00+00:00,74.62476452905813,73
2022-05-16 00:00:00+00:00,76.93200032420167,174
2022-05-17 00:00:00+00:00,72.73757128514056,328
2022-05-18 00:00:00+00:00,74.72606411837238,388
2022-05-19 00:00:00+00:00,77.17537799631224,903
2022-05-20 00:00:00+00:00,73.02137606112053,630
2022-05-21 00:00:00+00:00,74.8658562992126,66
2022-05-22 00:00:00+00:00,72.84601407549584,126
2022-05-23 00:00:00+00:00,70.21548623632648,179
2022-05-24 00:00:00+00:00,69.92284784784785,162
2022-05-25 00:00:00+00:00,70.74208587419598,326
2022-05-26 00:00:00+00:00,73.21895362120175,915
2022-05-27 00:00:00+00:00,72.735781571111,830
2022-05-28 00:00:00+00:00,69.51131961259081,124
2022-05-29 00:00:00+00:00,69.84525735294119,106
2022-05-30 00:00:00+00:00,65.78828484462377,457
2022-05-31 00:00:00+00:00,65.73648509763618,308
2022-06-01 00:00:00+00:00,65.85893614157862,454
2022-06-02 00:00:00+00:00,66.79219992035046,291
2022-06-03 00:00:00+00:00,64.20840587174864,218
2022-06-04 00:00:00+00:00,62.483960396039606,40
2022-06-09 00:00:00+00:00,68.07473034437946,134
2022-06-10 00:00:00+00:00,67.31269042968749,195
2022-06-11 00:00:00+00:00,68.72666666666667,2
2022-06-16 00:00:00+00:00,102.53483573274272,272
2022-06-17 00:00:00+00:00,99.4396581914128,450
2022-06-18 00:00:00+00:00,110.29281980742778,41
2022-06-19 00:00:00+00:00,92.49481471161884,445
2022-06-20 00:00:00+00:00,93.55195153613154,326
2022-06-21 00:00:00+00:00,82.73530402245089,418
2022-06-22 00:00:00+00:00,85.30946601941747,253
2022-06-23 00:00:00+00:00,82.9395852221215,363
2022-06-24 00:00:00+00:00,79.1133923123856,405
2022-06-25 00:00:00+00:00,78.16938953488372,200
2022-06-26 00:00:00+00:00,78.8882768361582,54
2022-06-27 00:00:00+00:00,80.09948026636349,230
2022-06-28 00:00:00+00:00,76.99258447361072,130
2022-06-29 00:00:00+00:00,79.58663568215891,163
2022-06-30 00:00:00+00:00,83.92434077260913,537
2022-07-01 00:00:00+00:00,82.01569253771918,264
2022-07-02 00:00:00+00:00,79.73061164333087,65
2022-07-03 00:00:00+00:00,81.87828481862964,83
2022-07-04 00:00:00+00:00,78.60432444852941,229
2022-07-05 00:00:00+00:00,75.78396312836368,274
2022-07-06 00:00:00+00:00,72.77128440366972,347
2022-07-07 00:00:00+00:00,73.66289718680429,366
2022-07-08 00:00:00+00:00,72.73618146586116,373
2022-07-09 00:00:00+00:00,69.38321739130434,17
2022-07-14 00:00:00+00:00,74.65614754098361,139
2022-07-15 00:00:00+00:00,69.13574952561669,206
2022-07-16 00:00:00+00:00,68.30387978142076,14
2022-07-17 00:00:00+00:00,74.59634913186298,191
2022-07-18 00:00:00+00:00,73.01291655969192,430
2022-07-19 00:00:00+00:00,74.71209019091508,654
2022-07-20 00:00:00+00:00,75.33466063730876,586
2022-07-21 00:00:00+00:00,75.3134868959869,548
2022-07-22 00:00:00+00:00,75.1264453737585,374
2022-07-23 00:00:00+00:00,75.43396135265701,247
2022-07-24 00:00:00+00:00,72.94914485165793,88
2022-07-25 00:00:00+00:00,74.80224251278305,158
2022-07-26 00:00:00+00:00,75.09172413793102,456
2022-07-27 00:00:00+00:00,70.75948213791193,520
2022-07-28 00:00:00+00:00,69.48441711756026,588
2022-07-29 00:00:00+00:00,69.25161778956495,972
2022-07-30 00:00:00+00:00,71.77918576729971,217
2022-07-31 00:00:00+00:00,72.80808080808082,120
2022-08-01 00:00:00+00:00,72.79081300813009,188
2022-08-02 00:00:00+00:00,72.2174989366227,258
2022-08-03 00:00:00+00:00,69.61708188153311,311
2022-08-04 00:00:00+00:00,67.49261571582346,197
2022-08-05 00:00:00+00:00,66.7694182918628,166
2022-08-06 00:00:00+00:00,67.89473101265823,89
2022-08-11 00:00:00+00:00,65.96467758444217,81
2022-08-12 00:00:00+00:00,64.48894396551724,75
2022-08-13 00:00:00+00:00,62.40341463414635,16
2022-08-18 00:00:00+00:00,66.64434693877551,196
2022-08-19 00:00:00+00:00,69.0733700852923,303
2022-08-20 00:00:00+00:00,71.39040384615384,19
2022-08-21 00:00:00+00:00,71.92780423280423,85
2022-08-22 00:00:00+00:00,74.51902823018457,188
2022-08-23 00:00:00+00:00,73.77317433516252,208
2022-08-24 00:00:00+00:00,68.85699805068226,374
2022-08-25 00:00:00+00:00,66.99078060866029,244
2022-08-26 00:00:00+00:00,66.6126504536757,1234
2022-08-27 00:00:00+00:00,66.23149659863945,231
2022-08-28 00:00:00+00:00,69.07884098101266,214
2022-08-29 00:00:00+00:00,69.55044776119404,298
2022-08-30 00:00:00+00:00,67.40772784019975,450
2022-08-31 00:00:00+00:00,66.85942959875787,481
2022-09-01 00:00:00+00:00,68.15225067385445,338
2022-09-02 00:00:00+00:00,65.27493228795439,981
2022-09-03 00:00:00+00:00,64.91236084452974,59
2022-09-04 00:00:00+00:00,66.56947145877379,56
2022-09-05 00:00:00+00:00,66.85268605378361,238
2022-09-06 00:00:00+00:00,70.0217645353052,417
2022-09-07 00:00:00+00:00,70.30404011887073,434
2022-09-08 00:00:00+00:00,66.56926730225989,267
2022-09-09 00:00:00+00:00,66.49696719506825,1100
2022-09-10 00:00:00+00:00,67.37704433497538,47
2022-09-15 00:00:00+00:00,69.11596650067904,60
2022-09-16 00:00:00+00:00,66.13515429524604,204
2022-09-17 00:00:00+00:00,61.41923497267759,31
2022-09-18 00:00:00+00:00,67.115,51
2022-09-19 00:00:00+00:00,66.65321323673389,637
2022-09-20 00:00:00+00:00,66.98518802762854,181
2022-09-21 00:00:00+00:00,66.33130051978361,531
2022-09-22 00:00:00+00:00,68.95284949494949,422
2022-09-23 00:00:00+00:00,69.97516217810106,661
2022-09-24 00:00:00+00:00,65.87293194640338,437
2022-09-25 00:00:00+00:00,66.22193999999999,185
2022-09-26 00:00:00+00:00,68.34050633725793,530
2022-09-27 00:00:00+00:00,65.32873762596985,839
2022-09-28 00:00:00+00:00,70.39799047302537,650
2022-09-29 00:00:00+00:00,70.69243795036029,895
2022-09-30 00:00:00+00:00,65.14790452750272,948
2022-10-01 00:00:00+00:00,63.237928979980936,301
2022-10-02 00:00:00+00:00,67.51972429849283,362
2022-10-03 00:00:00+00:00,65.1907005846258,444
2022-10-04 00:00:00+00:00,63.80934270833333,673
2022-10-05 00:00:00+00:00,65.54761061946904,247
2022-10-06 00:00:00+00:00,64.14362857142858,218
2022-10-07 00:00:00+00:00,59.231218223005285,330
2022-10-08 00:00:00+00:00,55.80178333333333,94
2022-10-13 00:00:00+00:00,63.110302345295274,330
2022-10-14 00:00:00+00:00,55.60378632622207,214
2022-10-15 00:00:00+00:00,53.15467153284672,15
2022-10-16 00:00:00+00:00,55.56409315589354,98
2022-10-17 00:00:00+00:00,54.41344025967826,143
2022-10-18 00:00:00+00:00,55.90131676424901,350
2022-10-19 00:00:00+00:00,54.56949104844021,218
2022-10-20 00:00:00+00:00,54.14203142695357,584
2022-10-21 00:00:00+00:00,53.17192144935201,763
2022-10-22 00:00:00+00:00,54.56545334507043,173
2022-10-23 00:00:00+00:00,55.26910843373494,177
2022-10-24 00:00:00+00:00,56.18929827742521,217
2022-10-25 00:00:00+00:00,56.17525627335826,478
2022-10-26 00:00:00+00:00,58.86658389066589,545
2022-10-27 00:00:00+00:00,55.731261509675505,323
2022-10-28 00:00:00+00:00,49.305973682647185,597
2022-10-29 00:00:00+00:00,50.79051259774109,310
2022-10-30 00:00:00+00:00,53.92173091458806,211
2022-10-31 00:00:00+00:00,54.96795500814332,324
2022-11-01 00:00:00+00:00,53.98693830921553,116
2022-11-02 00:00:00+00:00,52.498414779499406,417
2022-11-03 00:00:00+00:00,46.56097154691158,348
2022-11-04 00:00:00+00:00,47.07603033006245,932
2022-11-05 00:00:00+00:00,46.328429890848035,80
2022-11-10 00:00:00+00:00,82.10583913379736,367
2022-11-11 00:00:00+00:00,75.96765294675986,282
2022-11-12 00:00:00+00:00,85.70577825159916,123
2022-11-17 00:00:00+00:00,72.60814749000444,95
2022-11-18 00:00:00+00:00,65.35344496294262,218
2022-11-19 00:00:00+00:00,62.77996073298429,26
2022-11-20 00:00:00+00:00,68.944055907173,81
2022-11-21 00:00:00+00:00,69.24286224741252,267
2022-11-22 00:00:00+00:00,74.00979423057991,286
2022-11-23 00:00:00+00:00,67.36862859221534,227
2022-11-24 00:00:00+00:00,65.90562419974393,177
2022-11-25 00:00:00+00:00,59.2486246885183,516
2022-11-26 00:00:00+00:00,58.32450528338137,132
2022-11-27 00:00:00+00:00,59.392130141190904,67
2022-11-28 00:00:00+00:00,60.813769136846055,296
2022-11-29 00:00:00+00:00,58.9897978206643,278
2022-11-30 00:00:00+00:00,56.558888946041876,748
2022-12-01 00:00:00+00:00,54.992243139526465,343
2022-12-02 00:00:00+00:00,51.002679673805346,351
2022-12-03 00:00:00+00:00,50.60302662490211,142
2022-12-04 00:00:00+00:00,52.30601244614648,94
2022-12-05 00:00:00+00:00,49.28813262721621,359
2022-12-06 00:00:00+00:00,49.71988120621383,272
2022-12-07 00:00:00+00:00,49.90334064556565,261
2022-12-08 00:00:00+00:00,49.58611696522655,320
2022-12-09 00:00:00+00:00,47.830930956798305,384
2022-12-10 00:00:00+00:00,52.44903448275862,34
2022-12-15 00:00:00+00:00,45.12911924119241,75
2022-12-16 00:00:00+00:00,48.94522246765541,347
2022-12-17 00:00:00+00:00,55.563253205128206,36
2022-12-18 00:00:00+00:00,58.16424280350438,65
2022-12-19 00:00:00+00:00,55.72897881586095,84
2022-12-20 00:00:00+00:00,54.11671537484117,190
2022-12-21 00:00:00+00:00,52.02061855670103,84
2022-12-22 00:00:00+00:00,46.93474325421894,449
2022-12-23 00:00:00+00:00,43.60032028469752,285
2022-12-24 00:00:00+00:00,45.845728813559326,51
2022-12-25 00:00:00+00:00,46.193770396270395,66
2022-12-26 00:00:00+00:00,46.6127763881941,103
2022-12-27 00:00:00+00:00,45.78664852255055,150
2022-12-28 00:00:00+00:00,48.26616726526423,143
2022-12-29 00:00:00+00:00,45.500992410974895,246
2022-12-30 00:00:00+00:00,42.616821103699216,471
2022-12-31 00:00:00+00:00,42.25103658536586,80
2023-01-01 00:00:00+00:00,40.112115528882214,65
2023-01-02 00:00:00+00:00,39.50734650670431,225
2023-01-03 00:00:00+00:00,41.711898395721924,197
2023-01-04 00:00:00+00:00,38.58542463695543,433
2023-01-05 00:00:00+00:00,38.003129652068544,277
2023-01-06 00:00:00+00:00,34.82633451327434,421
2023-01-07 00:00:00+00:00,34.80013307047807,49
2023-01-12 00:00:00+00:00,44.98005597014925,264
2023-01-13 00:00:00+00:00,49.63023673667597,674
2023-01-14 00:00:00+00:00,60.585058191584594,228
2023-01-15 00:00:00+00:00,64.97863046686865,105
2023-01-16 00:00:00+00:00,63.688934320669674,706
2023-01-17 00:00:00+00:00,60.593849256655524,322
2023-01-18 00:00:00+00:00,58.64773838840846,364
2023-01-19 00:00:00+00:00,54.977999097821886,388
2023-01-20 00:00:00+00:00,51.674201008818585,817
2023-01-21 00:00:00+00:00,57.82521508034611,551
2023-01-22 00:00:00+00:00,58.209695177711396,389
2023-01-23 00:00:00+00:00,61.07460584907932,282
2023-01-24 00:00:00+00:00,60.16367629524213,135
2023-01-25 00:00:00+00:00,55.6012614278377,403
2023-01-26 00:00:00+00:00,54.21127499999999,295
2023-01-27 00:00:00+00:00,53.115863933959574,852
2023-01-28 00:00:00+00:00,50.8232868405094,87
2023-01-29 00:00:00+00:00,54.20130640902544,370
2023-01-30 00:00:00+00:00,53.208092415465444,396
2023-01-31 00:00:00+00:00,53.84845205479452,269
2023-02-01 00:00:00+00:00,54.32368587847545,402
2023-02-02 00:00:00+00:00,53.72535681257707,585
2023-02-03 00:00:00+00:00,52.107452678857875,584
2023-02-04 00:00:00+00:00,49.180228365384615,65
2023-02-09 00:00:00+00:00,45.779185146982975,340
2023-02-10 00:00:00+00:00,44.56454918032787,372
2023-02-11 00:00:00+00:00,42.623174603174604,41
2023-02-16 00:00:00+00:00,53.43588555457488,365
2023-02-17 00:00:00+00:00,55.64254671904864,596
2023-02-18 00:00:00+00:00,56.99548780487805,29
2023-02-19 00:00:00+00:00,56.55811403508772,162
2023-02-20 00:00:00+00:00,58.053989535148254,324
2023-02-21 00:00:00+00:00,58.089238230332775,469
2023-02-22 00:00:00+00:00,55.989047016898496,330
2023-02-23 00:00:00+00:00,53.2617108789774,303
2023-02-24 00:00:00+00:00,50.48022959579955,928
2023-02-25 00:00:00+00:00,46.26646551724138,211
2023-02-26 00:00:00+00:00,48.57146377638334,322
2023-02-27 00:00:00+00:00,48.0375697187313,908
2023-02-28 00:00:00+00:00,47.469122357463164,773
2023-03-01 00:00:00+00:00,50.669504685408306,715
2023-03-02 00:00:00+00:00,50.51161974532065,725
2023-03-03 00:00:00+00:00,49.79217672790901,1121
2023-03-04 00:00:00+00:00,47.54354512635379,232
2023-03-05 00:00:00+00:00,47.333655204898726,163
2023-03-06 00:00:00+00:00,48.572552602436325,266
2023-03-07 00:00:00+00:00,47.6528587196468,396
2023-03-08 00:00:00+00:00,46.866885359116026,480
2023-03-09 00:00:00+00:00,46.66892572912977,1464
2023-03-10 00:00:00+00:00,51.15005583693638,1151
2023-03-11 00:00:00+00:00,52.21356284153006,427
2023-03-16 00:00:00+00:00,58.13476695718075,205
2023-03-17 00:00:00+00:00,62.6196640223985,713
2023-03-18 00:00:00+00:00,62.87804979253112,30
2023-03-19 00:00:00+00:00,67.10289695398575,241
2023-03-20 00:00:00+00:00,65.65446556357867,491
2023-03-21 00:00:00+00:00,64.78505303425491,319
2023-03-22 00:00:00+00:00,64.2582242207149,332
2023-03-23 00:00:00+00:00,61.43701897018971,400
2023-03-24 00:00:00+00:00,63.373126669478424,409
2023-03-25 00:00:00+00:00,59.092658528314686,117
2023-03-26 00:00:00+00:00,58.798237597911225,65
2023-03-27 00:00:00+00:00,58.995583809741596,248
2023-03-28 00:00:00+00:00,57.17214029550997,191
2023-03-29 00:00:00+00:00,60.93776532246324,304
2023-03-30 00:00:00+00:00,61.398162640725765,482
2023-03-31 00:00:00+00:00,56.7527098964894,551
2023-04-01 00:00:00+00:00,54.75766680743243,75
2023-04-02 00:00:00+00:00,55.909465400271365,327
2023-04-03 00:00:00+00:00,56.95148867166088,904
2023-04-04 00:00:00+00:00,57.05908388343261,179
2023-04-05 00:00:00+00:00,56.66703263189997,276
2023-04-06 00:00:00+00:00,55.23287820899524,288
2023-04-07 00:00:00+00:00,52.741016005567154,263
2023-04-08 00:00:00+00:00,50.68268449727588,62
2023-04-13 00:00:00+00:00,52.75836129032258,74
2023-04-14 00:00:00+00:00,52.440213977832514,328
2023-04-15 00:00:00+00:00,49.4956611570248,34
2023-04-16 00:00:00+00:00,53.249143389199254,53
2023-04-17 00:00:00+00:00,54.7091271876045,293
2023-04-18 00:00:00+00:00,53.42477403035413,244
2023-04-19 00:00:00+00:00,52.857882364965,319
2023-04-20 00:00:00+00:00,52.25925354944854,438
2023-04-21 00:00:00+00:00,51.528102605498006,797
2023-04-22 00:00:00+00:00,50.96036572622779,145
2023-04-23 00:00:00+00:00,51.339091337099816,98
2023-04-24 00:00:00+00:00,49.208036679536676,154
2023-04-25 00:00:00+00:00,48.75499237804878,201
2023-04-26 00:00:00+00:00,52.17685783161215,644
2023-04-27 00:00:00+00:00,51.94431551935736,485
2023-04-28 00:00:00+00:00,49.29840362992981,455
2023-04-29 00:00:00+00:00,46.6874193548387,91
2023-04-30 00:00:00+00:00,48.3988785046729,167
2023-05-01 00:00:00+00:00,51.44134573103701,392
2023-05-02 00:00:00+00:00,50.225839855012765,235
2023-05-03 00:00:00+00:00,49.638842326404244,272
2023-05-04 00:00:00+00:00,50.54693272431679,269
2023-05-05 00:00:00+00:00,49.075809146877745,222
2023-05-06 00:00:00+00:00,49.051522727272726,43
2023-05-11 00:00:00+00:00,46.45797250859107,120
2023-05-12 00:00:00+00:00,47.60482145822953,178
2023-05-13 00:00:00+00:00,46.24422198041349,62
2023-05-18 00:00:00+00:00,43.12638274737224,91
2023-05-19 00:00:00+00:00,43.12057303681831,126
2023-05-20 00:00:00+00:00,42.973363180515754,32
2023-05-21 00:00:00+00:00,44.133961840628515,65
2023-05-22 00:00:00+00:00,44.0178718316595,162
2023-05-23 00:00:00+00:00,45.14093266475645,254
2023-05-24 00:00:00+00:00,46.443010764787516,727
2023-05-25 00:00:00+00:00,43.88668957562359,507
2023-05-26 00:00:00+00:00,41.05854254677128,882
2023-05-27 00:00:00+00:00,39.95179856115108,154
2023-05-28 00:00:00+00:00,42.69584543401098,670
2023-05-29 00:00:00+00:00,43.225835070650916,515
2023-05-30 00:00:00+00:00,41.68736531871145,341
2023-05-31 00:00:00+00:00,40.20154788610871,358
2023-06-01 00:00:00+00:00,38.47478538579459,639
2023-06-02 00:00:00+00:00,36.3825196689486,1550
2023-06-03 00:00:00+00:00,35.70712779156327,193
2023-06-04 00:00:00+00:00,35.82824070290152,256
2023-06-05 00:00:00+00:00,37.87844273289776,1111
2023-06-06 00:00:00+00:00,38.436929235717784,1190
2023-06-07 00:00:00+00:00,41.0845399803949,994
2023-06-08 00:00:00+00:00,39.60153017241379,217
2023-06-09 00:00:00+00:00,37.67620931716656,333
2023-06-10 00:00:00+00:00,39.44572195535462,290
2023-06-15 00:00:00+00:00,42.51595644983462,259
2023-06-16 00:00:00+00:00,40.14335372069316,441
2023-06-17 00:00:00+00:00,39.18773584905661,80
2023-06-18 00:00:00+00:00,39.72827478532397,101
2023-06-19 00:00:00+00:00,40.86542509072058,209
2023-06-20 00:00:00+00:00,46.1420451843044,685
2023-06-21 00:00:00+00:00,50.01470901613807,1167
2023-06-22 00:00:00+00:00,50.02307731466752,760
2023-06-23 00:00:00+00:00,48.480217599999996,1286
2023-06-24 00:00:00+00:00,45.45097203253964,585
2023-06-25 00:00:00+00:00,46.12134507606084,187
2023-06-26 00:00:00+00:00,45.94747760165403,636
2023-06-27 00:00:00+00:00,45.8042065626681,260
2023-06-28 00:00:00+00:00,44.446200266514374,296
2023-06-29 00:00:00+00:00,43.97539860073295,396
2023-06-30 00:00:00+00:00,41.812086771716864,1833
2023-07-01 00:00:00+00:00,42.37590438247012,113
2023-07-02 00:00:00+00:00,44.43666744675872,143
2023-07-03 00:00:00+00:00,44.996099687080914,299
2023-07-04 00:00:00+00:00,46.00448576066106,271
2023-07-05 00:00:00+00:00,42.78349225378089,604
2023-07-06 00:00:00+00:00,44.5778642931453,1348
2023-07-07 00:00:00+00:00,42.89557237992484,673
2023-07-08 00:00:00+00:00,40.42704697986577,251
2023-07-13 00:00:00+00:00,41.295993998499625,279
2023-07-14 00:00:00+00:00,41.49175596228508,549
2023-07-15 00:00:00+00:00,38.39605831533478,46
2023-07-16 00:00:00+00:00,41.02320996978852,98
2023-07-17 00:00:00+00:00,40.3506943293477,318
2023-07-18 00:00:00+00:00,41.0138493670886,356
2023-07-19 00:00:00+00:00,39.27230090100986,485
2023-07-20 00:00:00+00:00,38.60393664373663,499
2023-07-21 00:00:00+00:00,37.32093742125158,521
2023-07-22 00:00:00+00:00,34.82333980582524,269
2023-07-23 00:00:00+00:00,36.48832684824903,199
2023-07-24 00:00:00+00:00,36.53708661417323,663
2023-07-25 00:00:00+00:00,34.9793851632845,463
2023-07-26 00:00:00+00:00,36.07627793725651,606
2023-07-27 00:00:00+00:00,33.7447834274953,539
2023-07-28 00:00:00+00:00,32.360495323409296,787
2023-07-29 00:00:00+00:00,30.662046511627906,223
2023-07-30 00:00:00+00:00,31.421043307086617,255
2023-07-31 00:00:00+00:00,33.05129471162075,272
2023-08-01 00:00:00+00:00,32.460909057260245,709
2023-08-02 00:00:00+00:00,33.15674279296144,453
2023-08-03 00:00:00+00:00,32.24608154330278,358
2023-08-04 00:00:00+00:00,30.547072348621644,388
2023-08-05 00:00:00+00:00,29.866995073891623,38
2023-08-10 00:00:00+00:00,33.23224120603015,95
2023-08-11 00:00:00+00:00,31.27824478816409,323
2023-08-12 00:00:00+00:00,27.1156338028169,37
2023-08-17 00:00:00+00:00,39.367398700041484,746
2023-08-18 00:00:00+00:00,41.2466963334378,941
2023-08-19 00:00:00+00:00,38.78519287833827,77
2023-08-20 00:00:00+00:00,38.01825,144
2023-08-21 00:00:00+00:00,38.38419761606023,457
2023-08-22 00:00:00+00:00,38.74669941060904,580
2023-08-23 00:00:00+00:00,36.58516941451383,942
2023-08-24 00:00:00+00:00,37.08137934468678,621
2023-08-25 00:00:00+00:00,35.436789819376024,1023
2023-08-26 00:00:00+00:00,32.78508731082655,169
2023-08-27 00:00:00+00:00,32.44877646534433,257
2023-08-28 00:00:00+00:00,33.31906403127237,681
2023-08-29 00:00:00+00:00,36.9572048091877,2072
2023-08-30 00:00:00+00:00,35.82210060597714,615
2023-08-31 00:00:00+00:00,34.46593668671871,1114
2023-09-01 00:00:00+00:00,33.19710959360426,1569
2023-09-02 00:00:00+00:00,32.33021474878444,138
2023-09-03 00:00:00+00:00,33.57232558139535,198
2023-09-04 00:00:00+00:00,34.56447238252267,522
2023-09-05 00:00:00+00:00,34.05904341297531,760
2023-09-06 00:00:00+00:00,35.4457813982488,1198
2023-09-07 00:00:00+00:00,34.620536191472056,699
2023-09-08 00:00:00+00:00,35.99326680789386,539
2023-09-09 00:00:00+00:00,33.733502109704645,49
2023-09-14 00:00:00+00:00,35.576192425793245,152
2023-09-15 00:00:00+00:00,33.331855370001534,348
2023-09-16 00:00:00+00:00,31.931956521739128,46
2023-09-17 00:00:00+00:00,37.07793541264145,61
2023-09-18 00:00:00+00:00,38.426506104194374,437
2023-09-19 00:00:00+00:00,38.81639017757159,273
2023-09-20 00:00:00+00:00,39.78586910994765,363
2023-09-21 00:00:00+00:00,36.779745907007204,708
2023-09-22 00:00:00+00:00,34.09191779141104,776
2023-09-23 00:00:00+00:00,32.02780187997107,179
2023-09-24 00:00:00+00:00,34.76312635574837,328
2023-09-25 00:00:00+00:00,33.75792929791646,609
2023-09-26 00:00:00+00:00,34.70014121264121,458
2023-09-27 00:00:00+00:00,32.732334227206245,1104
2023-09-28 00:00:00+00:00,33.83308249601104,1745
2023-09-29 00:00:00+00:00,32.08702963971688,1799
2023-09-30 00:00:00+00:00,30.7067400199049,375
2023-10-01 00:00:00+00:00,32.45127139364303,582
2023-10-02 00:00:00+00:00,34.44389930535946,1354
2023-10-03 00:00:00+00:00,32.650722994256064,554
2023-10-04 00:00:00+00:00,32.535974765974764,350
2023-10-05 00:00:00+00:00,33.26295754168283,636
2023-10-06 00:00:00+00:00,31.73495283018868,1148
2023-10-07 00:00:00+00:00,31.541464088397785,98
2023-10-12 00:00:00+00:00,30.45628765792031,362
2023-10-13 00:00:00+00:00,30.67041759327897,338
2023-10-14 00:00:00+00:00,33.66526170798898,51
2023-10-15 00:00:00+00:00,34.46658313253012,111
2023-10-16 00:00:00+00:00,36.48741185722399,1602
2023-10-17 00:00:00+00:00,37.80155985617597,411
2023-10-18 00:00:00+00:00,35.798177494530584,396
2023-10-19 00:00:00+00:00,35.920578205203846,591
2023-10-20 00:00:00+00:00,38.87240166621142,1793
2023-10-21 00:00:00+00:00,42.862554102795315,409
2023-10-22 00:00:00+00:00,44.31955084745763,311
2023-10-23 00:00:00+00:00,49.26180245456211,2412
2023-10-24 00:00:00+00:00,53.75228847146592,2225
2023-10-25 00:00:00+00:00,51.852945998418065,766
2023-10-26 00:00:00+00:00,55.32081694402421,618
2023-10-27 00:00:00+00:00,47.915573443025615,1357
2023-10-28 00:00:00+00:00,44.37230421686747,276
2023-10-29 00:00:00+00:00,49.248000643915,272
2023-10-30 00:00:00+00:00,51.985968051581125,621
2023-10-31 00:00:00+00:00,49.588376176875066,388
2023-11-01 00:00:00+00:00,52.80803578690525,767
2023-11-02 00:00:00+00:00,55.09302101222346,993
2023-11-03 00:00:00+00:00,53.62257019766853,531
2023-11-04 00:00:00+00:00,53.25079521031624,144
2023-11-09 00:00:00+00:00,58.026500808029255,577
2023-11-10 00:00:00+00:00,53.4054513778904,473
2023-11-11 00:00:00+00:00,52.4350469483568,50
2023-11-16 00:00:00+00:00,53.55973633819414,210
2023-11-17 00:00:00+00:00,51.40013533208411,384
2023-11-18 00:00:00+00:00,48.78010370370371,136
2023-11-19 00:00:00+00:00,53.414384334550284,160
2023-11-20 00:00:00+00:00,54.95841067285382,708
2023-11-21 00:00:00+00:00,54.788189073556026,689
2023-11-22 00:00:00+00:00,53.11321451647642,545
2023-11-23 00:00:00+00:00,52.500347721822536,520
2023-11-24 00:00:00+00:00,50.58137111288871,1518
2023-11-25 00:00:00+00:00,49.651561412232724,175
2023-11-26 00:00:00+00:00,50.754657534246576,384
2023-11-27 00:00:00+00:00,48.91366092970887,593
2023-11-28 00:00:00+00:00,48.03222838587471,942
2023-11-29 00:00:00+00:00,48.44215923470162,816
2023-11-30 00:00:00+00:00,47.29973235427779,1195
2023-12-01 00:00:00+00:00,47.407955323498264,1598
2023-12-02 00:00:00+00:00,47.84797166469894,624
2023-12-03 00:00:00+00:00,50.33800908632004,738
2023-12-04 00:00:00+00:00,49.870663596966416,2775
2023-12-05 00:00:00+00:00,49.07990630063282,2371
2023-12-06 00:00:00+00:00,49.977268641343365,1558
2023-12-07 00:00:00+00:00,46.41308499333749,1167
2023-12-08 00:00:00+00:00,45.861875123395855,1481
2023-12-09 00:00:00+00:00,46.75315846520702,351
2023-12-14 00:00:00+00:00,48.45284119807856,513
2023-12-15 00:00:00+00:00,49.45631767076103,780
2023-12-16 00:00:00+00:00,49.67021917808219,125
2023-12-17 00:00:00+00:00,52.25206821480406,298
2023-12-18 00:00:00+00:00,53.09072998687664,453
2023-12-19 00:00:00+00:00,54.456967290603146,389
2023-12-20 00:00:00+00:00,55.28683071992675,655
2023-12-21 00:00:00+00:00,55.52213484320558,556
2023-12-22 00:00:00+00:00,54.30777794804997,476
2023-12-23 00:00:00+00:00,54.20834119782214,274
2023-12-24 00:00:00+00:00,55.03181611804767,151
2023-12-25 00:00:00+00:00,55.68684471575734,179
2023-12-26 00:00:00+00:00,56.33041761579348,513
2023-12-27 00:00:00+00:00,60.550650927487354,418
2023-12-28 00:00:00+00:00,61.9331901584654,463
2023-12-29 00:00:00+00:00,61.571044722719144,887
2023-12-30 00:00:00+00:00,62.133307669529174,293
2023-12-31 00:00:00+00:00,63.205159744408945,306
2024-01-01 00:00:00+00:00,65.60768189806679,549
2024-01-02 00:00:00+00:00,64.95255105802552,1111
2024-01-03 00:00:00+00:00,62.670483533108346,960
2024-01-04 00:00:00+00:00,65.13459915611814,723
2024-01-05 00:00:00+00:00,67.90907753643113,742
2024-01-06 00:00:00+00:00,67.88471223021583,75
2024-01-11 00:00:00+00:00,57.91910179640719,202
2024-01-12 00:00:00+00:00,53.31012464854733,610
2024-01-13 00:00:00+00:00,53.65986261040236,163
2024-01-14 00:00:00+00:00,53.856195804195806,78
2024-01-15 00:00:00+00:00,53.71959459459459,116
2024-01-16 00:00:00+00:00,53.156178467507274,243
2024-01-17 00:00:00+00:00,50.22775969962453,163
2024-01-18 00:00:00+00:00,45.42026502805236,685
2024-01-19 00:00:00+00:00,45.35932721537137,669
2024-01-20 00:00:00+00:00,45.26662442396314,92
2024-01-21 00:00:00+00:00,45.17328159645233,37
2024-01-22 00:00:00+00:00,46.285766437308865,313
2024-01-23 00:00:00+00:00,47.9522460828464,753
2024-01-24 00:00:00+00:00,47.09876648234793,270
2024-01-25 00:00:00+00:00,43.24492998678996,453
2024-01-26 00:00:00+00:00,41.513772429679925,1760
2024-01-27 00:00:00+00:00,39.817791731066464,304
2024-01-28 00:00:00+00:00,42.8940332733813,407
2024-01-29 00:00:00+00:00,42.84698605030038,506
2024-01-30 00:00:00+00:00,43.85931159420289,429
2024-01-31 00:00:00+00:00,43.53237098445596,446
2024-02-01 00:00:00+00:00,41.67476445396146,498
2024-02-02 00:00:00+00:00,40.337508677639676,731
2024-02-03 00:00:00+00:00,37.97354838709678,64
2024-02-08 00:00:00+00:00,41.70991494790559,515
2024-02-09 00:00:00+00:00,44.35002742666348,886
2024-02-10 00:00:00+00:00,42.87624192059096,78
2024-02-15 00:00:00+00:00,53.818020040588536,519
2024-02-16 00:00:00+00:00,51.803619377162626,386
2024-02-17 00:00:00+00:00,51.17944444444444,10
2024-02-18 00:00:00+00:00,55.46271171171171,202
2024-02-19 00:00:00+00:00,55.67882129980586,436
2024-02-20 00:00:00+00:00,55.554606905969564,784
2024-02-21 00:00:00+00:00,53.4261454174018,448
2024-02-22 00:00:00+00:00,53.30774706029523,691
2024-02-23 00:00:00+00:00,51.006176342314404,1104
2024-02-24 00:00:00+00:00,52.68313820422536,1077
2024-02-25 00:00:00+00:00,53.8782509838216,327
2024-02-26 00:00:00+00:00,54.78023863037265,1484
2024-02-27 00:00:00+00:00,57.81752716966816,2052
2024-02-28 00:00:00+00:00,60.84480165567504,3208
2024-02-29 00:00:00+00:00,67.77487913138486,2166
2024-03-01 00:00:00+00:00,63.030400447844755,1149
2024-03-02 00:00:00+00:00,63.134106813996326,461
2024-03-03 00:00:00+00:00,67.07265746638357,478
2024-03-04 00:00:00+00:00,75.40865126443958,1464
2024-03-05 00:00:00+00:00,73.03228331551755,2130
2024-03-06 00:00:00+00:00,74.2082433311646,994
2024-03-07 00:00:00+00:00,70.13084772663618,532
2024-03-08 00:00:00+00:00,68.72171014766242,1030
2024-03-09 00:00:00+00:00,69.95265746333045,383
2024-03-14 00:00:00+00:00,70.44753919239905,678
2024-03-15 00:00:00+00:00,73.54576366559486,920
2024-03-16 00:00:00+00:00,72.22711832061069,260
2024-03-17 00:00:00+00:00,76.23784274193548,80
2024-03-18 00:00:00+00:00,74.6930221838087,555
2024-03-19 00:00:00+00:00,72.94626425721661,1586
2024-03-20 00:00:00+00:00,76.11160249964085,1132
2024-03-21 00:00:00+00:00,74.71439964423362,856
2024-03-22 00:00:00+00:00,73.66121807204937,881
2024-03-23 00:00:00+00:00,71.71341137123744,415
2024-03-24 00:00:00+00:00,72.30651567944251,177
2024-03-25 00:00:00+00:00,74.01413207367116,664
2024-03-26 00:00:00+00:00,76.53003423892817,328
2024-03-27 00:00:00+00:00,74.47556257449344,504
2024-03-28 00:00:00+00:00,75.27147946859903,605
2024-03-29 00:00:00+00:00,72.70951052188552,916
2024-03-30 00:00:00+00:00,71.19060730828616,519
2024-03-31 00:00:00+00:00,74.83653645833334,168
2024-04-01 00:00:00+00:00,74.8707537414966,574
2024-04-02 00:00:00+00:00,73.19541179683233,1005
2024-04-03 00:00:00+00:00,71.22164713886158,553
2024-04-04 00:00:00+00:00,68.9370741695738,523
2024-04-05 00:00:00+00:00,69.82307844690966,418
2024-04-06 00:00:00+00:00,68.51872865275142,189
2024-04-11 00:00:00+00:00,66.76830296437313,839
2024-04-12 00:00:00+00:00,64.3309995517705,1279
2024-04-13 00:00:00+00:00,65.0039720129171,355
2024-04-18 00:00:00+00:00,67.20550143266475,420
2024-04-19 00:00:00+00:00,69.54344202898551,664
2024-04-20 00:00:00+00:00,67.12570642201835,244
2024-04-21 00:00:00+00:00,70.57110953058323,107
2024-04-22 00:00:00+00:00,68.99223279648609,306
2024-04-23 00:00:00+00:00,66.37346572181939,381
2024-04-24 00:00:00+00:00,62.481320657759504,400
2024-04-25 00:00:00+00:00,57.87362687331883,732
2024-04-26 00:00:00+00:00,53.15496875260395,1113
2024-04-27 00:00:00+00:00,53.13745419847328,584
2024-04-28 00:00:00+00:00,54.71868159909271,227
2024-04-29 00:00:00+00:00,53.80087427144046,457
2024-04-30 00:00:00+00:00,56.202063694267515,1087
2024-05-01 00:00:00+00:00,58.718315808393996,1612
2024-05-02 00:00:00+00:00,55.0399126940133,1358
2024-05-03 00:00:00+00:00,52.9974558762765,1613
2024-05-04 00:00:00+00:00,54.94439084299469,816
2024-05-05 00:00:00+00:00,55.99826509368494,494
2024-05-06 00:00:00+00:00,56.156720800406,622
2024-05-07 00:00:00+00:00,52.43694680081541,469
2024-05-08 00:00:00+00:00,51.34491193545214,435
2024-05-09 00:00:00+00:00,49.73268179173939,831
2024-05-10 00:00:00+00:00,49.65061488927281,707
2024-05-11 00:00:00+00:00,50.698344988344985,178
2024-05-16 00:00:00+00:00,53.685150631681246,172
2024-05-17 00:00:00+00:00,50.84269595877407,423
2024-05-18 00:00:00+00:00,50.82033932135729,146
2024-05-19 00:00:00+00:00,56.49308917197452,177
2024-05-20 00:00:00+00:00,58.88650322726758,754
2024-05-21 00:00:00+00:00,59.96520533880904,736
2024-05-22 00:00:00+00:00,56.76631187410587,396
2024-05-23 00:00:00+00:00,53.613895511032204,695
2024-05-24 00:00:00+00:00,50.11692800249883,849
2024-05-25 00:00:00+00:00,50.67877272727273,443
2024-05-26 00:00:00+00:00,52.04286751988931,583
2024-05-27 00:00:00+00:00,53.02507326603712,555
2024-05-28 00:00:00+00:00,53.88854765277216,673
2024-05-29 00:00:00+00:00,52.17927570891698,586
2024-05-30 00:00:00+00:00,50.682123750337745,682
2024-05-31 00:00:00+00:00,48.62180528691167,1457
2024-06-01 00:00:00+00:00,48.85869104204753,464
2024-06-02 00:00:00+00:00,48.70304545454545,257
2024-06-03 00:00:00+00:00,50.539260103626944,756
2024-06-04 00:00:00+00:00,50.78498230795571,866
2024-06-05 00:00:00+00:00,54.383135959048026,1158
2024-06-06 00:00:00+00:00,51.492120596205964,921
2024-06-07 00:00:00+00:00,48.856834048522856,1105
2024-06-08 00:00:00+00:00,45.707571984435795,213
2024-06-13 00:00:00+00:00,45.68724789915966,160
2024-06-14 00:00:00+00:00,44.06707655926692,791
2024-06-15 00:00:00+00:00,45.300106951871655,62
2024-06-16 00:00:00+00:00,48.218472440944886,100
2024-06-17 00:00:00+00:00,48.856445916114794,440
2024-06-18 00:00:00+00:00,49.34548802530501,400
2024-06-19 00:00:00+00:00,49.906020696142996,287
2024-06-20 00:00:00+00:00,47.90983819563618,476
2024-06-21 00:00:00+00:00,45.49862762520194,900
2024-06-22 00:00:00+00:00,45.1499453125,247
2024-06-23 00:00:00+00:00,47.07372355430183,93
2024-06-24 00:00:00+00:00,49.106826640899016,1580
2024-06-25 00:00:00+00:00,47.90926384669315,683
2024-06-26 00:00:00+00:00,46.38943302797722,752
2024-06-27 00:00:00+00:00,45.0448801399825,453
2024-06-28 00:00:00+00:00,43.16975011975092,1196
2024-06-29 00:00:00+00:00,42.046546299606725,405
2024-06-30 00:00:00+00:00,42.404907749077495,530
2024-07-01 00:00:00+00:00,42.72660050848848,810
2024-07-02 00:00:00+00:00,40.17438904899135,684
2024-07-03 00:00:00+00:00,40.9040793370945,1409
2024-07-04 00:00:00+00:00,46.85626450953268,1174
2024-07-05 00:00:00+00:00,50.542335282310844,1274
2024-07-06 00:00:00+00:00,48.311137521222406,199
2024-07-11 00:00:00+00:00,47.00051696284329,215
2024-07-12 00:00:00+00:00,45.48574254587156,439
2024-07-13 00:00:00+00:00,44.74981566820277,130
2024-07-18 00:00:00+00:00,54.41995863495346,152
2024-07-19 00:00:00+00:00,56.97172967092739,549
2024-07-20 00:00:00+00:00,57.43338199513382,46
2024-07-21 00:00:00+00:00,64.61717434869739,348
2024-07-22 00:00:00+00:00,64.65934045077105,439
2024-07-23 00:00:00+00:00,66.0977610186092,381
2024-07-24 00:00:00+00:00,60.25597308075773,474
2024-07-25 00:00:00+00:00,59.335429102311,808
2024-07-26 00:00:00+00:00,59.54978614837747,1016
2024-07-27 00:00:00+00:00,57.319917727073275,547
2024-07-28 00:00:00+00:00,52.56597324126025,263
2024-07-29 00:00:00+00:00,53.915253913251284,1112
2024-07-30 00:00:00+00:00,49.35915845070423,431
2024-07-31 00:00:00+00:00,47.439265315852204,427
2024-08-01 00:00:00+00:00,45.81899062657272,1502
2024-08-02 00:00:00+00:00,46.67413790286344,1536
2024-08-03 00:00:00+00:00,48.451995063318314,646
2024-08-04 00:00:00+00:00,53.015807258407825,651
2024-08-05 00:00:00+00:00,63.754333434018584,2649
2024-08-06 00:00:00+00:00,59.148723958333335,771
2024-08-07 00:00:00+00:00,56.557171256454396,619
2024-08-08 00:00:00+00:00,56.03015706806283,1290
2024-08-09 00:00:00+00:00,53.66440341210131,696
2024-08-10 00:00:00+00:00,51.92151866151866,53
2024-08-15 00:00:00+00:00,52.49683535911602,265
2024-08-16 00:00:00+00:00,50.90751876876877,214
2024-08-17 00:00:00+00:00,49.7761473880597,101
2024-08-18 00:00:00+00:00,53.66008111239861,41
2024-08-19 00:00:00+00:00,53.109730815588584,193
2024-08-20 00:00:00+00:00,52.65915275723643,322
2024-08-21 00:00:00+00:00,53.827153088630254,512
2024-08-22 00:00:00+00:00,53.393121374865736,455
2024-08-23 00:00:00+00:00,51.579056100072464,1547
2024-08-24 00:00:00+00:00,52.314892086330936,278
2024-08-25 00:00:00+00:00,52.83264887063655,95
2024-08-26 00:00:00+00:00,51.02848834594919,389
2024-08-27 00:00:00+00:00,50.68755458515284,525
2024-08-28 00:00:00+00:00,50.93539365828302,596
2024-08-29 00:00:00+00:00,50.10651409182189,723
2024-08-30 00:00:00+00:00,49.8923209516873,1513
2024-08-31 00:00:00+00:00,47.696558641975315,147
2024-09-01 00:00:00+00:00,49.49762524398179,193
2024-09-02 00:00:00+00:00,51.37816564088841,309
2024-09-03 00:00:00+00:00,51.21252577616497,2853
2024-09-04 00:00:00+00:00,53.9613379062551,571
2024-09-05 00:00:00+00:00,53.69348256191783,3045
2024-09-06 00:00:00+00:00,56.46621363835696,1048
2024-09-07 00:00:00+00:00,54.289598051157135,84
2024-09-12 00:00:00+00:00,51.93201015965166,898
2024-09-13 00:00:00+00:00,50.43212868310282,889
2024-09-14 00:00:00+00:00,48.0804375,40
2024-09-15 00:00:00+00:00,51.601884349185084,88
2024-09-16 00:00:00+00:00,51.659243447716825,233
2024-09-17 00:00:00+00:00,52.78586306800854,351
2024-09-18 00:00:00+00:00,51.599280440571285,764
2024-09-19 00:00:00+00:00,50.41377956642241,2013
2024-09-20 00:00:00+00:00,49.85725062531266,861
2024-09-21 00:00:00+00:00,49.23529220779221,258
2024-09-22 00:00:00+00:00,49.90896150190114,250
2024-09-23 00:00:00+00:00,49.787170948303206,462
2024-09-24 00:00:00+00:00,49.083460763027304,311
2024-09-25 00:00:00+00:00,48.29599070847851,414
2024-09-26 00:00:00+00:00,48.44537066446449,1196
2024-09-27 00:00:00+00:00,48.809317834463464,1593
2024-09-28 00:00:00+00:00,47.97891696750902,319
2024-09-29 00:00:00+00:00,49.319397129186605,250
2024-09-30 00:00:00+00:00,49.53978403603017,909
2024-10-01 00:00:00+00:00,49.85187172538392,1622
2024-10-02 00:00:00+00:00,50.00073850551894,1084
2024-10-03 00:00:00+00:00,50.28865201631173,746
2024-10-04 00:00:00+00:00,50.437638023347674,666
2024-10-05 00:00:00+00:00,52.53278247501922,148
2024-10-06 00:00:00+00:00,55.05398884239888,67
2024-10-07 00:00:00+00:00,55.71135068153655,166
2024-10-08 00:00:00+00:00,53.26772906518209,246
2024-10-09 00:00:00+00:00,53.756085958005244,170
2024-10-10 00:00:00+00:00,50.06397919442451,587
2024-10-11 00:00:00+00:00,49.668465615944584,599
2024-10-12 00:00:00+00:00,52.95171941830625,87
2024-10-13 00:00:00+00:00,54.93562437562437,73
2024-10-14 00:00:00+00:00,56.906587294838,326
2024-10-15 00:00:00+00:00,57.15666584597203,435
2024-10-16 00:00:00+00:00,57.82658420181163,354
2024-10-17 00:00:00+00:00,55.90046168582376,295
2024-10-18 00:00:00+00:00,54.64862930379059,578
2024-10-19 00:00:00+00:00,53.046222780569515,103
2024-10-20 00:00:00+00:00,55.26329489935509,290
2024-10-21 00:00:00+00:00,53.90102445193929,340
2024-10-22 00:00:00+00:00,54.1223197262283,254
2024-10-23 00:00:00+00:00,54.197064632834646,449
2024-10-24 00:00:00+00:00,55.047455388648046,487
2024-10-25 00:00:00+00:00,55.06239956912939,906
2024-10-26 00:00:00+00:00,55.05424418604651,139
2024-10-27 00:00:00+00:00,54.788345323741005,85
2024-10-28 00:00:00+00:00,55.95525626140322,361
2024-10-29 00:00:00+00:00,57.74828958667811,929
2024-10-30 00:00:00+00:00,57.63761904761905,349
2024-10-31 00:00:00+00:00,58.636065523198425,630
2024-11-01 00:00:00+00:00,58.977997915701714,1290
2024-11-02 00:00:00+00:00,59.68198340248963,140
2024-11-03 00:00:00+00:00,62.205415036940465,277
2024-11-04 00:00:00+00:00,63.36075705477828,463
2024-11-05 00:00:00+00:00,63.87177636199458,862
2024-11-06 00:00:00+00:00,56.023964976598336,1785
2024-11-07 00:00:00+00:00,53.28984634413206,1079
2024-11-08 00:00:00+00:00,48.947257511488154,1236
2024-11-09 00:00:00+00:00,47.28208355091384,136
2024-11-14 00:00:00+00:00,58.1839490022173,360
2024-11-15 00:00:00+00:00,57.76630324431693,414
2024-11-16 00:00:00+00:00,53.990686274509805,37
2024-11-17 00:00:00+00:00,55.261520912547525,184
2024-11-18 00:00:00+00:00,56.55177422211726,700
2024-11-19 00:00:00+00:00,57.20695823828742,845
2024-11-20 00:00:00+00:00,60.02575821398484,1131
2024-11-21 00:00:00+00:00,60.698655101415,1931
2024-11-22 00:00:00+00:00,60.17299603494406,1342
2024-11-23 00:00:00+00:00,58.95800049431537,365
2024-11-24 00:00:00+00:00,61.1608742375835,336
2024-11-25 00:00:00+00:00,59.91979243820515,816
2024-11-26 00:00:00+00:00,56.81805136506366,3325
2024-11-27 00:00:00+00:00,56.82921762888441,878
2024-11-28 00:00:00+00:00,55.2291395182184,1708
2024-11-29 00:00:00+00:00,54.705359571327286,2002
2024-11-30 00:00:00+00:00,53.306617592933385,477
2024-12-01 00:00:00+00:00,54.260058258083305,276
2024-12-02 00:00:00+00:00,54.42818083961249,784
2024-12-03 00:00:00+00:00,53.398206557812294,531
2024-12-04 00:00:00+00:00,53.20091143935881,807
2024-12-05 00:00:00+00:00,57.80294549874313,3012
2024-12-06 00:00:00+00:00,56.29146823278164,898
2024-12-07 00:00:00+00:00,54.31894644037911,159
2024-12-12 00:00:00+00:00,57.415028585632605,411
2024-12-13 00:00:00+00:00,54.189246597024386,826
2024-12-14 00:00:00+00:00,53.67576419213973,304
2024-12-19 00:00:00+00:00,54.95774858757063,549
2024-12-20 00:00:00+00:00,57.19594215155617,893
2024-12-21 00:00:00+00:00,55.68424528301887,75
2024-12-22 00:00:00+00:00,56.59532958199357,52
2024-12-23 00:00:00+00:00,58.873033461899304,518
2024-12-24 00:00:00+00:00,58.70492373629145,404
2024-12-25 00:00:00+00:00,58.03535539215686,168
2024-12-26 00:00:00+00:00,58.30959478757586,402
2024-12-27 00:00:00+00:00,58.14614594461336,1554
2024-12-28 00:00:00+00:00,57.5221623419827,285
2024-12-29 00:00:00+00:00,57.6855039193729,239
2024-12-30 00:00:00+00:00,57.93404239326518,611
2024-12-31 00:00:00+00:00,58.01892392589673,250
2025-01-01 00:00:00+00:00,57.86469794050343,190
2025-01-02 00:00:00+00:00,58.63307521201168,557
2025-01-03 00:00:00+00:00,56.017734972268016,760
2025-01-04 00:00:00+00:00,56.012148876404495,287
2025-01-05 00:00:00+00:00,56.83771505376343,144
2025-01-06 00:00:00+00:00,55.99527525221074,818
2025-01-07 00:00:00+00:00,55.63674728774758,745
2025-01-08 00:00:00+00:00,56.508621402214025,796
2025-01-09 00:00:00+00:00,56.44931941409727,676
2025-01-10 00:00:00+00:00,55.85792334978408,674
2025-01-11 00:00:00+00:00,53.943963414634155,69
2025-01-16 00:00:00+00:00,59.119094381664816,282
2025-01-17 00:00:00+00:00,60.337835933568186,401
2025-01-18 00:00:00+00:00,61.46368794326242,118
2025-01-19 00:00:00+00:00,64.3882889817462,281
2025-01-20 00:00:00+00:00,62.83466134707213,1056
2025-01-21 00:00:00+00:00,59.937405082514935,496
2025-01-22 00:00:00+00:00,58.81853874538746,313
2025-01-23 00:00:00+00:00,58.78387280461032,689
2025-01-24 00:00:00+00:00,56.75782255907267,1184
2025-01-25 00:00:00+00:00,54.89936398467433,228
2025-01-26 00:00:00+00:00,54.863896484375,108
2025-01-27 00:00:00+00:00,57.205322914579575,658
2025-01-28 00:00:00+00:00,56.285002426791785,268
2025-01-29 00:00:00+00:00,54.15416241496598,237
2025-01-30 00:00:00+00:00,53.239854002713706,560
2025-01-31 00:00:00+00:00,51.4381768805083,1059
2025-02-01 00:00:00+00:00,50.39269248343614,491
2025-02-02 00:00:00+00:00,53.9333009487666,737
2025-02-03 00:00:00+00:00,56.12482799440399,1527
2025-02-04 00:00:00+00:00,53.74221602598809,538
2025-02-05 00:00:00+00:00,51.86290579949378,329
2025-02-06 00:00:00+00:00,51.440325334563916,230
2025-02-07 00:00:00+00:00,49.75593956798602,612
2025-02-08 00:00:00+00:00,49.165390995260665,106
2025-02-13 00:00:00+00:00,48.62019713261648,124
2025-02-14 00:00:00+00:00,47.246703314735804,589
2025-02-15 00:00:00+00:00,46.015886524822704,72
2025-02-16 00:00:00+00:00,51.166049004594186,48
2025-02-17 00:00:00+00:00,51.19033055475711,317
2025-02-18 00:00:00+00:00,51.413273536364905,320
2025-02-19 00:00:00+00:00,49.06683535940803,346
2025-02-20 00:00:00+00:00,48.61412740267851,801
2025-02-21 00:00:00+00:00,46.17760578058779,1937
2025-02-22 00:00:00+00:00,46.64494152046783,502
2025-02-23 00:00:00+00:00,46.78795790671218,171
2025-02-24 00:00:00+00:00,45.167049791125656,795
2025-02-25 00:00:00+00:00,47.84250197463179,2378
2025-02-26 00:00:00+00:00,47.10632032569622,1568
2025-02-27 00:00:00+00:00,48.73527165255303,1435
2025-02-28 00:00:00+00:00,53.12407756893184,3508
2025-03-01 00:00:00+00:00,49.60085708707536,599
2025-03-02 00:00:00+00:00,54.319727138884346,2010
2025-03-03 00:00:00+00:00,55.6045268934013,1733
2025-03-04 00:00:00+00:00,60.04543108050395,1659
2025-03-05 00:00:00+00:00,58.1419637098715,853
2025-03-06 00:00:00+00:00,57.43588322796578,933
2025-03-07 00:00:00+00:00,54.05929448012951,1301
2025-03-08 00:00:00+00:00,51.19365331870543,273
2025-03-13 00:00:00+00:00,55.329992745738124,194
2025-03-14 00:00:00+00:00,53.08480049875311,460
2025-03-15 00:00:00+00:00,50.84928095872171,104
2025-03-16 00:00:00+00:00,53.15791493775933,85
2025-03-17 00:00:00+00:00,53.42652686084142,350
2025-03-18 00:00:00+00:00,51.66217091516924,357
2025-03-19 00:00:00+00:00,50.92716838995569,526
2025-03-20 00:00:00+00:00,49.3579388259227,581
2025-03-21 00:00:00+00:00,47.594714049120824,719
2025-03-22 00:00:00+00:00,46.33037621359223,279
2025-03-23 00:00:00+00:00,46.91328125,88
2025-03-24 00:00:00+00:00,46.49088992537314,576
2025-03-25 00:00:00+00:00,45.909291914428266,343
2025-03-26 00:00:00+00:00,45.40157546378298,387
2025-03-27 00:00:00+00:00,44.23709975485575,444
2025-03-28 00:00:00+00:00,47.21999909559555,1118
2025-03-29 00:00:00+00:00,48.85057224606581,470
2025-03-30 00:00:00+00:00,51.48163531114327,161
2025-03-31 00:00:00+00:00,51.65285484159656,559
2025-04-01 00:00:00+00:00,47.6341312044429,650
2025-04-02 00:00:00+00:00,47.185209882613236,1222
2025-04-03 00:00:00+00:00,50.221467609932034,965
2025-04-04 00:00:00+00:00,52.18641387226367,1117
2025-04-05 00:00:00+00:00,52.1970895522388,135
2025-04-10 00:00:00+00:00,52.03826086956522,294
2025-04-11 00:00:00+00:00,52.02838621068535,799
2025-04-12 00:00:00+00:00,53.679607072691546,103
2025-04-17 00:00:00+00:00,45.617505622020325,280
2025-04-18 00:00:00+00:00,44.076614824619455,612
2025-04-19 00:00:00+00:00,43.18190165715838,113
2025-04-20 00:00:00+00:00,48.01863636363637,111
2025-04-21 00:00:00+00:00,49.37841654439466,764
2025-04-22 00:00:00+00:00,49.261264827230534,1254
2025-04-23 00:00:00+00:00,50.182979270173036,1607
2025-04-24 00:00:00+00:00,46.26219704010867,2081
2025-04-25 00:00:00+00:00,45.99895836155284,2740
2025-04-26 00:00:00+00:00,45.38361818614615,609
2025-04-27 00:00:00+00:00,46.743028309644075,862
2025-04-28 00:00:00+00:00,45.58519790132547,2238
2025-04-29 00:00:00+00:00,44.95497348667447,412
2025-04-30 00:00:00+00:00,44.39369438264738,518
2025-05-01 00:00:00+00:00,44.30870460226438,1263
2025-05-02 00:00:00+00:00,44.81308401944251,1425
2025-05-03 00:00:00+00:00,42.215519216996896,676
2025-05-04 00:00:00+00:00,43.42260853432282,396
2025-05-05 00:00:00+00:00,43.86100205468626,936
2025-05-06 00:00:00+00:00,42.91699582489879,666
2025-05-07 00:00:00+00:00,43.02670085126349,838
2025-05-08 00:00:00+00:00,43.28985953982793,2358
2025-05-09 00:00:00+00:00,43.86999954885861,1353
2025-05-10 00:00:00+00:00,43.63786177105831,182
2025-05-15 00:00:00+00:00,40.97401094890511,246
2025-05-16 00:00:00+00:00,39.40517995026829,479
2025-05-17 00:00:00+00:00,39.13382151029749,77
2025-05-18 00:00:00+00:00,43.73715338941118,700
2025-05-19 00:00:00+00:00,43.20313568698451,829
2025-05-20 00:00:00+00:00,44.64528702666368,1540
2025-05-21 00:00:00+00:00,46.46610345143836,2195
2025-05-22 00:00:00+00:00,46.927906601821746,1122
2025-05-23 00:00:00+00:00,45.9815627863145,1420
2025-05-24 00:00:00+00:00,47.42197730654762,491
2025-05-25 00:00:00+00:00,48.17548806179775,692
2025-05-26 00:00:00+00:00,47.239800125657744,514
2025-05-27 00:00:00+00:00,46.1023125724058,650
2025-05-28 00:00:00+00:00,44.5395407627171,840
2025-05-29 00:00:00+00:00,42.73691717421051,1523
2025-05-30 00:00:00+00:00,43.64282932777945,2931
2025-05-31 00:00:00+00:00,43.78169649423879,1067
2025-06-01 00:00:00+00:00,45.01802067126029,743
2025-06-02 00:00:00+00:00,42.5277624297542,757
2025-06-03 00:00:00+00:00,41.463944052194115,660
2025-06-04 00:00:00+00:00,40.37334642678878,912
2025-06-05 00:00:00+00:00,40.0224240639065,2227
2025-06-06 00:00:00+00:00,38.93670639243075,2002
2025-06-07 00:00:00+00:00,37.854940898345156,71
2025-06-12 00:00:00+00:00,38.31818542389688,242
2025-06-13 00:00:00+00:00,39.57282501124607,521
2025-06-14 00:00:00+00:00,38.62245762711864,35
2025-06-15 00:00:00+00:00,41.97481132075471,248
2025-06-16 00:00:00+00:00,40.55238458112722,922
2025-06-17 00:00:00+00:00,41.10569321786848,1330
2025-06-18 00:00:00+00:00,40.080344397304714,804
2025-06-19 00:00:00+00:00,38.58447038213966,612
2025-06-20 00:00:00+00:00,39.39357904071441,1985
2025-06-21 00:00:00+00:00,39.78269041481135,796
2025-06-22 00:00:00+00:00,42.21241133910568,1543
2025-06-23 00:00:00+00:00,40.521892450586165,1147
2025-06-24 00:00:00+00:00,39.405477432366645,971
2025-06-25 00:00:00+00:00,37.894396762904634,828
2025-06-26 00:00:00+00:00,36.6278095796022,727
2025-06-27 00:00:00+00:00,36.13068847223043,1910
2025-06-28 00:00:00+00:00,36.03064859117491,196
2025-06-29 00:00:00+00:00,37.89717990606494,408
2025-06-30 00:00:00+00:00,37.2290688804866,718
2025-07-01 00:00:00+00:00,35.90164642507346,1394
2025-07-02 00:00:00+00:00,36.194261070393324,1753
2025-07-03 00:00:00+00:00,37.36440574213218,790
2025-07-04 00:00:00+00:00,35.65109202994276,786
2025-07-05 00:00:00+00:00,35.81288461538462,59
2025-07-10 00:00:00+00:00,37.34293255701116,493
2025-07-11 00:00:00+00:00,36.76738720499769,693
2025-07-12 00:00:00+00:00,35.75207171314741,53
2025-07-17 00:00:00+00:00,37.61317817770659,315
2025-07-18 00:00:00+00:00,37.790670959951704,667
2025-07-19 00:00:00+00:00,37.23294117647059,19
2025-07-20 00:00:00+00:00,38.61910433979687,238
2025-07-21 00:00:00+00:00,38.4538037787389,733
2025-07-22 00:00:00+00:00,38.13678671625236,899
2025-07-23 00:00:00+00:00,38.439771779555954,861
2025-07-24 00:00:00+00:00,37.484522179627604,1129
2025-07-25 00:00:00+00:00,39.54213665390312,4394
2025-07-26 00:00:00+00:00,37.66435203740815,271
2025-07-27 00:00:00+00:00,39.80398827667057,309
2025-07-28 00:00:00+00:00,38.525742881427966,972
2025-07-29 00:00:00+00:00,34.67217551727074,1240
2025-07-30 00:00:00+00:00,35.01928219886553,1267
2025-07-31 00:00:00+00:00,34.81876942277691,1181
2025-08-01 00:00:00+00:00,35.23231652492069,2019
2025-08-02 00:00:00+00:00,35.30094272228601,404
2025-08-03 00:00:00+00:00,35.89203064326781,222
2025-08-04 00:00:00+00:00,35.14848348247325,579
2025-08-05 00:00:00+00:00,33.821269032019934,2247
2025-08-06 00:00:00+00:00,32.57410663667042,958
2025-08-07 00:00:00+00:00,31.702349383421254,834
2025-08-08 00:00:00+00:00,31.61600980939964,638
2025-08-09 00:00:00+00:00,31.338994382022474,122
2025-08-14 00:00:00+00:00,35.45309207613988,376
2025-08-15 00:00:00+00:00,33.36230422172091,357
2025-08-16 00:00:00+00:00,33.85862385321101,30
2025-08-17 00:00:00+00:00,35.47711656441718,116
2025-08-18 00:00:00+00:00,37.10526741849039,1357
2025-08-19 00:00:00+00:00,34.79866842309852,2052
2025-08-20 00:00:00+00:00,33.5467748163983,1000
2025-08-21 00:00:00+00:00,35.07825920896283,816
2025-08-22 00:00:00+00:00,34.0293425434076,2275
2025-08-23 00:00:00+00:00,33.35504881681285,578
2025-08-24 00:00:00+00:00,34.64827917016429,698
2025-08-25 00:00:00+00:00,35.84301712969627,1475
2025-08-26 00:00:00+00:00,37.722113101330606,1761
2025-08-27 00:00:00+00:00,36.74109450375643,812
2025-08-28 00:00:00+00:00,36.44521674510775,733
2025-08-29 00:00:00+00:00,37.74484593610999,2643
2025-08-30 00:00:00+00:00,36.860046242774565,548
2025-08-31 00:00:00+00:00,36.37669969721993,223
2025-09-01 00:00:00+00:00,37.13213901947616,576
2025-09-02 00:00:00+00:00,37.71050932758164,1559
2025-09-03 00:00:00+00:00,36.52541473259334,904
2025-09-04 00:00:00+00:00,37.43157214701417,1494
2025-09-05 00:00:00+00:00,36.6903262563077,1684
2025-09-06 00:00:00+00:00,34.84215973003374,72
2025-09-11 00:00:00+00:00,33.89438738738739,147
2025-09-12 00:00:00+00:00,31.707718842351984,837
2025-09-13 00:00:00+00:00,32.135701992753624,54
2025-09-18 00:00:00+00:00,31.9603558259587,217
2025-09-19 00:00:00+00:00,30.46612372004645,378
2025-09-20 00:00:00+00:00,29.80259012016021,52
2025-09-21 00:00:00+00:00,33.60983576642335,281
2025-09-22 00:00:00+00:00,34.08213621357374,2517
2025-09-23 00:00:00+00:00,34.46675043265925,1438
2025-09-24 00:00:00+00:00,33.38937770132244,1424
2025-09-25 00:00:00+00:00,35.520700875556194,2411
2025-09-26 00:00:00+00:00,34.787382473410084,2170
2025-09-27 00:00:00+00:00,35.667307692307695,238
2025-09-28 00:00:00+00:00,34.66667697063369,356
2025-09-29 00:00:00+00:00,35.26171412813144,1257
2025-09-30 00:00:00+00:00,34.731713798876,1772
2025-10-01 00:00:00+00:00,34.88120261977206,1520
2025-10-02 00:00:00+00:00,35.18949348266872,3179
2025-10-03 00:00:00+00:00,36.12251897690203,5104
2025-10-04 00:00:00+00:00,35.82230364040735,890
2025-10-05 00:00:00+00:00,36.66382184106255,3150
2025-10-06 00:00:00+00:00,36.64453729489104,2625
2025-10-07 00:00:00+00:00,37.42266315404317,1827
2025-10-08 00:00:00+00:00,37.675883875826685,1323
2025-10-09 00:00:00+00:00,37.801382503934164,1237
2025-10-10 00:00:00+00:00,40.478281488648534,4317
2025-10-11 00:00:00+00:00,43.75876563606325,1498
2025-10-16 00:00:00+00:00,44.379362247412516,645
2025-10-17 00:00:00+00:00,50.281081339526175,961
2025-10-18 00:00:00+00:00,46.019948717948715,93
2025-10-19 00:00:00+00:00,47.06598575498575,627
2025-10-20 00:00:00+00:00,44.962131076388886,623
2025-10-21 00:00:00+00:00,45.53008898015058,966
2025-10-22 00:00:00+00:00,46.23181133473268,895
2025-10-23 00:00:00+00:00,44.28237511439573,1607
2025-10-24 00:00:00+00:00,42.89137389524142,1929
2025-10-25 00:00:00+00:00,41.54054248679789,584
2025-10-26 00:00:00+00:00,41.88738337531486,983
2025-10-27 00:00:00+00:00,40.693301808927714,944
2025-10-28 00:00:00+00:00,39.122321127777326,1590
2025-10-29 00:00:00+00:00,41.56676784460166,1815
2025-10-30 00:00:00+00:00,42.95829673466434,3315
2025-10-31 00:00:00+00:00,41.523500691215276,1615
2025-11-01 00:00:00+00:00,40.69134406405752,509
2025-11-02 00:00:00+00:00,41.1525332795482,508
2025-11-03 00:00:00+00:00,42.70823980692697,2186
2025-11-04 00:00:00+00:00,46.1873712143864,3049
2025-11-05 00:00:00+00:00,44.5528696003696,1779
2025-11-06 00:00:00+00:00,42.11852006834746,1915
2025-11-07 00:00:00+00:00,42.52045002303086,1504
2025-11-08 00:00:00+00:00,39.98714294400194,369
2025-11-13 00:00:00+00:00,42.39127830856334,595
2025-11-14 00:00:00+00:00,47.27307946506945,1545
2025-11-15 00:00:00+00:00,46.883416789396165,63
2025-11-16 00:00:00+00:00,47.72046710338934,603
2025-11-17 00:00:00+00:00,47.4858225301101,1238
2025-11-18 00:00:00+00:00,50.61289837825225,1566
2025-11-19 00:00:00+00:00,49.97627563771969,1548
2025-11-20 00:00:00+00:00,50.37319653041825,2279
2025-11-21 00:00:00+00:00,56.05186544141299,3828
2025-11-22 00:00:00+00:00,53.412905795111236,520
2025-11-23 00:00:00+00:00,53.81915673458925,488
2025-11-24 00:00:00+00:00,52.16499952790105,998
2025-11-25 00:00:00+00:00,49.40216545939764,611
2025-11-26 00:00:00+00:00,48.222835590087875,872
2025-11-27 00:00:00+00:00,47.755607396116375,905
2025-11-28 00:00:00+00:00,47.11680206827045,1359
2025-11-29 00:00:00+00:00,47.29951392681595,304
2025-11-30 00:00:00+00:00,47.14246553966189,531
2025-12-01 00:00:00+00:00,50.368200270635995,2476
2025-12-02 00:00:00+00:00,47.70900662063478,1623
2025-12-03 00:00:00+00:00,46.822561251011976,966
2025-12-04 00:00:00+00:00,45.1530526366068,635
2025-12-05 00:00:00+00:00,47.69910843642038,930
2025-12-06 00:00:00+00:00,48.74096750902527,192
2025-12-11 00:00:00+00:00,42.73190702157633,475
2025-12-12 00:00:00+00:00,40.82938273179441,372
2025-12-13 00:00:00+00:00,45.27194444444444,36
2025-12-18 00:00:00+00:00,43.671477853492334,230
2025-12-19 00:00:00+00:00,43.57410226550921,423
2025-12-20 00:00:00+00:00,42.575346153846155,33
2025-12-21 00:00:00+00:00,44.07722304283604,108
2025-12-22 00:00:00+00:00,43.84280576527111,580
2025-12-23 00:00:00+00:00,42.68173283072211,486
2025-12-24 00:00:00+00:00,41.13635476393802,340
2025-12-25 00:00:00+00:00,40.25061258835409,246
2025-12-26 00:00:00+00:00,40.06496463967961,1086
2025-12-27 00:00:00+00:00,40.684780635400905,213
2025-12-28 00:00:00+00:00,39.94271406727828,237
2025-12-29 00:00:00+00:00,39.844498279057454,631
2025-12-30 00:00:00+00:00,39.806026247848536,378
2025-12-31 00:00:00+00:00,40.40081466025583,555
2026-01-01 00:00:00+00:00,39.647306417595665,309
2026-01-02 00:00:00+00:00,40.87097276513938,1240
2026-01-03 00:00:00+00:00,42.01193241056984,460
2026-01-04 00:00:00+00:00,42.99229715206878,519
2026-01-05 00:00:00+00:00,43.68560131379485,1220
2026-01-06 00:00:00+00:00,42.74747231543624,968
2026-01-07 00:00:00+00:00,42.79448077561102,992
2026-01-08 00:00:00+00:00,41.71285502854324,533
2026-01-09 00:00:00+00:00,39.140529274004685,540
2026-01-10 00:00:00+00:00,37.33330721003134,40
2026-01-15 00:00:00+00:00,38.51536214242239,185
2026-01-16 00:00:00+00:00,37.31165666686084,441
2026-01-17 00:00:00+00:00,35.84377586206897,19
2026-01-18 00:00:00+00:00,38.474806629834255,69
2026-01-19 00:00:00+00:00,38.650264935405595,502
2026-01-20 00:00:00+00:00,38.898614811912225,947
2026-01-21 00:00:00+00:00,39.417757438639796,698
2026-01-22 00:00:00+00:00,37.567213548387095,384
2026-01-23 00:00:00+00:00,36.6627134601044,1120
2026-01-24 00:00:00+00:00,36.26816101694915,157
2026-01-25 00:00:00+00:00,38.739405727923625,669
2026-01-26 00:00:00+00:00,39.819480976848915,695
2026-01-27 00:00:00+00:00,36.39608156764991,548
2026-01-28 00:00:00+00:00,36.33826588439229,798
2026-01-29 00:00:00+00:00,38.052906896623725,1976
2026-01-30 00:00:00+00:00,40.38459709293535,2377
2026-01-31 00:00:00+00:00,43.874065615370675,1773
2026-02-01 00:00:00+00:00,44.599320343663706,653
2026-02-02 00:00:00+00:00,46.00024158729113,1439
2026-02-03 00:00:00+00:00,48.83319300185617,1597
2026-02-04 00:00:00+00:00,51.3935770234987,1505
2026-02-05 00:00:00+00:00,66.43593307348607,2998
2026-02-06 00:00:00+00:00,66.48287989932784,1561
2026-02-07 00:00:00+00:00,57.76481186365648,200
2026-02-12 00:00:00+00:00,54.82495712754555,138
2026-02-13 00:00:00+00:00,49.14793025790048,443
2026-02-14 00:00:00+00:00,50.970212014134276,38
2026-02-15 00:00:00+00:00,47.22664983937586,214
2026-02-16 00:00:00+00:00,48.59320316361839,272
2026-02-17 00:00:00+00:00,49.41246811594203,562
2026-02-18 00:00:00+00:00,48.81936343298759,715
2026-02-19 00:00:00+00:00,50.2907554552295,544
2026-02-20 00:00:00+00:00,48.740321877554194,955
2026-02-21 00:00:00+00:00,46.70704727272727,107
2026-02-22 00:00:00+00:00,48.22023765996343,104
2026-02-23 00:00:00+00:00,52.68050242483026,1054
2026-02-24 00:00:00+00:00,55.597608519618184,703
2026-02-25 00:00:00+00:00,49.55288572755288,1029
2026-02-26 00:00:00+00:00,48.68842486495335,730
2026-02-27 00:00:00+00:00,49.242623895823826,1304
2026-02-28 00:00:00+00:00,52.80198801076585,955
2026-03-01 00:00:00+00:00,51.94620498614959,422
2026-03-02 00:00:00+00:00,50.64194142537128,1188
2026-03-03 00:00:00+00:00,52.598009681413934,689
2026-03-04 00:00:00+00:00,52.724644103615006,1783
2026-03-05 00:00:00+00:00,53.43991590013141,592
2026-03-06 00:00:00+00:00,54.37347882352942,813
2026-03-07 00:00:00+00:00,55.23621241702459,166
2026-03-12 00:00:00+00:00,52.86334170854271,40
2026-03-13 00:00:00+00:00,51.6955576070901,202
2026-03-14 00:00:00+00:00,53.96033333333333,22
2026-03-15 00:00:00+00:00,50.221505747126436,109
2026-03-16 00:00:00+00:00,49.97220359561055,601
2026-03-17 00:00:00+00:00,49.14275659358119,717
2026-03-18 00:00:00+00:00,49.22420974889217,544
2026-03-19 00:00:00+00:00,52.35162175648703,696
2026-03-20 00:00:00+00:00,50.78796073396459,906
2026-03-21 00:00:00+00:00,51.24708922476841,230
2026-03-22 00:00:00+00:00,54.43793411764706,701
2026-03-23 00:00:00+00:00,52.59055408753097,923
2026-03-24 00:00:00+00:00,50.79515119174671,603
2026-03-25 00:00:00+00:00,49.303580329058796,555
2026-03-26 00:00:00+00:00,49.89046741344196,872
2026-03-27 00:00:00+00:00,52.11928373175754,1669
2026-03-28 00:00:00+00:00,51.10065022910757,344
2026-03-29 00:00:00+00:00,53.44223416731821,383
2026-03-30 00:00:00+00:00,52.880110486978325,760
2026-03-31 00:00:00+00:00,51.91780225299562,690
2026-04-01 00:00:00+00:00,50.58560847077193,1020
2026-04-02 00:00:00+00:00,53.33530640818525,728
2026-04-03 00:00:00+00:00,46.39422456813819,640
2026-04-04 00:00:00+00:00,42.94442148760331,148
2026-04-09 00:00:00+00:00,41.300621216109505,152
2026-04-10 00:00:00+00:00,40.68742717124966,283
2026-04-11 00:00:00+00:00,42.84318651441001,38
2026-04-16 00:00:00+00:00,41.83591536338547,78
2026-04-17 00:00:00+00:00,41.423152971940056,443
2026-04-18 00:00:00+00:00,41.25448,16
2026-04-19 00:00:00+00:00,42.92362466124661,106
2026-04-20 00:00:00+00:00,41.12761257131215,356
2026-04-21 00:00:00+00:00,40.85167143384388,342
2026-04-22 00:00:00+00:00,40.771009752764314,720
2026-04-23 00:00:00+00:00,41.04315789473684,575
2026-04-24 00:00:00+00:00,39.233357094229305,765
2026-04-25 00:00:00+00:00,38.93956738768719,111
2026-04-26 00:00:00+00:00,38.804716981132074,168
2026-04-27 00:00:00+00:00,39.192185864470034,623
2026-04-28 00:00:00+00:00,39.424618539151965,364
2026-04-29 00:00:00+00:00,39.463725213574726,375
2026-04-30 00:00:00+00:00,37.506513911620296,515
2026-05-01 00:00:00+00:00,37.51825694484888,947
2026-05-02 00:00:00+00:00,37.486801661474566,232
2026-05-03 00:00:00+00:00,38.87771211904422,387
2026-05-04 00:00:00+00:00,38.510164162807335,1124
2026-05-05 00:00:00+00:00,38.43636818440884,1339
2026-05-06 00:00:00+00:00,38.455648595505615,1249
2026-05-07 00:00:00+00:00,36.917142642416955,1041
2026-05-08 00:00:00+00:00,36.690415941365096,650
2026-05-09 00:00:00+00:00,35.24999190611089,123
2026-05-14 00:00:00+00:00,36.64242699289661,148
2026-05-15 00:00:00+00:00,36.77711846459299,330
2026-05-16 00:00:00+00:00,37.58832305795315,99
2026-05-17 00:00:00+00:00,38.85975827445147,246
2026-05-18 00:00:00+00:00,38.38107380473464,540
2026-05-19 00:00:00+00:00,38.263184083569236,280
2026-05-20 00:00:00+00:00,37.204674260313936,368
2026-05-21 00:00:00+00:00,36.1417802108678,436
2026-05-22 00:00:00+00:00,34.46953092030515,1005
2026-05-23 00:00:00+00:00,37.07110199714694,516
2026-05-24 00:00:00+00:00,34.20243769968051,261
2026-05-25 00:00:00+00:00,33.70180534794884,301
2026-05-26 00:00:00+00:00,33.453871153707574,637
2026-05-27 00:00:00+00:00,34.90015253960477,895
2026-05-28 00:00:00+00:00,35.66233895969687,1512
2026-05-29 00:00:00+00:00,34.88793956897087,1215
2026-05-30 00:00:00+00:00,33.4029584120983,134
2026-05-31 00:00:00+00:00,34.85636153624025,249
2026-06-01 00:00:00+00:00,35.65422064820777,1021
2026-06-02 00:00:00+00:00,39.7495714869795,2822
2026-06-03 00:00:00+00:00,43.91633366283933,2120
2026-06-04 00:00:00+00:00,47.621002820913866,2460
2026-06-05 00:00:00+00:00,48.293284743869265,2670
2026-06-06 00:00:00+00:00,49.2738846945779,295
