date,index_close,log_return
2016-11-29 00:00:00+00:00,731.25,
2016-11-30 00:00:00+00:00,741.73,0.014229896998794622
2016-12-01 00:00:00+00:00,754.45,0.01700371141479895
2016-12-02 00:00:00+00:00,768.09,0.0179179068220936
2016-12-03 00:00:00+00:00,763.19,-0.006399896458884946
2016-12-06 00:00:00+00:00,754.31,-0.011703593226489062
2016-12-09 00:00:00+00:00,769.48,0.019911537941601054
2016-12-14 00:00:00+00:00,779.05,0.012360266625383254
2016-12-21 00:00:00+00:00,825.99,0.05850743824679938
2016-12-22 00:00:00+00:00,859.36,0.03960525924698555
2016-12-23 00:00:00+00:00,895.99,0.0417413260412145
2016-12-25 00:00:00+00:00,866.54,-0.03342098138456784
2016-12-26 00:00:00+00:00,904.64,0.04302880369143036
2016-12-27 00:00:00+00:00,935.21,0.03323402849537871
2016-12-28 00:00:00+00:00,904.97,-0.032869309021394955
2016-12-29 00:00:00+00:00,966.98,0.06627601873693045
2016-12-30 00:00:00+00:00,962.75,-0.004384040021121471
2016-12-31 00:00:00+00:00,961.85,-0.0009352593428282319
2017-01-01 00:00:00+00:00,994.0,0.032878693304383866
2017-01-02 00:00:00+00:00,1028.94,0.034547218439536564
2017-01-03 00:00:00+00:00,1023.71,-0.005095862731235634
2017-01-04 00:00:00+00:00,1097.41,0.06951957466608505
2017-01-05 00:00:00+00:00,963.78,-0.1298450842332306
2017-01-06 00:00:00+00:00,886.94,-0.0830857165190455
2017-01-07 00:00:00+00:00,872.76,-0.016116732324234384
2017-01-08 00:00:00+00:00,922.74,0.05568690072543703
2017-01-09 00:00:00+00:00,897.03,-0.028258198364302878
2017-01-11 00:00:00+00:00,791.65,-0.12496993136814094
2017-01-12 00:00:00+00:00,798.77,0.008953669554458976
2017-01-14 00:00:00+00:00,823.04,0.029931757667243097
2017-01-16 00:00:00+00:00,831.4,0.010106224649391926
2017-01-17 00:00:00+00:00,859.81,0.033600407787779396
2017-01-19 00:00:00+00:00,892.92,0.03778555659085381
2017-01-21 00:00:00+00:00,919.33,0.029148152665585236
2017-01-22 00:00:00+00:00,907.92,-0.012488874869871935
2017-01-24 00:00:00+00:00,917.12,0.010082056206869083
2017-01-26 00:00:00+00:00,916.02,-0.0012001267028463047
2017-01-27 00:00:00+00:00,916.39,0.00040383975750835077
2017-01-28 00:00:00+00:00,919.95,0.0038772824856874166
2017-01-29 00:00:00+00:00,919.46,-0.0005327795451695039
2017-01-30 00:00:00+00:00,921.79,0.002530890692427512
2017-01-31 00:00:00+00:00,970.46,0.05145275400419891
2017-02-01 00:00:00+00:00,981.47,0.011281261896794348
2017-02-02 00:00:00+00:00,1000.95,0.019653380229372353
2017-02-03 00:00:00+00:00,1018.67,0.017548305846530887
2017-02-04 00:00:00+00:00,1032.37,0.013359275053540287
2017-02-06 00:00:00+00:00,1024.46,-0.007691485436879475
2017-02-07 00:00:00+00:00,1047.3,0.022049779298182415
2017-02-08 00:00:00+00:00,1055.52,0.007818112695461288
2017-02-09 00:00:00+00:00,970.2,-0.08428657966344488
2017-02-10 00:00:00+00:00,999.38,0.02963285089154155
2017-02-11 00:00:00+00:00,1009.99,0.010560622093533034
2017-02-12 00:00:00+00:00,1000.44,-0.009500526585668467
2017-02-13 00:00:00+00:00,991.02,-0.009460466449468186
2017-02-14 00:00:00+00:00,1012.19,0.021136863499660485
2017-02-15 00:00:00+00:00,1012.8,0.0006024721291968405
2017-02-16 00:00:00+00:00,1039.29,0.025819015297305903
2017-02-17 00:00:00+00:00,1059.5,0.01925931102113676
2017-02-18 00:00:00+00:00,1067.83,0.007831453111974973
2017-02-19 00:00:00+00:00,1055.75,-0.011377137006276072
2017-02-20 00:00:00+00:00,1062.58,0.006448498267705993
2017-02-21 00:00:00+00:00,1123.22,0.055499647299064314
2017-02-22 00:00:00+00:00,1127.16,0.0035016344136007405
2017-02-23 00:00:00+00:00,1180.41,0.04616064094298267
2017-02-24 00:00:00+00:00,1183.1,0.0022762765222106296
2017-02-25 00:00:00+00:00,1152.5,-0.026204616388813662
2017-02-26 00:00:00+00:00,1179.83,0.023436864413534764
2017-02-27 00:00:00+00:00,1194.3,0.01218987939004279
2017-02-28 00:00:00+00:00,1195.59,0.0010795476990850261
2017-03-01 00:00:00+00:00,1224.12,0.023582431108961188
2017-03-02 00:00:00+00:00,1259.15,0.02821467164138447
2017-03-03 00:00:00+00:00,1285.62,0.020804202116877057
2017-03-04 00:00:00+00:00,1267.15,-0.014470808029685145
2017-03-05 00:00:00+00:00,1272.6,0.0042917675876879
2017-03-06 00:00:00+00:00,1279.62,0.005501107038864639
2017-03-07 00:00:00+00:00,1233.13,-0.037007506329921114
2017-03-08 00:00:00+00:00,1164.36,-0.05738407268242707
2017-03-09 00:00:00+00:00,1200.5,0.030566556836099323
2017-03-10 00:00:00+00:00,1090.45,-0.09614768159807241
2017-03-11 00:00:00+00:00,1175.76,0.07532429193519352
2017-03-12 00:00:00+00:00,1225.24,0.04122199615824851
2017-03-13 00:00:00+00:00,1241.99,0.013578188774542532
2017-03-14 00:00:00+00:00,1246.57,0.003680847695906486
2017-03-15 00:00:00+00:00,1259.84,0.010588949128246483
2017-03-16 00:00:00+00:00,1177.4,-0.06767611116121142
2017-03-17 00:00:00+00:00,1111.9,-0.05723835388495768
2017-03-18 00:00:00+00:00,981.21,-0.12503903877468314
2017-03-19 00:00:00+00:00,1051.0,0.068710866942431
2017-03-20 00:00:00+00:00,1042.97,-0.007669679472972923
2017-03-21 00:00:00+00:00,1116.44,0.06807263906813876
2017-03-22 00:00:00+00:00,1016.96,-0.09332726656382118
2017-03-23 00:00:00+00:00,1038.31,0.02077660648253854
2017-03-24 00:00:00+00:00,928.22,-0.1120808967355238
2017-03-25 00:00:00+00:00,941.27,0.013961253573023136
2017-03-26 00:00:00+00:00,957.0,0.016573364224620413
2017-03-27 00:00:00+00:00,1035.88,0.0792031945418179
2017-03-28 00:00:00+00:00,978.55,-0.05693470184379379
2017-03-29 00:00:00+00:00,1039.93,0.06083679802686781
2017-03-30 00:00:00+00:00,1037.55,-0.0022912384631430527
2017-03-31 00:00:00+00:00,1084.57,0.044321430342905366
2017-04-01 00:00:00+00:00,1091.13,0.006030261413800808
2017-04-02 00:00:00+00:00,1103.7,0.011454315307428686
2017-04-03 00:00:00+00:00,1148.84,0.04008456585046005
2017-04-04 00:00:00+00:00,1129.62,-0.016871444664622537
2017-04-05 00:00:00+00:00,1130.94,0.0011678523463451995
2017-04-06 00:00:00+00:00,1196.4,0.05626790244477231
2017-04-07 00:00:00+00:00,1192.97,-0.002871051663079882
2017-04-08 00:00:00+00:00,1179.43,-0.011414725187106178
2017-04-09 00:00:00+00:00,1208.95,0.024720943361012715
2017-04-10 00:00:00+00:00,1209.74,0.0006532462019466223
2017-04-11 00:00:00+00:00,1227.18,0.014313393749563197
2017-04-12 00:00:00+00:00,1217.58,-0.007853572001197406
2017-04-13 00:00:00+00:00,1175.47,-0.03519721461734626
2017-04-14 00:00:00+00:00,1189.23,0.01163797124955046
2017-04-15 00:00:00+00:00,1172.69,-0.014005783748568312
2017-04-16 00:00:00+00:00,1175.51,0.0024018408616619524
2017-04-17 00:00:00+00:00,1192.25,0.014140182216103803
2017-04-18 00:00:00+00:00,1204.29,0.010047903474783126
2017-04-19 00:00:00+00:00,1207.45,0.0026205161487862227
2017-04-20 00:00:00+00:00,1240.21,0.026770022296977558
2017-04-21 00:00:00+00:00,1243.64,0.0027618432516236524
2017-04-22 00:00:00+00:00,1241.08,-0.0020605950818000096
2017-04-23 00:00:00+00:00,1244.86,0.0030411055079540006
2017-04-24 00:00:00+00:00,1255.97,0.008885108615907633
2017-04-25 00:00:00+00:00,1277.17,0.01673851029026352
2017-04-26 00:00:00+00:00,1296.51,0.015029346339804128
2017-04-27 00:00:00+00:00,1345.09,0.036784886272771544
2017-04-28 00:00:00+00:00,1307.64,-0.02823693951861017
2017-04-29 00:00:00+00:00,1345.9,0.028838948462874825
2017-04-30 00:00:00+00:00,1356.31,0.007704842701892645
2017-05-01 00:00:00+00:00,1430.84,0.05349390744056226
2017-05-02 00:00:00+00:00,1435.67,0.0033699548028991444
2017-05-03 00:00:00+00:00,1510.66,0.050915002222359895
2017-05-04 00:00:00+00:00,1551.75,0.026836684886378137
2017-05-05 00:00:00+00:00,1534.49,-0.011185248035915585
2017-05-06 00:00:00+00:00,1574.72,0.02587940041976733
2017-05-07 00:00:00+00:00,1587.97,0.008378992263359919
2017-05-08 00:00:00+00:00,1642.72,0.0338969336096806
2017-05-09 00:00:00+00:00,1718.05,0.044836522178892224
2017-05-10 00:00:00+00:00,1760.39,0.024345448664102598
2017-05-11 00:00:00+00:00,1813.19,0.0295523495464316
2017-05-12 00:00:00+00:00,1689.04,-0.07092740476025305
2017-05-13 00:00:00+00:00,1773.66,0.04888488804939328
2017-05-14 00:00:00+00:00,1775.39,0.0009749088556221253
2017-05-15 00:00:00+00:00,1740.47,-0.019864925408212386
2017-05-16 00:00:00+00:00,1764.58,0.013757510033769016
2017-05-17 00:00:00+00:00,1816.41,0.028949323893529666
2017-05-18 00:00:00+00:00,1885.73,0.03745298821383081
2017-05-19 00:00:00+00:00,1963.89,0.04061218638149722
2017-05-20 00:00:00+00:00,2027.33,0.03179245617260307
2017-05-21 00:00:00+00:00,2015.1,-0.006050834430931573
2017-05-22 00:00:00+00:00,2095.66,0.03919971760147423
2017-05-23 00:00:00+00:00,2261.91,0.07634104954369914
2017-05-24 00:00:00+00:00,2464.34,0.08571443406096346
2017-05-25 00:00:00+00:00,2332.36,-0.05504339266315217
2017-05-26 00:00:00+00:00,2240.33,-0.04025745405699244
2017-05-27 00:00:00+00:00,2091.24,-0.06886598496637042
2017-05-28 00:00:00+00:00,2155.39,0.030214490181350584
2017-05-29 00:00:00+00:00,2323.54,0.07512020314273826
2017-05-30 00:00:00+00:00,2223.65,-0.043941894899488965
2017-05-31 00:00:00+00:00,2322.93,0.043679329983109305
2017-06-01 00:00:00+00:00,2406.18,0.035211107835595
2017-06-02 00:00:00+00:00,2482.12,0.031072605998331504
2017-06-03 00:00:00+00:00,2419.96,-0.02536202261367837
2017-06-04 00:00:00+00:00,2488.33,0.027860791631047377
2017-06-05 00:00:00+00:00,2691.58,0.0785165790424065
2017-06-06 00:00:00+00:00,2865.13,0.06248534257560401
2017-06-07 00:00:00+00:00,2711.34,-0.05517074672667732
2017-06-08 00:00:00+00:00,2808.45,0.03518975210538322
2017-06-09 00:00:00+00:00,2817.45,0.003199490811266692
2017-06-10 00:00:00+00:00,2900.49,0.029047467691203366
2017-06-11 00:00:00+00:00,2947.46,0.01606409427796862
2017-06-12 00:00:00+00:00,2656.96,-0.103761170423045
2017-06-13 00:00:00+00:00,2709.98,0.019758642699047257
2017-06-14 00:00:00+00:00,2450.13,-0.1008001704171475
2017-06-15 00:00:00+00:00,2427.62,-0.009229730838248962
2017-06-16 00:00:00+00:00,2511.41,0.03393299487241652
2017-06-17 00:00:00+00:00,2651.16,0.054152931661204384
2017-06-18 00:00:00+00:00,2466.21,-0.07231472080154511
2017-06-19 00:00:00+00:00,2594.09,0.050553221476165255
2017-06-20 00:00:00+00:00,2747.62,0.05749930166760109
2017-06-21 00:00:00+00:00,2732.43,-0.0055437592369314
2017-06-22 00:00:00+00:00,2681.87,-0.018677010779455827
2017-06-23 00:00:00+00:00,2702.54,0.007677759137139972
2017-06-24 00:00:00+00:00,2579.81,-0.046476318720909404
2017-06-25 00:00:00+00:00,2502.98,-0.030233730804656744
2017-06-26 00:00:00+00:00,2433.87,-0.027999438891889383
2017-06-27 00:00:00+00:00,2497.94,0.025983809085229126
2017-06-28 00:00:00+00:00,2566.64,0.027131258327618646
2017-06-29 00:00:00+00:00,2559.56,-0.002762281807895839
2017-06-30 00:00:00+00:00,2454.68,-0.04183896220077443
2017-07-01 00:00:00+00:00,2395.75,-0.024300072276761675
2017-07-02 00:00:00+00:00,2516.13,0.04902567257802204
2017-07-03 00:00:00+00:00,2574.67,0.022999363743539725
2017-07-04 00:00:00+00:00,2565.34,-0.0036303471187784098
2017-07-05 00:00:00+00:00,2615.29,0.019283966585134316
2017-07-06 00:00:00+00:00,2605.74,-0.0036582860664200467
2017-07-07 00:00:00+00:00,2472.98,-0.052292802799962956
2017-07-08 00:00:00+00:00,2542.63,0.027775077246969815
2017-07-09 00:00:00+00:00,2504.44,-0.015133821759294896
2017-07-10 00:00:00+00:00,2261.39,-0.10208548818115837
2017-07-11 00:00:00+00:00,2315.46,0.02362870343303758
2017-07-12 00:00:00+00:00,2360.23,0.01915070001312813
2017-07-13 00:00:00+00:00,2346.8,-0.005706373846383173
2017-07-14 00:00:00+00:00,2152.03,-0.0866411153467519
2017-07-15 00:00:00+00:00,1984.09,-0.08125121198577467
2017-07-16 00:00:00+00:00,1913.68,-0.036132280816646656
2017-07-17 00:00:00+00:00,2207.26,0.14272383739330508
2017-07-18 00:00:00+00:00,2325.21,0.052058430227425845
2017-07-19 00:00:00+00:00,2263.7,-0.02680971481418304
2017-07-20 00:00:00+00:00,2831.18,0.22369294315480914
2017-07-21 00:00:00+00:00,2679.77,-0.05496261593733287
2017-07-22 00:00:00+00:00,2826.69,0.053375445874194405
2017-07-23 00:00:00+00:00,2768.58,-0.02077186244086704
2017-07-24 00:00:00+00:00,2757.96,-0.003843277375043641
2017-07-25 00:00:00+00:00,2532.28,-0.08537119331662257
2017-07-26 00:00:00+00:00,2530.22,-0.0008138272054116769
2017-07-27 00:00:00+00:00,2666.12,0.052317976515685594
2017-07-28 00:00:00+00:00,2753.67,0.03231033542237416
2017-07-29 00:00:00+00:00,2701.86,-0.01899414269458788
2017-07-30 00:00:00+00:00,2740.53,0.014210907627475677
2017-07-31 00:00:00+00:00,2867.56,0.04531016160082224
2017-08-01 00:00:00+00:00,2779.05,-0.03135235127044389
2017-08-02 00:00:00+00:00,2653.79,-0.04612033575037078
2017-08-03 00:00:00+00:00,2779.48,0.04627505291510925
2017-08-04 00:00:00+00:00,2851.93,0.025732098224580113
2017-08-05 00:00:00+00:00,3250.97,0.1309574552780095
2017-08-06 00:00:00+00:00,3233.52,-0.005382086215757198
2017-08-07 00:00:00+00:00,3395.66,0.04892681851778491
2017-08-08 00:00:00+00:00,3454.52,0.017185372828466328
2017-08-09 00:00:00+00:00,3346.28,-0.031834237407959876
2017-08-10 00:00:00+00:00,3409.16,0.01861664556743925
2017-08-11 00:00:00+00:00,3649.78,0.06820096516595342
2017-08-12 00:00:00+00:00,3835.02,0.04950775812423025
2017-08-13 00:00:00+00:00,4067.98,0.058971911823903156
2017-08-14 00:00:00+00:00,4248.58,0.04343824770614724
2017-08-15 00:00:00+00:00,4172.4,-0.01809339963985046
2017-08-16 00:00:00+00:00,4370.92,0.046482103446054523
2017-08-17 00:00:00+00:00,4317.51,-0.012294666074536664
2017-08-18 00:00:00+00:00,4115.46,-0.04792823316153161
2017-08-19 00:00:00+00:00,4167.66,0.012604113197715705
2017-08-20 00:00:00+00:00,4137.76,-0.007200148619388003
2017-08-21 00:00:00+00:00,4032.19,-0.025844925933308005
2017-08-22 00:00:00+00:00,4080.51,0.01191232792953656
2017-08-23 00:00:00+00:00,4143.9,0.015415392787664572
2017-08-24 00:00:00+00:00,4313.22,0.04004735155164241
2017-08-25 00:00:00+00:00,4370.43,0.013176677492523936
2017-08-26 00:00:00+00:00,4343.56,-0.0061671140689476545
2017-08-27 00:00:00+00:00,4346.44,0.000662830864314401
2017-08-28 00:00:00+00:00,4382.14,0.008180070313288823
2017-08-29 00:00:00+00:00,4599.45,0.048399541584458916
2017-08-30 00:00:00+00:00,4582.85,-0.0036156557908721965
2017-08-31 00:00:00+00:00,4736.25,0.03292460801237773
2017-09-01 00:00:00+00:00,4903.21,0.03464440932105006
2017-09-02 00:00:00+00:00,4605.76,-0.06258239857955417
2017-09-03 00:00:00+00:00,4630.78,0.005417626339760062
2017-09-04 00:00:00+00:00,4327.71,-0.06768678667800643
2017-09-05 00:00:00+00:00,4418.0,0.020648571244002767
2017-09-06 00:00:00+00:00,4614.14,0.043438396729378326
2017-09-07 00:00:00+00:00,4622.06,0.0017149914339640304
2017-09-08 00:00:00+00:00,4347.41,-0.061260227681863455
2017-09-09 00:00:00+00:00,4318.43,-0.006688355204516938
2017-09-10 00:00:00+00:00,4242.13,-0.01782640868023755
2017-09-11 00:00:00+00:00,4210.2,-0.0075553490904880505
2017-09-12 00:00:00+00:00,4201.09,-0.002166137075793273
2017-09-13 00:00:00+00:00,3864.27,-0.08357122574289733
2017-09-14 00:00:00+00:00,3230.04,-0.17927826862665697
2017-09-15 00:00:00+00:00,3699.28,0.13564368506078495
2017-09-16 00:00:00+00:00,3710.11,0.002923319655891987
2017-09-17 00:00:00+00:00,3738.72,0.007681781082119699
2017-09-18 00:00:00+00:00,4065.11,0.08369749604664278
2017-09-19 00:00:00+00:00,3939.89,-0.031287998765872516
2017-09-20 00:00:00+00:00,3873.3,-0.01704594727173614
2017-09-21 00:00:00+00:00,3616.3,-0.0686554531763175
2017-09-22 00:00:00+00:00,3625.33,0.002493914955682186
2017-09-23 00:00:00+00:00,3782.89,0.04254294913036816
2017-09-24 00:00:00+00:00,3668.54,-0.03069450502482063
2017-09-25 00:00:00+00:00,3933.87,0.06982991142273498
2017-09-26 00:00:00+00:00,3889.55,-0.01133020446946098
2017-09-27 00:00:00+00:00,4206.33,0.0782970638416991
2017-09-28 00:00:00+00:00,4182.38,-0.0057100710535795685
2017-09-29 00:00:00+00:00,4157.1,-0.0060627467023088855
2017-09-30 00:00:00+00:00,4332.27,0.04127393827567083
2017-10-01 00:00:00+00:00,4386.58,0.012458226128673644
2017-10-02 00:00:00+00:00,4385.23,-0.0003078042070345788
2017-10-03 00:00:00+00:00,4307.98,-0.017772959230120122
2017-10-04 00:00:00+00:00,4225.51,-0.019329153174394875
2017-10-05 00:00:00+00:00,4317.71,0.021585205531239993
2017-10-06 00:00:00+00:00,4360.76,0.009921184982314202
2017-10-07 00:00:00+00:00,4434.77,0.016829400116833426
2017-10-08 00:00:00+00:00,4596.43,0.035804161013315294
2017-10-09 00:00:00+00:00,4762.97,0.03559150802041522
2017-10-10 00:00:00+00:00,4744.83,-0.003815819013984978
2017-10-11 00:00:00+00:00,4814.92,0.014663826132906621
2017-10-12 00:00:00+00:00,5413.14,0.11710990077546057
2017-10-13 00:00:00+00:00,5564.3,0.027541859510305855
2017-10-14 00:00:00+00:00,5797.99,0.04114011511306792
2017-10-15 00:00:00+00:00,5692.38,-0.018382867400653424
2017-10-16 00:00:00+00:00,5776.32,0.014638363353302708
2017-10-17 00:00:00+00:00,5594.69,-0.03194886810212161
2017-10-18 00:00:00+00:00,5570.41,-0.0043492737680335125
2017-10-19 00:00:00+00:00,5704.71,0.02382348957123348
2017-10-20 00:00:00+00:00,6002.68,0.050913886749823334
2017-10-21 00:00:00+00:00,6019.45,0.0027898568518480715
2017-10-22 00:00:00+00:00,5897.74,-0.020426666339210087
2017-10-23 00:00:00+00:00,5842.57,-0.009398458149954436
2017-10-24 00:00:00+00:00,5533.45,-0.054359277722079824
2017-10-25 00:00:00+00:00,5536.03,0.0004661465663637898
2017-10-26 00:00:00+00:00,5900.8,0.06381029756425427
2017-10-27 00:00:00+00:00,5755.66,-0.024904216457368733
2017-10-28 00:00:00+00:00,5760.31,0.0008075742213158321
2017-10-29 00:00:00+00:00,6189.75,0.07190340545473539
2017-10-30 00:00:00+00:00,6142.18,-0.00771497015471212
2017-10-31 00:00:00+00:00,6435.92,0.046715070968033956
2017-11-01 00:00:00+00:00,6741.51,0.04638913646820697
2017-11-02 00:00:00+00:00,7061.71,0.04640329636856677
2017-11-03 00:00:00+00:00,7171.56,0.01543597235880334
2017-11-04 00:00:00+00:00,7373.25,0.02773538176534096
2017-11-05 00:00:00+00:00,7393.49,0.002741297358092254
2017-11-06 00:00:00+00:00,7003.43,-0.05419985424658336
2017-11-07 00:00:00+00:00,7041.38,0.005404144642763953
2017-11-08 00:00:00+00:00,7465.71,0.05851636329689747
2017-11-09 00:00:00+00:00,7105.57,-0.04944155345945589
2017-11-10 00:00:00+00:00,6577.61,-0.07720752605303893
2017-11-11 00:00:00+00:00,6343.7,-0.03620926303408112
2017-11-12 00:00:00+00:00,5893.92,-0.07354088333942421
2017-11-13 00:00:00+00:00,6511.6,0.09966389065404258
2017-11-14 00:00:00+00:00,6598.3,0.0132268383442522
2017-11-15 00:00:00+00:00,7261.92,0.09583221658602703
2017-11-16 00:00:00+00:00,7837.03,0.07621567937630935
2017-11-17 00:00:00+00:00,7729.69,-0.013791177756527162
2017-11-18 00:00:00+00:00,7821.54,0.011812707812877576
2017-11-19 00:00:00+00:00,8029.69,0.026264455867925918
2017-11-20 00:00:00+00:00,8236.68,0.02545142812583734
2017-11-21 00:00:00+00:00,8065.37,-0.0210177623367116
2017-11-22 00:00:00+00:00,8217.89,0.018733897347539497
2017-11-23 00:00:00+00:00,8022.35,-0.02408208870619788
2017-11-24 00:00:00+00:00,8255.76,0.028679742135681252
2017-11-25 00:00:00+00:00,8763.93,0.05973329593164323
2017-11-26 00:00:00+00:00,9275.6,0.05674286194726896
2017-11-27 00:00:00+00:00,9719.94,0.046792149185645115
2017-11-28 00:00:00+00:00,9912.59,0.019626220751103318
2017-11-29 00:00:00+00:00,9776.07,-0.013868103568489332
2017-11-30 00:00:00+00:00,10065.26,0.029152328053115184
2017-12-01 00:00:00+00:00,10878.47,0.07769571568965539
2017-12-02 00:00:00+00:00,10896.45,0.0016514415746513578
2017-12-03 00:00:00+00:00,11240.72,0.031105851239663806
2017-12-04 00:00:00+00:00,11618.52,0.033057477349165865
2017-12-05 00:00:00+00:00,11703.74,0.007308072140942201
2017-12-06 00:00:00+00:00,13700.19,0.15750125250745306
2017-12-07 00:00:00+00:00,16678.98,0.19673954263060978
2017-12-08 00:00:00+00:00,16095.07,-0.03563623006358263
2017-12-09 00:00:00+00:00,14922.91,-0.07561539794585492
2017-12-10 00:00:00+00:00,15130.24,0.013797774227018778
2017-12-11 00:00:00+00:00,16706.24,0.09908691212729615
2017-12-12 00:00:00+00:00,17208.59,0.029626375429556262
2017-12-13 00:00:00+00:00,16281.25,-0.05539453880245304
2017-12-14 00:00:00+00:00,16556.68,0.01677550681226414
2017-12-15 00:00:00+00:00,17633.06,0.06298590336491827
2017-12-16 00:00:00+00:00,19416.99,0.09637290686874422
2017-12-17 00:00:00+00:00,19044.93,-0.019347531581136224
2017-12-18 00:00:00+00:00,18897.64,-0.007763877874324976
2017-12-19 00:00:00+00:00,17622.97,-0.0698338817841524
2017-12-20 00:00:00+00:00,16437.32,-0.06964880545227103
2017-12-21 00:00:00+00:00,15669.28,-0.04785225166608775
2017-12-22 00:00:00+00:00,13985.13,-0.1137074853569402
2017-12-23 00:00:00+00:00,14640.71,0.04581138234031634
2017-12-24 00:00:00+00:00,14005.26,-0.04437303128693593
2017-12-25 00:00:00+00:00,13934.36,-0.005075240979456552
2017-12-26 00:00:00+00:00,15832.87,0.1277304264278385
2017-12-27 00:00:00+00:00,15439.04,-0.025188792288608042
2017-12-28 00:00:00+00:00,14487.82,-0.06359107006897347
2017-12-29 00:00:00+00:00,14587.46,0.006853959106386753
2017-12-30 00:00:00+00:00,12837.78,-0.12776986941811153
2017-12-31 00:00:00+00:00,13918.2,0.08080495008303146
2018-01-01 00:00:00+00:00,13440.1,-0.03495456065662772
2018-01-02 00:00:00+00:00,14779.23,0.09498004119046577
2018-01-03 00:00:00+00:00,15011.75,0.0156104110561337
2018-01-04 00:00:00+00:00,15038.45,0.0017770269100481073
2018-01-05 00:00:00+00:00,16918.32,0.11778680376811757
2018-01-06 00:00:00+00:00,17133.37,0.012630965400260763
2018-01-07 00:00:00+00:00,16162.08,-0.05836026618709411
2018-01-08 00:00:00+00:00,14978.35,-0.07606193252146731
2018-01-09 00:00:00+00:00,14375.88,-0.04105402295896887
2018-01-10 00:00:00+00:00,14891.39,0.035231391380396104
2018-01-11 00:00:00+00:00,13235.36,-0.11789115766781322
2018-01-12 00:00:00+00:00,13861.52,0.046224619944725376
2018-01-13 00:00:00+00:00,14209.22,0.024774393822243113
2018-01-14 00:00:00+00:00,13644.62,-0.04054574493699903
2018-01-15 00:00:00+00:00,14358.98,0.0510302257130526
2018-01-16 00:00:00+00:00,11460.83,-0.22544039596367504
2018-01-17 00:00:00+00:00,11141.64,-0.028245693594007193
2018-01-18 00:00:00+00:00,11301.53,0.014248673883937357
2018-01-19 00:00:00+00:00,11273.0,-0.0025276287204754055
2018-01-20 00:00:00+00:00,12815.8,0.1282682986487078
2018-01-21 00:00:00+00:00,11387.92,-0.11812564025851735
2018-01-22 00:00:00+00:00,10798.89,-0.053109793382187576
2018-01-23 00:00:00+00:00,11089.81,0.02658331759326593
2018-01-24 00:00:00+00:00,11409.6,0.028428437628239323
2018-01-25 00:00:00+00:00,11154.05,-0.02265244563779767
2018-01-26 00:00:00+00:00,11085.21,-0.006190873245653705
2018-01-27 00:00:00+00:00,11288.84,0.018202839681672245
2018-01-28 00:00:00+00:00,11631.34,0.029888552063752627
2018-01-29 00:00:00+00:00,11186.4,-0.03900442440937191
2018-01-30 00:00:00+00:00,9914.81,-0.1206691558408739
2018-01-31 00:00:00+00:00,10109.57,0.01945290107784281
2018-02-01 00:00:00+00:00,9008.04,-0.11536498809666185
2018-02-02 00:00:00+00:00,8813.47,-0.021836278881798066
2018-02-03 00:00:00+00:00,9057.43,0.027304182352340334
2018-02-04 00:00:00+00:00,8332.33,-0.08344228640392437
2018-02-05 00:00:00+00:00,6862.45,-0.19407860811682198
2018-02-06 00:00:00+00:00,7743.43,0.12078022105875874
2018-02-07 00:00:00+00:00,7592.65,-0.019664067812261266
2018-02-08 00:00:00+00:00,8217.56,0.07909265393919718
2018-02-09 00:00:00+00:00,8469.47,0.030194604895992683
2018-02-10 00:00:00+00:00,8508.57,0.004605957946267836
2018-02-11 00:00:00+00:00,8303.59,-0.024385939453717143
2018-02-12 00:00:00+00:00,8945.98,0.07451631796327263
2018-02-13 00:00:00+00:00,8525.09,-0.04819068907351287
2018-02-14 00:00:00+00:00,9481.66,0.1063458261243806
2018-02-15 00:00:00+00:00,10130.0,0.06614191183760632
2018-02-16 00:00:00+00:00,10207.09,0.0075812586000960636
2018-02-17 00:00:00+00:00,11077.11,0.0817982401113948
2018-02-18 00:00:00+00:00,10380.9,-0.0649132377907069
2018-02-19 00:00:00+00:00,11178.17,0.07399518999564236
2018-02-20 00:00:00+00:00,11202.86,0.002206333668802074
2018-02-21 00:00:00+00:00,10467.53,-0.06789101792491437
2018-02-22 00:00:00+00:00,9919.74,-0.05375137364502436
2018-02-23 00:00:00+00:00,10168.68,0.024785696850356587
2018-02-24 00:00:00+00:00,9687.7,-0.048455368498590445
2018-02-25 00:00:00+00:00,9597.78,-0.009325217896261506
2018-02-26 00:00:00+00:00,10348.88,0.07534647956420315
2018-02-27 00:00:00+00:00,10584.0,0.022465125517065587
2018-02-28 00:00:00+00:00,10315.1,-0.025734585716946867
2018-03-01 00:00:00+00:00,10973.63,0.0618862809165428
2018-03-02 00:00:00+00:00,10948.18,-0.002321889609824268
2018-03-03 00:00:00+00:00,11429.09,0.0429886271867268
2018-03-04 00:00:00+00:00,11493.91,0.005655470293476128
2018-03-05 00:00:00+00:00,11448.18,-0.003986564481648358
2018-03-06 00:00:00+00:00,10640.96,-0.0731200599936539
2018-03-07 00:00:00+00:00,9889.79,-0.07320779356740381
2018-03-08 00:00:00+00:00,9288.84,-0.06268923225723277
2018-03-09 00:00:00+00:00,9339.32,0.005419764868451082
2018-03-10 00:00:00+00:00,8828.34,-0.056266442978625264
2018-03-11 00:00:00+00:00,9471.44,0.07031395329975965
2018-03-12 00:00:00+00:00,9212.97,-0.02766868091909913
2018-03-13 00:00:00+00:00,9170.91,-0.004575755867211484
2018-03-14 00:00:00+00:00,8203.21,-0.11151097690293632
2018-03-15 00:00:00+00:00,8325.27,0.014769926689989887
2018-03-16 00:00:00+00:00,8274.54,-0.006112137178892141
2018-03-17 00:00:00+00:00,7856.41,-0.05185357149441394
2018-03-18 00:00:00+00:00,8170.98,0.03925909361903912
2018-03-19 00:00:00+00:00,8526.48,0.04258776242099316
2018-03-20 00:00:00+00:00,8910.5,0.044053741491271836
2018-03-21 00:00:00+00:00,8898.43,-0.001355499948408223
2018-03-22 00:00:00+00:00,8693.09,-0.023346399481562585
2018-03-23 00:00:00+00:00,8654.32,-0.00446983896158315
2018-03-24 00:00:00+00:00,8515.5,-0.016170585942710147
2018-03-25 00:00:00+00:00,8461.62,-0.006347387648666825
2018-03-26 00:00:00+00:00,8139.4,-0.038824177424068296
2018-03-27 00:00:00+00:00,7795.94,-0.043113381862809774
2018-03-28 00:00:00+00:00,7930.01,0.01705121131880105
2018-03-29 00:00:00+00:00,7082.25,-0.1130626428508581
2018-03-30 00:00:00+00:00,6840.58,-0.034719130467975035
2018-03-31 00:00:00+00:00,6915.9,0.01095058513034708
2018-04-01 00:00:00+00:00,6800.5,-0.016826969600852948
2018-04-02 00:00:00+00:00,6980.47,0.02612011086024779
2018-04-03 00:00:00+00:00,7415.94,0.060515487865020035
2018-04-04 00:00:00+00:00,6801.13,-0.08654296276906948
2018-04-05 00:00:00+00:00,6634.36,-0.024826569891423844
2018-04-06 00:00:00+00:00,6601.27,-0.005000150191809993
2018-04-07 00:00:00+00:00,6868.67,0.03970843738655816
2018-04-08 00:00:00+00:00,7011.6,0.020595428216061862
2018-04-09 00:00:00+00:00,6759.45,-0.03662439456810951
2018-04-10 00:00:00+00:00,6797.35,0.005591304546491926
2018-04-11 00:00:00+00:00,6955.99,0.023070328538544516
2018-04-12 00:00:00+00:00,7904.88,0.1278771313973781
2018-04-13 00:00:00+00:00,7874.44,-0.0038582192084888334
2018-04-14 00:00:00+00:00,8000.02,0.01582197060463919
2018-04-15 00:00:00+00:00,8356.02,0.04353819550445337
2018-04-16 00:00:00+00:00,8048.87,-0.03745052827466466
2018-04-17 00:00:00+00:00,7890.0,-0.019935574048716376
2018-04-18 00:00:00+00:00,8158.22,0.03342987306793965
2018-04-19 00:00:00+00:00,8279.7,0.014780727930997273
2018-04-20 00:00:00+00:00,8853.13,0.06696433295219073
2018-04-21 00:00:00+00:00,8929.18,0.008553496555345319
2018-04-22 00:00:00+00:00,8807.57,-0.01371298639079832
2018-04-23 00:00:00+00:00,8938.01,0.014701390355703836
2018-04-24 00:00:00+00:00,9702.25,0.08204484804478795
2018-04-25 00:00:00+00:00,8857.24,-0.09112261370237995
2018-04-26 00:00:00+00:00,9280.6,0.04669099620889838
2018-04-27 00:00:00+00:00,8918.9,-0.03975357927853729
2018-04-28 00:00:00+00:00,9346.5,0.046829321068319274
2018-04-29 00:00:00+00:00,9417.38,0.007554976597425878
2018-04-30 00:00:00+00:00,9233.32,-0.019738237786857127
2018-05-01 00:00:00+00:00,9053.92,-0.019620867379735785
2018-05-02 00:00:00+00:00,9214.81,0.017614159251436945
2018-05-03 00:00:00+00:00,9756.26,0.05709715791254588
2018-05-04 00:00:00+00:00,9698.6,-0.005927585069196439
2018-05-05 00:00:00+00:00,9791.29,0.009511669775323028
2018-05-06 00:00:00+00:00,9604.82,-0.019228159165731284
2018-05-07 00:00:00+00:00,9370.31,-0.024718875790771477
2018-05-08 00:00:00+00:00,9185.13,-0.019960307936599975
2018-05-09 00:00:00+00:00,9315.59,0.01410346867067247
2018-05-10 00:00:00+00:00,9024.65,-0.031729618445261565
2018-05-11 00:00:00+00:00,8423.83,-0.0688951281123007
2018-05-12 00:00:00+00:00,8542.34,0.013970380760692791
2018-05-13 00:00:00+00:00,8666.4,0.014418504697328416
2018-05-14 00:00:00+00:00,8663.59,-0.0003242933232652234
2018-05-15 00:00:00+00:00,8491.19,-0.02010003092499879
2018-05-16 00:00:00+00:00,8343.26,-0.01757512811666828
2018-05-17 00:00:00+00:00,8072.76,-0.03295859603869822
2018-05-18 00:00:00+00:00,8240.19,0.020527970662380213
2018-05-19 00:00:00+00:00,8237.1,-0.00037506168019341146
2018-05-20 00:00:00+00:00,8508.95,0.03247021049122445
2018-05-21 00:00:00+00:00,8395.53,-0.013419129365136229
2018-05-22 00:00:00+00:00,7989.61,-0.04955747378074449
2018-05-23 00:00:00+00:00,7516.69,-0.061016066084500054
2018-05-24 00:00:00+00:00,7560.21,0.005773086094803759
2018-05-25 00:00:00+00:00,7461.62,-0.013126418766235659
2018-05-26 00:00:00+00:00,7326.75,-0.01824051459816367
2018-05-27 00:00:00+00:00,7342.15,0.0020996810473548067
2018-05-28 00:00:00+00:00,7106.9,-0.03256557215519962
2018-05-29 00:00:00+00:00,7423.23,0.0435481293212554
2018-05-30 00:00:00+00:00,7367.82,-0.007492403745272824
2018-05-31 00:00:00+00:00,7489.41,0.016368154043718164
2018-06-01 00:00:00+00:00,7518.41,0.003864656704877234
2018-06-02 00:00:00+00:00,7638.59,0.015858351736484977
2018-06-03 00:00:00+00:00,7699.74,0.007973530883536029
2018-06-04 00:00:00+00:00,7499.28,-0.026379546121809483
2018-06-05 00:00:00+00:00,7617.68,0.015664845464380406
2018-06-06 00:00:00+00:00,7647.91,0.00396054649908173
2018-06-07 00:00:00+00:00,7686.32,0.0050097175185381815
2018-06-08 00:00:00+00:00,7615.07,-0.009312946727641602
2018-06-09 00:00:00+00:00,7497.31,-0.0155848891490038
2018-06-10 00:00:00+00:00,6766.18,-0.10260761592841128
2018-06-11 00:00:00+00:00,6873.69,0.015764406331085112
2018-06-12 00:00:00+00:00,6518.79,-0.05301230404814561
2018-06-13 00:00:00+00:00,6289.32,-0.03583581913371425
2018-06-14 00:00:00+00:00,6637.29,0.05385079088933509
2018-06-15 00:00:00+00:00,6407.37,-0.03525485732335554
2018-06-16 00:00:00+00:00,6506.69,0.015381988049862017
2018-06-17 00:00:00+00:00,6444.95,-0.009533999966823359
2018-06-18 00:00:00+00:00,6708.25,0.04004123378995317
2018-06-19 00:00:00+00:00,6724.22,0.002377821431885252
2018-06-20 00:00:00+00:00,6750.03,0.003831015688010808
2018-06-21 00:00:00+00:00,6712.15,-0.005627632370440949
2018-06-22 00:00:00+00:00,6046.15,-0.10449761110745825
2018-06-23 00:00:00+00:00,6175.95,0.021241010993675147
2018-06-24 00:00:00+00:00,6156.77,-0.003110427458580034
2018-06-25 00:00:00+00:00,6233.32,0.012356806776509188
2018-06-26 00:00:00+00:00,6082.77,-0.02444891181994535
2018-06-27 00:00:00+00:00,6133.86,0.008364057492702415
2018-06-28 00:00:00+00:00,5864.04,-0.04498545598198156
2018-06-29 00:00:00+00:00,6193.38,0.05464219382956159
2018-06-30 00:00:00+00:00,6407.87,0.03404594274614858
2018-07-01 00:00:00+00:00,6378.28,-0.004628453885571204
2018-07-02 00:00:00+00:00,6604.83,0.034902731032218526
2018-07-03 00:00:00+00:00,6501.91,-0.015705219674732263
2018-07-04 00:00:00+00:00,6584.7,0.01265279617977022
2018-07-05 00:00:00+00:00,6537.01,-0.007268901687750073
2018-07-06 00:00:00+00:00,6575.7,0.0059011618921474
2018-07-07 00:00:00+00:00,6767.2,0.028706375732388878
2018-07-08 00:00:00+00:00,6711.1,-0.00832454003362848
2018-07-09 00:00:00+00:00,6659.08,-0.007781535101830883
2018-07-10 00:00:00+00:00,6294.04,-0.056378182991212
2018-07-11 00:00:00+00:00,6371.65,0.012255308849052682
2018-07-12 00:00:00+00:00,6227.83,-0.022830505213052632
2018-07-13 00:00:00+00:00,6198.98,-0.004643195129245825
2018-07-14 00:00:00+00:00,6260.12,0.009814591869600875
2018-07-15 00:00:00+00:00,6356.34,0.015253385749174342
2018-07-16 00:00:00+00:00,6746.63,0.05959038094725244
2018-07-17 00:00:00+00:00,7327.55,0.08259809623554126
2018-07-18 00:00:00+00:00,7350.17,0.003082225019648277
2018-07-19 00:00:00+00:00,7488.16,0.0185996642594084
2018-07-20 00:00:00+00:00,7330.06,-0.021339405064436434
2018-07-21 00:00:00+00:00,7420.02,0.012198051189505676
2018-07-22 00:00:00+00:00,7397.97,-0.002976114341446845
2018-07-23 00:00:00+00:00,7712.48,0.04163415778327639
2018-07-24 00:00:00+00:00,8428.93,0.0888300402831117
2018-07-25 00:00:00+00:00,8169.77,-0.031229079617530076
2018-07-26 00:00:00+00:00,7933.46,-0.02935149843244389
2018-07-27 00:00:00+00:00,8144.49,0.026252366723898746
2018-07-28 00:00:00+00:00,8222.44,0.009525377011364355
2018-07-29 00:00:00+00:00,8215.96,-0.0007883979384430972
2018-07-30 00:00:00+00:00,8157.13,-0.007186212641959955
2018-07-31 00:00:00+00:00,7739.73,-0.05252558815101871
2018-08-01 00:00:00+00:00,7603.21,-0.017796276731349536
2018-08-02 00:00:00+00:00,7542.36,-0.008035396147011653
2018-08-03 00:00:00+00:00,7410.11,-0.017689846391762742
2018-08-04 00:00:00+00:00,7002.03,-0.05664517698868998
2018-08-05 00:00:00+00:00,7026.19,0.0034444888784470606
2018-08-06 00:00:00+00:00,6926.13,-0.014343380235080971
2018-08-07 00:00:00+00:00,6726.61,-0.029229913617296432
2018-08-08 00:00:00+00:00,6280.17,-0.06867425186209708
2018-08-09 00:00:00+00:00,6578.25,0.046371702340049836
2018-08-10 00:00:00+00:00,6152.23,-0.06695413479710233
2018-08-11 00:00:00+00:00,6234.07,0.01321479230733047
2018-08-12 00:00:00+00:00,6314.33,0.012792243550713067
2018-08-13 00:00:00+00:00,6260.59,-0.008547223706296236
2018-08-14 00:00:00+00:00,6191.44,-0.011106736951045804
2018-08-15 00:00:00+00:00,6251.38,0.009634546454515558
2018-08-16 00:00:00+00:00,6285.1,0.005379513439022432
2018-08-17 00:00:00+00:00,6582.74,0.04626931922049771
2018-08-18 00:00:00+00:00,6398.13,-0.0284453118645569
2018-08-19 00:00:00+00:00,6490.53,0.01433843130974033
2018-08-20 00:00:00+00:00,6269.58,-0.034634824725022995
2018-08-21 00:00:00+00:00,6468.05,0.03116530529459638
2018-08-22 00:00:00+00:00,6348.61,-0.01863878074463443
2018-08-23 00:00:00+00:00,6521.23,0.02682711714785846
2018-08-24 00:00:00+00:00,6709.62,0.028479309034167954
2018-08-25 00:00:00+00:00,6751.72,0.006254969752225392
2018-08-26 00:00:00+00:00,6712.88,-0.005769218206074456
2018-08-27 00:00:00+00:00,6899.65,0.02744261664559744
2018-08-28 00:00:00+00:00,7082.3,0.02612802802851455
2018-08-29 00:00:00+00:00,7025.73,-0.008019589295699348
2018-08-30 00:00:00+00:00,6981.4,-0.006329654683714381
2018-08-31 00:00:00+00:00,7015.26,0.0048383065749924015
2018-09-01 00:00:00+00:00,7193.08,0.025031676444376316
2018-09-02 00:00:00+00:00,7272.14,0.010931155867590192
2018-09-03 00:00:00+00:00,7261.82,-0.0014201224902787857
2018-09-04 00:00:00+00:00,7358.95,0.013286773395190465
2018-09-05 00:00:00+00:00,6687.67,-0.09565172706019176
2018-09-06 00:00:00+00:00,6496.09,-0.029065075016569963
2018-09-07 00:00:00+00:00,6416.85,-0.012273114357105541
2018-09-08 00:00:00+00:00,6184.49,-0.0368827982000699
2018-09-09 00:00:00+00:00,6265.12,0.012953197308894104
2018-09-10 00:00:00+00:00,6303.22,0.006062871740880382
2018-09-11 00:00:00+00:00,6286.87,-0.002597282337339024
2018-09-12 00:00:00+00:00,6326.38,0.006264861035109703
2018-09-13 00:00:00+00:00,6486.81,0.025042691820475582
2018-09-14 00:00:00+00:00,6484.14,-0.00041168920359879735
2018-09-15 00:00:00+00:00,6525.87,0.006415082403540495
2018-09-16 00:00:00+00:00,6496.81,-0.004462990449804138
2018-09-17 00:00:00+00:00,6254.21,-0.03805645022253046
2018-09-18 00:00:00+00:00,6338.6,0.013403086893834626
2018-09-19 00:00:00+00:00,6375.33,0.005777930535133535
2018-09-20 00:00:00+00:00,6492.28,0.018177924317809513
2018-09-21 00:00:00+00:00,6753.13,0.039392322382369116
2018-09-22 00:00:00+00:00,6712.72,-0.006001867138783368
2018-09-23 00:00:00+00:00,6702.5,-0.0015236428440434935
2018-09-24 00:00:00+00:00,6575.11,-0.019189283166070936
2018-09-25 00:00:00+00:00,6428.32,-0.02257807912287113
2018-09-26 00:00:00+00:00,6461.26,0.005111116376019353
2018-09-27 00:00:00+00:00,6683.16,0.033766584370997776
2018-09-28 00:00:00+00:00,6625.57,-0.00865452367895081
2018-09-29 00:00:00+00:00,6584.32,-0.006245341040257202
2018-09-30 00:00:00+00:00,6598.7,0.002181595067487052
2018-10-01 00:00:00+00:00,6565.79,-0.004999824308825396
2018-10-02 00:00:00+00:00,6505.76,-0.009184897280277937
2018-10-03 00:00:00+00:00,6465.39,-0.006224603114890925
2018-10-04 00:00:00+00:00,6547.86,0.012674943475762035
2018-10-05 00:00:00+00:00,6595.72,0.007282675120549698
2018-10-06 00:00:00+00:00,6550.38,-0.006897890595134015
2018-10-07 00:00:00+00:00,6585.5,0.0053471992254490175
2018-10-08 00:00:00+00:00,6603.1,0.002668973272019315
2018-10-09 00:00:00+00:00,6589.75,-0.0020238242012364793
2018-10-10 00:00:00+00:00,6531.28,-0.008912469071775675
2018-10-11 00:00:00+00:00,6153.42,-0.05959491764151714
2018-10-12 00:00:00+00:00,6191.29,0.006135440815857152
2018-10-13 00:00:00+00:00,6195.86,0.0007378614463107169
2018-10-14 00:00:00+00:00,6182.99,-0.0020793538393597544
2018-10-15 00:00:00+00:00,6444.56,0.04143439084666234
2018-10-16 00:00:00+00:00,6459.38,0.002296973872470076
2018-10-17 00:00:00+00:00,6441.32,-0.0027998498992971577
2018-10-18 00:00:00+00:00,6395.15,-0.007193597476511826
2018-10-19 00:00:00+00:00,6386.9,-0.001290872926583475
2018-10-20 00:00:00+00:00,6405.75,0.002947006858226686
2018-10-21 00:00:00+00:00,6410.97,0.0008145610247609625
2018-10-22 00:00:00+00:00,6410.31,-0.00010295383933467406
2018-10-23 00:00:00+00:00,6394.67,-0.0024428008130179535
2018-10-24 00:00:00+00:00,6409.41,0.0023023921299145655
2018-10-25 00:00:00+00:00,6392.92,-0.0025760949951028067
2018-10-26 00:00:00+00:00,6403.41,0.001639532951998035
2018-10-27 00:00:00+00:00,6408.2,0.0007477592938265332
2018-10-28 00:00:00+00:00,6402.95,-0.000819598598702953
2018-10-29 00:00:00+00:00,6265.25,-0.021740329884842424
2018-10-30 00:00:00+00:00,6270.82,0.0008886358111492854
2018-10-31 00:00:00+00:00,6303.71,0.005231221366480909
2018-11-01 00:00:00+00:00,6341.63,0.0059974842376018245
2018-11-02 00:00:00+00:00,6350.29,0.001364647956169307
2018-11-03 00:00:00+00:00,6331.37,-0.0029838387147318457
2018-11-04 00:00:00+00:00,6420.91,0.014043209766949616
2018-11-05 00:00:00+00:00,6404.33,-0.0025855281049516066
2018-11-06 00:00:00+00:00,6448.67,0.006899583894435679
2018-11-07 00:00:00+00:00,6502.52,0.008315886081208035
2018-11-08 00:00:00+00:00,6406.27,-0.014912595791011896
2018-11-09 00:00:00+00:00,6332.79,-0.011536300940507616
2018-11-10 00:00:00+00:00,6349.48,0.002632022443151527
2018-11-11 00:00:00+00:00,6358.38,0.0014007081373481611
2018-11-12 00:00:00+00:00,6312.55,-0.00723391256283179
2018-11-13 00:00:00+00:00,6261.18,-0.008171049611215508
2018-11-14 00:00:00+00:00,5580.95,-0.11500965295273424
2018-11-15 00:00:00+00:00,5579.32,-0.0002921076302975223
2018-11-16 00:00:00+00:00,5515.49,-0.011506407814534825
2018-11-17 00:00:00+00:00,5504.0,-0.0020853967223626313
2018-11-18 00:00:00+00:00,5556.06,0.009414123338814306
2018-11-19 00:00:00+00:00,4736.62,-0.15956542279423935
2018-11-20 00:00:00+00:00,4373.69,-0.07971675477515383
2018-11-21 00:00:00+00:00,4547.4,0.03894859466343803
2018-11-22 00:00:00+00:00,4245.5,-0.06869604260662143
2018-11-23 00:00:00+00:00,4291.42,0.010758082044461048
2018-11-24 00:00:00+00:00,3780.99,-0.12663180039940514
2018-11-25 00:00:00+00:00,3938.02,0.040692178821863934
2018-11-26 00:00:00+00:00,3715.84,-0.05807329595018196
2018-11-27 00:00:00+00:00,3788.38,0.019333724108284045
2018-11-28 00:00:00+00:00,4222.64,0.10852203778131653
2018-11-29 00:00:00+00:00,4227.58,0.0011692004617067653
2018-11-30 00:00:00+00:00,3978.49,-0.06072737500314851
2018-12-01 00:00:00+00:00,4144.28,0.04082671991998765
2018-12-02 00:00:00+00:00,4102.34,-0.010171527629983856
2018-12-03 00:00:00+00:00,3833.31,-0.06782888288613442
2018-12-04 00:00:00+00:00,3891.04,0.014947814357171296
2018-12-05 00:00:00+00:00,3684.36,-0.05457964059472609
2018-12-06 00:00:00+00:00,3433.62,-0.07048173526090551
2018-12-07 00:00:00+00:00,3380.38,-0.01562696901648941
2018-12-08 00:00:00+00:00,3387.31,0.002047966860814654
2018-12-09 00:00:00+00:00,3539.21,0.043867442327208295
2018-12-10 00:00:00+00:00,3414.69,-0.035816825485042614
2018-12-11 00:00:00+00:00,3339.93,-0.02213686422892458
2018-12-12 00:00:00+00:00,3433.79,0.02771475874605933
2018-12-13 00:00:00+00:00,3262.21,-0.05125972762214026
2018-12-14 00:00:00+00:00,3191.65,-0.021866855356220682
2018-12-15 00:00:00+00:00,3186.95,-0.0014736778762092229
2018-12-16 00:00:00+00:00,3194.03,0.002219095783214442
2018-12-17 00:00:00+00:00,3497.18,0.09067348708758693
2018-12-18 00:00:00+00:00,3666.61,0.04731060001794063
2018-12-19 00:00:00+00:00,3682.32,0.004275458857538439
2018-12-20 00:00:00+00:00,4073.67,0.10100132472814138
2018-12-21 00:00:00+00:00,3841.8,-0.058603306280389234
2018-12-22 00:00:00+00:00,3981.26,0.03565734533844811
2018-12-23 00:00:00+00:00,3944.22,-0.009347135991369271
2018-12-24 00:00:00+00:00,4037.57,0.023391809742030034
2018-12-25 00:00:00+00:00,3772.15,-0.06799789517723198
2018-12-26 00:00:00+00:00,3803.68,0.008323888485273656
2018-12-27 00:00:00+00:00,3586.02,-0.058926066755596196
2018-12-28 00:00:00+00:00,3886.51,0.08046863028173235
2018-12-29 00:00:00+00:00,3718.36,-0.04422887183139501
2018-12-30 00:00:00+00:00,3828.17,0.029104171355438524
2018-12-31 00:00:00+00:00,3686.5,-0.03770938377043542
2019-01-01 00:00:00+00:00,3818.12,0.03508065643017133
2019-01-02 00:00:00+00:00,3891.07,0.018926029196727256
2019-01-03 00:00:00+00:00,3785.32,-0.02755375650508718
2019-01-04 00:00:00+00:00,3827.61,0.011110159953375387
2019-01-05 00:00:00+00:00,3796.56,-0.008145193946459628
2019-01-06 00:00:00+00:00,4042.8,0.06284212764207453
2019-01-07 00:00:00+00:00,4000.14,-0.01060816071096582
2019-01-08 00:00:00+00:00,3990.75,-0.0023501773449527974
2019-01-09 00:00:00+00:00,4004.12,0.003344647871399431
2019-01-10 00:00:00+00:00,3624.49,-0.09961024228010373
2019-01-11 00:00:00+00:00,3633.12,0.002378194493081409
2019-01-12 00:00:00+00:00,3617.38,-0.0043417763536997
2019-01-13 00:00:00+00:00,3507.93,-0.03072388697225037
2019-01-14 00:00:00+00:00,3664.26,0.04360028507210423
2019-01-15 00:00:00+00:00,3584.77,-0.021932089205913385
2019-01-16 00:00:00+00:00,3607.06,0.006198720318135287
2019-01-17 00:00:00+00:00,3640.97,0.009357093559501095
2019-01-18 00:00:00+00:00,3612.71,-0.007791946427836649
2019-01-19 00:00:00+00:00,3688.4,0.02073457644597987
2019-01-20 00:00:00+00:00,3540.02,-0.041060382835611975
2019-01-21 00:00:00+00:00,3537.1,-0.000825194476197666
2019-01-22 00:00:00+00:00,3578.48,0.01163094687594679
2019-01-23 00:00:00+00:00,3553.27,-0.007069822976015772
2019-01-24 00:00:00+00:00,3568.46,0.004265823903653043
2019-01-25 00:00:00+00:00,3561.29,-0.0020112913964904777
2019-01-26 00:00:00+00:00,3556.55,-0.0013318649198836852
2019-01-27 00:00:00+00:00,3532.38,-0.006819109134715617
2019-01-28 00:00:00+00:00,3430.17,-0.029362042091658935
2019-01-29 00:00:00+00:00,3396.77,-0.009784842545755623
2019-01-30 00:00:00+00:00,3437.29,0.011858390131353147
2019-01-31 00:00:00+00:00,3409.7,-0.00805905933179929
2019-02-01 00:00:00+00:00,3443.59,0.00989022097403236
2019-02-02 00:00:00+00:00,3467.4,0.006890501709944985
2019-02-03 00:00:00+00:00,3410.83,-0.01644937013209713
2019-02-04 00:00:00+00:00,3413.62,0.0008176483542072788
2019-02-05 00:00:00+00:00,3429.71,0.004702397706738637
2019-02-06 00:00:00+00:00,3366.82,-0.01850703080206273
2019-02-07 00:00:00+00:00,3356.69,-0.0030133093176196724
2019-02-08 00:00:00+00:00,3622.38,0.07617589899119892
2019-02-09 00:00:00+00:00,3624.02,0.00045263855928467933
2019-02-10 00:00:00+00:00,3644.79,0.005714843702893546
2019-02-11 00:00:00+00:00,3589.85,-0.015188331734734106
2019-02-12 00:00:00+00:00,3588.58,-0.00035383782059561497
2019-02-13 00:00:00+00:00,3577.67,-0.0030448305400678777
2019-02-14 00:00:00+00:00,3561.95,-0.0044036028256808635
2019-02-15 00:00:00+00:00,3565.13,0.0008923711284367641
2019-02-16 00:00:00+00:00,3583.48,0.005133876460948983
2019-02-17 00:00:00+00:00,3626.48,0.011928085546292877
2019-02-18 00:00:00+00:00,3869.16,0.06477494837164421
2019-02-19 00:00:00+00:00,3889.79,0.005317742378860402
2019-02-20 00:00:00+00:00,3938.43,0.01242699514206258
2019-02-21 00:00:00+00:00,3893.4,-0.01149935486632181
2019-02-22 00:00:00+00:00,3940.85,0.012113624209737495
2019-02-23 00:00:00+00:00,4110.34,0.042109314064664005
2019-02-24 00:00:00+00:00,3733.61,-0.09613015611744302
2019-02-25 00:00:00+00:00,3817.39,0.022191348996214444
2019-02-26 00:00:00+00:00,3798.49,-0.004963323686677512
2019-02-27 00:00:00+00:00,3799.07,0.0001526805977505319
2019-02-28 00:00:00+00:00,3791.99,-0.0018653526787897334
2019-03-01 00:00:00+00:00,3806.12,0.003719350282905154
2019-03-02 00:00:00+00:00,3810.37,0.0011159997429519564
2019-03-03 00:00:00+00:00,3787.95,-0.0059013216252505885
2019-03-04 00:00:00+00:00,3699.81,-0.023543508678800507
2019-03-05 00:00:00+00:00,3845.11,0.03852074415066298
2019-03-06 00:00:00+00:00,3851.29,0.001605945982072754
2019-03-07 00:00:00+00:00,3855.39,0.0010640121003628877
2019-03-08 00:00:00+00:00,3843.66,-0.003047131548983728
2019-03-09 00:00:00+00:00,3917.7,0.01907970924791691
2019-03-10 00:00:00+00:00,3899.39,-0.004684616266503738
2019-03-11 00:00:00+00:00,3846.85,-0.01356549905774429
2019-03-12 00:00:00+00:00,3860.69,0.003591292390302314
2019-03-13 00:00:00+00:00,3852.54,-0.002113252951888356
2019-03-14 00:00:00+00:00,3856.55,0.0010403304051873619
2019-03-15 00:00:00+00:00,3900.71,0.011385586416640336
2019-03-16 00:00:00+00:00,3989.65,0.022544919907636185
2019-03-17 00:00:00+00:00,3967.2,-0.005642951563176624
2019-03-18 00:00:00+00:00,3969.85,0.0006677544171864724
2019-03-19 00:00:00+00:00,4001.6,0.007965970531243372
2019-03-20 00:00:00+00:00,4032.62,0.0077220076477502175
2019-03-21 00:00:00+00:00,3974.58,-0.01449720664248133
2019-03-22 00:00:00+00:00,3985.61,0.0027712924086618074
2019-03-23 00:00:00+00:00,3982.72,-0.0007253715964861129
2019-03-24 00:00:00+00:00,3971.39,-0.0028488435947640056
2019-03-25 00:00:00+00:00,3907.67,-0.01617487091870906
2019-03-26 00:00:00+00:00,3920.07,0.0031682223406033216
2019-03-27 00:00:00+00:00,4032.47,0.028269580650134074
2019-03-28 00:00:00+00:00,4012.89,-0.004867411441360048
2019-03-29 00:00:00+00:00,4088.1,0.018568634447181154
2019-03-30 00:00:00+00:00,4094.3,0.0015154480804095982
2019-03-31 00:00:00+00:00,4093.43,-0.0002125131149348647
2019-04-01 00:00:00+00:00,4137.81,0.010783412960559957
2019-04-02 00:00:00+00:00,4901.47,0.16936849775779805
2019-04-03 00:00:00+00:00,4975.89,0.015069088957631038
2019-04-04 00:00:00+00:00,4907.15,-0.013910923867149094
2019-04-05 00:00:00+00:00,5038.83,0.026480587060749627
2019-04-06 00:00:00+00:00,5060.51,0.0042933564573743865
2019-04-07 00:00:00+00:00,5188.93,0.025060241485265422
2019-04-08 00:00:00+00:00,5283.52,0.018065032041880258
2019-04-09 00:00:00+00:00,5191.7,-0.017531345730789738
2019-04-10 00:00:00+00:00,5323.0,0.02497585766007937
2019-04-11 00:00:00+00:00,5046.39,-0.05336391801665563
2019-04-12 00:00:00+00:00,5084.09,0.007442919592934416
2019-04-13 00:00:00+00:00,5073.21,-0.0021423024152316117
2019-04-14 00:00:00+00:00,5159.8,0.016924065700704816
2019-04-15 00:00:00+00:00,5039.91,-0.023509594271393652
2019-04-16 00:00:00+00:00,5209.32,0.03306110423188535
2019-04-17 00:00:00+00:00,5228.99,0.00376881377974847
2019-04-18 00:00:00+00:00,5282.4,0.010162397105611731
2019-04-19 00:00:00+00:00,5288.3,0.001116293265852164
2019-04-20 00:00:00+00:00,5325.94,0.007092388674157846
2019-04-21 00:00:00+00:00,5298.64,-0.0051390379821256715
2019-04-22 00:00:00+00:00,5382.09,0.015626590716813382
2019-04-23 00:00:00+00:00,5538.68,0.028679430648129056
2019-04-24 00:00:00+00:00,5432.19,-0.019413837667681122
2019-04-25 00:00:00+00:00,5137.63,-0.055750483914909665
2019-04-26 00:00:00+00:00,5155.49,0.003470282659444379
2019-04-27 00:00:00+00:00,5169.45,0.0027041335846380576
2019-04-28 00:00:00+00:00,5160.0,-0.0018297203890718094
2019-04-29 00:00:00+00:00,5147.53,-0.0024195915187679162
2019-04-30 00:00:00+00:00,5265.92,0.022738881187587268
2019-05-01 00:00:00+00:00,5328.49,0.011812026814061127
2019-05-02 00:00:00+00:00,5394.54,0.012319434965096576
2019-05-03 00:00:00+00:00,5659.25,0.047904043659649176
2019-05-04 00:00:00+00:00,5772.94,0.019890108213919788
2019-05-05 00:00:00+00:00,5722.65,-0.008749497994179123
2019-05-06 00:00:00+00:00,5687.92,-0.00608735711641728
2019-05-07 00:00:00+00:00,5752.57,0.011302083771264293
2019-05-08 00:00:00+00:00,5937.1,0.031574087194668365
2019-05-09 00:00:00+00:00,6143.96,0.03424868673715764
2019-05-10 00:00:00+00:00,6342.17,0.031751495773541194
2019-05-11 00:00:00+00:00,7260.78,0.13526627990113127
2019-05-12 00:00:00+00:00,6979.31,-0.03953720306246389
2019-05-13 00:00:00+00:00,7809.98,0.11245234500913348
2019-05-14 00:00:00+00:00,7995.23,0.02344271082326088
2019-05-15 00:00:00+00:00,8200.22,0.025315869326487217
2019-05-16 00:00:00+00:00,7881.48,-0.03964527968538434
2019-05-17 00:00:00+00:00,7360.55,-0.06838104528358002
2019-05-18 00:00:00+00:00,7282.56,-0.010652209463184903
2019-05-19 00:00:00+00:00,8197.9,0.11839557516419852
2019-05-20 00:00:00+00:00,8003.95,-0.023942854085237997
2019-05-21 00:00:00+00:00,7967.26,-0.004594525341882871
2019-05-22 00:00:00+00:00,7627.08,-0.04363557230438708
2019-05-23 00:00:00+00:00,7876.64,0.03219634481895994
2019-05-24 00:00:00+00:00,8002.82,0.015892562568204482
2019-05-25 00:00:00+00:00,8065.92,0.007853798660628186
2019-05-26 00:00:00+00:00,8742.53,0.08055184323529652
2019-05-27 00:00:00+00:00,8781.07,0.0043986466410554925
2019-05-28 00:00:00+00:00,8737.59,-0.004963860167222833
2019-05-29 00:00:00+00:00,8649.87,-0.010090116006946204
2019-05-30 00:00:00+00:00,8268.19,-0.045128670209146904
2019-05-31 00:00:00+00:00,8553.45,0.033919088612854864
2019-06-01 00:00:00+00:00,8546.64,-0.0007964870781389521
2019-06-02 00:00:00+00:00,8746.06,0.023065089991494148
2019-06-03 00:00:00+00:00,8114.76,-0.07491868757833942
2019-06-04 00:00:00+00:00,7680.18,-0.055041641282915776
2019-06-05 00:00:00+00:00,7791.64,0.014408379655964865
2019-06-06 00:00:00+00:00,7803.95,0.0015786517286642265
2019-06-07 00:00:00+00:00,8018.65,0.027140062762864403
2019-06-08 00:00:00+00:00,7929.07,-0.01123432592950735
2019-06-09 00:00:00+00:00,7646.57,-0.036278571323636655
2019-06-10 00:00:00+00:00,8009.82,0.04641110763838263
2019-06-11 00:00:00+00:00,7921.9,-0.011037212872587077
2019-06-12 00:00:00+00:00,8151.33,0.028550028077679812
2019-06-13 00:00:00+00:00,8213.64,0.007615082839762977
2019-06-14 00:00:00+00:00,8699.24,0.05743947856039888
2019-06-15 00:00:00+00:00,8835.68,0.015562403897042998
2019-06-16 00:00:00+00:00,8974.9,0.015633722831031704
2019-06-17 00:00:00+00:00,9325.38,0.03830792311884679
2019-06-18 00:00:00+00:00,9097.55,-0.024734568865371287
2019-06-19 00:00:00+00:00,9281.79,0.020049269624195176
2019-06-20 00:00:00+00:00,9527.18,0.026094350088120777
2019-06-21 00:00:00+00:00,10230.59,0.07123348559298925
2019-06-22 00:00:00+00:00,10701.09,0.044963353628659775
2019-06-23 00:00:00+00:00,10834.03,0.012346500853810838
2019-06-24 00:00:00+00:00,11022.84,0.01727737747881264
2019-06-25 00:00:00+00:00,11755.06,0.06431430241892855
2019-06-26 00:00:00+00:00,12934.1,0.09558344836476174
2019-06-27 00:00:00+00:00,11161.05,-0.14743719600588356
2019-06-28 00:00:00+00:00,12373.02,0.10308825710452929
2019-06-29 00:00:00+00:00,11856.19,-0.04266820158704121
2019-06-30 00:00:00+00:00,10750.42,-0.097905270488436
2019-07-01 00:00:00+00:00,10577.36,-0.016228955695108738
2019-07-02 00:00:00+00:00,10832.85,0.0238673164048695
2019-07-03 00:00:00+00:00,11983.18,0.10092081558003585
2019-07-04 00:00:00+00:00,11147.94,-0.07224927239381351
2019-07-05 00:00:00+00:00,11019.17,-0.011618244189994797
2019-07-06 00:00:00+00:00,11247.03,0.020467610512396206
2019-07-07 00:00:00+00:00,11427.96,0.015958890391097214
2019-07-08 00:00:00+00:00,12294.66,0.07310203758070699
2019-07-09 00:00:00+00:00,12584.25,0.023281010287680814
2019-07-10 00:00:00+00:00,12092.42,-0.03986722203353388
2019-07-11 00:00:00+00:00,11351.78,-0.0632042501972574
2019-07-12 00:00:00+00:00,11803.19,0.03899527409468284
2019-07-13 00:00:00+00:00,11397.99,-0.03493280985415126
2019-07-14 00:00:00+00:00,10193.9,-0.11164752188776106
2019-07-15 00:00:00+00:00,10859.92,0.06328944581839302
2019-07-16 00:00:00+00:00,9424.57,-0.14175883904503017
2019-07-17 00:00:00+00:00,9673.8,0.026101091264489895
2019-07-18 00:00:00+00:00,10651.04,0.09623633975427914
2019-07-19 00:00:00+00:00,10540.8,-0.010404098408761442
2019-07-20 00:00:00+00:00,10774.11,0.021892592409340494
2019-07-21 00:00:00+00:00,10621.7,-0.014246955637799985
2019-07-22 00:00:00+00:00,10313.67,-0.029428878561896354
2019-07-23 00:00:00+00:00,9816.88,-0.049366846828691635
2019-07-24 00:00:00+00:00,9828.72,0.001205359106721815
2019-07-25 00:00:00+00:00,9910.7,0.008306269520000242
2019-07-26 00:00:00+00:00,9848.96,-0.00624911571550868
2019-07-27 00:00:00+00:00,9467.09,-0.039544292044219276
2019-07-28 00:00:00+00:00,9521.34,0.005714021391479918
2019-07-29 00:00:00+00:00,9501.91,-0.002042764170854028
2019-07-30 00:00:00+00:00,9589.15,0.00913941994367562
2019-07-31 00:00:00+00:00,10090.1,0.0509224941458033
2019-08-01 00:00:00+00:00,10406.4,0.030866256372064527
2019-08-02 00:00:00+00:00,10533.81,0.012169082574173373
2019-08-03 00:00:00+00:00,10811.31,0.026002724332306215
2019-08-04 00:00:00+00:00,10979.69,0.01545439413391314
2019-08-05 00:00:00+00:00,11820.41,0.0737804958159689
2019-08-06 00:00:00+00:00,11469.85,-0.030105844885563116
2019-08-07 00:00:00+00:00,11968.23,0.042533785499854204
2019-08-08 00:00:00+00:00,11997.48,0.002440988773013686
2019-08-09 00:00:00+00:00,11855.42,-0.011911480755689041
2019-08-10 00:00:00+00:00,11283.64,-0.04943125792869374
2019-08-11 00:00:00+00:00,11556.04,0.02385435495279964
2019-08-12 00:00:00+00:00,11383.11,-0.015077566173602008
2019-08-13 00:00:00+00:00,10858.27,-0.04720367619772148
2019-08-14 00:00:00+00:00,10002.96,-0.08204595243731738
2019-08-15 00:00:00+00:00,10301.06,0.029365753367120107
2019-08-16 00:00:00+00:00,10317.59,0.0016034030881186823
2019-08-17 00:00:00+00:00,10209.08,-0.010572685270810567
2019-08-18 00:00:00+00:00,10319.1,0.01071902656902246
2019-08-19 00:00:00+00:00,10916.27,0.05625778992698649
2019-08-20 00:00:00+00:00,10741.47,-0.016142385652077706
2019-08-21 00:00:00+00:00,10126.07,-0.05899866480173266
2019-08-22 00:00:00+00:00,10110.61,-0.0015279189084047573
2019-08-23 00:00:00+00:00,10406.85,0.028878875663325587
2019-08-24 00:00:00+00:00,10134.65,-0.026503997662361556
2019-08-25 00:00:00+00:00,10146.92,0.0012099656483162136
2019-08-26 00:00:00+00:00,10362.17,0.02099146319503653
2019-08-27 00:00:00+00:00,10173.62,-0.018363578762304655
2019-08-28 00:00:00+00:00,9725.74,-0.045022116440316395
2019-08-29 00:00:00+00:00,9485.23,-0.025040127247709876
2019-08-30 00:00:00+00:00,9605.7,0.012620820367105878
2019-08-31 00:00:00+00:00,9605.24,-4.788937970623408e-05
2019-09-01 00:00:00+00:00,9753.86,0.015354321204645416
2019-09-02 00:00:00+00:00,10390.63,0.06324133440013213
2019-09-03 00:00:00+00:00,10625.75,0.022375862055469042
2019-09-04 00:00:00+00:00,10572.86,-0.004989960166765783
2019-09-05 00:00:00+00:00,10572.55,-2.9320784038944225e-05
2019-09-06 00:00:00+00:00,10324.93,-0.023699660440639647
2019-09-07 00:00:00+00:00,10485.51,0.015432944923448488
2019-09-08 00:00:00+00:00,10410.63,-0.007166904558864928
2019-09-09 00:00:00+00:00,10314.98,-0.009230191930242881
2019-09-10 00:00:00+00:00,10099.7,-0.02109148716166409
2019-09-11 00:00:00+00:00,10159.41,0.005894649162241805
2019-09-12 00:00:00+00:00,10426.22,0.025923417618692213
2019-09-13 00:00:00+00:00,10363.59,-0.006025085314801615
2019-09-14 00:00:00+00:00,10364.99,0.00013507920003519303
2019-09-15 00:00:00+00:00,10306.22,-0.005686184635470326
2019-09-16 00:00:00+00:00,10253.65,-0.005113856708767628
2019-09-17 00:00:00+00:00,10194.95,-0.005741240108196877
2019-09-18 00:00:00+00:00,10163.13,-0.003126034077116202
2019-09-19 00:00:00+00:00,10285.5,0.011968670837999795
2019-09-20 00:00:00+00:00,10171.35,-0.01116019179671035
2019-09-21 00:00:00+00:00,9980.79,-0.018912699106529374
2019-09-22 00:00:00+00:00,10030.5,0.004968205672854609
2019-09-23 00:00:00+00:00,9683.02,-0.03525661507716826
2019-09-24 00:00:00+00:00,8551.94,-0.12421567830741864
2019-09-25 00:00:00+00:00,8434.24,-0.013858546627403712
2019-09-26 00:00:00+00:00,8058.01,-0.04563298339689936
2019-09-27 00:00:00+00:00,8188.91,0.016114172103629087
2019-09-28 00:00:00+00:00,8225.86,0.004502050581267625
2019-09-29 00:00:00+00:00,8063.37,-0.019951267178916154
2019-09-30 00:00:00+00:00,8307.92,0.029877693417418527
2019-10-01 00:00:00+00:00,8316.22,0.000998547977777875
2019-10-02 00:00:00+00:00,8382.64,0.007955076007863937
2019-10-03 00:00:00+00:00,8238.45,-0.017350681249194366
2019-10-04 00:00:00+00:00,8170.84,-0.00824050066669102
2019-10-05 00:00:00+00:00,8147.72,-0.0028335852513450277
2019-10-06 00:00:00+00:00,7869.7,-0.03471819125109299
2019-10-07 00:00:00+00:00,8210.88,0.042440161816555744
2019-10-08 00:00:00+00:00,8204.31,-0.000800478136508076
2019-10-09 00:00:00+00:00,8590.49,0.045996151500729
2019-10-10 00:00:00+00:00,8586.82,-0.0004273078911474215
2019-10-11 00:00:00+00:00,8271.41,-0.03742347928077905
2019-10-12 00:00:00+00:00,8308.63,0.004489743392989354
2019-10-13 00:00:00+00:00,8285.01,-0.002846875785271763
2019-10-14 00:00:00+00:00,8353.94,0.008285425982617056
2019-10-15 00:00:00+00:00,8162.11,-0.023230569879270746
2019-10-16 00:00:00+00:00,8002.59,-0.019737474697635093
2019-10-17 00:00:00+00:00,8076.12,0.009146319897098465
2019-10-18 00:00:00+00:00,7959.43,-0.014554169929098748
2019-10-19 00:00:00+00:00,7954.54,-0.0006145544014355409
2019-10-20 00:00:00+00:00,8230.76,0.03413552065373615
2019-10-21 00:00:00+00:00,8222.2,-0.0010405423428174743
2019-10-22 00:00:00+00:00,8030.68,-0.02356860634743363
2019-10-23 00:00:00+00:00,7479.24,-0.07113802426791516
2019-10-24 00:00:00+00:00,7431.51,-0.006402114316978569
2019-10-25 00:00:00+00:00,8668.34,0.15394823941023184
2019-10-26 00:00:00+00:00,9261.84,0.06622542538321419
2019-10-27 00:00:00+00:00,9554.78,0.031138819809999774
2019-10-28 00:00:00+00:00,9225.07,-0.03511677485903064
2019-10-29 00:00:00+00:00,9433.34,0.022325444720930676
2019-10-30 00:00:00+00:00,9166.03,-0.028745963647731188
2019-10-31 00:00:00+00:00,9151.13,-0.0016268901168530192
2019-11-01 00:00:00+00:00,9240.93,0.009765161009406498
2019-11-02 00:00:00+00:00,9306.81,0.007103860314161992
2019-11-03 00:00:00+00:00,9208.75,-0.010592271238712314
2019-11-04 00:00:00+00:00,9415.88,0.022243506596799634
2019-11-05 00:00:00+00:00,9303.49,-0.01200802703100301
2019-11-06 00:00:00+00:00,9353.99,0.005413391661075906
2019-11-07 00:00:00+00:00,9208.04,-0.01572597478295812
2019-11-08 00:00:00+00:00,8766.63,-0.049124547461444124
2019-11-09 00:00:00+00:00,8813.63,0.005346918871012463
2019-11-10 00:00:00+00:00,9037.61,0.025095372050049747
2019-11-11 00:00:00+00:00,8719.88,-0.035789282560109825
2019-11-12 00:00:00+00:00,8800.27,0.009176926473356772
2019-11-13 00:00:00+00:00,8762.08,-0.004349083146099275
2019-11-14 00:00:00+00:00,8632.68,-0.014878318187408368
2019-11-15 00:00:00+00:00,8453.96,-0.020920030852806804
2019-11-16 00:00:00+00:00,8466.87,0.001525930170688028
2019-11-17 00:00:00+00:00,8502.72,0.004225211491151626
2019-11-18 00:00:00+00:00,8176.27,-0.039150055907738235
2019-11-19 00:00:00+00:00,8121.04,-0.006777831609522167
2019-11-20 00:00:00+00:00,8079.24,-0.005160416086729569
2019-11-21 00:00:00+00:00,7615.53,-0.05910822530328552
2019-11-22 00:00:00+00:00,7284.59,-0.044428425363980395
2019-11-23 00:00:00+00:00,7330.25,0.006248463693021122
2019-11-24 00:00:00+00:00,6902.39,-0.06014189328874586
2019-11-25 00:00:00+00:00,7129.02,0.032306049133904224
2019-11-26 00:00:00+00:00,7162.97,0.0047509218601238246
2019-11-27 00:00:00+00:00,7529.11,0.049852141501013136
2019-11-28 00:00:00+00:00,7435.93,-0.012453184783622007
2019-11-29 00:00:00+00:00,7758.35,0.042446026568796924
2019-11-30 00:00:00+00:00,7564.12,-0.025353667428163362
2019-12-01 00:00:00+00:00,7409.27,-0.020684096356808013
2019-12-02 00:00:00+00:00,7317.15,-0.012511011038686348
2019-12-03 00:00:00+00:00,7302.34,-0.0020260631617343705
2019-12-04 00:00:00+00:00,7191.98,-0.015228328437212113
2019-12-05 00:00:00+00:00,7393.24,0.027599552891034662
2019-12-06 00:00:00+00:00,7546.32,0.020493958027147485
2019-12-07 00:00:00+00:00,7516.08,-0.004015301761878476
2019-12-08 00:00:00+00:00,7526.77,0.0014212734687237827
2019-12-09 00:00:00+00:00,7344.02,-0.024579622296821313
2019-12-10 00:00:00+00:00,7221.96,-0.01675999241805748
2019-12-11 00:00:00+00:00,7199.64,-0.003095359436002809
2019-12-12 00:00:00+00:00,7193.58,-0.0008420631878163221
2019-12-13 00:00:00+00:00,7250.32,0.007856644239417676
2019-12-14 00:00:00+00:00,7072.4,-0.02484572100177118
2019-12-15 00:00:00+00:00,7115.28,0.00604469942425645
2019-12-16 00:00:00+00:00,6880.7,-0.03352419329034362
2019-12-17 00:00:00+00:00,6612.47,-0.039763130643587274
2019-12-18 00:00:00+00:00,7287.61,0.09721838559019247
2019-12-19 00:00:00+00:00,7149.47,-0.019137417817983504
2019-12-20 00:00:00+00:00,7183.69,0.00477495053685395
2019-12-21 00:00:00+00:00,7142.8,-0.005708322280353784
2019-12-22 00:00:00+00:00,7512.58,0.05047409238226308
2019-12-23 00:00:00+00:00,7318.5,-0.026173559781231148
2019-12-24 00:00:00+00:00,7229.12,-0.012288075255144193
2019-12-25 00:00:00+00:00,7195.41,-0.00467399095423815
2019-12-26 00:00:00+00:00,7197.05,0.0002278971082212422
2019-12-27 00:00:00+00:00,7244.03,0.006506461530253915
2019-12-28 00:00:00+00:00,7300.96,0.007828164986435127
2019-12-29 00:00:00+00:00,7389.96,0.012116475868177545
2019-12-30 00:00:00+00:00,7221.63,-0.023041633028336506
2019-12-31 00:00:00+00:00,7170.12,-0.007158298324082324
2020-01-01 00:00:00+00:00,7176.5,0.0008894081561479084
2020-01-02 00:00:00+00:00,6946.34,-0.03259689686996481
2020-01-03 00:00:00+00:00,7328.15,0.05350819443531307
2020-01-04 00:00:00+00:00,7350.68,0.003069729357466855
2020-01-05 00:00:00+00:00,7352.74,0.0002802069196796708
2020-01-06 00:00:00+00:00,7763.28,0.05433189243150238
2020-01-07 00:00:00+00:00,8161.49,0.050021825042941614
2020-01-08 00:00:00+00:00,8044.27,-0.014466713608783266
2020-01-09 00:00:00+00:00,7821.01,-0.02814633450992332
2020-01-10 00:00:00+00:00,8194.14,0.04660556242363256
2020-01-11 00:00:00+00:00,8017.03,-0.021851235549203096
2020-01-12 00:00:00+00:00,8175.99,0.019633781266664485
2020-01-13 00:00:00+00:00,8111.26,-0.007948590560541646
2020-01-14 00:00:00+00:00,8831.43,0.08506372960050967
2020-01-15 00:00:00+00:00,8814.59,-0.0019086462683652883
2020-01-16 00:00:00+00:00,8726.5,-0.01004393005747417
2020-01-17 00:00:00+00:00,8905.25,0.020276617380465822
2020-01-18 00:00:00+00:00,8920.76,0.0017401542929533775
2020-01-19 00:00:00+00:00,8703.34,-0.024674284723495532
2020-01-20 00:00:00+00:00,8627.99,-0.008695290523592192
2020-01-21 00:00:00+00:00,8730.1,0.011765255030542932
2020-01-22 00:00:00+00:00,8661.65,-0.00787158893621509
2020-01-23 00:00:00+00:00,8402.34,-0.03039499711938909
2020-01-24 00:00:00+00:00,8430.72,0.0033719391352473593
2020-01-25 00:00:00+00:00,8329.65,-0.012060739129973186
2020-01-26 00:00:00+00:00,8591.94,0.03100311601260408
2020-01-27 00:00:00+00:00,8897.76,0.03497500516484919
2020-01-28 00:00:00+00:00,9382.96,0.053095718603191955
2020-01-29 00:00:00+00:00,9281.76,-0.010844094281688754
2020-01-30 00:00:00+00:00,9501.97,0.023447961541434026
2020-01-31 00:00:00+00:00,9329.33,-0.018335944610194943
2020-02-01 00:00:00+00:00,9381.78,0.005606309553874311
2020-02-02 00:00:00+00:00,9325.21,-0.006048025089823383
2020-02-03 00:00:00+00:00,9289.82,-0.003802308418274336
2020-02-04 00:00:00+00:00,9165.62,-0.013459649298276588
2020-02-05 00:00:00+00:00,9612.55,0.047610008711709284
2020-02-06 00:00:00+00:00,9755.7,0.01478219319466767
2020-02-07 00:00:00+00:00,9811.44,0.005697322222276924
2020-02-08 00:00:00+00:00,9907.87,0.009780339034850982
2020-02-09 00:00:00+00:00,10166.69,0.025787299194091062
2020-02-10 00:00:00+00:00,9854.38,-0.031200663626258063
2020-02-11 00:00:00+00:00,10277.01,0.041993335290740674
2020-02-12 00:00:00+00:00,10361.1,0.008149047111999153
2020-02-13 00:00:00+00:00,10240.33,-0.01172456314647441
2020-02-14 00:00:00+00:00,10368.2,0.012409583892726062
2020-02-15 00:00:00+00:00,9899.49,-0.04626018888524541
2020-02-16 00:00:00+00:00,9928.89,0.0029654486695349647
2020-02-17 00:00:00+00:00,9706.92,-0.022609656110708087
2020-02-18 00:00:00+00:00,10184.92,0.04806916173875031
2020-02-19 00:00:00+00:00,9604.24,-0.05870352732521056
2020-02-20 00:00:00+00:00,9607.52,0.000341457527250455
2020-02-21 00:00:00+00:00,9707.36,0.010338235519210315
2020-02-22 00:00:00+00:00,9669.78,-0.003878802250099511
2020-02-23 00:00:00+00:00,9978.92,0.03146930960388161
2020-02-24 00:00:00+00:00,9660.81,-0.0323973723938753
2020-02-25 00:00:00+00:00,9308.62,-0.03713664305078623
2020-02-26 00:00:00+00:00,8785.98,-0.05778358338776535
2020-02-27 00:00:00+00:00,8812.77,0.003044536764656769
2020-02-28 00:00:00+00:00,8711.33,-0.011577328711444679
2020-02-29 00:00:00+00:00,8528.87,-0.021167598149798295
2020-03-01 00:00:00+00:00,8533.17,0.0005040429035485516
2020-03-02 00:00:00+00:00,8915.69,0.04385172395525849
2020-03-03 00:00:00+00:00,8754.89,-0.018200244554597234
2020-03-04 00:00:00+00:00,8760.03,0.0005869281900867662
2020-03-05 00:00:00+00:00,9071.12,0.034896410916781306
2020-03-06 00:00:00+00:00,9145.49,0.008165121082564397
2020-03-07 00:00:00+00:00,8900.65,-0.027136553820188425
2020-03-08 00:00:00+00:00,8031.99,-0.1026919898504488
2020-03-09 00:00:00+00:00,7934.69,-0.012188032136268845
2020-03-10 00:00:00+00:00,7892.52,-0.005328810294296105
2020-03-11 00:00:00+00:00,7937.38,0.005667770496179614
2020-03-12 00:00:00+00:00,4858.11,-0.4909337726076739
2020-03-13 00:00:00+00:00,5630.45,0.14753989452287364
2020-03-14 00:00:00+00:00,5171.92,-0.08494537502360977
2020-03-15 00:00:00+00:00,5351.76,0.034181485885236285
2020-03-16 00:00:00+00:00,5039.33,-0.060152342032619543
2020-03-17 00:00:00+00:00,5336.43,0.05728375333569602
2020-03-18 00:00:00+00:00,5408.53,0.013420446823070975
2020-03-19 00:00:00+00:00,6193.42,0.13551010126384888
2020-03-20 00:00:00+00:00,6218.68,0.004070227418889516
2020-03-21 00:00:00+00:00,6195.37,-0.003755426697251707
2020-03-22 00:00:00+00:00,5815.66,-0.06324795978263786
2020-03-23 00:00:00+00:00,6505.04,0.11202298196151084
2020-03-24 00:00:00+00:00,6767.92,0.0396165408414646
2020-03-25 00:00:00+00:00,6708.48,-0.008821404151536427
2020-03-26 00:00:00+00:00,6765.12,0.008407602073075893
2020-03-27 00:00:00+00:00,6373.77,-0.059588868572154396
2020-03-28 00:00:00+00:00,6261.76,-0.01772983549602536
2020-03-29 00:00:00+00:00,5876.92,-0.06342848060585915
2020-03-30 00:00:00+00:00,6395.89,0.08462278142431856
2020-03-31 00:00:00+00:00,6426.87,0.004832042443025486
2020-04-01 00:00:00+00:00,6659.69,0.0355852979044915
2020-04-02 00:00:00+00:00,6803.93,0.021427449492421147
2020-04-03 00:00:00+00:00,6739.17,-0.00956361447424392
2020-04-04 00:00:00+00:00,6870.54,0.019305933824716348
2020-04-05 00:00:00+00:00,6776.16,-0.013832135943459889
2020-04-06 00:00:00+00:00,7346.21,0.08077396415312954
2020-04-07 00:00:00+00:00,7194.94,-0.02080653279482192
2020-04-08 00:00:00+00:00,7367.87,0.023750653751818618
2020-04-09 00:00:00+00:00,7293.98,-0.010079304528968436
2020-04-10 00:00:00+00:00,6876.18,-0.05898608521458293
2020-04-11 00:00:00+00:00,6879.16,0.00043328627960015353
2020-04-12 00:00:00+00:00,6908.45,0.004248748559261273
2020-04-13 00:00:00+00:00,6860.9,-0.006906671559582023
2020-04-14 00:00:00+00:00,6872.29,0.0016587555566633938
2020-04-15 00:00:00+00:00,6630.13,-0.03587297217570118
2020-04-16 00:00:00+00:00,7101.7,0.06870978015793838
2020-04-17 00:00:00+00:00,7033.71,-0.00961988712432671
2020-04-18 00:00:00+00:00,7258.06,0.03139827061456835
2020-04-19 00:00:00+00:00,7131.0,-0.017661098450691526
2020-04-20 00:00:00+00:00,6836.92,-0.042114139221434144
2020-04-21 00:00:00+00:00,6854.03,0.0024994626242342832
2020-04-22 00:00:00+00:00,7135.2,0.04020348092089421
2020-04-23 00:00:00+00:00,7489.64,0.048480450918704676
2020-04-24 00:00:00+00:00,7508.18,0.002472360575593413
2020-04-25 00:00:00+00:00,7545.02,0.004894650114234622
2020-04-26 00:00:00+00:00,7703.88,0.020836355072130885
2020-04-27 00:00:00+00:00,7791.17,0.01126694310891807
2020-04-28 00:00:00+00:00,7768.85,-0.0028688928817341974
2020-04-29 00:00:00+00:00,8779.02,0.12224263582756834
2020-04-30 00:00:00+00:00,8631.72,-0.016920994117624488
2020-05-01 00:00:00+00:00,8817.14,0.021253764407871856
2020-05-02 00:00:00+00:00,8988.69,0.01926956600633467
2020-05-03 00:00:00+00:00,8903.95,-0.009472121898109975
2020-05-04 00:00:00+00:00,8884.14,-0.002227333928466635
2020-05-05 00:00:00+00:00,9034.6,0.016793986214375778
2020-05-06 00:00:00+00:00,9163.16,0.014129446571034876
2020-05-07 00:00:00+00:00,10002.71,0.08766495891948622
2020-05-08 00:00:00+00:00,9812.07,-0.01924279578789978
2020-05-09 00:00:00+00:00,9538.02,-0.02832734374278978
2020-05-10 00:00:00+00:00,8739.57,-0.08742492737702712
2020-05-11 00:00:00+00:00,8579.08,-0.01853430772894704
2020-05-12 00:00:00+00:00,8816.84,0.027336847534783715
2020-05-13 00:00:00+00:00,9308.84,0.05430095714049621
2020-05-14 00:00:00+00:00,9785.19,0.049905531816456516
2020-05-15 00:00:00+00:00,9287.29,-0.05222321938334673
2020-05-16 00:00:00+00:00,9386.51,0.010626753389633592
2020-05-17 00:00:00+00:00,9672.9,0.030054608951054718
2020-05-18 00:00:00+00:00,9721.5,0.005011766461150202
2020-05-19 00:00:00+00:00,9782.67,0.00627252536855849
2020-05-20 00:00:00+00:00,9509.52,-0.02831905082493691
2020-05-21 00:00:00+00:00,9060.23,-0.04839889605123737
2020-05-22 00:00:00+00:00,9163.88,0.01137516374092229
2020-05-23 00:00:00+00:00,9176.93,0.0014230562556694082
2020-05-24 00:00:00+00:00,8727.51,-0.050212620242826134
2020-05-25 00:00:00+00:00,8895.24,0.01903619640416565
2020-05-26 00:00:00+00:00,8843.47,-0.005836968639146178
2020-05-27 00:00:00+00:00,9202.4,0.03978498603475167
2020-05-28 00:00:00+00:00,9568.86,0.039049756512525846
2020-05-29 00:00:00+00:00,9427.62,-0.014870397323651474
2020-05-30 00:00:00+00:00,9699.45,0.02842550408230693
2020-05-31 00:00:00+00:00,9458.01,-0.02520718134373645
2020-06-01 00:00:00+00:00,10207.99,0.07630874545102095
2020-06-02 00:00:00+00:00,9532.73,-0.06843960653640835
2020-06-03 00:00:00+00:00,9664.56,0.013734446091740793
2020-06-04 00:00:00+00:00,9795.0,0.013406464863042089
2020-06-05 00:00:00+00:00,9623.96,-0.017616229008741158
2020-06-06 00:00:00+00:00,9691.96,0.007040853442852324
2020-06-07 00:00:00+00:00,9746.51,0.0056125963822566405
2020-06-08 00:00:00+00:00,9784.96,0.003937240737185377
2020-06-09 00:00:00+00:00,9769.76,-0.0015546121919722822
2020-06-10 00:00:00+00:00,9893.15,0.012550697703979097
2020-06-11 00:00:00+00:00,9263.23,-0.06578979852974065
2020-06-12 00:00:00+00:00,9464.38,0.021482478093222568
2020-06-13 00:00:00+00:00,9472.4,0.0008470289541833154
2020-06-14 00:00:00+00:00,9331.4,-0.014997249786823375
2020-06-15 00:00:00+00:00,9433.0,0.010829122474810049
2020-06-16 00:00:00+00:00,9526.94,0.009909395146888045
2020-06-17 00:00:00+00:00,9456.89,-0.007379998444520197
2020-06-18 00:00:00+00:00,9384.27,-0.00770869305430999
2020-06-19 00:00:00+00:00,9300.18,-0.00900112850515633
2020-06-20 00:00:00+00:00,9359.08,0.00631324024975477
2020-06-21 00:00:00+00:00,9279.2,-0.00857165887484257
2020-06-22 00:00:00+00:00,9690.66,0.04338719885277342
2020-06-23 00:00:00+00:00,9617.51,-0.007577139623281326
2020-06-24 00:00:00+00:00,9291.31,-0.0345058406898211
2020-06-25 00:00:00+00:00,9241.68,-0.0053558674167124565
2020-06-26 00:00:00+00:00,9153.4,-0.009598292342102965
2020-06-27 00:00:00+00:00,9004.77,-0.01637095803055999
2020-06-28 00:00:00+00:00,9127.96,0.013587793493400113
2020-06-29 00:00:00+00:00,9184.69,0.006195736987839595
2020-06-30 00:00:00+00:00,9139.38,-0.004945417949846487
2020-07-01 00:00:00+00:00,9236.71,0.010593212175685096
2020-07-02 00:00:00+00:00,9092.93,-0.015688573158167074
2020-07-03 00:00:00+00:00,9072.73,-0.002223977364531393
2020-07-04 00:00:00+00:00,9140.94,0.00749001369665514
2020-07-05 00:00:00+00:00,9088.98,-0.005700534144745362
2020-07-06 00:00:00+00:00,9346.69,0.02795957925671466
2020-07-07 00:00:00+00:00,9256.9,-0.009653050537947294
2020-07-08 00:00:00+00:00,9438.41,0.01941831437684094
2020-07-09 00:00:00+00:00,9238.76,-0.02137985625383898
2020-07-10 00:00:00+00:00,9287.82,0.00529618684895361
2020-07-11 00:00:00+00:00,9240.21,-0.005139251694778579
2020-07-12 00:00:00+00:00,9299.99,0.0064487122217560255
2020-07-13 00:00:00+00:00,9235.99,-0.0069055161179445435
2020-07-14 00:00:00+00:00,9256.72,0.0022419654753811358
2020-07-15 00:00:00+00:00,9192.26,-0.0069879486352011355
2020-07-16 00:00:00+00:00,9129.89,-0.006808179270525017
2020-07-17 00:00:00+00:00,9155.08,0.0027552701410886726
2020-07-18 00:00:00+00:00,9176.75,0.0023641949651018734
2020-07-19 00:00:00+00:00,9214.52,0.004107389332041578
2020-07-20 00:00:00+00:00,9163.42,-0.0055610293307175596
2020-07-21 00:00:00+00:00,9394.96,0.024953903823503154
2020-07-22 00:00:00+00:00,9536.61,0.014964701125382618
2020-07-23 00:00:00+00:00,9615.38,0.008225823442723268
2020-07-24 00:00:00+00:00,9553.37,-0.006469928014215753
2020-07-25 00:00:00+00:00,9713.14,0.016585636162281148
2020-07-26 00:00:00+00:00,9940.99,0.023187005305770114
2020-07-27 00:00:00+00:00,11046.27,0.10542620112314971
2020-07-28 00:00:00+00:00,10932.83,-0.01032262534072892
2020-07-29 00:00:00+00:00,11110.77,0.016144719103710514
2020-07-30 00:00:00+00:00,11114.7,0.00035364831798467833
2020-07-31 00:00:00+00:00,11353.39,0.021247821247388998
2020-08-01 00:00:00+00:00,11818.76,0.040171721791450565
2020-08-02 00:00:00+00:00,11066.32,-0.06578183807495996
2020-08-03 00:00:00+00:00,11243.29,0.01586524479975715
2020-08-04 00:00:00+00:00,11192.96,-0.004486497023602709
2020-08-05 00:00:00+00:00,11754.28,0.04893242034581924
2020-08-06 00:00:00+00:00,11773.94,0.0016711850344499624
2020-08-07 00:00:00+00:00,11608.41,-0.014158779192127824
2020-08-08 00:00:00+00:00,11770.16,0.013837679635765099
2020-08-09 00:00:00+00:00,11690.44,-0.006796101279196165
2020-08-10 00:00:00+00:00,11898.14,0.017610671596617777
2020-08-11 00:00:00+00:00,11385.38,-0.04405200917049967
2020-08-12 00:00:00+00:00,11572.71,0.01631966401709839
2020-08-13 00:00:00+00:00,11794.24,0.01896153647487253
2020-08-14 00:00:00+00:00,11767.34,-0.0022833792714784806
2020-08-15 00:00:00+00:00,11868.9,0.008593636299288221
2020-08-16 00:00:00+00:00,11917.18,0.004059522737955845
2020-08-17 00:00:00+00:00,12293.34,0.031076595852285394
2020-08-18 00:00:00+00:00,11961.77,-0.027341921435892758
2020-08-19 00:00:00+00:00,11758.46,-0.017142749369076782
2020-08-20 00:00:00+00:00,11870.37,0.009472397640630348
2020-08-21 00:00:00+00:00,11523.39,-0.02966649634323737
2020-08-22 00:00:00+00:00,11676.44,0.013194253608332929
2020-08-23 00:00:00+00:00,11658.93,-0.0015007264325603842
2020-08-24 00:00:00+00:00,11758.43,0.008498020169065867
2020-08-25 00:00:00+00:00,11329.16,-0.03719049731807722
2020-08-26 00:00:00+00:00,11460.67,0.01154124096234277
2020-08-27 00:00:00+00:00,11302.68,-0.01388130806104293
2020-08-28 00:00:00+00:00,11535.16,0.02035989661746207
2020-08-29 00:00:00+00:00,11478.46,-0.004927526805900584
2020-08-30 00:00:00+00:00,11716.0,0.020483193413955547
2020-08-31 00:00:00+00:00,11665.26,-0.004340234842073798
2020-09-01 00:00:00+00:00,11923.17,0.02186837175543843
2020-09-02 00:00:00+00:00,11392.31,-0.04554499950082125
2020-09-03 00:00:00+00:00,10187.32,-0.11179475667879935
2020-09-04 00:00:00+00:00,10464.97,0.026889679496104435
2020-09-05 00:00:00+00:00,10162.69,-0.029310318309216044
2020-09-06 00:00:00+00:00,10253.46,0.0088920387130198
2020-09-07 00:00:00+00:00,10368.77,0.01118319422843328
2020-09-08 00:00:00+00:00,10121.63,-0.024123685744505963
2020-09-09 00:00:00+00:00,10225.13,0.010173697701407747
2020-09-10 00:00:00+00:00,10346.49,0.011798915974390312
2020-09-11 00:00:00+00:00,10386.16,0.003826818897961104
2020-09-12 00:00:00+00:00,10446.97,0.005837833556631367
2020-09-13 00:00:00+00:00,10324.04,-0.011836827897335311
2020-09-14 00:00:00+00:00,10677.47,0.0336607577669632
2020-09-15 00:00:00+00:00,10788.9,0.010381913743561455
2020-09-16 00:00:00+00:00,10951.87,0.01499239011096698
2020-09-17 00:00:00+00:00,10927.45,-0.002232245804737687
2020-09-18 00:00:00+00:00,10937.56,0.0009247652500956605
2020-09-19 00:00:00+00:00,11079.65,0.012907354989586395
2020-09-20 00:00:00+00:00,10918.85,-0.014619438956740893
2020-09-21 00:00:00+00:00,10414.66,-0.04727622445898483
2020-09-22 00:00:00+00:00,10530.9,0.011099363622163239
2020-09-23 00:00:00+00:00,10235.66,-0.02843609093315891
2020-09-24 00:00:00+00:00,10739.92,0.048089938617568606
2020-09-25 00:00:00+00:00,10692.64,-0.004411985940505403
2020-09-26 00:00:00+00:00,10732.22,0.003694777471292099
2020-09-27 00:00:00+00:00,10769.06,0.0034267760849928663
2020-09-28 00:00:00+00:00,10692.39,-0.007144934397931735
2020-09-29 00:00:00+00:00,10841.83,0.01387952747008292
2020-09-30 00:00:00+00:00,10774.74,-0.0062072951830494105
2020-10-01 00:00:00+00:00,10618.72,-0.014586024525462093
2020-10-02 00:00:00+00:00,10574.49,-0.004173984423793797
2020-10-03 00:00:00+00:00,10549.8,-0.0023375944226202705
2020-10-04 00:00:00+00:00,10678.28,0.012104869476766922
2020-10-05 00:00:00+00:00,10792.39,0.010629484259231603
2020-10-06 00:00:00+00:00,10606.75,-0.01735066522783768
2020-10-07 00:00:00+00:00,10673.42,0.006265947887968082
2020-10-08 00:00:00+00:00,10937.86,0.024473626635245438
2020-10-09 00:00:00+00:00,11064.74,0.01153331028447191
2020-10-10 00:00:00+00:00,11306.49,0.021613421421264434
2020-10-11 00:00:00+00:00,11376.0,0.006128975927364166
2020-10-12 00:00:00+00:00,11538.95,0.01422239601113695
2020-10-13 00:00:00+00:00,11427.94,-0.009667034979791822
2020-10-14 00:00:00+00:00,11437.52,0.000837945141761054
2020-10-15 00:00:00+00:00,11509.04,0.006233634287204026
2020-10-16 00:00:00+00:00,11327.34,-0.015913540979033414
2020-10-17 00:00:00+00:00,11368.22,0.0036024706339929935
2020-10-18 00:00:00+00:00,11516.0,0.012915629573774012
2020-10-19 00:00:00+00:00,11759.26,0.02090364257061239
2020-10-20 00:00:00+00:00,11923.35,0.013857647100699921
2020-10-21 00:00:00+00:00,12832.21,0.07345975390566473
2020-10-22 00:00:00+00:00,12995.04,0.012609329868775276
2020-10-23 00:00:00+00:00,12946.06,-0.003776251446922174
2020-10-24 00:00:00+00:00,13124.47,0.01368693196121562
2020-10-25 00:00:00+00:00,13042.63,-0.006255203431015488
2020-10-26 00:00:00+00:00,13074.64,0.0024512528321718463
2020-10-27 00:00:00+00:00,13657.15,0.04358871790332586
2020-10-28 00:00:00+00:00,13289.77,-0.02726862768435545
2020-10-29 00:00:00+00:00,13460.71,0.012780505380893814
2020-10-30 00:00:00+00:00,13561.6,0.007467197940792758
2020-10-31 00:00:00+00:00,13806.76,0.0179160576440065
2020-11-01 00:00:00+00:00,13764.78,-0.003045171393422308
2020-11-02 00:00:00+00:00,13575.68,-0.013833199255907758
2020-11-03 00:00:00+00:00,14036.38,0.0333725739482702
2020-11-04 00:00:00+00:00,14166.94,0.009258550599044568
2020-11-05 00:00:00+00:00,15608.97,0.09693466781255466
2020-11-06 00:00:00+00:00,15593.22,-0.001009544608098878
2020-11-07 00:00:00+00:00,14832.44,-0.05001953042683205
2020-11-08 00:00:00+00:00,15486.89,0.043177185606086965
2020-11-09 00:00:00+00:00,15338.34,-0.009638283313995188
2020-11-10 00:00:00+00:00,15302.62,-0.0023315206952485568
2020-11-11 00:00:00+00:00,15707.8,0.02613334870078532
2020-11-12 00:00:00+00:00,16305.46,0.03734261677913864
2020-11-13 00:00:00+00:00,16343.64,0.00233880979284784
2020-11-14 00:00:00+00:00,16092.96,-0.015456921560474512
2020-11-15 00:00:00+00:00,15968.06,-0.007791432203465121
2020-11-16 00:00:00+00:00,16719.08,0.045960105142160756
2020-11-17 00:00:00+00:00,17676.65,0.05569397739871462
2020-11-18 00:00:00+00:00,17795.26,0.006687570083208527
2020-11-19 00:00:00+00:00,17823.36,0.0015778267563231196
2020-11-20 00:00:00+00:00,18690.76,0.047519327639644615
2020-11-21 00:00:00+00:00,18688.77,-0.00010647538917041288
2020-11-22 00:00:00+00:00,18443.89,-0.013189658380417413
2020-11-23 00:00:00+00:00,18410.67,-0.0018027624802439135
2020-11-24 00:00:00+00:00,19166.03,0.04020905334488312
2020-11-25 00:00:00+00:00,18736.49,-0.02266648181799802
2020-11-26 00:00:00+00:00,17165.18,-0.08759004606451448
2020-11-27 00:00:00+00:00,17142.45,-0.0013250698649720505
2020-11-28 00:00:00+00:00,17724.84,0.03340920213444498
2020-11-29 00:00:00+00:00,18190.32,0.025922538879711965
2020-11-30 00:00:00+00:00,19707.94,0.08013201576927287
2020-12-01 00:00:00+00:00,18789.04,-0.04774787911379619
2020-12-02 00:00:00+00:00,19232.95,0.023351232857084625
2020-12-03 00:00:00+00:00,19458.06,0.011636426141667044
2020-12-04 00:00:00+00:00,18665.83,-0.04156680047912431
2020-12-05 00:00:00+00:00,19159.01,0.026078521427670864
2020-12-06 00:00:00+00:00,19391.92,0.012083383404224435
2020-12-07 00:00:00+00:00,19187.98,-0.010572443144694077
2020-12-08 00:00:00+00:00,18319.58,-0.04631360810216556
2020-12-09 00:00:00+00:00,18551.28,0.012568356149291304
2020-12-10 00:00:00+00:00,18248.05,-0.016480564363646977
2020-12-11 00:00:00+00:00,18041.07,-0.011407399490504844
2020-12-12 00:00:00+00:00,18811.22,0.04180267481303446
2020-12-13 00:00:00+00:00,19164.76,0.01861967559886679
2020-12-14 00:00:00+00:00,19277.09,0.005844168254784066
2020-12-15 00:00:00+00:00,19458.64,0.009373843187249875
2020-12-16 00:00:00+00:00,21372.56,0.09381666889213136
2020-12-17 00:00:00+00:00,22850.21,0.06685245140977436
2020-12-18 00:00:00+00:00,23136.37,0.012445530571310925
2020-12-19 00:00:00+00:00,23856.8,0.030663453759403936
2020-12-20 00:00:00+00:00,23484.48,-0.01572951455949756
2020-12-21 00:00:00+00:00,22717.1,-0.03322183258009659
2020-12-22 00:00:00+00:00,23834.73,0.04802581585236432
2020-12-23 00:00:00+00:00,23265.81,-0.02415885977533705
2020-12-24 00:00:00+00:00,23720.6,0.019358967981098374
2020-12-25 00:00:00+00:00,24695.48,0.04027636201749196
2020-12-26 00:00:00+00:00,26456.42,0.0688786200325513
2020-12-27 00:00:00+00:00,26213.02,-0.00924261707437779
2020-12-28 00:00:00+00:00,27027.3,0.03059123239202144
2020-12-29 00:00:00+00:00,27367.02,0.01249117250406151
2020-12-30 00:00:00+00:00,28896.91,0.05439603019579842
2020-12-31 00:00:00+00:00,28986.58,0.0030982952732028224
2021-01-01 00:00:00+00:00,29402.53,0.014247760803964837
2021-01-02 00:00:00+00:00,32200.28,0.09089442310079399
2021-01-03 00:00:00+00:00,33008.39,0.024786623411864994
2021-01-04 00:00:00+00:00,32025.93,-0.030215884402796434
2021-01-05 00:00:00+00:00,34031.2,0.06073186372052497
2021-01-06 00:00:00+00:00,36880.02,0.08039219009327248
2021-01-07 00:00:00+00:00,39430.35,0.06686588335252708
2021-01-08 00:00:00+00:00,40653.0,0.030536809668564757
2021-01-09 00:00:00+00:00,40253.53,-0.00987493212634405
2021-01-10 00:00:00+00:00,38226.47,-0.05166949429912826
2021-01-11 00:00:00+00:00,35449.54,-0.07541793071183456
2021-01-12 00:00:00+00:00,34102.6,-0.038736649154202496
2021-01-13 00:00:00+00:00,37387.76,0.09196975041063027
2021-01-14 00:00:00+00:00,39156.01,0.04621054466004537
2021-01-15 00:00:00+00:00,36772.61,-0.06280064821513598
2021-01-16 00:00:00+00:00,36090.07,-0.018735516324444035
2021-01-17 00:00:00+00:00,35822.35,-0.0074457579608626645
2021-01-18 00:00:00+00:00,36626.93,0.022211761907156458
2021-01-19 00:00:00+00:00,35938.3,-0.0189801830152021
2021-01-20 00:00:00+00:00,35496.5,-0.012369479107755765
2021-01-21 00:00:00+00:00,30820.95,-0.1412394465145237
2021-01-22 00:00:00+00:00,33008.52,0.06857105640438732
2021-01-23 00:00:00+00:00,32110.55,-0.02758107338637572
2021-01-24 00:00:00+00:00,32264.25,0.004775169540213398
2021-01-25 00:00:00+00:00,32229.63,-0.0010735903414484937
2021-01-26 00:00:00+00:00,32525.77,0.009146482441328985
2021-01-27 00:00:00+00:00,30425.17,-0.06676247184693906
2021-01-28 00:00:00+00:00,33429.25,0.09416103887341087
2021-01-29 00:00:00+00:00,34334.92,0.026731646844281087
2021-01-30 00:00:00+00:00,34323.49,-0.0003329526595674537
2021-01-31 00:00:00+00:00,33124.88,-0.0355452977680617
2021-02-01 00:00:00+00:00,33584.34,0.013775225237225186
2021-02-02 00:00:00+00:00,35519.52,0.05602251762360844
2021-02-03 00:00:00+00:00,37711.0,0.05986942456446087
2021-02-04 00:00:00+00:00,37004.7,-0.0189068974796065
2021-02-05 00:00:00+00:00,38333.21,0.03527169069465863
2021-02-06 00:00:00+00:00,39273.93,0.024244317678142835
2021-02-07 00:00:00+00:00,38897.58,-0.009628902084489965
2021-02-08 00:00:00+00:00,46421.95,0.1768403698269534
2021-02-09 00:00:00+00:00,46520.68,0.0021245371932376855
2021-02-10 00:00:00+00:00,44861.92,-0.03630761691466233
2021-02-11 00:00:00+00:00,48083.34,0.06934642737042651
2021-02-12 00:00:00+00:00,47431.7,-0.01364497382719243
2021-02-13 00:00:00+00:00,47098.68,-0.007045806389132991
2021-02-14 00:00:00+00:00,48662.1,0.03265551786900822
2021-02-15 00:00:00+00:00,47962.54,-0.014480203463344665
2021-02-16 00:00:00+00:00,49140.4,0.02426121751043553
2021-02-17 00:00:00+00:00,52131.38,0.05908556364242301
2021-02-18 00:00:00+00:00,51603.54,-0.010176795924977
2021-02-19 00:00:00+00:00,55941.35,0.0807135456967707
2021-02-20 00:00:00+00:00,56098.94,0.002813097037222434
2021-02-21 00:00:00+00:00,57493.21,0.024549936354487656
2021-02-22 00:00:00+00:00,54120.04,-0.0604623114733549
2021-02-23 00:00:00+00:00,48907.66,-0.10127051197075687
2021-02-24 00:00:00+00:00,49682.1,0.015710676833393222
2021-02-25 00:00:00+00:00,47092.22,-0.05353690035176584
2021-02-26 00:00:00+00:00,46331.26,-0.016290911651571705
2021-02-27 00:00:00+00:00,46139.34,-0.004150946907900632
2021-02-28 00:00:00+00:00,45158.49,-0.021487646299188867
2021-03-01 00:00:00+00:00,49615.4,0.09412296735888326
2021-03-02 00:00:00+00:00,48503.91,-0.022656856161070493
2021-03-03 00:00:00+00:00,50390.86,0.038165396174582256
2021-03-04 00:00:00+00:00,48352.36,-0.04129477796220904
2021-03-05 00:00:00+00:00,48910.3,0.011472976784432376
2021-03-06 00:00:00+00:00,48876.23,-0.0006968240181670637
2021-03-07 00:00:00+00:00,50977.48,0.0420927823474635
2021-03-08 00:00:00+00:00,52399.16,0.027506594087416403
2021-03-09 00:00:00+00:00,54928.2,0.04713631717475941
2021-03-10 00:00:00+00:00,55958.59,0.01858507507194851
2021-03-11 00:00:00+00:00,57792.44,0.03224601836519447
2021-03-12 00:00:00+00:00,57240.29,-0.009599950213498687
2021-03-13 00:00:00+00:00,61189.38,0.06671562398598674
2021-03-14 00:00:00+00:00,58995.35,-0.036515017808099515
2021-03-15 00:00:00+00:00,55645.38,-0.058459571833074264
2021-03-16 00:00:00+00:00,56921.4,0.022672313435908364
2021-03-17 00:00:00+00:00,58912.75,0.034386166979148314
2021-03-18 00:00:00+00:00,57664.99,-0.021407305559957734
2021-03-19 00:00:00+00:00,58329.18,0.011452252458093781
2021-03-20 00:00:00+00:00,58062.82,-0.004576954859219384
2021-03-21 00:00:00+00:00,57416.39,-0.011195725224945718
2021-03-22 00:00:00+00:00,54101.1,-0.059475284273480256
2021-03-23 00:00:00+00:00,54369.74,0.0049532307345518944
2021-03-24 00:00:00+00:00,52303.24,-0.038749429658626156
2021-03-25 00:00:00+00:00,51358.29,-0.01823195500393382
2021-03-26 00:00:00+00:00,55070.44,0.06978672863868418
2021-03-27 00:00:00+00:00,55865.36,0.014331417011270275
2021-03-28 00:00:00+00:00,55777.68,-0.001570720718939711
2021-03-29 00:00:00+00:00,57615.8,0.032423046276585765
2021-03-30 00:00:00+00:00,58696.47,0.018582753097078353
2021-03-31 00:00:00+00:00,58795.36,0.0016833514866849697
2021-04-01 00:00:00+00:00,58720.19,-0.0012793202304273166
2021-04-02 00:00:00+00:00,59005.13,0.0048407692825556126
2021-04-03 00:00:00+00:00,57091.48,-0.0329694956585751
2021-04-04 00:00:00+00:00,58208.55,0.01937735754425063
2021-04-05 00:00:00+00:00,59118.39,0.015509792358093577
2021-04-06 00:00:00+00:00,58017.27,-0.018801318676363366
2021-04-07 00:00:00+00:00,55947.53,-0.03632643762179022
2021-04-08 00:00:00+00:00,58071.47,0.037260206115412586
2021-04-09 00:00:00+00:00,58101.68,0.0005200857630356381
2021-04-10 00:00:00+00:00,59739.29,0.027795348780589535
2021-04-11 00:00:00+00:00,59963.61,0.0037479503435200456
2021-04-12 00:00:00+00:00,59845.88,-0.0019652873556665895
2021-04-13 00:00:00+00:00,63550.63,0.06006432016938845
2021-04-14 00:00:00+00:00,62992.28,-0.008824731839904842
2021-04-15 00:00:00+00:00,63266.5,0.004343783951904712
2021-04-16 00:00:00+00:00,61439.13,-0.029309034569386938
2021-04-17 00:00:00+00:00,60069.86,-0.02253871033784094
2021-04-18 00:00:00+00:00,56288.77,-0.06501317013596086
2021-04-19 00:00:00+00:00,55729.87,-0.009978779205784605
2021-04-20 00:00:00+00:00,56526.29,0.014189570760580139
2021-04-21 00:00:00+00:00,53820.16,-0.04905772149702692
2021-04-22 00:00:00+00:00,51726.86,-0.039670935781119354
2021-04-23 00:00:00+00:00,51183.86,-0.010552934412096704
2021-04-24 00:00:00+00:00,50072.34,-0.021955488152235247
2021-04-25 00:00:00+00:00,49053.21,-0.020563132526305594
2021-04-26 00:00:00+00:00,54058.11,0.09715395178775132
2021-04-27 00:00:00+00:00,55039.61,0.01799352876129845
2021-04-28 00:00:00+00:00,54845.22,-0.0035380716843338433
2021-04-29 00:00:00+00:00,53577.58,-0.023384339170149815
2021-04-30 00:00:00+00:00,57800.0,0.07585807868864514
2021-05-01 00:00:00+00:00,57864.86,0.0011215161942583762
2021-05-02 00:00:00+00:00,56628.38,-0.021600018901599682
2021-05-03 00:00:00+00:00,57237.97,0.010707216378378348
2021-05-04 00:00:00+00:00,53257.42,-0.07208035174412508
2021-05-05 00:00:00+00:00,57510.67,0.07683335820035708
2021-05-06 00:00:00+00:00,56412.86,-0.01927334910847378
2021-05-07 00:00:00+00:00,57379.13,0.016983501663766276
2021-05-08 00:00:00+00:00,58960.98,0.02719522082031567
2021-05-09 00:00:00+00:00,58284.23,-0.011544309842891565
2021-05-10 00:00:00+00:00,55873.64,-0.04223884674555123
2021-05-11 00:00:00+00:00,56754.47,0.015641707186649256
2021-05-12 00:00:00+00:00,49429.72,-0.13818255705275995
2021-05-13 00:00:00+00:00,49708.76,0.005629312389661578
2021-05-14 00:00:00+00:00,49911.74,0.004075070510463519
2021-05-15 00:00:00+00:00,46663.47,-0.06729461403181958
2021-05-16 00:00:00+00:00,46442.05,-0.00475633275935472
2021-05-17 00:00:00+00:00,43575.95,-0.06369990617548993
2021-05-18 00:00:00+00:00,42929.55,-0.014944992658879386
2021-05-19 00:00:00+00:00,36784.9,-0.15447296512009423
2021-05-20 00:00:00+00:00,40597.23,0.0986124027980182
2021-05-21 00:00:00+00:00,37344.94,-0.08350241051220486
2021-05-22 00:00:00+00:00,37494.88,0.0040069631545502915
2021-05-23 00:00:00+00:00,34691.53,-0.077708825383068
2021-05-24 00:00:00+00:00,38837.62,0.11289379957318602
2021-05-25 00:00:00+00:00,38481.36,-0.009215396303327239
2021-05-26 00:00:00+00:00,39274.36,0.02039792044733879
2021-05-27 00:00:00+00:00,38444.94,-0.021344800843799305
2021-05-28 00:00:00+00:00,35691.96,-0.07430163447387628
2021-05-29 00:00:00+00:00,34577.48,-0.0317228502322191
2021-05-30 00:00:00+00:00,35679.96,0.03138658352920487
2021-05-31 00:00:00+00:00,37340.31,0.04548425353308083
2021-06-01 00:00:00+00:00,36674.62,-0.017988477474187192
2021-06-02 00:00:00+00:00,37590.85,0.02467570702350308
2021-06-03 00:00:00+00:00,39182.91,0.04148001262903378
2021-06-04 00:00:00+00:00,36839.59,-0.06166760022858497
2021-06-05 00:00:00+00:00,35596.23,-0.034333348743894376
2021-06-06 00:00:00+00:00,35856.55,0.007286522701345888
2021-06-07 00:00:00+00:00,33574.86,-0.06574868344380924
2021-06-08 00:00:00+00:00,33442.95,-0.003936570602537159
2021-06-09 00:00:00+00:00,37374.57,0.11114952459904792
2021-06-10 00:00:00+00:00,36661.67,-0.019258731516883287
2021-06-11 00:00:00+00:00,37324.64,0.017921903257631655
2021-06-12 00:00:00+00:00,35537.21,-0.049073381818821815
2021-06-13 00:00:00+00:00,39110.27,0.09580477579893731
2021-06-14 00:00:00+00:00,40463.8,0.03402265490150036
2021-06-15 00:00:00+00:00,40242.77,-0.005477386849850774
2021-06-16 00:00:00+00:00,38347.52,-0.04824050221408349
2021-06-17 00:00:00+00:00,38014.02,-0.008734819135913341
2021-06-18 00:00:00+00:00,35818.12,-0.0595011284407132
2021-06-19 00:00:00+00:00,35544.44,-0.007670166029578596
2021-06-20 00:00:00+00:00,35573.99,0.000831008268898259
2021-06-21 00:00:00+00:00,31619.06,-0.11785464952986935
2021-06-22 00:00:00+00:00,32486.7,0.02707067148949882
2021-06-23 00:00:00+00:00,33655.59,0.035348389327829466
2021-06-24 00:00:00+00:00,34672.59,0.02977029712552337
2021-06-25 00:00:00+00:00,31602.84,-0.09270247128983655
2021-06-26 00:00:00+00:00,32276.93,0.02110574357835837
2021-06-27 00:00:00+00:00,34671.03,0.0715517343869223
2021-06-28 00:00:00+00:00,34455.62,-0.00623234880466228
2021-06-29 00:00:00+00:00,35883.42,0.04060323124106979
2021-06-30 00:00:00+00:00,35050.13,-0.023496027913020967
2021-07-01 00:00:00+00:00,33552.88,-0.04365662070058107
2021-07-02 00:00:00+00:00,33815.54,0.007797758383514264
2021-07-03 00:00:00+00:00,34682.15,0.025304685233281887
2021-07-04 00:00:00+00:00,35300.23,0.017664334121665348
2021-07-05 00:00:00+00:00,33706.26,-0.046205902714522296
2021-07-06 00:00:00+00:00,34224.45,0.015256724136968103
2021-07-07 00:00:00+00:00,33872.66,-0.010332101598077514
2021-07-08 00:00:00+00:00,32888.76,-0.02947724126188689
2021-07-09 00:00:00+00:00,33818.42,0.027874666399483772
2021-07-10 00:00:00+00:00,33512.45,-0.009088612880367108
2021-07-11 00:00:00+00:00,34233.0,0.021273079540291562
2021-07-12 00:00:00+00:00,33193.71,-0.030829690978935176
2021-07-13 00:00:00+00:00,32733.28,-0.013968102778635583
2021-07-14 00:00:00+00:00,32819.17,0.002620498521432424
2021-07-15 00:00:00+00:00,31883.4,-0.028927297711934585
2021-07-16 00:00:00+00:00,31394.17,-0.015463291286764047
2021-07-17 00:00:00+00:00,31538.26,0.004579205086681526
2021-07-18 00:00:00+00:00,31786.62,0.007844034554551627
2021-07-19 00:00:00+00:00,30811.27,-0.031164914385016118
2021-07-20 00:00:00+00:00,29794.06,-0.03357148735837079
2021-07-21 00:00:00+00:00,32106.55,0.07475101438120824
2021-07-22 00:00:00+00:00,32333.12,0.007032032710492686
2021-07-23 00:00:00+00:00,33644.68,0.03976285364820775
2021-07-24 00:00:00+00:00,34295.14,0.01914870764711374
2021-07-25 00:00:00+00:00,35420.29,0.032281166615195644
2021-07-26 00:00:00+00:00,37293.11,0.051523771302669275
2021-07-27 00:00:00+00:00,39521.57,0.05803800772268097
2021-07-28 00:00:00+00:00,40030.05,0.012783823255675841
2021-07-29 00:00:00+00:00,40026.87,-7.944347600918888e-05
2021-07-30 00:00:00+00:00,42215.63,0.0532395530245644
2021-07-31 00:00:00+00:00,41424.55,-0.018916831367267406
2021-08-01 00:00:00+00:00,39904.35,-0.03738835973851096
2021-08-02 00:00:00+00:00,39183.01,-0.01824210603350096
2021-08-03 00:00:00+00:00,38136.74,-0.02706511252445054
2021-08-04 00:00:00+00:00,39738.34,0.0411383427846399
2021-08-05 00:00:00+00:00,40888.38,0.028529450366718834
2021-08-06 00:00:00+00:00,42811.89,0.045969952642666456
2021-08-07 00:00:00+00:00,44646.06,0.04195019380190956
2021-08-08 00:00:00+00:00,43755.3,-0.02015331322410141
2021-08-09 00:00:00+00:00,46297.7,0.05647953550881191
2021-08-10 00:00:00+00:00,45597.02,-0.01524992032469008
2021-08-11 00:00:00+00:00,45601.59,0.00010022082581784275
2021-08-12 00:00:00+00:00,44418.14,-0.02629463977408797
2021-08-13 00:00:00+00:00,47836.41,0.07413912046116344
2021-08-14 00:00:00+00:00,47106.69,-0.015372035868118417
2021-08-15 00:00:00+00:00,47050.4,-0.0011956615631607548
2021-08-16 00:00:00+00:00,45930.0,-0.0241008692515976
2021-08-17 00:00:00+00:00,44696.13,-0.02723157764740769
2021-08-18 00:00:00+00:00,44753.98,0.001293458623258914
2021-08-19 00:00:00+00:00,46766.2,0.04398034045971677
2021-08-20 00:00:00+00:00,49339.18,0.05355777181407717
2021-08-21 00:00:00+00:00,48867.51,-0.009605733107346026
2021-08-22 00:00:00+00:00,49332.23,0.00946486150104242
2021-08-23 00:00:00+00:00,49541.12,0.004225411818154612
2021-08-24 00:00:00+00:00,47722.58,-0.03739837064957108
2021-08-25 00:00:00+00:00,48999.18,0.02639890212709517
2021-08-26 00:00:00+00:00,46841.98,-0.04502375387785662
2021-08-27 00:00:00+00:00,49070.49,0.04647802638775467
2021-08-28 00:00:00+00:00,48905.0,-0.00337819504416359
2021-08-29 00:00:00+00:00,48797.97,-0.002190927109246843
2021-08-30 00:00:00+00:00,46992.32,-0.03770452953039971
2021-08-31 00:00:00+00:00,47128.42,0.0028920319763727775
2021-09-01 00:00:00+00:00,48851.12,0.03590108947533821
2021-09-02 00:00:00+00:00,49307.18,0.009292403835035046
2021-09-03 00:00:00+00:00,50037.8,0.014709010414534873
2021-09-04 00:00:00+00:00,49944.63,-0.00186372799638157
2021-09-05 00:00:00+00:00,51779.93,0.03608763064145748
2021-09-06 00:00:00+00:00,52694.24,0.01750352921198406
2021-09-07 00:00:00+00:00,46793.91,-0.11875308541008778
2021-09-08 00:00:00+00:00,46073.43,-0.015516638153654227
2021-09-09 00:00:00+00:00,46333.3,0.005624496940454193
2021-09-10 00:00:00+00:00,44816.85,-0.03327674025941363
2021-09-11 00:00:00+00:00,45153.88,0.0074920271619340895
2021-09-12 00:00:00+00:00,46063.84,0.01995204849512966
2021-09-13 00:00:00+00:00,44963.67,-0.02417343006759154
2021-09-14 00:00:00+00:00,47084.33,0.04608541890807061
2021-09-15 00:00:00+00:00,48180.32,0.0230103896487428
2021-09-16 00:00:00+00:00,47778.1,-0.008383263410042474
2021-09-17 00:00:00+00:00,47283.47,-0.010406612554959338
2021-09-18 00:00:00+00:00,48333.91,0.02197262175604031
2021-09-19 00:00:00+00:00,47247.49,-0.022733853880151145
2021-09-20 00:00:00+00:00,42835.24,-0.09803840254048168
2021-09-21 00:00:00+00:00,40691.88,-0.05133256435058797
2021-09-22 00:00:00+00:00,43577.92,0.06852203611714813
2021-09-23 00:00:00+00:00,44893.57,0.029743977304439895
2021-09-24 00:00:00+00:00,42840.75,-0.04680482493703764
2021-09-25 00:00:00+00:00,42704.45,-0.0031866221679042184
2021-09-26 00:00:00+00:00,43210.86,0.011788722284862274
2021-09-27 00:00:00+00:00,42182.77,-0.024080008717582757
2021-09-28 00:00:00+00:00,41033.34,-0.027626936836655958
2021-09-29 00:00:00+00:00,41501.73,0.011350206122950013
2021-09-30 00:00:00+00:00,43820.7,0.054371195365853
2021-10-01 00:00:00+00:00,48158.87,0.09439902878951933
2021-10-02 00:00:00+00:00,47686.53,-0.009856369192503323
2021-10-03 00:00:00+00:00,48218.6,0.011095870657882756
2021-10-04 00:00:00+00:00,49304.24,0.02226524267177865
2021-10-05 00:00:00+00:00,51487.8,0.04333480499487763
2021-10-06 00:00:00+00:00,55344.9,0.07223962758582125
2021-10-07 00:00:00+00:00,53798.4,-0.028340787039450532
2021-10-08 00:00:00+00:00,53927.47,0.002396268635585841
2021-10-09 00:00:00+00:00,54979.81,0.019326031344881756
2021-10-10 00:00:00+00:00,54785.81,-0.003534808112055643
2021-10-11 00:00:00+00:00,57496.94,0.04830051017894199
2021-10-12 00:00:00+00:00,55966.17,-0.026984327949854503
2021-10-13 00:00:00+00:00,57373.99,0.024843663693875584
2021-10-14 00:00:00+00:00,57346.09,-0.00048640134403754587
2021-10-15 00:00:00+00:00,61666.32,0.07263325137690302
2021-10-16 00:00:00+00:00,60871.89,-0.012966422970777103
2021-10-17 00:00:00+00:00,61513.32,0.010482244925086093
2021-10-18 00:00:00+00:00,62039.23,0.008513190156698158
2021-10-19 00:00:00+00:00,64264.76,0.035244498134638036
2021-10-20 00:00:00+00:00,66021.49,0.026968870070446016
2021-10-21 00:00:00+00:00,62204.14,-0.05955873807320344
2021-10-22 00:00:00+00:00,60690.14,-0.02464031036550196
2021-10-23 00:00:00+00:00,61289.29,0.009823866508869017
2021-10-24 00:00:00+00:00,60898.65,-0.006394106176582426
2021-10-25 00:00:00+00:00,63082.79,0.03523698368405448
2021-10-26 00:00:00+00:00,60314.78,-0.044870809173024995
2021-10-27 00:00:00+00:00,58488.35,-0.03074959238688635
2021-10-28 00:00:00+00:00,60589.43,0.035292866313053395
2021-10-29 00:00:00+00:00,62254.92,0.027117112946543287
2021-10-30 00:00:00+00:00,61881.82,-0.006011131329151098
2021-10-31 00:00:00+00:00,61344.52,-0.008720593423101164
2021-11-01 00:00:00+00:00,60938.95,-0.006633300267184339
2021-11-02 00:00:00+00:00,63236.88,0.037015131914072796
2021-11-03 00:00:00+00:00,62946.24,-0.004606646498789502
2021-11-04 00:00:00+00:00,61439.33,-0.02423084493000971
2021-11-05 00:00:00+00:00,61027.48,-0.006725929296418798
2021-11-06 00:00:00+00:00,61528.4,0.008174602303185452
2021-11-07 00:00:00+00:00,63305.73,0.028476989541529107
2021-11-08 00:00:00+00:00,67543.44,0.06479510006062839
2021-11-09 00:00:00+00:00,66935.19,-0.009046108632396965
2021-11-10 00:00:00+00:00,64998.63,-0.029358645058129795
2021-11-11 00:00:00+00:00,64834.97,-0.002521074462737971
2021-11-12 00:00:00+00:00,64145.88,-0.010685253762424907
2021-11-13 00:00:00+00:00,64443.46,0.004628385700224058
2021-11-14 00:00:00+00:00,65501.97,0.01629196829930102
2021-11-15 00:00:00+00:00,63549.46,-0.030261718171702867
2021-11-16 00:00:00+00:00,60128.53,-0.05533406263188567
2021-11-17 00:00:00+00:00,60367.82,0.003971743784131121
2021-11-18 00:00:00+00:00,56907.31,-0.05903237762299263
2021-11-19 00:00:00+00:00,58149.74,0.021597603877141935
2021-11-20 00:00:00+00:00,59751.86,0.0271789122747208
2021-11-21 00:00:00+00:00,58697.98,-0.017795006058035412
2021-11-22 00:00:00+00:00,56308.62,-0.04155768220228495
2021-11-23 00:00:00+00:00,57566.16,0.022087263282204006
2021-11-24 00:00:00+00:00,57149.28,-0.007268103319834296
2021-11-25 00:00:00+00:00,58922.81,0.030561490506421762
2021-11-26 00:00:00+00:00,53777.02,-0.09138204387064164
2021-11-27 00:00:00+00:00,54806.08,0.018954898332662395
2021-11-28 00:00:00+00:00,57326.31,0.04495854393690024
2021-11-29 00:00:00+00:00,57825.4,0.008668444875231884
2021-11-30 00:00:00+00:00,56986.29,-0.014617412929169404
2021-12-01 00:00:00+00:00,57247.62,0.004575356930137886
2021-12-02 00:00:00+00:00,56523.4,-0.012731357813661859
2021-12-03 00:00:00+00:00,53675.97,-0.05168929637459918
2021-12-04 00:00:00+00:00,49273.22,-0.0855846867382688
2021-12-05 00:00:00+00:00,49406.2,0.0026951938002461873
2021-12-06 00:00:00+00:00,50589.65,0.023671087525077183
2021-12-07 00:00:00+00:00,50649.76,0.0011874823660775746
2021-12-08 00:00:00+00:00,50527.54,-0.002415958114090344
2021-12-09 00:00:00+00:00,47614.53,-0.059380567410315166
2021-12-10 00:00:00+00:00,47157.98,-0.009634724915700943
2021-12-11 00:00:00+00:00,49382.93,0.046101576077633766
2021-12-12 00:00:00+00:00,50107.25,0.014560890279891936
2021-12-13 00:00:00+00:00,46758.12,-0.06917777770816258
2021-12-14 00:00:00+00:00,48416.51,0.03485294076639711
2021-12-15 00:00:00+00:00,48941.59,0.010786674990194811
2021-12-16 00:00:00+00:00,47647.98,-0.026787309491810518
2021-12-17 00:00:00+00:00,46160.51,-0.031715566091042646
2021-12-18 00:00:00+00:00,46849.37,0.014812890756520147
2021-12-19 00:00:00+00:00,46696.82,-0.0032614932842722766
2021-12-20 00:00:00+00:00,46903.32,0.004412393721477059
2021-12-21 00:00:00+00:00,48925.84,0.04221722041178744
2021-12-22 00:00:00+00:00,48652.67,-0.005598993336283442
2021-12-23 00:00:00+00:00,50811.04,0.04340696487299489
2021-12-24 00:00:00+00:00,50825.58,0.0002861173482386903
2021-12-25 00:00:00+00:00,50430.24,-0.007808776006845264
2021-12-26 00:00:00+00:00,50784.02,0.006990743019457568
2021-12-27 00:00:00+00:00,50683.81,-0.0019752079566561775
2021-12-28 00:00:00+00:00,47531.21,-0.06421998230448978
2021-12-29 00:00:00+00:00,46447.86,-0.023056154753190228
2021-12-30 00:00:00+00:00,47143.67,0.014869354526394929
2021-12-31 00:00:00+00:00,46203.52,-0.02014376201926993
2022-01-01 00:00:00+00:00,47738.93,0.032691221927171554
2022-01-02 00:00:00+00:00,47335.17,-0.008493636591465403
2022-01-03 00:00:00+00:00,46434.34,-0.01921429928688667
2022-01-04 00:00:00+00:00,45837.58,-0.012934993018552277
2022-01-05 00:00:00+00:00,43434.97,-0.053839401667390874
2022-01-06 00:00:00+00:00,43109.05,-0.007531925158609454
2022-01-07 00:00:00+00:00,41525.35,-0.03742886774453069
2022-01-08 00:00:00+00:00,41688.02,0.0039097132398921985
2022-01-09 00:00:00+00:00,41867.35,0.004292489527678356
2022-01-10 00:00:00+00:00,41848.71,-0.00044531480119935907
2022-01-11 00:00:00+00:00,42735.44,0.020967580487630144
2022-01-12 00:00:00+00:00,43934.19,0.027664279876191245
2022-01-13 00:00:00+00:00,42561.73,-0.03173733974796278
2022-01-14 00:00:00+00:00,43086.18,0.012246803335136391
2022-01-15 00:00:00+00:00,43116.72,0.0007085608785253328
2022-01-16 00:00:00+00:00,43101.57,-0.00035143355675160137
2022-01-17 00:00:00+00:00,42231.65,-0.020389483427900146
2022-01-18 00:00:00+00:00,42373.82,0.0033607787727092386
2022-01-19 00:00:00+00:00,41716.84,-0.015625834490196056
2022-01-20 00:00:00+00:00,40726.75,-0.02401975950220603
2022-01-21 00:00:00+00:00,36482.96,-0.11003982244751143
2022-01-22 00:00:00+00:00,35084.74,-0.039079024162834486
2022-01-23 00:00:00+00:00,36274.88,0.03335921259890284
2022-01-24 00:00:00+00:00,36712.6,0.011994529687544997
2022-01-25 00:00:00+00:00,36971.62,0.007030570912537115
2022-01-26 00:00:00+00:00,36828.43,-0.003880490045249374
2022-01-27 00:00:00+00:00,37157.4,0.00889284253436351
2022-01-28 00:00:00+00:00,37746.21,0.015722129513315863
2022-01-29 00:00:00+00:00,38202.08,0.012004891088059466
2022-01-30 00:00:00+00:00,37951.0,-0.006594110436342504
2022-01-31 00:00:00+00:00,38527.79,0.015083945134501064
2022-02-01 00:00:00+00:00,38725.76,0.00512521258512777
2022-02-02 00:00:00+00:00,36932.83,-0.04740415428186928
2022-02-03 00:00:00+00:00,37290.6,0.009640426772506316
2022-02-04 00:00:00+00:00,41585.85,0.10901868100840773
2022-02-05 00:00:00+00:00,41380.03,-0.004961567869226968
2022-02-06 00:00:00+00:00,42406.36,0.02449995368398561
2022-02-07 00:00:00+00:00,43828.03,0.032975216047805844
2022-02-08 00:00:00+00:00,44064.53,0.0053815833963977155
2022-02-09 00:00:00+00:00,44420.36,0.008042772457651282
2022-02-10 00:00:00+00:00,43542.97,-0.019949656273556826
2022-02-11 00:00:00+00:00,42417.34,-0.026191025717546168
2022-02-12 00:00:00+00:00,42222.17,-0.004611802358446937
2022-02-13 00:00:00+00:00,42060.63,-0.00383328977696884
2022-02-14 00:00:00+00:00,42567.79,0.011985715234308358
2022-02-15 00:00:00+00:00,44520.82,0.04485908092727087
2022-02-16 00:00:00+00:00,43874.45,-0.014624798831029295
2022-02-17 00:00:00+00:00,40548.08,-0.07884371560640879
2022-02-18 00:00:00+00:00,40016.87,-0.013187315286112167
2022-02-19 00:00:00+00:00,40121.05,0.0026000190344088736
2022-02-20 00:00:00+00:00,38387.61,-0.04416638295785802
2022-02-21 00:00:00+00:00,37026.2,-0.036108981116877104
2022-02-22 00:00:00+00:00,38241.71,0.032301034594544475
2022-02-23 00:00:00+00:00,37256.98,-0.026087494934634137
2022-02-24 00:00:00+00:00,38375.48,0.029579404150471333
2022-02-25 00:00:00+00:00,39227.84,0.02196798483001494
2022-02-26 00:00:00+00:00,39107.31,-0.003077292763606465
2022-02-27 00:00:00+00:00,37695.93,-0.03675727497241965
2022-02-28 00:00:00+00:00,43195.26,0.13617863594147295
2022-03-01 00:00:00+00:00,44437.07,0.02834326399676712
2022-03-02 00:00:00+00:00,43924.04,-0.01161225260575982
2022-03-03 00:00:00+00:00,42464.16,-0.033801352358715064
2022-03-04 00:00:00+00:00,39152.71,-0.08119078505397503
2022-03-05 00:00:00+00:00,39399.74,0.00628957631110616
2022-03-06 00:00:00+00:00,38412.36,-0.025379934494306866
2022-03-07 00:00:00+00:00,38059.71,-0.009223040512143399
2022-03-08 00:00:00+00:00,38756.03,0.018130114305257905
2022-03-09 00:00:00+00:00,41950.22,0.07919732064181062
2022-03-10 00:00:00+00:00,39411.31,-0.06243084628915341
2022-03-11 00:00:00+00:00,38742.3,-0.0171208045722544
2022-03-12 00:00:00+00:00,38811.79,0.0017920400741395781
2022-03-13 00:00:00+00:00,37782.39,-0.02688094539357344
2022-03-14 00:00:00+00:00,39607.21,0.04716805133752722
2022-03-15 00:00:00+00:00,39306.07,-0.007632212519848025
2022-03-16 00:00:00+00:00,41130.54,0.045371951384192144
2022-03-17 00:00:00+00:00,40943.57,-0.0045561340459823185
2022-03-18 00:00:00+00:00,41782.66,0.02028664371499822
2022-03-19 00:00:00+00:00,42192.94,0.00977148753979229
2022-03-20 00:00:00+00:00,41239.49,-0.022856616029843124
2022-03-21 00:00:00+00:00,41019.0,-0.005360918442901763
2022-03-22 00:00:00+00:00,42376.64,0.032561893021551214
2022-03-23 00:00:00+00:00,42940.92,0.013227950449039128
2022-03-24 00:00:00+00:00,44011.5,0.024625745939454546
2022-03-25 00:00:00+00:00,44332.88,0.0072756505323532394
2022-03-26 00:00:00+00:00,44543.29,0.004734911351492954
2022-03-27 00:00:00+00:00,46864.11,0.05079061201115742
2022-03-28 00:00:00+00:00,47114.4,0.0053265494796939095
2022-03-29 00:00:00+00:00,47497.13,0.00809060138274198
2022-03-30 00:00:00+00:00,47053.85,-0.009376597636144623
2022-03-31 00:00:00+00:00,45534.63,-0.032819555157281854
2022-04-01 00:00:00+00:00,46300.74,0.01668480831673591
2022-04-02 00:00:00+00:00,45837.49,-0.010055628450412968
2022-04-03 00:00:00+00:00,46411.27,0.012440002435310404
2022-04-04 00:00:00+00:00,46611.54,0.004305832288236999
2022-04-05 00:00:00+00:00,45497.76,-0.02418505598318177
2022-04-06 00:00:00+00:00,43173.3,-0.052440845356359844
2022-04-07 00:00:00+00:00,43448.17,0.006346484828704035
2022-04-08 00:00:00+00:00,42229.48,-0.028450178099298284
2022-04-09 00:00:00+00:00,42767.96,0.012670668768565818
2022-04-10 00:00:00+00:00,42114.8,-0.015390001263178021
2022-04-11 00:00:00+00:00,39528.62,-0.0633742563498032
2022-04-12 00:00:00+00:00,40164.51,0.015958803370592634
2022-04-13 00:00:00+00:00,41148.69,0.024208321990407455
2022-04-14 00:00:00+00:00,39942.08,-0.029761687116604207
2022-04-15 00:00:00+00:00,40540.17,0.014862929655480528
2022-04-16 00:00:00+00:00,40397.93,-0.0035147883736570407
2022-04-17 00:00:00+00:00,39691.64,-0.01763795985753802
2022-04-18 00:00:00+00:00,40796.8,0.02746306078855376
2022-04-19 00:00:00+00:00,41518.16,0.017527274921691927
2022-04-20 00:00:00+00:00,41406.95,-0.002682180745283702
2022-04-21 00:00:00+00:00,40524.03,-0.021553609644874072
2022-04-22 00:00:00+00:00,39718.2,-0.02008561056362801
2022-04-23 00:00:00+00:00,39439.27,-0.007047500494222092
2022-04-24 00:00:00+00:00,39461.49,0.0005632392029522038
2022-04-25 00:00:00+00:00,40440.7,0.024511443958619594
2022-04-26 00:00:00+00:00,38118.1,-0.05914746865541254
2022-04-27 00:00:00+00:00,39240.09,0.02900969333100356
2022-04-28 00:00:00+00:00,39764.88,0.01328518240287302
2022-04-29 00:00:00+00:00,38578.74,-0.030282763140153435
2022-04-30 00:00:00+00:00,37643.77,-0.02453387842878385
2022-05-01 00:00:00+00:00,38465.05,0.021582567686614595
2022-05-02 00:00:00+00:00,38519.3,0.0014093775937560338
2022-05-03 00:00:00+00:00,37724.64,-0.020845952521977296
2022-05-04 00:00:00+00:00,39681.82,0.050579686435458626
2022-05-05 00:00:00+00:00,36568.81,-0.08169745700206654
2022-05-06 00:00:00+00:00,36006.81,-0.015487604065215876
2022-05-07 00:00:00+00:00,35467.7,-0.015085664079663275
2022-05-08 00:00:00+00:00,34053.98,-0.040675510457594655
2022-05-09 00:00:00+00:00,30089.16,-0.12378193869471943
2022-05-10 00:00:00+00:00,31015.06,0.030307918969967318
2022-05-11 00:00:00+00:00,28970.64,-0.0681899896146465
2022-05-12 00:00:00+00:00,28935.48,-0.0012143795619845577
2022-05-13 00:00:00+00:00,29241.11,0.010507072062980072
2022-05-14 00:00:00+00:00,30047.81,0.02721418393231545
2022-05-15 00:00:00+00:00,31278.74,0.040148853746199364
2022-05-16 00:00:00+00:00,29822.29,-0.047682533049874465
2022-05-17 00:00:00+00:00,30417.44,0.019760027642826472
2022-05-18 00:00:00+00:00,28653.32,-0.05974681035544549
2022-05-19 00:00:00+00:00,30285.34,0.05539444927638826
2022-05-20 00:00:00+00:00,29167.8,-0.03759840596637076
2022-05-21 00:00:00+00:00,29419.59,0.008595417894893487
2022-05-22 00:00:00+00:00,30266.01,0.02836452169024284
2022-05-23 00:00:00+00:00,29073.66,-0.04019269103008938
2022-05-24 00:00:00+00:00,29624.58,0.01877181250116422
2022-05-25 00:00:00+00:00,29512.76,-0.003781709940437139
2022-05-26 00:00:00+00:00,29164.78,-0.011860895310208619
2022-05-27 00:00:00+00:00,28589.01,-0.019939438646416008
2022-05-28 00:00:00+00:00,29011.01,0.014653034865553138
2022-05-29 00:00:00+00:00,29451.95,0.015084708719353301
2022-05-30 00:00:00+00:00,31706.95,0.07377577792777856
2022-05-31 00:00:00+00:00,31777.13,0.0022109489052493103
2022-06-01 00:00:00+00:00,29781.48,-0.06486012485576431
2022-06-02 00:00:00+00:00,30435.06,0.021708509553718613
2022-06-03 00:00:00+00:00,29681.63,-0.02506689742978807
2022-06-04 00:00:00+00:00,29842.94,0.005419960022766901
2022-06-05 00:00:00+00:00,29894.8,0.0017362562771232604
2022-06-06 00:00:00+00:00,31354.93,0.04768695926515143
2022-06-07 00:00:00+00:00,31150.6,-0.006538004808488651
2022-06-08 00:00:00+00:00,30187.52,-0.031404912746747726
2022-06-09 00:00:00+00:00,30076.28,-0.0036917727173690906
2022-06-10 00:00:00+00:00,29062.01,-0.03430499823069688
2022-06-11 00:00:00+00:00,28369.49,-0.024117551067197596
2022-06-12 00:00:00+00:00,26564.73,-0.06572987582122636
2022-06-13 00:00:00+00:00,22452.82,-0.16816817733012357
2022-06-14 00:00:00+00:00,22120.47,-0.014912794603832324
2022-06-15 00:00:00+00:00,22559.61,0.01965771507838454
2022-06-16 00:00:00+00:00,20374.9,-0.10185738810696776
2022-06-17 00:00:00+00:00,20432.42,0.002819103930091771
2022-06-18 00:00:00+00:00,18975.66,-0.07396574978402626
2022-06-19 00:00:00+00:00,20564.99,0.08043301013371362
2022-06-20 00:00:00+00:00,20550.99,-0.0006810004548629678
2022-06-21 00:00:00+00:00,20689.43,0.0067138268727759964
2022-06-22 00:00:00+00:00,19956.7,-0.03605801528373931
2022-06-23 00:00:00+00:00,21086.13,0.05505055181049201
2022-06-24 00:00:00+00:00,21202.38,0.005497961163895226
2022-06-25 00:00:00+00:00,21489.32,0.013442628001541834
2022-06-26 00:00:00+00:00,21032.95,-0.02146581185594343
2022-06-27 00:00:00+00:00,20715.28,-0.015218663460062842
2022-06-28 00:00:00+00:00,20263.59,-0.022045912643998022
2022-06-29 00:00:00+00:00,20091.83,-0.0085124147963338
2022-06-30 00:00:00+00:00,19941.17,-0.007526825932560044
2022-07-01 00:00:00+00:00,19241.27,-0.03572898746529063
2022-07-02 00:00:00+00:00,19222.47,-0.0009775441232235949
2022-07-03 00:00:00+00:00,19290.8,0.003548391071218404
2022-07-04 00:00:00+00:00,20198.99,0.04600430483400686
2022-07-05 00:00:00+00:00,20170.0,-0.0014362511909968845
2022-07-06 00:00:00+00:00,20540.9,0.018221668516908096
2022-07-07 00:00:00+00:00,21615.61,0.050997718381083246
2022-07-08 00:00:00+00:00,21609.79,-0.0002692861158113402
2022-07-09 00:00:00+00:00,21577.74,-0.0014842250012279123
2022-07-10 00:00:00+00:00,20839.89,-0.03479328918677638
2022-07-11 00:00:00+00:00,19948.19,-0.04373052615739326
2022-07-12 00:00:00+00:00,19304.1,-0.03282090382007219
2022-07-13 00:00:00+00:00,20236.92,0.04719115034376564
2022-07-14 00:00:00+00:00,20573.96,0.016517539578932983
2022-07-15 00:00:00+00:00,20827.32,0.012239387904173782
2022-07-16 00:00:00+00:00,21202.68,0.017862002372888597
2022-07-17 00:00:00+00:00,20778.83,-0.020192908835243273
2022-07-18 00:00:00+00:00,22478.91,0.07864285635809942
2022-07-19 00:00:00+00:00,23403.08,0.040290101328162464
2022-07-20 00:00:00+00:00,23228.0,-0.00750919012380713
2022-07-21 00:00:00+00:00,23150.7,-0.003333429853713099
2022-07-22 00:00:00+00:00,22719.21,-0.01881419553443031
2022-07-23 00:00:00+00:00,22457.24,-0.011597765491476508
2022-07-24 00:00:00+00:00,22586.85,0.005754821895681772
2022-07-25 00:00:00+00:00,21304.86,-0.05843266282299098
2022-07-26 00:00:00+00:00,21272.2,-0.001534159775514965
2022-07-27 00:00:00+00:00,22962.6,0.07646574953091267
2022-07-28 00:00:00+00:00,23858.8,0.03828631656870485
2022-07-29 00:00:00+00:00,23767.06,-0.0038525336221599815
2022-07-30 00:00:00+00:00,23645.7,-0.005119308179622806
2022-07-31 00:00:00+00:00,23320.79,-0.013836042815839278
2022-08-01 00:00:00+00:00,23276.62,-0.0018958140904974385
2022-08-02 00:00:00+00:00,22968.35,-0.013332242023375684
2022-08-03 00:00:00+00:00,22853.38,-0.005018153669150038
2022-08-04 00:00:00+00:00,22621.71,-0.010188962978675775
2022-08-05 00:00:00+00:00,23297.07,0.02941753694370952
2022-08-06 00:00:00+00:00,22952.03,-0.014921215837519597
2022-08-07 00:00:00+00:00,23182.76,0.010002513231917476
2022-08-08 00:00:00+00:00,23795.12,0.02607161865087093
2022-08-09 00:00:00+00:00,23150.97,-0.02744383733424982
2022-08-10 00:00:00+00:00,23965.68,0.03458612661977867
2022-08-11 00:00:00+00:00,23951.05,-0.0006106426901251183
2022-08-12 00:00:00+00:00,24413.27,0.01911467269198397
2022-08-13 00:00:00+00:00,24446.08,0.0013430389447162128
2022-08-14 00:00:00+00:00,24326.23,-0.004914683812971887
2022-08-15 00:00:00+00:00,24112.12,-0.008840573408960495
2022-08-16 00:00:00+00:00,23867.38,-0.010201945526803868
2022-08-17 00:00:00+00:00,23343.51,-0.02219367196425992
2022-08-18 00:00:00+00:00,23202.56,-0.006056383743434424
2022-08-19 00:00:00+00:00,20833.22,-0.10771378935285725
2022-08-20 00:00:00+00:00,21141.15,0.014672550146197949
2022-08-21 00:00:00+00:00,21527.57,0.018113061032108746
2022-08-22 00:00:00+00:00,21406.58,-0.005636087835689807
2022-08-23 00:00:00+00:00,21524.92,0.005512982296226099
2022-08-24 00:00:00+00:00,21374.19,-0.007027214330335596
2022-08-25 00:00:00+00:00,21566.07,0.008937126936604756
2022-08-26 00:00:00+00:00,20250.88,-0.06292299690611003
2022-08-27 00:00:00+00:00,20032.35,-0.010849782588669754
2022-08-28 00:00:00+00:00,19541.6,-0.024802940231127835
2022-08-29 00:00:00+00:00,20293.71,0.037765459238221055
2022-08-30 00:00:00+00:00,19798.4,-0.02470985946234272
2022-08-31 00:00:00+00:00,20051.85,0.012720292468175742
2022-09-01 00:00:00+00:00,20128.83,0.0038316969341671836
2022-09-02 00:00:00+00:00,19956.09,-0.008618755846425685
2022-09-03 00:00:00+00:00,19840.24,-0.005822161352694977
2022-09-04 00:00:00+00:00,19999.81,0.008010574951111238
2022-09-05 00:00:00+00:00,19802.7,-0.00990448146868772
2022-09-06 00:00:00+00:00,18787.42,-0.052630795120517604
2022-09-07 00:00:00+00:00,19274.99,0.025620903722852972
2022-09-08 00:00:00+00:00,19320.51,0.0023588253089776856
2022-09-09 00:00:00+00:00,21371.37,0.10088494988810481
2022-09-10 00:00:00+00:00,21687.87,0.014700942240684967
2022-09-11 00:00:00+00:00,21849.06,0.007404781940939742
2022-09-12 00:00:00+00:00,22404.68,0.025111965588667573
2022-09-13 00:00:00+00:00,20175.31,-0.10481028602050024
2022-09-14 00:00:00+00:00,20223.68,0.002394615465066252
2022-09-15 00:00:00+00:00,19701.99,-0.02613454918378011
2022-09-16 00:00:00+00:00,19791.21,0.004518253865608557
2022-09-17 00:00:00+00:00,20126.02,0.016775605513805303
2022-09-18 00:00:00+00:00,19419.27,-0.035747633206721474
2022-09-19 00:00:00+00:00,19547.89,0.006601480174573737
2022-09-20 00:00:00+00:00,18877.49,-0.03489714525379917
2022-09-21 00:00:00+00:00,18472.26,-0.021700059653706916
2022-09-22 00:00:00+00:00,19413.34,0.049690311316419766
2022-09-23 00:00:00+00:00,19291.59,-0.006291208978536744
2022-09-24 00:00:00+00:00,18926.83,-0.01908875750961414
2022-09-25 00:00:00+00:00,18810.8,-0.006149319161316669
2022-09-26 00:00:00+00:00,19224.36,0.021747051873200363
2022-09-27 00:00:00+00:00,19079.21,-0.007578964299801427
2022-09-28 00:00:00+00:00,19408.44,0.01710876245740245
2022-09-29 00:00:00+00:00,19590.75,0.009349493054619629
2022-09-30 00:00:00+00:00,19452.19,-0.0070978559358234605
2022-10-01 00:00:00+00:00,19314.92,-0.007081805875976954
2022-10-02 00:00:00+00:00,19058.39,-0.013370429687189045
2022-10-03 00:00:00+00:00,19633.28,0.029718660953331977
2022-10-04 00:00:00+00:00,20347.58,0.035735900381119734
2022-10-05 00:00:00+00:00,20164.75,-0.009025955368610283
2022-10-06 00:00:00+00:00,19950.67,-0.010673303797815947
2022-10-07 00:00:00+00:00,19528.02,-0.021412369471287107
2022-10-08 00:00:00+00:00,19419.41,-0.00557727590935464
2022-10-09 00:00:00+00:00,19445.17,0.001325628825645353
2022-10-10 00:00:00+00:00,19130.07,-0.01633726755730791
2022-10-11 00:00:00+00:00,19050.66,-0.004159695977685729
2022-10-12 00:00:00+00:00,19157.4,0.005587317319172058
2022-10-13 00:00:00+00:00,19381.86,0.011648513128465154
2022-10-14 00:00:00+00:00,19182.37,-0.010345949053068182
2022-10-15 00:00:00+00:00,19055.89,-0.00661538790025773
2022-10-16 00:00:00+00:00,19263.66,0.010844179332829995
2022-10-17 00:00:00+00:00,19551.52,0.014832613300669095
2022-10-18 00:00:00+00:00,19330.23,-0.011382841017004708
2022-10-19 00:00:00+00:00,19124.44,-0.010703093514509376
2022-10-20 00:00:00+00:00,19044.3,-0.004199254036885591
2022-10-21 00:00:00+00:00,19167.41,0.006443596790600026
2022-10-22 00:00:00+00:00,19204.2,0.00191756411957833
2022-10-23 00:00:00+00:00,19571.23,0.018931625624496462
2022-10-24 00:00:00+00:00,19335.57,-0.012114225893990138
2022-10-25 00:00:00+00:00,20100.24,0.03878535045030418
2022-10-26 00:00:00+00:00,20765.46,0.032559274205823385
2022-10-27 00:00:00+00:00,20288.74,-0.023224977145043013
2022-10-28 00:00:00+00:00,20600.69,0.015258518027183143
2022-10-29 00:00:00+00:00,20819.61,0.010570760642687915
2022-10-30 00:00:00+00:00,20627.59,-0.009265830928560703
2022-10-31 00:00:00+00:00,20492.14,-0.006588102106311666
2022-11-01 00:00:00+00:00,20488.21,-0.0001917992409570246
2022-11-02 00:00:00+00:00,20152.28,-0.01653216539075153
2022-11-03 00:00:00+00:00,20208.2,0.0027710292733029718
2022-11-04 00:00:00+00:00,21148.12,0.04546255002292021
2022-11-05 00:00:00+00:00,21302.26,0.007262157720662188
2022-11-06 00:00:00+00:00,20910.89,-0.018543094471651145
2022-11-07 00:00:00+00:00,20598.66,-0.015044050765460781
2022-11-08 00:00:00+00:00,18539.18,-0.10533969467122084
2022-11-09 00:00:00+00:00,15884.51,-0.15454190992990036
2022-11-10 00:00:00+00:00,17556.2,0.10006274334277698
2022-11-11 00:00:00+00:00,16994.21,-0.03253446607017629
2022-11-12 00:00:00+00:00,16774.31,-0.01302414843365618
2022-11-13 00:00:00+00:00,16308.13,-0.02818479290097997
2022-11-14 00:00:00+00:00,16593.33,0.01733705091448634
2022-11-15 00:00:00+00:00,16866.99,0.016357650014615643
2022-11-16 00:00:00+00:00,16660.38,-0.012325011799820373
2022-11-17 00:00:00+00:00,16683.28,0.0013735746825904727
2022-11-18 00:00:00+00:00,16686.07,0.00016721931991625638
2022-11-19 00:00:00+00:00,16685.86,-1.2585427334954602e-05
2022-11-20 00:00:00+00:00,16257.2,-0.026025766608166023
2022-11-21 00:00:00+00:00,15757.25,-0.03123531075084962
2022-11-22 00:00:00+00:00,16198.36,0.02760942572749414
2022-11-23 00:00:00+00:00,16591.61,0.023987143361283714
2022-11-24 00:00:00+00:00,16595.28,0.0002211716744149328
2022-11-25 00:00:00+00:00,16505.15,-0.005445864162608061
2022-11-26 00:00:00+00:00,16452.86,-0.0031731311371405724
2022-11-27 00:00:00+00:00,16420.95,-0.001941363658312767
2022-11-28 00:00:00+00:00,16208.32,-0.013033267975455232
2022-11-29 00:00:00+00:00,16434.33,0.013847748980619912
2022-11-30 00:00:00+00:00,17166.52,0.04358853564708909
2022-12-01 00:00:00+00:00,16975.7,-0.011178065567827744
2022-12-02 00:00:00+00:00,17090.64,0.006748035518842954
2022-12-03 00:00:00+00:00,16891.31,-0.011731656727947737
2022-12-04 00:00:00+00:00,17112.17,0.012990617780781477
2022-12-05 00:00:00+00:00,16958.25,-0.009035465201950643
2022-12-06 00:00:00+00:00,17088.65,0.007660059366195071
2022-12-07 00:00:00+00:00,16836.15,-0.014886140095535794
2022-12-08 00:00:00+00:00,17227.78,0.022994836852557654
2022-12-09 00:00:00+00:00,17129.08,-0.005745593253996262
2022-12-10 00:00:00+00:00,17128.28,-4.6705291952164885e-05
2022-12-11 00:00:00+00:00,17098.97,-0.0017126708785806244
2022-12-12 00:00:00+00:00,17205.18,0.0061922734933457235
2022-12-13 00:00:00+00:00,17773.86,0.03251833734177367
2022-12-14 00:00:00+00:00,17801.02,0.0015269204155821114
2022-12-15 00:00:00+00:00,17359.86,-0.025095114343494984
2022-12-16 00:00:00+00:00,16632.75,-0.042787001349445575
2022-12-17 00:00:00+00:00,16787.44,0.009257344420994684
2022-12-18 00:00:00+00:00,16746.25,-0.0024566351460464375
2022-12-19 00:00:00+00:00,16442.42,-0.018309771867697222
2022-12-20 00:00:00+00:00,16907.57,0.02789686989150475
2022-12-21 00:00:00+00:00,16825.62,-0.004858725855310553
2022-12-22 00:00:00+00:00,16818.52,-0.00042206459165861077
2022-12-23 00:00:00+00:00,16779.25,-0.0023376562124823863
2022-12-24 00:00:00+00:00,16838.78,0.003541555660568463
2022-12-25 00:00:00+00:00,16829.03,-0.0005791882675207916
2022-12-26 00:00:00+00:00,16914.81,0.00508419816936545
2022-12-27 00:00:00+00:00,16696.89,-0.012967095000531614
2022-12-28 00:00:00+00:00,16539.05,-0.009498223106824355
2022-12-29 00:00:00+00:00,16630.47,0.005512303553786069
2022-12-30 00:00:00+00:00,16598.04,-0.0019519388799995596
2022-12-31 00:00:00+00:00,16527.78,-0.004242014558967
2023-01-01 00:00:00+00:00,16613.39,0.005166395176907201
2023-01-02 00:00:00+00:00,16668.34,0.0033021150000944743
2023-01-03 00:00:00+00:00,16669.06,4.319473024949616e-05
2023-01-04 00:00:00+00:00,16854.68,0.011074056591001025
2023-01-05 00:00:00+00:00,16827.4,-0.0016198528098652076
2023-01-06 00:00:00+00:00,16950.98,0.007317139032579689
2023-01-07 00:00:00+00:00,16945.7,-0.00031153493750402106
2023-01-08 00:00:00+00:00,17116.83,0.01004807569055366
2023-01-09 00:00:00+00:00,17191.93,0.004377897653373708
2023-01-10 00:00:00+00:00,17444.02,0.014556808835207491
2023-01-11 00:00:00+00:00,17944.37,0.02827952020518687
2023-01-12 00:00:00+00:00,18852.13,0.0493494881467047
2023-01-13 00:00:00+00:00,19930.78,0.05563936558051985
2023-01-14 00:00:00+00:00,20958.19,0.05026423032390426
2023-01-15 00:00:00+00:00,20880.27,-0.003724806796888913
2023-01-16 00:00:00+00:00,21187.37,0.01460055546331418
2023-01-17 00:00:00+00:00,21142.24,-0.002132314335030472
2023-01-18 00:00:00+00:00,20682.64,-0.021978234026693855
2023-01-19 00:00:00+00:00,21113.41,0.020613682565601366
2023-01-20 00:00:00+00:00,22677.49,0.07146441890864352
2023-01-21 00:00:00+00:00,22782.98,0.00464096342785858
2023-01-22 00:00:00+00:00,22722.23,-0.0026700255241429716
2023-01-23 00:00:00+00:00,22930.46,0.009122417279112227
2023-01-24 00:00:00+00:00,22636.28,-0.012912228843584117
2023-01-25 00:00:00+00:00,23055.75,0.018361267153515826
2023-01-26 00:00:00+00:00,23017.3,-0.0016690889327435343
2023-01-27 00:00:00+00:00,23081.31,0.002777092026782668
2023-01-28 00:00:00+00:00,23036.61,-0.0019385095424020449
2023-01-29 00:00:00+00:00,23754.0,0.03066624776650073
2023-01-30 00:00:00+00:00,22831.4,-0.03961415586966055
2023-01-31 00:00:00+00:00,23131.68,0.013066325067544682
2023-02-01 00:00:00+00:00,23734.61,0.02573121388797439
2023-02-02 00:00:00+00:00,23495.82,-0.010111787449380572
2023-02-03 00:00:00+00:00,23434.5,-0.002613237450596273
2023-02-04 00:00:00+00:00,23316.15,-0.005063042024831432
2023-02-05 00:00:00+00:00,22937.24,-0.016384462912416353
2023-02-06 00:00:00+00:00,22763.72,-0.007593750058452642
2023-02-07 00:00:00+00:00,23255.41,0.02136975259548457
2023-02-08 00:00:00+00:00,22963.39,-0.012636584501629855
2023-02-09 00:00:00+00:00,21792.3,-0.05234451224391634
2023-02-10 00:00:00+00:00,21635.94,-0.007200875542682894
2023-02-11 00:00:00+00:00,21865.9,0.010572524842189068
2023-02-12 00:00:00+00:00,21786.16,-0.003653439892410404
2023-02-13 00:00:00+00:00,21787.67,6.930765556312224e-05
2023-02-14 00:00:00+00:00,22207.84,0.019101166232662337
2023-02-15 00:00:00+00:00,24335.26,0.09148094774056581
2023-02-16 00:00:00+00:00,23518.5,-0.034138981941577384
2023-02-17 00:00:00+00:00,24579.84,0.044139249273024816
2023-02-18 00:00:00+00:00,24638.38,0.0023787949911575623
2023-02-19 00:00:00+00:00,24282.69,-0.014541638921906852
2023-02-20 00:00:00+00:00,24843.62,0.02283722830775936
2023-02-21 00:00:00+00:00,24451.2,-0.015921684665402225
2023-02-22 00:00:00+00:00,24188.9,-0.010785444219207463
2023-02-23 00:00:00+00:00,23944.11,-0.010171485659267177
2023-02-24 00:00:00+00:00,23188.53,-0.03206460472636685
2023-02-25 00:00:00+00:00,23164.48,-0.0010376889077132745
2023-02-26 00:00:00+00:00,23560.0,0.01693028782483097
2023-02-27 00:00:00+00:00,23488.85,-0.0030245183139783194
2023-02-28 00:00:00+00:00,23125.39,-0.01559469234826416
2023-03-01 00:00:00+00:00,23643.61,0.02216174003398841
2023-03-02 00:00:00+00:00,23467.34,-0.00748322088906761
2023-03-03 00:00:00+00:00,22356.17,-0.048507321664944314
2023-03-04 00:00:00+00:00,22347.45,-0.0003901250104849652
2023-03-05 00:00:00+00:00,22426.91,0.0035493565254434145
2023-03-06 00:00:00+00:00,22407.5,-0.0008658528666991572
2023-03-07 00:00:00+00:00,22196.49,-0.009461555979658698
2023-03-08 00:00:00+00:00,21700.29,-0.02260854375730581
2023-03-09 00:00:00+00:00,20365.27,-0.06349462545916928
2023-03-10 00:00:00+00:00,20224.88,-0.006917469377219376
2023-03-11 00:00:00+00:00,20622.9,0.019488579179077092
2023-03-12 00:00:00+00:00,22180.51,0.07281186649077398
2023-03-13 00:00:00+00:00,24207.31,0.08744067831968216
2023-03-14 00:00:00+00:00,24758.17,0.02250088188788979
2023-03-15 00:00:00+00:00,24370.51,-0.01578174076559158
2023-03-16 00:00:00+00:00,25050.95,0.02753795617561039
2023-03-17 00:00:00+00:00,27451.66,0.09151488875196101
2023-03-18 00:00:00+00:00,26985.28,-0.017135107563765573
2023-03-19 00:00:00+00:00,28049.84,0.03869139570095115
2023-03-20 00:00:00+00:00,27804.27,-0.008793321828552081
2023-03-21 00:00:00+00:00,28182.33,0.013505579782167487
2023-03-22 00:00:00+00:00,27315.35,-0.031246370568190684
2023-03-23 00:00:00+00:00,28347.27,0.03708191400263949
2023-03-24 00:00:00+00:00,27494.11,-0.0305589293265367
2023-03-25 00:00:00+00:00,27493.86,-9.092897954587897e-06
2023-03-26 00:00:00+00:00,28005.08,0.018423215274271598
2023-03-27 00:00:00+00:00,27140.69,-0.03135184447810069
2023-03-28 00:00:00+00:00,27269.64,0.004739917637868629
2023-03-29 00:00:00+00:00,28355.96,0.039063241905351376
2023-03-30 00:00:00+00:00,28033.03,-0.01145377955517013
2023-03-31 00:00:00+00:00,28475.18,0.015649372847361676
2023-04-01 00:00:00+00:00,28466.54,-0.0003034681799665151
2023-04-02 00:00:00+00:00,28205.26,-0.009220877094632485
2023-04-03 00:00:00+00:00,27810.35,-0.01410023180555875
2023-04-04 00:00:00+00:00,28177.29,0.013108080783855058
2023-04-05 00:00:00+00:00,28180.5,0.00011391504185809254
2023-04-06 00:00:00+00:00,28045.97,-0.004785299760692752
2023-04-07 00:00:00+00:00,27924.88,-0.004326901911310799
2023-04-08 00:00:00+00:00,27961.99,0.001328040216037607
2023-04-09 00:00:00+00:00,28340.92,0.01346060874815791
2023-04-10 00:00:00+00:00,29657.75,0.045416777403010755
2023-04-11 00:00:00+00:00,30234.15,0.019248606127526102
2023-04-12 00:00:00+00:00,29896.83,-0.011219625506827313
2023-04-13 00:00:00+00:00,30408.19,0.01695952531389544
2023-04-14 00:00:00+00:00,30482.92,0.0024545467316805514
2023-04-15 00:00:00+00:00,30326.26,-0.005152522911521018
2023-04-16 00:00:00+00:00,30325.1,-3.8251409371525824e-05
2023-04-17 00:00:00+00:00,29444.34,-0.02947405096000999
2023-04-18 00:00:00+00:00,30393.21,0.03171752672761663
2023-04-19 00:00:00+00:00,28820.74,-0.05312396134631747
2023-04-20 00:00:00+00:00,28239.96,-0.020357270661756743
2023-04-21 00:00:00+00:00,27268.51,-0.035005439625912516
2023-04-22 00:00:00+00:00,27811.21,0.019706620260777186
2023-04-23 00:00:00+00:00,27579.07,-0.008382025118706338
2023-04-24 00:00:00+00:00,27523.96,-0.0020002536475640653
2023-04-25 00:00:00+00:00,28299.69,0.027793952463554206
2023-04-26 00:00:00+00:00,28431.72,0.004654572779685395
2023-04-27 00:00:00+00:00,29479.26,0.036181541936896267
2023-04-28 00:00:00+00:00,29331.2,-0.0050351693495596095
2023-04-29 00:00:00+00:00,29248.5,-0.002823505580998642
2023-04-30 00:00:00+00:00,29206.84,-0.0014253618934816359
2023-05-01 00:00:00+00:00,28081.73,-0.039283741471711764
2023-05-02 00:00:00+00:00,28681.13,0.021120228287767162
2023-05-03 00:00:00+00:00,29029.2,0.012062804723697695
2023-05-04 00:00:00+00:00,28853.9,-0.0060570541643016895
2023-05-05 00:00:00+00:00,29537.85,0.02342732599329267
2023-05-06 00:00:00+00:00,28907.7,-0.021564496170094927
2023-05-07 00:00:00+00:00,28446.93,-0.01606774947859435
2023-05-08 00:00:00+00:00,27691.18,-0.02692629520096368
2023-05-09 00:00:00+00:00,27648.42,-0.001545367458739122
2023-05-10 00:00:00+00:00,27623.03,-0.0009187384005997501
2023-05-11 00:00:00+00:00,26995.13,-0.022993365712618896
2023-05-12 00:00:00+00:00,26804.63,-0.007081845575921619
2023-05-13 00:00:00+00:00,26785.48,-0.0007146841391119096
2023-05-14 00:00:00+00:00,26927.45,0.0052862627530263495
2023-05-15 00:00:00+00:00,27169.29,0.008941078930583046
2023-05-16 00:00:00+00:00,27034.84,-0.00496088677150297
2023-05-17 00:00:00+00:00,27401.19,0.013460038545535014
2023-05-18 00:00:00+00:00,26819.13,-0.021471004259227655
2023-05-19 00:00:00+00:00,26890.92,0.0026732443091130875
2023-05-20 00:00:00+00:00,27123.67,0.008618095242677981
2023-05-21 00:00:00+00:00,26750.71,-0.013845763354581209
2023-05-22 00:00:00+00:00,26850.24,0.0037137444165544764
2023-05-23 00:00:00+00:00,27222.96,0.013785975419658314
2023-05-24 00:00:00+00:00,26326.26,-0.03349381475957536
2023-05-25 00:00:00+00:00,26476.96,0.005708000730495044
2023-05-26 00:00:00+00:00,26719.9,0.009133685293482685
2023-05-27 00:00:00+00:00,26872.77,0.005704900114409384
2023-05-28 00:00:00+00:00,28076.02,0.04380232495922698
2023-05-29 00:00:00+00:00,27746.0,-0.011824145561574184
2023-05-30 00:00:00+00:00,27692.77,-0.0019203173648207894
2023-05-31 00:00:00+00:00,27218.52,-0.017273744334044494
2023-06-01 00:00:00+00:00,26822.46,-0.014658027717317168
2023-06-02 00:00:00+00:00,27253.12,0.01592841372564635
2023-06-03 00:00:00+00:00,27075.03,-0.006556109048316827
2023-06-04 00:00:00+00:00,27130.6,0.0020503412456438497
2023-06-05 00:00:00+00:00,25736.49,-0.05275241293207422
2023-06-06 00:00:00+00:00,27239.49,0.05675792940583335
2023-06-07 00:00:00+00:00,26353.11,-0.03308146405083434
2023-06-08 00:00:00+00:00,26507.9,0.005856507184560655
2023-06-09 00:00:00+00:00,26483.04,-0.000938273668056766
2023-06-10 00:00:00+00:00,25851.66,-0.024129712577686036
2023-06-11 00:00:00+00:00,25935.56,0.003240184485827413
2023-06-12 00:00:00+00:00,25900.26,-0.0013619927477499516
2023-06-13 00:00:00+00:00,25930.82,0.0011792153874186084
2023-06-14 00:00:00+00:00,25125.8,-0.031537015984211436
2023-06-15 00:00:00+00:00,25576.24,0.017768588842470123
2023-06-16 00:00:00+00:00,26326.72,0.028920597506843393
2023-06-17 00:00:00+00:00,26511.1,0.006979120198359112
2023-06-18 00:00:00+00:00,26336.83,-0.006595173422109468
2023-06-19 00:00:00+00:00,26836.23,0.018784500446836105
2023-06-20 00:00:00+00:00,28322.5,0.053903701524754766
2023-06-21 00:00:00+00:00,29991.69,0.057263801525062163
2023-06-22 00:00:00+00:00,29892.02,-0.003328788147410222
2023-06-23 00:00:00+00:00,30699.76,0.026663281829859997
2023-06-24 00:00:00+00:00,30550.92,-0.004860037242563564
2023-06-25 00:00:00+00:00,30468.71,-0.00269454435370875
2023-06-26 00:00:00+00:00,30274.68,-0.00638853577049403
2023-06-27 00:00:00+00:00,30686.27,0.013503603678808318
2023-06-28 00:00:00+00:00,30079.78,-0.01996213805995417
2023-06-29 00:00:00+00:00,30458.99,0.012528003451848235
2023-06-30 00:00:00+00:00,30471.34,0.000405381036641117
2023-07-01 00:00:00+00:00,30589.8,0.0038800503435023614
2023-07-02 00:00:00+00:00,30614.94,0.0008215050472841767
2023-07-03 00:00:00+00:00,31153.72,0.01744553514970626
2023-07-04 00:00:00+00:00,30775.39,-0.012218315639984212
2023-07-05 00:00:00+00:00,30510.47,-0.008645441218861905
2023-07-06 00:00:00+00:00,29911.78,-0.01981752065520581
2023-07-07 00:00:00+00:00,30346.96,0.014443965004002024
2023-07-08 00:00:00+00:00,30293.26,-0.0017711022168853674
2023-07-09 00:00:00+00:00,30174.84,-0.003916780960267374
2023-07-10 00:00:00+00:00,30416.14,0.007964924009204566
2023-07-11 00:00:00+00:00,30624.72,0.0068341373898626046
2023-07-12 00:00:00+00:00,30385.63,-0.007837726678818768
2023-07-13 00:00:00+00:00,31475.28,0.035232676552874764
2023-07-14 00:00:00+00:00,30326.29,-0.03718748275554873
2023-07-15 00:00:00+00:00,30295.81,-0.0010055739596097624
2023-07-16 00:00:00+00:00,30246.28,-0.001636217416681518
2023-07-17 00:00:00+00:00,30143.21,-0.003413511194795049
2023-07-18 00:00:00+00:00,29865.92,-0.009241659513103073
2023-07-19 00:00:00+00:00,29917.9,0.0017389324769965242
2023-07-20 00:00:00+00:00,29801.27,-0.003905953424341746
2023-07-21 00:00:00+00:00,29909.28,0.0036177900825418163
2023-07-22 00:00:00+00:00,29786.4,-0.004116886634182748
2023-07-23 00:00:00+00:00,30084.38,0.009954186682127997
2023-07-24 00:00:00+00:00,29178.18,-0.03058493052127531
2023-07-25 00:00:00+00:00,29235.59,0.0019656330514070675
2023-07-26 00:00:00+00:00,29347.89,0.003833850005243278
2023-07-27 00:00:00+00:00,29216.72,-0.004479504579220972
2023-07-28 00:00:00+00:00,29318.51,0.003477909033689386
2023-07-29 00:00:00+00:00,29358.86,0.0013753174813455615
2023-07-30 00:00:00+00:00,29278.61,-0.0027371593659495375
2023-07-31 00:00:00+00:00,29229.17,-0.0016900320527479806
2023-08-01 00:00:00+00:00,29694.98,0.015810824717632954
2023-08-02 00:00:00+00:00,29159.07,-0.018211994325787018
2023-08-03 00:00:00+00:00,29181.41,0.0007658490671289542
2023-08-04 00:00:00+00:00,29077.56,-0.003565120014828338
2023-08-05 00:00:00+00:00,29049.65,-0.000960307647481784
2023-08-06 00:00:00+00:00,29040.4,-0.00031847106615146004
2023-08-07 00:00:00+00:00,29178.49,0.004743830016813888
2023-08-08 00:00:00+00:00,29774.45,0.020218849215149604
2023-08-09 00:00:00+00:00,29562.29,-0.007151080565540369
2023-08-10 00:00:00+00:00,29428.38,-0.004540047774097999
2023-08-11 00:00:00+00:00,29400.37,-0.0009522555592837989
2023-08-12 00:00:00+00:00,29415.57,0.0005168666976462788
2023-08-13 00:00:00+00:00,29280.57,-0.004599969880363375
2023-08-14 00:00:00+00:00,29410.25,0.004419096923063748
2023-08-15 00:00:00+00:00,29169.93,-0.008204868888800121
2023-08-16 00:00:00+00:00,28701.47,-0.01619004318490802
2023-08-17 00:00:00+00:00,26632.06,-0.07483258776710322
2023-08-18 00:00:00+00:00,26049.71,-0.022109117499203634
2023-08-19 00:00:00+00:00,26084.26,0.0013254315778379322
2023-08-20 00:00:00+00:00,26191.86,0.004116608193310611
2023-08-21 00:00:00+00:00,26122.65,-0.002645921385010297
2023-08-22 00:00:00+00:00,26040.98,-0.003131303045114109
2023-08-23 00:00:00+00:00,26429.92,0.01482525070738916
2023-08-24 00:00:00+00:00,26167.24,-0.009988455039962929
2023-08-25 00:00:00+00:00,26050.22,-0.004482033247020567
2023-08-26 00:00:00+00:00,26006.95,-0.001662403467765472
2023-08-27 00:00:00+00:00,26090.02,0.003189055732121915
2023-08-28 00:00:00+00:00,26105.56,0.0005954527360039208
2023-08-29 00:00:00+00:00,27729.76,0.06035788624224736
2023-08-30 00:00:00+00:00,27308.27,-0.01531661798413353
2023-08-31 00:00:00+00:00,25930.41,-0.05177317549312299
2023-09-01 00:00:00+00:00,25799.12,-0.005076028407840383
2023-09-02 00:00:00+00:00,25867.22,0.0026361472261093866
2023-09-03 00:00:00+00:00,25971.62,0.004027873353134481
2023-09-04 00:00:00+00:00,25812.3,-0.00615328089075895
2023-09-05 00:00:00+00:00,25776.99,-0.0013688889889298395
2023-09-06 00:00:00+00:00,25753.46,-0.0009132465031989057
2023-09-07 00:00:00+00:00,26258.14,0.01940704919105052
2023-09-08 00:00:00+00:00,25905.82,-0.013508382319541212
2023-09-09 00:00:00+00:00,25895.87,-0.0003841573555742883
2023-09-10 00:00:00+00:00,25832.62,-0.0024454621242995245
2023-09-11 00:00:00+00:00,25156.56,-0.0265193368824459
2023-09-12 00:00:00+00:00,25835.61,0.02663507531603848
2023-09-13 00:00:00+00:00,26227.16,0.01504174220664467
2023-09-14 00:00:00+00:00,26533.4,0.011608801694926285
2023-09-15 00:00:00+00:00,26605.7,0.0027211618041480534
2023-09-16 00:00:00+00:00,26557.23,-0.001823451545281074
2023-09-17 00:00:00+00:00,26532.87,-0.0009176852825518722
2023-09-18 00:00:00+00:00,26763.6,0.008658413641574825
2023-09-19 00:00:00+00:00,27216.96,0.016797553040246882
2023-09-20 00:00:00+00:00,27126.57,-0.003326618030060402
2023-09-21 00:00:00+00:00,26570.98,-0.020694047575002372
2023-09-22 00:00:00+00:00,26580.24,0.00034843979474707965
2023-09-23 00:00:00+00:00,26582.11,7.03505394614723e-05
2023-09-24 00:00:00+00:00,26249.3,-0.012599111113765105
2023-09-25 00:00:00+00:00,26295.78,0.0017691480200667797
2023-09-26 00:00:00+00:00,26215.23,-0.0030679304465621726
2023-09-27 00:00:00+00:00,26357.28,0.005403978074856042
2023-09-28 00:00:00+00:00,27026.77,0.025083338628927976
2023-09-29 00:00:00+00:00,26910.79,-0.004300534868475481
2023-09-30 00:00:00+00:00,26974.53,0.0023657660278750825
2023-10-01 00:00:00+00:00,27988.03,0.0368838313189368
2023-10-02 00:00:00+00:00,27510.91,-0.017194265501231598
2023-10-03 00:00:00+00:00,27428.97,-0.002982899152906171
2023-10-04 00:00:00+00:00,27792.45,0.013164646960618143
2023-10-05 00:00:00+00:00,27410.24,-0.013847734872653561
2023-10-06 00:00:00+00:00,27948.83,0.01945867205496299
2023-10-07 00:00:00+00:00,27970.93,0.0007904183119027408
2023-10-08 00:00:00+00:00,27935.29,-0.001274992472323433
2023-10-09 00:00:00+00:00,27591.53,-0.01238192253281234
2023-10-10 00:00:00+00:00,27394.19,-0.007177894452645717
2023-10-11 00:00:00+00:00,26869.58,-0.01933615542373701
2023-10-12 00:00:00+00:00,26758.29,-0.004150459817244823
2023-10-13 00:00:00+00:00,26867.39,0.004068951686019062
2023-10-14 00:00:00+00:00,26854.14,-0.0004932845460157154
2023-10-15 00:00:00+00:00,27170.58,0.011714771271428503
2023-10-16 00:00:00+00:00,28514.51,0.04827831023818874
2023-10-17 00:00:00+00:00,28409.35,-0.003694764186079169
2023-10-18 00:00:00+00:00,28330.26,-0.002787824985887255
2023-10-19 00:00:00+00:00,28735.19,0.014192012732699766
2023-10-20 00:00:00+00:00,29681.92,0.03241560215051287
2023-10-21 00:00:00+00:00,29922.14,0.008060568378899902
2023-10-22 00:00:00+00:00,30000.95,0.0026303732147194836
2023-10-23 00:00:00+00:00,33081.52,0.09774577048644062
2023-10-24 00:00:00+00:00,33912.18,0.02479942357799203
2023-10-25 00:00:00+00:00,34501.0,0.01721406723261154
2023-10-26 00:00:00+00:00,34158.87,-0.009966020376554141
2023-10-27 00:00:00+00:00,33915.64,-0.007146023821762881
2023-10-28 00:00:00+00:00,34090.43,0.005140434813787564
2023-10-29 00:00:00+00:00,34537.4,0.013026095101837498
2023-10-30 00:00:00+00:00,34495.93,-0.0012014487781026872
2023-10-31 00:00:00+00:00,34657.29,0.004666747053818199
2023-11-01 00:00:00+00:00,35438.82,0.022299736353993183
2023-11-02 00:00:00+00:00,34938.86,-0.014208152659069384
2023-11-03 00:00:00+00:00,34737.59,-0.005777290887147402
2023-11-04 00:00:00+00:00,35089.16,0.010069864939305617
2023-11-05 00:00:00+00:00,35060.09,-0.0008288043468471784
2023-11-06 00:00:00+00:00,35052.88,-0.0002056680818238732
2023-11-07 00:00:00+00:00,35428.32,0.010653721874371413
2023-11-08 00:00:00+00:00,35634.57,0.005804733782465377
2023-11-09 00:00:00+00:00,36702.78,0.029536267417730855
2023-11-10 00:00:00+00:00,37310.99,0.016435419811712038
2023-11-11 00:00:00+00:00,37148.57,-0.004362643496870433
2023-11-12 00:00:00+00:00,37081.33,-0.0018116693782683768
2023-11-13 00:00:00+00:00,36484.29,-0.016231851470905667
2023-11-14 00:00:00+00:00,35557.37,-0.025734308570655173
2023-11-15 00:00:00+00:00,37886.7,0.06345267861197357
2023-11-16 00:00:00+00:00,36165.52,-0.046493948276811636
2023-11-17 00:00:00+00:00,36622.43,0.01255471548602749
2023-11-18 00:00:00+00:00,36591.25,-0.0008517534396581539
2023-11-19 00:00:00+00:00,37397.27,0.021788566316805813
2023-11-20 00:00:00+00:00,37479.72,0.0022022795874629963
2023-11-21 00:00:00+00:00,35761.22,-0.04693592063684093
2023-11-22 00:00:00+00:00,37425.74,0.04549463693484057
2023-11-23 00:00:00+00:00,37303.79,-0.003263772922245778
2023-11-24 00:00:00+00:00,37737.48,0.011558834988946387
2023-11-25 00:00:00+00:00,37803.9,0.0017585068505798773
2023-11-26 00:00:00+00:00,37454.77,-0.00927820022776693
2023-11-27 00:00:00+00:00,37244.78,-0.005622270901152859
2023-11-28 00:00:00+00:00,37837.27,0.015782794925996768
2023-11-29 00:00:00+00:00,37864.98,0.0007320786697242454
2023-11-30 00:00:00+00:00,37714.12,-0.00399211423142809
2023-12-01 00:00:00+00:00,38702.88,0.025879455729503675
2023-12-02 00:00:00+00:00,39473.02,0.019703384684220282
2023-12-03 00:00:00+00:00,39983.9,0.012859472533389038
2023-12-04 00:00:00+00:00,41985.51,0.04884768566810749
2023-12-05 00:00:00+00:00,44080.04,0.04868251352808706
2023-12-06 00:00:00+00:00,43769.62,-0.007067102865633501
2023-12-07 00:00:00+00:00,43290.88,-0.010997980152025022
2023-12-08 00:00:00+00:00,44189.63,0.020548156904936832
2023-12-09 00:00:00+00:00,43721.02,-0.010661152852728506
2023-12-10 00:00:00+00:00,43780.15,0.0013515249910529548
2023-12-11 00:00:00+00:00,41234.3,-0.059910084039652034
2023-12-12 00:00:00+00:00,41474.11,0.0057989428649865005
2023-12-13 00:00:00+00:00,42888.58,0.033536212893936934
2023-12-14 00:00:00+00:00,43021.42,0.003092541167998064
2023-12-15 00:00:00+00:00,41927.27,-0.02576168064930684
2023-12-16 00:00:00+00:00,42229.63,0.007185656814714392
2023-12-17 00:00:00+00:00,41342.82,-0.02122334063238185
2023-12-18 00:00:00+00:00,42650.17,0.0311324931305883
2023-12-19 00:00:00+00:00,42254.92,-0.009310463134164948
2023-12-20 00:00:00+00:00,43662.01,0.03275759089750352
2023-12-21 00:00:00+00:00,43875.14,0.004869485039041166
2023-12-22 00:00:00+00:00,43997.13,0.0027765318540140527
2023-12-23 00:00:00+00:00,43735.24,-0.005970220065634635
2023-12-24 00:00:00+00:00,42991.26,-0.017157345232162058
2023-12-25 00:00:00+00:00,43591.72,0.013870384842904926
2023-12-26 00:00:00+00:00,42513.61,-0.02504296410314133
2023-12-27 00:00:00+00:00,43455.94,0.021923291268246103
2023-12-28 00:00:00+00:00,42593.45,-0.02004706564322234
2023-12-29 00:00:00+00:00,42072.41,-0.012308304146868565
2023-12-30 00:00:00+00:00,42144.8,0.0017191264785054727
2023-12-31 00:00:00+00:00,42266.32,0.002879243491864969
2024-01-01 00:00:00+00:00,44192.82,0.044571781040737335
2024-01-02 00:00:00+00:00,44955.35,0.017107442520396532
2024-01-03 00:00:00+00:00,42862.96,-0.04766172524648482
2024-01-04 00:00:00+00:00,44213.66,0.031025741388079453
2024-01-05 00:00:00+00:00,44182.83,-0.0006975390369028389
2024-01-06 00:00:00+00:00,43989.09,-0.004394603447465784
2024-01-07 00:00:00+00:00,43941.48,-0.0010828999437304532
2024-01-08 00:00:00+00:00,46989.99,0.06707585162019924
2024-01-09 00:00:00+00:00,46126.67,-0.0185432926361333
2024-01-10 00:00:00+00:00,46669.02,0.011689253573814895
2024-01-11 00:00:00+00:00,46350.12,-0.006856680235870272
2024-01-12 00:00:00+00:00,42775.9,-0.08024902112106957
2024-01-13 00:00:00+00:00,42844.18,0.0015949532977472813
2024-01-14 00:00:00+00:00,41707.37,-0.02689196138451244
2024-01-15 00:00:00+00:00,42492.12,0.01864079517733863
2024-01-16 00:00:00+00:00,43138.55,0.015098381923900561
2024-01-17 00:00:00+00:00,42744.79,-0.009169712287857124
2024-01-18 00:00:00+00:00,41273.73,-0.0350210965087836
2024-01-19 00:00:00+00:00,41621.19,0.008383192477770862
2024-01-20 00:00:00+00:00,41655.29,0.0008189587721734171
2024-01-21 00:00:00+00:00,41556.49,-0.0023746648954752203
2024-01-22 00:00:00+00:00,39495.91,-0.05085658421431205
2024-01-23 00:00:00+00:00,39866.58,0.009341256690818867
2024-01-24 00:00:00+00:00,40073.42,0.005174892709264967
2024-01-25 00:00:00+00:00,39921.75,-0.003791983484509487
2024-01-26 00:00:00+00:00,41814.3,0.046317098131435586
2024-01-27 00:00:00+00:00,42121.2,0.007312790599224073
2024-01-28 00:00:00+00:00,42035.53,-0.0020359638401554747
2024-01-29 00:00:00+00:00,43296.07,0.029546655716327308
2024-01-30 00:00:00+00:00,42958.74,-0.00782174860305318
2024-01-31 00:00:00+00:00,42556.91,-0.009397881147371834
2024-02-01 00:00:00+00:00,43069.5,0.011972850975865867
2024-02-02 00:00:00+00:00,43181.37,0.0025940622449969197
2024-02-03 00:00:00+00:00,42994.05,-0.004347418208801912
2024-02-04 00:00:00+00:00,42570.99,-0.009888698642635418
2024-02-05 00:00:00+00:00,42658.69,0.002057969264990689
2024-02-06 00:00:00+00:00,43083.25,0.009903285833987141
2024-02-07 00:00:00+00:00,44325.66,0.028429451383756188
2024-02-08 00:00:00+00:00,45308.89,0.021939518609299213
2024-02-09 00:00:00+00:00,47140.52,0.03962966794308187
2024-02-10 00:00:00+00:00,47768.67,0.01323705685388532
2024-02-11 00:00:00+00:00,48288.78,0.01082925026388537
2024-02-12 00:00:00+00:00,49953.76,0.033898542000308396
2024-02-13 00:00:00+00:00,49736.56,-0.004357501183251955
2024-02-14 00:00:00+00:00,51834.93,0.041323969981725384
2024-02-15 00:00:00+00:00,51950.82,0.002233255493477415
2024-02-16 00:00:00+00:00,52169.04,0.0041917136561426815
2024-02-17 00:00:00+00:00,51672.5,-0.009563490381037099
2024-02-18 00:00:00+00:00,52144.73,0.009097396586515316
2024-02-19 00:00:00+00:00,51790.48,-0.006816773099023621
2024-02-20 00:00:00+00:00,52271.44,0.009243793017450486
2024-02-21 00:00:00+00:00,51858.53,-0.007930707445719776
2024-02-22 00:00:00+00:00,51268.89,-0.011435298689603357
2024-02-23 00:00:00+00:00,50736.6,-0.010436591824985797
2024-02-24 00:00:00+00:00,51545.5,0.015817369114721203
2024-02-25 00:00:00+00:00,51723.07,0.0034389974608064477
2024-02-26 00:00:00+00:00,54527.97,0.05280987080662847
2024-02-27 00:00:00+00:00,57085.96,0.0458444209834834
2024-02-28 00:00:00+00:00,62512.05,0.09080113614469809
2024-02-29 00:00:00+00:00,61174.59,-0.02162743093673214
2024-03-01 00:00:00+00:00,62446.79,0.020582926907515287
2024-03-02 00:00:00+00:00,62026.12,-0.006759247479786623
2024-03-03 00:00:00+00:00,63159.13,0.018101828101901418
2024-03-04 00:00:00+00:00,68336.78,0.078790713470962
2024-03-05 00:00:00+00:00,63867.08,-0.06764407955869167
2024-03-06 00:00:00+00:00,66112.25,0.03455000628779281
2024-03-07 00:00:00+00:00,66937.66,0.012407683542773995
2024-03-08 00:00:00+00:00,68300.65,0.020157544874381372
2024-03-09 00:00:00+00:00,68497.78,0.0028820526149395675
2024-03-10 00:00:00+00:00,69027.18,0.007699004093481676
2024-03-11 00:00:00+00:00,72113.73,0.043744116042448766
2024-03-12 00:00:00+00:00,71495.59,-0.00860868664371317
2024-03-13 00:00:00+00:00,73125.38,0.022539732643616972
2024-03-14 00:00:00+00:00,71369.73,-0.024301672246037853
2024-03-15 00:00:00+00:00,69500.99,-0.026532832800066686
2024-03-16 00:00:00+00:00,65260.27,-0.06295756862002833
2024-03-17 00:00:00+00:00,68359.49,0.04639696926276038
2024-03-18 00:00:00+00:00,67576.85,-0.011514928940043134
2024-03-19 00:00:00+00:00,61908.62,-0.08760604191517274
2024-03-20 00:00:00+00:00,67860.09,0.09178865875402487
2024-03-21 00:00:00+00:00,65492.25,-0.035516270585068455
2024-03-22 00:00:00+00:00,63817.26,-0.025908128351408877
2024-03-23 00:00:00+00:00,64020.47,0.0031791892918899833
2024-03-24 00:00:00+00:00,67184.2,0.04823522486610443
2024-03-25 00:00:00+00:00,69914.94,0.03984125947083861
2024-03-26 00:00:00+00:00,69995.33,0.001149165230641458
2024-03-27 00:00:00+00:00,69407.21,-0.008437772931719323
2024-03-28 00:00:00+00:00,70789.17,0.019715270291042586
2024-03-29 00:00:00+00:00,69906.31,-0.012550105915080323
2024-03-30 00:00:00+00:00,69630.81,-0.003948775178750807
2024-03-31 00:00:00+00:00,71325.4,0.024045363411989484
2024-04-01 00:00:00+00:00,69681.03,-0.023324390920702598
2024-04-02 00:00:00+00:00,65453.43,-0.06258921689507524
2024-04-03 00:00:00+00:00,65986.87,0.0081168854415683
2024-04-04 00:00:00+00:00,68523.88,0.03772651481400402
2024-04-05 00:00:00+00:00,67854.81,-0.00981202221443489
2024-04-06 00:00:00+00:00,68901.61,0.015309269504452772
2024-04-07 00:00:00+00:00,69361.29,0.006649385969808463
2024-04-08 00:00:00+00:00,71636.63,0.03227760441145655
2024-04-09 00:00:00+00:00,69136.66,-0.03552140978140095
2024-04-10 00:00:00+00:00,70612.69,0.02112474784417806
2024-04-11 00:00:00+00:00,70020.81,-0.008417389806481879
2024-04-12 00:00:00+00:00,67191.23,-0.04124975052292257
2024-04-13 00:00:00+00:00,64012.26,-0.048468105546161766
2024-04-14 00:00:00+00:00,65754.37,0.026851505213656424
2024-04-15 00:00:00+00:00,63454.71,-0.035599709643726385
2024-04-16 00:00:00+00:00,63824.57,0.00581180284904903
2024-04-17 00:00:00+00:00,61275.6,-0.040756504644997804
2024-04-18 00:00:00+00:00,63507.3,0.03577313863320164
2024-04-19 00:00:00+00:00,63827.16,0.005023945171991784
2024-04-20 00:00:00+00:00,64971.9,0.01777606363832618
2024-04-21 00:00:00+00:00,64954.34,-0.0002703072159544462
2024-04-22 00:00:00+00:00,66850.64,0.02877631565906036
2024-04-23 00:00:00+00:00,66418.2,-0.00648976186414707
2024-04-24 00:00:00+00:00,64274.89,-0.032802073556233324
2024-04-25 00:00:00+00:00,64487.66,0.0033048459145348374
2024-04-26 00:00:00+00:00,63748.7,-0.011525095994930012
2024-04-27 00:00:00+00:00,63425.08,-0.005089424856917546
2024-04-28 00:00:00+00:00,63110.43,-0.004973317743658612
2024-04-29 00:00:00+00:00,63832.28,0.01137296943778665
2024-04-30 00:00:00+00:00,60620.4,-0.05162754842072381
2024-05-01 00:00:00+00:00,58246.65,-0.0399448900278454
2024-05-02 00:00:00+00:00,59080.34,0.01421163249282742
2024-05-03 00:00:00+00:00,62906.43,0.06275017168164787
2024-05-04 00:00:00+00:00,63909.03,0.015812281716652166
2024-05-05 00:00:00+00:00,64033.09,0.0019393150415503158
2024-05-06 00:00:00+00:00,63164.56,-0.013656596620334582
2024-05-07 00:00:00+00:00,62324.61,-0.01338701250574914
2024-05-08 00:00:00+00:00,61181.35,-0.01851396735502675
2024-05-09 00:00:00+00:00,63069.23,0.030390607430028638
2024-05-10 00:00:00+00:00,60787.61,-0.03684702663315775
2024-05-11 00:00:00+00:00,60813.71,0.00042927166252404447
2024-05-12 00:00:00+00:00,61440.95,0.0102612939861082
2024-05-13 00:00:00+00:00,62928.52,0.02392292810800356
2024-05-14 00:00:00+00:00,61551.06,-0.022132404814376727
2024-05-15 00:00:00+00:00,66242.48,0.07345487473659773
2024-05-16 00:00:00+00:00,65246.52,-0.015149237542489757
2024-05-17 00:00:00+00:00,67049.26,0.027254861679692155
2024-05-18 00:00:00+00:00,66925.08,-0.0018537883532374622
2024-05-19 00:00:00+00:00,66262.1,-0.009955695074815196
2024-05-20 00:00:00+00:00,71402.46,0.07471423283469747
2024-05-21 00:00:00+00:00,70137.26,-0.017878143312234585
2024-05-22 00:00:00+00:00,69118.45,-0.01463247974545645
2024-05-23 00:00:00+00:00,67939.01,-0.017211308530466596
2024-05-24 00:00:00+00:00,68537.01,0.008763500388452528
2024-05-25 00:00:00+00:00,69280.08,0.010783527654096403
2024-05-26 00:00:00+00:00,68476.65,-0.011664607743552935
2024-05-27 00:00:00+00:00,69374.69,0.013029292343775367
2024-05-28 00:00:00+00:00,68318.3,-0.015344437321397564
2024-05-29 00:00:00+00:00,67571.99,-0.010984118196569526
2024-05-30 00:00:00+00:00,68346.2,0.011392417358203843
2024-05-31 00:00:00+00:00,67481.38,-0.012734257455871756
2024-06-01 00:00:00+00:00,67724.09,0.003590243215867872
2024-06-02 00:00:00+00:00,67736.32,0.00018056936389321265
2024-06-03 00:00:00+00:00,68796.67,0.015532822052859885
2024-06-04 00:00:00+00:00,70549.82,0.025163784308437798
2024-06-05 00:00:00+00:00,71101.6,0.007790713158598805
2024-06-06 00:00:00+00:00,70758.32,-0.004839713289682024
2024-06-07 00:00:00+00:00,69325.85,-0.020452274266737902
2024-06-08 00:00:00+00:00,69301.12,-0.0003567848343273283
2024-06-09 00:00:00+00:00,69645.72,0.004960180548575721
2024-06-10 00:00:00+00:00,69507.35,-0.001988745855275198
2024-06-11 00:00:00+00:00,67318.17,-0.03200231702231093
2024-06-12 00:00:00+00:00,68245.62,0.01368307082912601
2024-06-13 00:00:00+00:00,66750.16,-0.02215656190030657
2024-06-14 00:00:00+00:00,65994.59,-0.01138392531147403
2024-06-15 00:00:00+00:00,66192.5,0.0029943945037036457
2024-06-16 00:00:00+00:00,66634.49,0.006655147893463109
2024-06-17 00:00:00+00:00,66485.74,-0.002234822790047275
2024-06-18 00:00:00+00:00,65159.04,-0.0201564379165724
2024-06-19 00:00:00+00:00,64959.14,-0.003072593810772517
2024-06-20 00:00:00+00:00,64850.91,-0.0016675138031114756
2024-06-21 00:00:00+00:00,64114.85,-0.011414936684206012
2024-06-22 00:00:00+00:00,64249.51,0.0020980909248891066
2024-06-23 00:00:00+00:00,63178.59,-0.016808619351179388
2024-06-24 00:00:00+00:00,60278.7,-0.04698667043539473
2024-06-25 00:00:00+00:00,61812.25,0.025122757384838934
2024-06-26 00:00:00+00:00,60829.14,-0.01603261441366577
2024-06-27 00:00:00+00:00,61617.12,0.01287080353250758
2024-06-28 00:00:00+00:00,60314.43,-0.021368375416994212
2024-06-29 00:00:00+00:00,60875.04,0.009251859899510606
2024-06-30 00:00:00+00:00,62676.62,0.029165252850232193
2024-07-01 00:00:00+00:00,62840.12,0.0026052316603504266
2024-07-02 00:00:00+00:00,62029.94,-0.012976551286650206
2024-07-03 00:00:00+00:00,60146.01,-0.03084206565476677
2024-07-04 00:00:00+00:00,57039.23,-0.05303582933970574
2024-07-05 00:00:00+00:00,56642.97,-0.006971392264786047
2024-07-06 00:00:00+00:00,58238.75,0.027783056294611086
2024-07-07 00:00:00+00:00,55849.71,-0.041886607724139324
2024-07-08 00:00:00+00:00,56709.69,0.015280762581083351
2024-07-09 00:00:00+00:00,58038.96,0.023169413575715225
2024-07-10 00:00:00+00:00,57750.81,-0.00497713390110377
2024-07-11 00:00:00+00:00,57336.02,-0.007208327765024336
2024-07-12 00:00:00+00:00,57908.22,0.009930295901691366
2024-07-13 00:00:00+00:00,59224.69,0.022479172340851505
2024-07-14 00:00:00+00:00,60806.91,0.02636491807500363
2024-07-15 00:00:00+00:00,64766.28,0.06308166371812085
2024-07-16 00:00:00+00:00,65080.63,0.004841865149135316
2024-07-17 00:00:00+00:00,64125.07,-0.014791567589073296
2024-07-18 00:00:00+00:00,63969.08,-0.0024355534910842636
2024-07-19 00:00:00+00:00,66704.46,0.04187197563563849
2024-07-20 00:00:00+00:00,67165.89,0.006893712123511975
2024-07-21 00:00:00+00:00,68168.28,0.014813824640000917
2024-07-22 00:00:00+00:00,67597.12,-0.00841397542527389
2024-07-23 00:00:00+00:00,65938.31,-0.024845770635941733
2024-07-24 00:00:00+00:00,65374.59,-0.008585957100217811
2024-07-25 00:00:00+00:00,65789.92,0.006332984251990581
2024-07-26 00:00:00+00:00,67917.55,0.03182783439635628
2024-07-27 00:00:00+00:00,67877.67,-0.0005873550062585053
2024-07-28 00:00:00+00:00,68250.36,0.005475594279438667
2024-07-29 00:00:00+00:00,66770.54,-0.021920743474927562
2024-07-30 00:00:00+00:00,66206.76,-0.008479392768277805
2024-07-31 00:00:00+00:00,64617.57,-0.024296217300765477
2024-08-01 00:00:00+00:00,65391.33,0.011903325635330475
2024-08-02 00:00:00+00:00,61417.56,-0.0626938931176948
2024-08-03 00:00:00+00:00,60673.8,-0.012183813836099233
2024-08-04 00:00:00+00:00,58133.02,-0.042778141030010985
2024-08-05 00:00:00+00:00,53969.0,-0.07432402523739867
2024-08-06 00:00:00+00:00,56075.47,0.038288654356300356
2024-08-07 00:00:00+00:00,55081.98,-0.01787584107611906
2024-08-08 00:00:00+00:00,61700.34,0.11346682050423595
2024-08-09 00:00:00+00:00,60856.81,-0.013765713715473638
2024-08-10 00:00:00+00:00,60898.85,0.0006905634065894617
2024-08-11 00:00:00+00:00,58716.14,-0.03649964467136968
2024-08-12 00:00:00+00:00,59361.1,0.010924483233981874
2024-08-13 00:00:00+00:00,60600.31,0.02066087888900192
2024-08-14 00:00:00+00:00,58716.5,-0.03157923094854986
2024-08-15 00:00:00+00:00,57523.76,-0.020522697781371946
2024-08-16 00:00:00+00:00,58886.2,0.02340868794630957
2024-08-17 00:00:00+00:00,59458.15,0.00966593594228371
2024-08-18 00:00:00+00:00,58440.02,-0.017271774618619062
2024-08-19 00:00:00+00:00,59490.21,0.017810832084839134
2024-08-20 00:00:00+00:00,59011.57,-0.008078234823416963
2024-08-21 00:00:00+00:00,61168.07,0.03589179496741579
2024-08-22 00:00:00+00:00,60377.7,-0.013005489872925935
2024-08-23 00:00:00+00:00,64090.63,0.059678343924787214
2024-08-24 00:00:00+00:00,64182.25,0.0014285173230774717
2024-08-25 00:00:00+00:00,64306.5,0.0019340220638639494
2024-08-26 00:00:00+00:00,62848.19,-0.02293857888699158
2024-08-27 00:00:00+00:00,59443.25,-0.0557000599944697
2024-08-28 00:00:00+00:00,59029.91,-0.006977811297016245
2024-08-29 00:00:00+00:00,59369.41,0.0057348459512915895
2024-08-30 00:00:00+00:00,59110.54,-0.004369860249626711
2024-08-31 00:00:00+00:00,58974.27,-0.002308003213812526
2024-09-01 00:00:00+00:00,57301.13,-0.028780902796672336
2024-09-02 00:00:00+00:00,59130.01,0.03141823465748317
2024-09-03 00:00:00+00:00,57481.23,-0.028280119222349853
2024-09-04 00:00:00+00:00,57966.49,0.00840662522963953
2024-09-05 00:00:00+00:00,56159.2,-0.03167457035705468
2024-09-06 00:00:00+00:00,53953.33,-0.04007110098419098
2024-09-07 00:00:00+00:00,54149.04,0.0036208311403331805
2024-09-08 00:00:00+00:00,54849.59,0.012854467003679204
2024-09-09 00:00:00+00:00,57059.85,0.039506005208449935
2024-09-10 00:00:00+00:00,57654.6,0.01036931840910249
2024-09-11 00:00:00+00:00,57342.1,-0.0054349519462153495
2024-09-12 00:00:00+00:00,58121.28,0.013496778426425493
2024-09-13 00:00:00+00:00,60552.67,0.04098170295608128
2024-09-14 00:00:00+00:00,60007.19,-0.009049176439519968
2024-09-15 00:00:00+00:00,59128.66,-0.014748640731379936
2024-09-16 00:00:00+00:00,58209.07,-0.015674563124914442
2024-09-17 00:00:00+00:00,60315.44,0.03554693950544063
2024-09-18 00:00:00+00:00,61765.92,0.023763632019869974
2024-09-19 00:00:00+00:00,62948.09,0.018958662444125807
2024-09-20 00:00:00+00:00,63197.73,0.003957964297098826
2024-09-21 00:00:00+00:00,63359.98,0.002564049063320084
2024-09-22 00:00:00+00:00,63572.47,0.0033480831496586205
2024-09-23 00:00:00+00:00,63328.96,-0.0038377865226593144
2024-09-24 00:00:00+00:00,64259.43,0.014585754957064268
2024-09-25 00:00:00+00:00,63139.36,-0.017584136560403252
2024-09-26 00:00:00+00:00,65176.77,0.03175877023006102
2024-09-27 00:00:00+00:00,65785.67,0.009298916355220399
2024-09-28 00:00:00+00:00,65869.81,0.0012781847205349806
2024-09-29 00:00:00+00:00,65621.53,-0.003776374855716469
2024-09-30 00:00:00+00:00,63310.28,-0.03585612609501965
2024-10-01 00:00:00+00:00,60819.02,-0.04014514822957871
2024-10-02 00:00:00+00:00,60638.39,-0.002974378148987711
2024-10-03 00:00:00+00:00,60744.38,0.0017463768035224092
2024-10-04 00:00:00+00:00,62077.56,0.02171000332557327
2024-10-05 00:00:00+00:00,62064.77,-0.00020605381009453083
2024-10-06 00:00:00+00:00,62813.69,0.011994526178837006
2024-10-07 00:00:00+00:00,62235.57,-0.009246342103114813
2024-10-08 00:00:00+00:00,62131.64,-0.001671341251331171
2024-10-09 00:00:00+00:00,60580.05,-0.0252897290394678
2024-10-10 00:00:00+00:00,60268.2,-0.005161029509466175
2024-10-11 00:00:00+00:00,62508.93,0.03650482509179298
2024-10-12 00:00:00+00:00,63197.02,0.010947721606411775
2024-10-13 00:00:00+00:00,62846.85,-0.005556333693894189
2024-10-14 00:00:00+00:00,66058.18,0.04983505442314318
2024-10-15 00:00:00+00:00,67060.01,0.015052021286621198
2024-10-16 00:00:00+00:00,67603.54,0.00807245838346482
2024-10-17 00:00:00+00:00,67393.81,-0.003107174603606211
2024-10-18 00:00:00+00:00,68422.81,0.015153074630607222
2024-10-19 00:00:00+00:00,68388.22,-0.0005056609943956403
2024-10-20 00:00:00+00:00,69016.65,0.009147192261540482
2024-10-21 00:00:00+00:00,67347.06,-0.024488530493549376
2024-10-22 00:00:00+00:00,67385.59,0.0005719474982548434
2024-10-23 00:00:00+00:00,66623.08,-0.011380132781074082
2024-10-24 00:00:00+00:00,68157.29,0.022767058281457864
2024-10-25 00:00:00+00:00,66602.53,-0.023075557528157375
2024-10-26 00:00:00+00:00,67012.13,0.0061310829676521905
2024-10-27 00:00:00+00:00,67938.84,0.0137342409174952
2024-10-28 00:00:00+00:00,69917.89,0.02871366484844451
2024-10-29 00:00:00+00:00,72699.34,0.039010752547465444
2024-10-30 00:00:00+00:00,72325.55,-0.005154850697840274
2024-10-31 00:00:00+00:00,70210.35,-0.029681719334424983
2024-11-01 00:00:00+00:00,69466.25,-0.0106547129490977
2024-11-02 00:00:00+00:00,69303.34,-0.0023479218298483318
2024-11-03 00:00:00+00:00,68744.74,-0.00809287675384951
2024-11-04 00:00:00+00:00,67804.39,-0.013773282416059018
2024-11-05 00:00:00+00:00,69376.07,0.022915053258339313
2024-11-06 00:00:00+00:00,75641.16,0.0864585841027452
2024-11-07 00:00:00+00:00,75906.59,0.0035029259281387226
2024-11-08 00:00:00+00:00,76560.12,0.008572809139623772
2024-11-09 00:00:00+00:00,76726.97,0.0021769617505835726
2024-11-10 00:00:00+00:00,80441.23,0.04727357939542287
2024-11-11 00:00:00+00:00,88768.5,0.09850500164932541
2024-11-12 00:00:00+00:00,87961.51,-0.009132524903668227
2024-11-13 00:00:00+00:00,90495.17,0.028397146682642926
2024-11-14 00:00:00+00:00,87319.54,-0.03572221542787268
2024-11-15 00:00:00+00:00,91074.82,0.04210710281156871
2024-11-16 00:00:00+00:00,90574.83,-0.005505006617811503
2024-11-17 00:00:00+00:00,89808.67,-0.008494841349886428
2024-11-18 00:00:00+00:00,90514.79,0.007831744235872407
2024-11-19 00:00:00+00:00,92375.55,0.020349070474754427
2024-11-20 00:00:00+00:00,94364.13,0.021298688885131867
2024-11-21 00:00:00+00:00,98458.13,0.04247035953778422
2024-11-22 00:00:00+00:00,99010.06,0.005590079468195341
2024-11-23 00:00:00+00:00,97784.01,-0.012460394392457275
2024-11-24 00:00:00+00:00,98041.78,0.002632647608674432
2024-11-25 00:00:00+00:00,93004.74,-0.052743254753469415
2024-11-26 00:00:00+00:00,91927.22,-0.011653282578272695
2024-11-27 00:00:00+00:00,95961.3,0.042947808173002144
2024-11-28 00:00:00+00:00,95670.21,-0.003038020457974966
2024-11-29 00:00:00+00:00,97513.45,0.019083352474565274
2024-11-30 00:00:00+00:00,96469.3,-0.010765494193369918
2024-12-01 00:00:00+00:00,97265.07,0.008215108918530944
2024-12-02 00:00:00+00:00,95858.29,-0.01456897687498504
2024-12-03 00:00:00+00:00,95957.51,0.0010345342651572054
2024-12-04 00:00:00+00:00,98764.22,0.028829904091193015
2024-12-05 00:00:00+00:00,97064.67,-0.017357936026316523
2024-12-06 00:00:00+00:00,99891.1,0.028703135208839825
2024-12-07 00:00:00+00:00,99926.44,0.0003537227049079661
2024-12-08 00:00:00+00:00,101191.68,0.012582224733261427
2024-12-09 00:00:00+00:00,97388.94,-0.038303888195382996
2024-12-10 00:00:00+00:00,96653.89,-0.007576198676462198
2024-12-11 00:00:00+00:00,101186.63,0.04583018033788022
2024-12-12 00:00:00+00:00,100037.91,-0.011417419353112024
2024-12-13 00:00:00+00:00,101453.6,0.014052336955206357
2024-12-14 00:00:00+00:00,101402.97,-0.0004991704340788772
2024-12-15 00:00:00+00:00,104411.06,0.0292332278657792
2024-12-16 00:00:00+00:00,106094.54,0.01599497487507584
2024-12-17 00:00:00+00:00,106141.64,0.00044384516130158147
2024-12-18 00:00:00+00:00,100138.54,-0.05821980136418681
2024-12-19 00:00:00+00:00,97409.54,-0.02763047474299718
2024-12-20 00:00:00+00:00,97765.31,0.003645658178189848
2024-12-21 00:00:00+00:00,97209.99,-0.005696326679235142
2024-12-22 00:00:00+00:00,95090.73,-0.022041995503373712
2024-12-23 00:00:00+00:00,94748.67,-0.0036036815348197138
2024-12-24 00:00:00+00:00,98612.29,0.03996809194676487
2024-12-25 00:00:00+00:00,99298.35,0.006933055727406767
2024-12-26 00:00:00+00:00,95684.77,-0.03706981196027748
2024-12-27 00:00:00+00:00,94148.57,-0.016185076179725755
2024-12-28 00:00:00+00:00,95147.13,0.010550363927693596
2024-12-29 00:00:00+00:00,93555.25,-0.016872259519045585
2024-12-30 00:00:00+00:00,92620.67,-0.01003983598230107
2024-12-31 00:00:00+00:00,93369.92,0.008056902803993182
2025-01-01 00:00:00+00:00,94416.74,0.0111491502495209
2025-01-02 00:00:00+00:00,96873.55,0.025688131880825082
2025-01-03 00:00:00+00:00,98126.71,0.012853082882763545
2025-01-04 00:00:00+00:00,98209.68,0.000845182138053957
2025-01-05 00:00:00+00:00,98333.99,0.0012649607751384906
2025-01-06 00:00:00+00:00,102270.44,0.03925093153010373
2025-01-07 00:00:00+00:00,96923.79,-0.053695677545837484
2025-01-08 00:00:00+00:00,95017.55,-0.01986338821888367
2025-01-09 00:00:00+00:00,92537.64,-0.026446130712649563
2025-01-10 00:00:00+00:00,94709.58,0.02319967597012962
2025-01-11 00:00:00+00:00,94569.03,-0.0014851126160806416
2025-01-12 00:00:00+00:00,94457.04,-0.0011849160605521547
2025-01-13 00:00:00+00:00,94502.97,0.0004861346155138335
2025-01-14 00:00:00+00:00,96530.09,0.021223510635467235
2025-01-15 00:00:00+00:00,100514.21,0.04044433732617847
2025-01-16 00:00:00+00:00,99988.01,-0.005248831739391946
2025-01-17 00:00:00+00:00,104112.97,0.04042628079921862
2025-01-18 00:00:00+00:00,104431.68,0.003056518094554761
2025-01-19 00:00:00+00:00,101230.23,-0.0311356500314659
2025-01-20 00:00:00+00:00,102148.14,0.009026684919147598
2025-01-21 00:00:00+00:00,106160.15,0.03852469040355544
2025-01-22 00:00:00+00:00,103641.32,-0.024012710976505147
2025-01-23 00:00:00+00:00,103927.12,0.002753792249057696
2025-01-24 00:00:00+00:00,104827.06,0.008622060407278198
2025-01-25 00:00:00+00:00,104712.39,-0.0010944956803804473
2025-01-26 00:00:00+00:00,102593.4,-0.020443845801784377
2025-01-27 00:00:00+00:00,102087.12,-0.0049470368017701105
2025-01-28 00:00:00+00:00,101308.44,-0.007656841715885321
2025-01-29 00:00:00+00:00,103732.83,0.02364892677473307
2025-01-30 00:00:00+00:00,104740.09,0.009663296682282052
2025-01-31 00:00:00+00:00,102402.19,-0.022573849026082726
2025-02-01 00:00:00+00:00,100663.9,-0.017120854210089576
2025-02-02 00:00:00+00:00,97677.41,-0.03011693058597409
2025-02-03 00:00:00+00:00,101442.06,0.03781748375429572
2025-02-04 00:00:00+00:00,97819.22,-0.03636671680376047
2025-02-05 00:00:00+00:00,96604.91,-0.012491513165821644
2025-02-06 00:00:00+00:00,96582.47,-0.00023231331260831212
2025-02-07 00:00:00+00:00,96522.96,-0.0006163472656766089
2025-02-08 00:00:00+00:00,96474.4,-0.0005032193292660025
2025-02-09 00:00:00+00:00,96479.56,5.348426123141792e-05
2025-02-10 00:00:00+00:00,97462.67,0.010138260457015491
2025-02-11 00:00:00+00:00,95764.17,-0.0175808262272934
2025-02-12 00:00:00+00:00,97873.57,0.02178793706417359
2025-02-13 00:00:00+00:00,96624.27,-0.012846591833239884
2025-02-14 00:00:00+00:00,97508.96,0.009114319318937802
2025-02-15 00:00:00+00:00,97594.36,0.0008754336466854085
2025-02-16 00:00:00+00:00,96148.35,-0.014927393662960142
2025-02-17 00:00:00+00:00,95775.73,-0.0038829986126476257
2025-02-18 00:00:00+00:00,95560.14,-0.002253525083792951
2025-02-19 00:00:00+00:00,96641.24,0.011249777725341303
2025-02-20 00:00:00+00:00,98337.58,0.017400687949866267
2025-02-21 00:00:00+00:00,96130.27,-0.022702002409543454
2025-02-22 00:00:00+00:00,96575.61,0.004621974096513881
2025-02-23 00:00:00+00:00,96274.23,-0.003125543120480856
2025-02-24 00:00:00+00:00,91521.69,-0.050624688376284865
2025-02-25 00:00:00+00:00,88601.32,-0.03242923745016668
2025-02-26 00:00:00+00:00,84074.85,-0.05243928241649698
2025-02-27 00:00:00+00:00,84657.86,0.0069104836889604115
2025-02-28 00:00:00+00:00,84342.42,-0.003733015901694614
2025-03-01 00:00:00+00:00,86031.79,0.01983193782145065
2025-03-02 00:00:00+00:00,94269.55,0.09144135276166665
2025-03-03 00:00:00+00:00,86163.34,-0.08991343468881041
2025-03-04 00:00:00+00:00,87226.26,0.012260635183336532
2025-03-05 00:00:00+00:00,90550.01,0.03739686239730844
2025-03-06 00:00:00+00:00,89918.07,-0.0070033723737346065
2025-03-07 00:00:00+00:00,86715.19,-0.03626985210601674
2025-03-08 00:00:00+00:00,86155.84,-0.006471320868934427
2025-03-09 00:00:00+00:00,80680.89,-0.06565600515727965
2025-03-10 00:00:00+00:00,78554.47,-0.02670947474812735
2025-03-11 00:00:00+00:00,82909.74,0.053960276681136676
2025-03-12 00:00:00+00:00,83666.08,0.009081092294215054
2025-03-13 00:00:00+00:00,81063.71,-0.0315982497675904
2025-03-14 00:00:00+00:00,83979.47,0.03533697549038983
2025-03-15 00:00:00+00:00,84330.08,0.004166258030499748
2025-03-16 00:00:00+00:00,82574.63,-0.02103613174843666
2025-03-17 00:00:00+00:00,84023.04,0.017388556456388926
2025-03-18 00:00:00+00:00,82703.89,-0.015824408539847568
2025-03-19 00:00:00+00:00,86874.54,0.049198370498606536
2025-03-20 00:00:00+00:00,84204.04,-0.031222107812054034
2025-03-21 00:00:00+00:00,84045.7,-0.001882202572744518
2025-03-22 00:00:00+00:00,83832.98,-0.002534212371038791
2025-03-23 00:00:00+00:00,86074.81,0.026390315693792132
2025-03-24 00:00:00+00:00,87511.8,0.016556839569155102
2025-03-25 00:00:00+00:00,87488.92,-0.00026148463995312454
2025-03-26 00:00:00+00:00,86905.68,-0.006688764153137683
2025-03-27 00:00:00+00:00,87209.7,0.003492170639569636
2025-03-28 00:00:00+00:00,84369.46,-0.033110075482726486
2025-03-29 00:00:00+00:00,82620.76,-0.020944507110236543
2025-03-30 00:00:00+00:00,82353.44,-0.003240751995887692
2025-03-31 00:00:00+00:00,82538.87,0.002249105227114967
2025-04-01 00:00:00+00:00,85176.59,0.03145729692340282
2025-04-02 00:00:00+00:00,82513.75,-0.03176168470220908
2025-04-03 00:00:00+00:00,83134.82,0.007498681216977943
2025-04-04 00:00:00+00:00,83851.42,0.008582795791870268
2025-04-05 00:00:00+00:00,83510.85,-0.004069859593720082
2025-04-06 00:00:00+00:00,78342.22,-0.06388989768512765
2025-04-07 00:00:00+00:00,79128.37,0.009984804544702186
2025-04-08 00:00:00+00:00,76255.02,-0.03698822100866295
2025-04-09 00:00:00+00:00,82589.69,0.0798016049485355
2025-04-10 00:00:00+00:00,79595.77,-0.03692390359972819
2025-04-11 00:00:00+00:00,83387.66,0.0465393860518013
2025-04-12 00:00:00+00:00,85274.65,0.02237688714146202
2025-04-13 00:00:00+00:00,83673.34,-0.018956815688952133
2025-04-14 00:00:00+00:00,84573.31,0.010698323963747924
2025-04-15 00:00:00+00:00,83667.55,-0.010767524025997233
2025-04-16 00:00:00+00:00,84029.25,0.004313744339638603
2025-04-17 00:00:00+00:00,84942.51,0.010809722202800742
2025-04-18 00:00:00+00:00,84471.58,-0.005559528289200699
2025-04-19 00:00:00+00:00,85073.04,0.007095035196030608
2025-04-20 00:00:00+00:00,85170.41,0.0011438914168770964
2025-04-21 00:00:00+00:00,87528.15,0.027306382867326562
2025-04-22 00:00:00+00:00,93485.74,0.0658484553839731
2025-04-23 00:00:00+00:00,93722.85,0.002533111614031469
2025-04-24 00:00:00+00:00,94017.14,0.0031350831651977273
2025-04-25 00:00:00+00:00,94752.96,0.007795977506575014
2025-04-26 00:00:00+00:00,94665.01,-0.0009286342401448877
2025-04-27 00:00:00+00:00,93783.55,-0.009354981841786625
2025-04-28 00:00:00+00:00,95022.57,0.013124974832317449
2025-04-29 00:00:00+00:00,94260.78,-0.008049245885066725
2025-04-30 00:00:00+00:00,94202.24,-0.0006212359526323041
2025-05-01 00:00:00+00:00,96518.42,0.024289910465725484
2025-05-02 00:00:00+00:00,96927.19,0.004226207132992599
2025-05-03 00:00:00+00:00,95899.74,-0.010656807363258025
2025-05-04 00:00:00+00:00,94301.73,-0.01680373555193526
2025-05-05 00:00:00+00:00,94740.3,0.00463992887537934
2025-05-06 00:00:00+00:00,96828.08,0.02179757080961764
2025-05-07 00:00:00+00:00,97048.16,0.002270315274635948
2025-05-08 00:00:00+00:00,103270.45,0.06214392504729993
2025-05-09 00:00:00+00:00,102988.08,-0.0027380218059835926
2025-05-10 00:00:00+00:00,104805.47,0.01749271180405998
2025-05-11 00:00:00+00:00,104124.44,-0.0065192428600528984
2025-05-12 00:00:00+00:00,102812.35,-0.012681240329222021
2025-05-13 00:00:00+00:00,104148.11,0.012908538646758672
2025-05-14 00:00:00+00:00,103549.94,-0.005760012227622013
2025-05-15 00:00:00+00:00,103772.86,0.0021504637782996383
2025-05-16 00:00:00+00:00,103509.54,-0.002540689818784969
2025-05-17 00:00:00+00:00,103203.0,-0.002965859978326435
2025-05-18 00:00:00+00:00,106488.3,0.03133719756720588
2025-05-19 00:00:00+00:00,105624.86,-0.008141359726918651
2025-05-20 00:00:00+00:00,106865.01,0.011672688971103184
2025-05-21 00:00:00+00:00,109667.02,0.025882234772794277
2025-05-22 00:00:00+00:00,111715.47,0.018506508480253814
2025-05-23 00:00:00+00:00,107324.05,-0.04010243000429092
2025-05-24 00:00:00+00:00,107802.53,0.004448365134717136
2025-05-25 00:00:00+00:00,109033.89,0.0113576237482782
2025-05-26 00:00:00+00:00,109470.5,0.003996355231910442
2025-05-27 00:00:00+00:00,108984.16,-0.004452555999346686
2025-05-28 00:00:00+00:00,107808.18,-0.01084901371043756
2025-05-29 00:00:00+00:00,105578.66,-0.020897269340416358
2025-05-30 00:00:00+00:00,104014.12,-0.014929608360905178
2025-05-31 00:00:00+00:00,104648.34,0.006078927211394358
2025-06-01 00:00:00+00:00,105695.41,0.009955880778447224
2025-06-02 00:00:00+00:00,105899.07,0.001925003552935678
2025-06-03 00:00:00+00:00,105450.15,-0.004248141300232433
2025-06-04 00:00:00+00:00,104742.65,-0.006731940122893576
2025-06-05 00:00:00+00:00,101561.59,-0.030840976792068986
2025-06-06 00:00:00+00:00,104397.58,0.027541082619331192
2025-06-07 00:00:00+00:00,105613.45,0.01157923548261408
2025-06-08 00:00:00+00:00,105742.15,0.0012178529067323751
2025-06-09 00:00:00+00:00,110302.36,0.042221738730171765
2025-06-10 00:00:00+00:00,110256.57,-0.0004152178345986357
2025-06-11 00:00:00+00:00,108686.3,-0.014344353162677237
2025-06-12 00:00:00+00:00,105730.16,-0.027575563193634522
2025-06-13 00:00:00+00:00,106118.65,0.0036676197093470364
2025-06-14 00:00:00+00:00,105464.48,-0.006183593979802282
2025-06-15 00:00:00+00:00,105601.6,0.00129930891112906
2025-06-16 00:00:00+00:00,106793.05,0.011219326829735365
2025-06-17 00:00:00+00:00,104581.16,-0.0209294288167996
2025-06-18 00:00:00+00:00,104908.35,0.003123691167589371
2025-06-19 00:00:00+00:00,104681.67,-0.002163080936627537
2025-06-20 00:00:00+00:00,103305.64,-0.01323205802376215
2025-06-21 00:00:00+00:00,102139.4,-0.01135342598061051
2025-06-22 00:00:00+00:00,101003.3,-0.011185357337227586
2025-06-23 00:00:00+00:00,105427.88,0.04287392768324416
2025-06-24 00:00:00+00:00,106131.9,0.006655542927727964
2025-06-25 00:00:00+00:00,107394.83,0.011829382927697196
2025-06-26 00:00:00+00:00,106989.98,-0.0037768578963568444
2025-06-27 00:00:00+00:00,107106.8,0.0010912822845217107
2025-06-28 00:00:00+00:00,107344.69,0.002218591230841227
2025-06-29 00:00:00+00:00,108387.99,0.00967223077707402
2025-06-30 00:00:00+00:00,107158.96,-0.011403949994111429
2025-07-01 00:00:00+00:00,105705.62,-0.013655278705503093
2025-07-02 00:00:00+00:00,108877.49,0.029565244365249654
2025-07-03 00:00:00+00:00,109639.16,0.006971304792593003
2025-07-04 00:00:00+00:00,108042.84,-0.014666794828341878
2025-07-05 00:00:00+00:00,108237.37,0.001798870571258604
2025-07-06 00:00:00+00:00,109219.66,0.009034398025471901
2025-07-07 00:00:00+00:00,108284.42,-0.008599799727161184
2025-07-08 00:00:00+00:00,108940.52,0.006040761204795686
2025-07-09 00:00:00+00:00,111291.78,0.021353355892859582
2025-07-10 00:00:00+00:00,116018.28,0.041592363791172815
2025-07-11 00:00:00+00:00,117570.73,0.013292345029453756
2025-07-12 00:00:00+00:00,117433.33,-0.0011693416331297612
2025-07-13 00:00:00+00:00,119130.27,0.014346831946147276
2025-07-14 00:00:00+00:00,119867.15,0.006166445938960763
2025-07-15 00:00:00+00:00,117769.08,-0.017658288192977878
2025-07-16 00:00:00+00:00,118699.39,0.00786840461020688
2025-07-17 00:00:00+00:00,119266.82,0.0047690054435953755
2025-07-18 00:00:00+00:00,118008.79,-0.01060405482338389
2025-07-19 00:00:00+00:00,117952.93,-0.00047346663724390226
2025-07-20 00:00:00+00:00,117341.22,-0.0051995459992966175
2025-07-21 00:00:00+00:00,117433.22,0.0007837310118521401
2025-07-22 00:00:00+00:00,120017.94,0.021771400015991205
2025-07-23 00:00:00+00:00,118802.68,-0.010177266011380581
2025-07-24 00:00:00+00:00,118378.7,-0.0035751579790996857
2025-07-25 00:00:00+00:00,117647.05,-0.006199767131690237
2025-07-26 00:00:00+00:00,117950.48,0.0025758348805222653
2025-07-27 00:00:00+00:00,119425.87,0.012430968789949759
2025-07-28 00:00:00+00:00,118019.66,-0.011844623399111853
2025-07-29 00:00:00+00:00,117930.0,-0.0007599926553449876
2025-07-30 00:00:00+00:00,117830.44,-0.0008445861902721674
2025-07-31 00:00:00+00:00,115746.45,-0.01784461896201961
2025-08-01 00:00:00+00:00,113275.22,-0.021581590222151448
2025-08-02 00:00:00+00:00,112526.77,-0.006629283834337585
2025-08-03 00:00:00+00:00,114220.2,0.014937015348914784
2025-08-04 00:00:00+00:00,115054.07,0.0072740275371607765
2025-08-05 00:00:00+00:00,114117.46,-0.008173922954616941
2025-08-06 00:00:00+00:00,115034.89,0.00800720482920525
2025-08-07 00:00:00+00:00,117507.55,0.021267113185315267
2025-08-08 00:00:00+00:00,116684.04,-0.007032817824645932
2025-08-09 00:00:00+00:00,116501.07,-0.001569311501498305
2025-08-10 00:00:00+00:00,119305.94,0.02379066079569192
2025-08-11 00:00:00+00:00,118696.94,-0.005117596300777905
2025-08-12 00:00:00+00:00,120108.59,0.01182272825061581
2025-08-13 00:00:00+00:00,123374.49,0.02682811374803684
2025-08-14 00:00:00+00:00,118377.79,-0.04134324361221964
2025-08-15 00:00:00+00:00,117428.0,-0.008055740585302118
2025-08-16 00:00:00+00:00,117460.36,0.0002755351538468176
2025-08-17 00:00:00+00:00,117453.81,-5.576504815962835e-05
2025-08-18 00:00:00+00:00,116254.92,-0.010259783762130326
2025-08-19 00:00:00+00:00,112856.14,-0.029671455862212426
2025-08-20 00:00:00+00:00,114277.59,0.012516578295455716
2025-08-21 00:00:00+00:00,112467.83,-0.01596326338994558
2025-08-22 00:00:00+00:00,116883.27,0.03850851926798171
2025-08-23 00:00:00+00:00,115374.89,-0.01298900505403644
2025-08-24 00:00:00+00:00,113476.16,-0.0165939686035248
2025-08-25 00:00:00+00:00,110128.91,-0.029941182072368733
2025-08-26 00:00:00+00:00,111794.89,0.01501426432357178
2025-08-27 00:00:00+00:00,111268.06,-0.004723608107692456
2025-08-28 00:00:00+00:00,112574.94,0.011676888259714246
2025-08-29 00:00:00+00:00,108376.19,-0.03801071777689913
2025-08-30 00:00:00+00:00,108815.74,0.004047577643342848
2025-08-31 00:00:00+00:00,108258.68,-0.00513244465044238
2025-09-01 00:00:00+00:00,109252.77,0.009140639919870353
2025-09-02 00:00:00+00:00,111232.62,0.017959495777546408
2025-09-03 00:00:00+00:00,111746.8,0.004611913614025909
2025-09-04 00:00:00+00:00,110709.15,-0.009329105611577404
2025-09-05 00:00:00+00:00,110652.05,-0.0005158989133278169
2025-09-06 00:00:00+00:00,110227.77,-0.003841731868719833
2025-09-07 00:00:00+00:00,111141.25,0.00825305352099015
2025-09-08 00:00:00+00:00,112078.53,0.008397871446762295
2025-09-09 00:00:00+00:00,111530.79,-0.004899090033715581
2025-09-10 00:00:00+00:00,113978.11,0.021705716135572928
2025-09-11 00:00:00+00:00,115524.18,0.013473446287502355
2025-09-12 00:00:00+00:00,116111.83,0.005073919730676835
2025-09-13 00:00:00+00:00,115971.79,-0.0012068065552934826
2025-09-14 00:00:00+00:00,115353.84,-0.005342697823133236
2025-09-15 00:00:00+00:00,115406.33,0.0004549312032953168
2025-09-16 00:00:00+00:00,116815.85,0.012139557986275307
2025-09-17 00:00:00+00:00,116438.61,-0.003234581914590251
2025-09-18 00:00:00+00:00,117111.37,0.005761181061190612
2025-09-19 00:00:00+00:00,115690.18,-0.012209606467145306
2025-09-20 00:00:00+00:00,115738.27,0.0004155928166333922
2025-09-21 00:00:00+00:00,115314.18,-0.0036709455039094507
2025-09-22 00:00:00+00:00,112736.57,-0.022606545028187597
2025-09-23 00:00:00+00:00,112015.34,-0.0064180320041646866
2025-09-24 00:00:00+00:00,113330.7,0.01167426717598019
2025-09-25 00:00:00+00:00,109035.44,-0.03863712637999406
2025-09-26 00:00:00+00:00,109694.55,0.006026718100962114
2025-09-27 00:00:00+00:00,109678.4,-0.0001472378434002053
2025-09-28 00:00:00+00:00,112190.35,0.022644535004040733
2025-09-29 00:00:00+00:00,114397.76,0.01948451607477253
2025-09-30 00:00:00+00:00,114041.89,-0.0031156612950447027
2025-10-01 00:00:00+00:00,118603.6,0.03922100319510946
2025-10-02 00:00:00+00:00,120606.87,0.01674940761027699
2025-10-03 00:00:00+00:00,122284.8,0.013816502578205103
2025-10-04 00:00:00+00:00,122433.69,0.0012168268803183224
2025-10-05 00:00:00+00:00,123521.74,0.00884759566153015
2025-10-06 00:00:00+00:00,124731.83,0.009748899756027996
2025-10-07 00:00:00+00:00,121402.47,-0.027054848338663007
2025-10-08 00:00:00+00:00,123335.27,0.015795195167399356
2025-10-09 00:00:00+00:00,121694.58,-0.01339195629147305
2025-10-10 00:00:00+00:00,112975.99,-0.07433914499849159
2025-10-11 00:00:00+00:00,110777.34,-0.01965307749737022
2025-10-12 00:00:00+00:00,115073.91,0.03805237681277873
2025-10-13 00:00:00+00:00,115235.92,0.0014068876410746611
2025-10-14 00:00:00+00:00,113075.48,-0.018925944891046598
2025-10-15 00:00:00+00:00,110795.9,-0.020365790306625442
2025-10-16 00:00:00+00:00,108216.19,-0.023558784485308237
2025-10-17 00:00:00+00:00,106474.77,-0.016222929857658386
2025-10-18 00:00:00+00:00,107211.51,0.006895556600547081
2025-10-19 00:00:00+00:00,108693.1,0.013724702375478515
2025-10-20 00:00:00+00:00,110575.51,0.017170321346396733
2025-10-21 00:00:00+00:00,108376.84,-0.020084222955947695
2025-10-22 00:00:00+00:00,107611.95,-0.007082712001341918
2025-10-23 00:00:00+00:00,110106.92,0.022920192665713657
2025-10-24 00:00:00+00:00,111031.25,0.00835979951499688
2025-10-25 00:00:00+00:00,111664.5,0.005687146762340944
2025-10-26 00:00:00+00:00,114529.03,0.025329487993452915
2025-10-27 00:00:00+00:00,114127.48,-0.003512258739469587
2025-10-28 00:00:00+00:00,112918.9,-0.01064620730963206
2025-10-29 00:00:00+00:00,110045.98,-0.025771583473240156
2025-10-30 00:00:00+00:00,108303.55,-0.015960345668325715
2025-10-31 00:00:00+00:00,109568.86,0.011615277269001467
2025-11-01 00:00:00+00:00,110069.11,0.004555231183577035
2025-11-02 00:00:00+00:00,110550.0,0.004359466064450146
2025-11-03 00:00:00+00:00,106555.51,-0.036801837285004524
2025-11-04 00:00:00+00:00,101474.5,-0.048858534627630235
2025-11-05 00:00:00+00:00,103890.23,0.023527325569233426
2025-11-06 00:00:00+00:00,101287.19,-0.02537491377273504
2025-11-07 00:00:00+00:00,103286.67,0.01954837898535544
2025-11-08 00:00:00+00:00,102292.69,-0.009670112268720388
2025-11-09 00:00:00+00:00,104708.83,0.023345236615101683
2025-11-10 00:00:00+00:00,105959.08,0.011869531325412908
2025-11-11 00:00:00+00:00,103024.59,-0.028085284244104614
2025-11-12 00:00:00+00:00,101660.3,-0.013330834572780503
2025-11-13 00:00:00+00:00,99667.98,-0.019792401134301585
2025-11-14 00:00:00+00:00,94507.94,-0.053160609759144606
2025-11-15 00:00:00+00:00,95510.19,0.010549091231020213
2025-11-16 00:00:00+00:00,94193.78,-0.01387879368689049
2025-11-17 00:00:00+00:00,92103.85,-0.02243740490199464
2025-11-18 00:00:00+00:00,92924.16,0.008866931818163337
2025-11-19 00:00:00+00:00,91469.33,-0.01577995175893676
2025-11-20 00:00:00+00:00,86533.29,-0.05547452944421494
2025-11-21 00:00:00+00:00,85085.42,-0.016873502339837643
2025-11-22 00:00:00+00:00,84686.62,-0.004698073175326556
2025-11-23 00:00:00+00:00,86801.01,0.0246606376671874
2025-11-24 00:00:00+00:00,88273.79,0.016824977012088738
2025-11-25 00:00:00+00:00,87317.17,-0.010896112927024859
2025-11-26 00:00:00+00:00,90492.65,0.03572151030973991
2025-11-27 00:00:00+00:00,91314.85,0.009044793039045373
2025-11-28 00:00:00+00:00,90914.72,-0.00439150071035499
2025-11-29 00:00:00+00:00,90848.66,-0.0007268791206289649
2025-11-30 00:00:00+00:00,90378.52,-0.005188416601386692
2025-12-01 00:00:00+00:00,86320.3,-0.04594183216072345
2025-12-02 00:00:00+00:00,91325.76,0.056368098189839344
2025-12-03 00:00:00+00:00,93459.3,0.023093152835105712
2025-12-04 00:00:00+00:00,92103.34,-0.014614839875878971
2025-12-05 00:00:00+00:00,89358.34,-0.030256629489045395
2025-12-06 00:00:00+00:00,89243.12,-0.0012902471904112645
2025-12-07 00:00:00+00:00,90413.67,0.013031141926507672
2025-12-08 00:00:00+00:00,90651.35,0.0026253567532528166
2025-12-09 00:00:00+00:00,92693.34,0.022275795797231268
2025-12-10 00:00:00+00:00,92019.62,-0.0072948101489256345
2025-12-11 00:00:00+00:00,92517.68,0.005397946207784443
2025-12-12 00:00:00+00:00,90262.4,-0.02467877749263181
2025-12-13 00:00:00+00:00,90270.02,8.441697069727638e-05
2025-12-14 00:00:00+00:00,88162.54,-0.023623244625751383
2025-12-15 00:00:00+00:00,86422.83,-0.01993027922492807
2025-12-16 00:00:00+00:00,87833.56,0.01619178293823076
2025-12-17 00:00:00+00:00,86211.4,-0.018641240449783325
2025-12-18 00:00:00+00:00,85471.25,-0.008622357419749704
2025-12-19 00:00:00+00:00,88108.06,0.030383953618503767
2025-12-20 00:00:00+00:00,88343.31,0.002666458632603508
2025-12-21 00:00:00+00:00,88616.96,0.0030927870773407307
2025-12-22 00:00:00+00:00,88492.84,-0.0014016166278736364
2025-12-23 00:00:00+00:00,87435.51,-0.012020151733125317
2025-12-24 00:00:00+00:00,87615.81,0.0020599680568889056
2025-12-25 00:00:00+00:00,87191.97,-0.00484922159125567
2025-12-26 00:00:00+00:00,87309.17,0.0013432579021817048
2025-12-27 00:00:00+00:00,87828.41,0.005929527190470907
2025-12-28 00:00:00+00:00,87856.23,0.00031670384198179136
2025-12-29 00:00:00+00:00,87149.0,-0.00808243102243189
2025-12-30 00:00:00+00:00,88439.35,0.014697708915786478
2025-12-31 00:00:00+00:00,87505.62,-0.010613986474247383
2026-01-01 00:00:00+00:00,88738.14,0.013986765750486185
2026-01-02 00:00:00+00:00,89954.16,0.013610421619732804
2026-01-03 00:00:00+00:00,90596.6,0.0071164775082870335
2026-01-04 00:00:00+00:00,91529.94,0.01024944712275655
2026-01-05 00:00:00+00:00,93876.01,0.025308737140743887
2026-01-06 00:00:00+00:00,93732.44,-0.0015305283746673837
2026-01-07 00:00:00+00:00,91314.02,-0.02614000513461079
2026-01-08 00:00:00+00:00,91032.14,-0.0030917045309024616
2026-01-09 00:00:00+00:00,90493.77,-0.00593162241694678
2026-01-10 00:00:00+00:00,90393.67,-0.0011067657347361148
2026-01-11 00:00:00+00:00,90866.06,0.005212311300452299
2026-01-12 00:00:00+00:00,91197.69,0.0036430136891087983
2026-01-13 00:00:00+00:00,95380.66,0.04484626472366493
2026-01-14 00:00:00+00:00,96939.05,0.01620659795719881
2026-01-15 00:00:00+00:00,95565.09,-0.01427484448949734
2026-01-16 00:00:00+00:00,95520.15,-0.0004703660086828876
2026-01-17 00:00:00+00:00,95099.3,-0.0044156111435391665
2026-01-18 00:00:00+00:00,93626.73,-0.015605689213982643
2026-01-19 00:00:00+00:00,92572.85,-0.011320017519949488
2026-01-20 00:00:00+00:00,88323.72,-0.04698720091034758
2026-01-21 00:00:00+00:00,89384.48,0.011938364112225486
2026-01-22 00:00:00+00:00,89457.62,0.0008179282627249762
2026-01-23 00:00:00+00:00,89495.37,0.0004218985171462464
2026-01-24 00:00:00+00:00,89094.48,-0.004489512403443641
2026-01-25 00:00:00+00:00,86577.94,-0.028652330988668595
2026-01-26 00:00:00+00:00,88295.88,0.019648398697713176
2026-01-27 00:00:00+00:00,89121.0,0.009301549537177323
2026-01-28 00:00:00+00:00,89161.31,0.0004522041551613398
2026-01-29 00:00:00+00:00,84563.99,-0.052938675217786724
2026-01-30 00:00:00+00:00,84128.63,-0.005161588770999259
2026-01-31 00:00:00+00:00,78689.3,-0.06683975026746403
2026-02-01 00:00:00+00:00,76894.15,-0.023077386044716874
2026-02-02 00:00:00+00:00,78682.88,0.022995796020310877
2026-02-03 00:00:00+00:00,75657.11,-0.03921417553901918
2026-02-04 00:00:00+00:00,73022.68,-0.03544134345003158
2026-02-05 00:00:00+00:00,62819.75,-0.1505005633490697
2026-02-06 00:00:00+00:00,70522.47,0.1156618679627055
2026-02-07 00:00:00+00:00,69283.81,-0.01772012547258406
2026-02-08 00:00:00+00:00,70328.06,0.014959608725394702
2026-02-09 00:00:00+00:00,70121.03,-0.0029481166442320017
2026-02-10 00:00:00+00:00,68797.46,-0.019055923396404495
2026-02-11 00:00:00+00:00,66983.23,-0.02672453609953429
2026-02-12 00:00:00+00:00,66231.54,-0.011285505024465792
2026-02-13 00:00:00+00:00,68819.37,0.038328461482688425
2026-02-14 00:00:00+00:00,69766.03,0.01366196907342676
2026-02-15 00:00:00+00:00,68785.09,-0.01416020874834878
2026-02-16 00:00:00+00:00,68865.6,0.001169772693193849
2026-02-17 00:00:00+00:00,67476.11,-0.020383169724102146
2026-02-18 00:00:00+00:00,66442.54,-0.015436095309711462
2026-02-19 00:00:00+00:00,66962.52,0.007795545885381117
2026-02-20 00:00:00+00:00,68003.62,0.015427879171610925
2026-02-21 00:00:00+00:00,67992.17,-0.00016838756592463255
2026-02-22 00:00:00+00:00,67646.31,-0.0050997438127584616
2026-02-23 00:00:00+00:00,64650.82,-0.04529201885580392
2026-02-24 00:00:00+00:00,64050.37,-0.009330983755807765
2026-02-25 00:00:00+00:00,67998.18,0.05981113504906155
2026-02-26 00:00:00+00:00,67466.14,-0.007855097721423121
2026-02-27 00:00:00+00:00,65874.73,-0.023870934209220707
2026-02-28 00:00:00+00:00,66985.69,0.01672410630811072
2026-03-01 00:00:00+00:00,65762.78,-0.018424989695972727
2026-03-02 00:00:00+00:00,68821.52,0.04546246193462267
2026-03-03 00:00:00+00:00,68337.8,-0.007053432540457649
2026-03-04 00:00:00+00:00,72726.04,0.06223645053820093
2026-03-05 00:00:00+00:00,70891.82,-0.02554445160975405
2026-03-06 00:00:00+00:00,68128.62,-0.039757663929815834
2026-03-07 00:00:00+00:00,67272.86,-0.01264050281546325
2026-03-08 00:00:00+00:00,65971.71,-0.019530872598906512
2026-03-09 00:00:00+00:00,68441.4,0.03675189091656783
2026-03-10 00:00:00+00:00,69964.87,0.02201535424552503
2026-03-11 00:00:00+00:00,70170.24,0.0029310305893623934
2026-03-12 00:00:00+00:00,70506.0,0.004773523056439188
2026-03-13 00:00:00+00:00,70968.4,0.006536894965682549
2026-03-14 00:00:00+00:00,71222.4,0.0035726681356376133
2026-03-15 00:00:00+00:00,72824.49,0.022244924050198733
2026-03-16 00:00:00+00:00,74883.21,0.02787740010887063
2026-03-17 00:00:00+00:00,73921.3,-0.012928686081375318
2026-03-18 00:00:00+00:00,71273.89,-0.036470952564393144
2026-03-19 00:00:00+00:00,69932.19,-0.019004002937755615
2026-03-20 00:00:00+00:00,70509.07,0.008215295768748021
2026-03-21 00:00:00+00:00,68859.71,-0.023670107567470566
2026-03-22 00:00:00+00:00,67863.56,-0.014572027528933162
2026-03-23 00:00:00+00:00,70903.45,0.043819873509775675
2026-03-24 00:00:00+00:00,70526.42,-0.005331701049479776
2026-03-25 00:00:00+00:00,71306.99,0.01100696769126408
2026-03-26 00:00:00+00:00,68798.57,-0.03581139924106047
2026-03-27 00:00:00+00:00,66365.5,-0.03600561669801827
2026-03-28 00:00:00+00:00,66332.59,-0.0004960131781057697
2026-03-29 00:00:00+00:00,65957.04,-0.005677708961220773
2026-03-30 00:00:00+00:00,66739.68,0.01179605758370883
2026-03-31 00:00:00+00:00,68222.51,0.021974890457135743
2026-04-01 00:00:00+00:00,68084.28,-0.002028219538969367
2026-04-02 00:00:00+00:00,66899.24,-0.01755874267360724
2026-04-03 00:00:00+00:00,66941.3,0.0006285091405722198
2026-04-04 00:00:00+00:00,67293.01,0.005240251986789346
2026-04-05 00:00:00+00:00,68986.3,0.02485156620096518
2026-04-06 00:00:00+00:00,68854.01,-0.0019194681239049771
2026-04-07 00:00:00+00:00,71922.35,0.04359859878928951
2026-04-08 00:00:00+00:00,71119.05,-0.011231831413054394
2026-04-09 00:00:00+00:00,71764.58,0.009035806160039073
2026-04-10 00:00:00+00:00,72985.51,0.01686988872414652
2026-04-11 00:00:00+00:00,73072.8,0.001195276193357131
2026-04-12 00:00:00+00:00,70751.96,-0.03227596516885711
2026-04-13 00:00:00+00:00,74446.92,0.05090614890740852
2026-04-14 00:00:00+00:00,74179.53,-0.0035981521254768722
2026-04-15 00:00:00+00:00,74811.15,0.008478701940829225
2026-04-16 00:00:00+00:00,75169.31,0.004776097910825783
2026-04-17 00:00:00+00:00,77160.52,0.026144891304531015
2026-04-18 00:00:00+00:00,75736.64,-0.018625868060389905
2026-04-19 00:00:00+00:00,73827.55,-0.025530091019508205
2026-04-20 00:00:00+00:00,75884.77,0.027484037327340616
2026-04-21 00:00:00+00:00,76341.96,0.006006716095672715
2026-04-22 00:00:00+00:00,78212.24,0.0242034354410805
2026-04-23 00:00:00+00:00,78279.9,0.0008647080194030821
2026-04-24 00:00:00+00:00,77445.87,-0.010711624346114945
2026-04-25 00:00:00+00:00,77628.01,0.0023490749539032407
2026-04-26 00:00:00+00:00,78659.87,0.013204798650528815
2026-04-27 00:00:00+00:00,77370.97,-0.016521468677987983
2026-04-28 00:00:00+00:00,76341.73,-0.013391936805305704
2026-04-29 00:00:00+00:00,75754.74,-0.007718692147356876
2026-04-30 00:00:00+00:00,76288.91,0.007026563724013002
2026-05-01 00:00:00+00:00,78225.88,0.025072958678951096
2026-05-02 00:00:00+00:00,78661.8,0.005557110944858223
2026-05-03 00:00:00+00:00,78563.38,-0.0012519624764344428
2026-05-04 00:00:00+00:00,79818.46,0.01584911846368975
2026-05-05 00:00:00+00:00,80919.5,0.013700027313994667
2026-05-06 00:00:00+00:00,81436.55,0.0063693560911666225
2026-05-07 00:00:00+00:00,80006.97,-0.01771043355073587
2026-05-08 00:00:00+00:00,80195.56,0.0023543958652290087
2026-05-09 00:00:00+00:00,80677.01,0.00598550066523984
2026-05-10 00:00:00+00:00,82184.58,0.018514040814631372
2026-05-11 00:00:00+00:00,81731.46,-0.005528698157794665
2026-05-12 00:00:00+00:00,80499.27,-0.015190879005606561
2026-05-13 00:00:00+00:00,79294.68,-0.01507707668140057
2026-05-14 00:00:00+00:00,81059.52,0.022012660264012496
2026-05-15 00:00:00+00:00,79066.85,-0.024890002471877892
2026-05-16 00:00:00+00:00,78118.74,-0.012063720325006244
2026-05-17 00:00:00+00:00,77412.0,-0.009088169508041588
2026-05-18 00:00:00+00:00,76956.42,-0.005902519734151568
2026-05-19 00:00:00+00:00,76781.91,-0.002270222070848149
2026-05-20 00:00:00+00:00,77481.38,0.009068583895087912
2026-05-21 00:00:00+00:00,77569.14,0.0011320182527825295
2026-05-22 00:00:00+00:00,75455.18,-0.027630830085509928
2026-05-23 00:00:00+00:00,76673.84,0.016021743500060026
2026-05-24 00:00:00+00:00,76974.73,0.00391660507653846
2026-05-25 00:00:00+00:00,77262.41,0.0037303639525934074
2026-05-26 00:00:00+00:00,75832.23,-0.018684149958156482
2026-05-27 00:00:00+00:00,74347.92,-0.01976770344184864
2026-05-28 00:00:00+00:00,73549.43,-0.010797999537283332
2026-05-29 00:00:00+00:00,73386.12,-0.0022228802661512503
2026-05-30 00:00:00+00:00,73765.16,0.005151716496323289
2026-05-31 00:00:00+00:00,73602.38,-0.0022091712490173165
2026-06-01 00:00:00+00:00,71321.01,-0.03148640774833922
2026-06-02 00:00:00+00:00,66666.82,-0.06748357654290338
2026-06-03 00:00:00+00:00,64034.52,-0.04028506492801931
2026-06-04 00:00:00+00:00,63733.14,-0.0047176344774744194
2026-06-05 00:00:00+00:00,61047.71,-0.043048988856110526
2026-06-06 00:00:00+00:00,60916.41,-0.0021530930690687455
2026-06-07 00:00:00+00:00,63312.63,0.038582238767194355
2026-06-08 00:00:00+00:00,63093.95,-0.0034599499196339423
2026-06-09 00:00:00+00:00,61706.09,-0.02224225595012186
2026-06-10 00:00:00+00:00,61448.97,-0.0041755551672721936
2026-06-11 00:00:00+00:00,63555.15,0.03370095862756273
2026-06-12 00:00:00+00:00,63534.81,-0.00032008823000140296
2026-06-13 00:00:00+00:00,64393.57,0.013425838730659834
2026-06-14 00:00:00+00:00,65717.78,0.020355729522192334
2026-06-15 00:00:00+00:00,66292.51,0.00870740654050195
2026-06-16 00:00:00+00:00,65608.69,-0.01036876277876253
2026-06-17 00:00:00+00:00,64448.52,-0.017841391105022808
2026-06-18 00:00:00+00:00,62901.44,-0.024297708657844197
2026-06-19 00:00:00+00:00,63488.13,0.009283902365298857
2026-06-20 00:00:00+00:00,64255.28,0.012010940095787959
2026-06-21 00:00:00+00:00,63234.37,-0.016015916941872987
2026-06-22 00:00:00+00:00,63956.49,0.011355025965842813
2026-06-23 00:00:00+00:00,62666.66,-0.02037344063226243
2026-06-24 00:00:00+00:00,60983.17,-0.027231643312747522
2026-06-25 00:00:00+00:00,59705.83,-0.021168253894110478
2026-06-26 00:00:00+00:00,59992.89,0.004796384628424022
2026-06-27 00:00:00+00:00,59933.22,-0.000995112822787192
2026-06-28 00:00:00+00:00,59492.96,-0.007372956154064525
2026-06-29 00:00:00+00:00,60141.59,0.01084362929793592
2026-06-30 00:00:00+00:00,58568.57,-0.02650341094751063
2026-07-01 00:00:00+00:00,59956.04,0.023413422450046184
2026-07-02 00:00:00+00:00,59700.01,-0.004279439121310347
