,equity
2020-01-02 00:00:00+00:00,997422.1021584016
2020-01-03 00:00:00+00:00,997940.1490929641
2020-01-04 00:00:00+00:00,999548.1427558475
2020-01-05 00:00:00+00:00,1000808.0653325353
2020-01-06 00:00:00+00:00,999017.6065864458
2020-01-07 00:00:00+00:00,995505.5726965748
2020-01-08 00:00:00+00:00,992315.5783237161
2020-01-09 00:00:00+00:00,995904.3234472154
2020-01-10 00:00:00+00:00,996123.159068586
2020-01-11 00:00:00+00:00,996694.7539426077
2020-01-12 00:00:00+00:00,995594.6517612267
2020-01-13 00:00:00+00:00,995853.5235169553
2020-01-14 00:00:00+00:00,992402.8945078617
2020-01-15 00:00:00+00:00,992079.0761986445
2020-01-16 00:00:00+00:00,992678.9623312844
2020-01-17 00:00:00+00:00,992670.8320685957
2020-01-18 00:00:00+00:00,992771.8853426748
2020-01-19 00:00:00+00:00,992688.1123393357
2020-01-20 00:00:00+00:00,992917.5401457502
2020-01-21 00:00:00+00:00,992941.3731399189
2020-01-22 00:00:00+00:00,992893.4040717417
2020-01-23 00:00:00+00:00,992925.5350026698
2020-01-24 00:00:00+00:00,992856.5654051858
2020-01-25 00:00:00+00:00,992786.4581266794
2020-01-26 00:00:00+00:00,992647.3714354925
2020-01-27 00:00:00+00:00,992524.6258955654
2020-01-28 00:00:00+00:00,992400.4411446252
2020-01-29 00:00:00+00:00,992269.6825061475
2020-01-30 00:00:00+00:00,992140.3338779873
2020-01-31 00:00:00+00:00,991791.2305297288
2020-02-01 00:00:00+00:00,991791.2305297288
2020-02-02 00:00:00+00:00,992391.8990485547
2020-02-03 00:00:00+00:00,992724.1095643028
2020-02-04 00:00:00+00:00,993931.9119458846
2020-02-05 00:00:00+00:00,991589.6317356825
2020-02-06 00:00:00+00:00,990632.648239887
2020-02-07 00:00:00+00:00,992308.5511096955
2020-02-08 00:00:00+00:00,993776.7037902266
2020-02-09 00:00:00+00:00,993294.4338674382
2020-02-10 00:00:00+00:00,994232.6164214152
2020-02-11 00:00:00+00:00,992755.4350243141
2020-02-12 00:00:00+00:00,991492.7690276692
2020-02-13 00:00:00+00:00,992144.2334086115
2020-02-14 00:00:00+00:00,992913.1466893363
2020-02-15 00:00:00+00:00,991996.3802120202
2020-02-16 00:00:00+00:00,993191.8930899712
2020-02-17 00:00:00+00:00,994009.9985464863
2020-02-18 00:00:00+00:00,992654.9922625065
2020-02-19 00:00:00+00:00,987683.105979752
2020-02-20 00:00:00+00:00,989454.6660793126
2020-02-21 00:00:00+00:00,993476.3595532194
2020-02-22 00:00:00+00:00,995798.4711569698
2020-02-23 00:00:00+00:00,995077.6773108034
2020-02-24 00:00:00+00:00,993583.6520601913
2020-02-25 00:00:00+00:00,991310.2410667915
2020-02-26 00:00:00+00:00,985340.7186533271
2020-02-27 00:00:00+00:00,985977.2481800973
2020-02-28 00:00:00+00:00,985924.5266222731
2020-02-29 00:00:00+00:00,985924.5266222731
2020-03-01 00:00:00+00:00,985924.5266222731
2020-03-02 00:00:00+00:00,983822.3654819516
2020-03-03 00:00:00+00:00,985716.3206509907
2020-03-04 00:00:00+00:00,987056.7972017241
2020-03-05 00:00:00+00:00,987687.3084521191
2020-03-06 00:00:00+00:00,988955.2165496473
2020-03-07 00:00:00+00:00,989004.7443396188
2020-03-08 00:00:00+00:00,976471.625148595
2020-03-09 00:00:00+00:00,972822.2939638216
2020-03-10 00:00:00+00:00,973827.5062116367
2020-03-11 00:00:00+00:00,975260.8522654439
2020-03-12 00:00:00+00:00,913709.9198970397
2020-03-13 00:00:00+00:00,908638.1236687928
2020-03-14 00:00:00+00:00,907909.4210576144
2020-03-15 00:00:00+00:00,906574.3450749654
2020-03-16 00:00:00+00:00,904795.7375722696
2020-03-17 00:00:00+00:00,908812.9981198073
2020-03-18 00:00:00+00:00,910108.6955721616
2020-03-19 00:00:00+00:00,911055.2498338005
2020-03-20 00:00:00+00:00,909894.8675780045
2020-03-21 00:00:00+00:00,912418.6475303278
2020-03-22 00:00:00+00:00,912199.7464131676
2020-03-23 00:00:00+00:00,911842.9008338854
2020-03-24 00:00:00+00:00,913956.4887045033
2020-03-25 00:00:00+00:00,914582.3450599025
2020-03-26 00:00:00+00:00,914906.1909206193
2020-03-27 00:00:00+00:00,914843.2017130617
2020-03-28 00:00:00+00:00,914843.2017130617
2020-03-29 00:00:00+00:00,914843.2017130617
2020-03-30 00:00:00+00:00,914843.2017130617
2020-03-31 00:00:00+00:00,914843.2017130617
2020-04-01 00:00:00+00:00,914843.2017130617
2020-04-02 00:00:00+00:00,915075.21359094
2020-04-03 00:00:00+00:00,912799.8733596731
2020-04-04 00:00:00+00:00,920255.4994944644
2020-04-05 00:00:00+00:00,921883.3077067597
2020-04-06 00:00:00+00:00,919050.0667938178
2020-04-07 00:00:00+00:00,918939.4952692705
2020-04-08 00:00:00+00:00,919159.7948744011
2020-04-09 00:00:00+00:00,922676.1914276694
2020-04-10 00:00:00+00:00,923681.6022424058
2020-04-11 00:00:00+00:00,927855.539534837
2020-04-12 00:00:00+00:00,929105.8746326818
2020-04-13 00:00:00+00:00,927603.9313702399
2020-04-14 00:00:00+00:00,929493.5547989053
2020-04-15 00:00:00+00:00,931006.015024198
2020-04-16 00:00:00+00:00,928537.518320771
2020-04-17 00:00:00+00:00,931455.8967485672
2020-04-18 00:00:00+00:00,931284.6434110608
2020-04-19 00:00:00+00:00,932004.7388052852
2020-04-20 00:00:00+00:00,930067.0470078338
2020-04-21 00:00:00+00:00,932354.1032629716
2020-04-22 00:00:00+00:00,931529.1453549346
2020-04-23 00:00:00+00:00,930736.3066576287
2020-04-24 00:00:00+00:00,930419.5295609514
2020-04-25 00:00:00+00:00,930419.5295609514
2020-04-26 00:00:00+00:00,930419.5295609514
2020-04-27 00:00:00+00:00,930419.5295609514
2020-04-28 00:00:00+00:00,930419.5295609514
2020-04-29 00:00:00+00:00,930419.5295609514
2020-04-30 00:00:00+00:00,930419.5295609514
2020-05-01 00:00:00+00:00,930419.5295609514
2020-05-02 00:00:00+00:00,932068.141080619
2020-05-03 00:00:00+00:00,934212.6379803477
2020-05-04 00:00:00+00:00,931833.8040602404
2020-05-05 00:00:00+00:00,934386.0567167809
2020-05-06 00:00:00+00:00,932368.4468885585
2020-05-07 00:00:00+00:00,927644.739606027
2020-05-08 00:00:00+00:00,927958.814964634
2020-05-09 00:00:00+00:00,929341.3326582101
2020-05-10 00:00:00+00:00,914616.7670688521
2020-05-11 00:00:00+00:00,915645.239800059
2020-05-12 00:00:00+00:00,927588.5931542943
2020-05-13 00:00:00+00:00,926795.0305471887
2020-05-14 00:00:00+00:00,924504.3662349278
2020-05-15 00:00:00+00:00,922171.7344849127
2020-05-16 00:00:00+00:00,926675.969424651
2020-05-17 00:00:00+00:00,928041.1166936568
2020-05-18 00:00:00+00:00,926728.8228541662
2020-05-19 00:00:00+00:00,928868.9459317109
2020-05-20 00:00:00+00:00,929429.4190839363
2020-05-21 00:00:00+00:00,931150.5780615251
2020-05-22 00:00:00+00:00,934131.7159212867
2020-05-23 00:00:00+00:00,935885.3397551961
2020-05-24 00:00:00+00:00,932916.6229511057
2020-05-25 00:00:00+00:00,933937.5497845907
2020-05-26 00:00:00+00:00,936396.1274260562
2020-05-27 00:00:00+00:00,935493.9111052639
2020-05-28 00:00:00+00:00,934629.9938039808
2020-05-29 00:00:00+00:00,934351.1336314657
2020-05-30 00:00:00+00:00,934351.1336314657
2020-05-31 00:00:00+00:00,934351.1336314657
2020-06-01 00:00:00+00:00,934351.1336314657
2020-06-02 00:00:00+00:00,919121.3285913466
2020-06-03 00:00:00+00:00,923642.4423085325
2020-06-04 00:00:00+00:00,928487.6295202224
2020-06-05 00:00:00+00:00,929903.9870744192
2020-06-06 00:00:00+00:00,931065.1498502621
2020-06-07 00:00:00+00:00,931953.9408196523
2020-06-08 00:00:00+00:00,933135.8335253512
2020-06-09 00:00:00+00:00,932971.8666937115
2020-06-10 00:00:00+00:00,934162.8361003377
2020-06-11 00:00:00+00:00,929388.5424951176
2020-06-12 00:00:00+00:00,933771.0833421419
2020-06-13 00:00:00+00:00,936428.1411128633
2020-06-14 00:00:00+00:00,934614.5969356308
2020-06-15 00:00:00+00:00,934617.8651469178
2020-06-16 00:00:00+00:00,937956.8388483591
2020-06-17 00:00:00+00:00,939593.5397490911
2020-06-18 00:00:00+00:00,943011.6766147877
2020-06-19 00:00:00+00:00,944943.1593186411
2020-06-20 00:00:00+00:00,947242.1471225381
2020-06-21 00:00:00+00:00,947195.3928708036
2020-06-22 00:00:00+00:00,945769.2870459871
2020-06-23 00:00:00+00:00,946814.4421168444
2020-06-24 00:00:00+00:00,944546.5673402909
2020-06-25 00:00:00+00:00,947660.6485721315
2020-06-26 00:00:00+00:00,948570.3969567963
2020-06-27 00:00:00+00:00,948570.3969567963
2020-06-28 00:00:00+00:00,948570.3969567963
2020-06-29 00:00:00+00:00,948570.3969567963
2020-06-30 00:00:00+00:00,948570.3969567963
2020-07-01 00:00:00+00:00,948570.3969567963
2020-07-02 00:00:00+00:00,952378.9598403607
2020-07-03 00:00:00+00:00,953183.2648948341
2020-07-04 00:00:00+00:00,952255.394760197
2020-07-05 00:00:00+00:00,952796.0028336128
2020-07-06 00:00:00+00:00,952107.1002160561
2020-07-07 00:00:00+00:00,950924.538565129
2020-07-08 00:00:00+00:00,951694.9974195155
2020-07-09 00:00:00+00:00,952040.0297233223
2020-07-10 00:00:00+00:00,955607.8293710401
2020-07-11 00:00:00+00:00,955375.6476254056
2020-07-12 00:00:00+00:00,954386.7709987834
2020-07-13 00:00:00+00:00,955426.4894335015
2020-07-14 00:00:00+00:00,955950.3218794873
2020-07-15 00:00:00+00:00,957700.6850962185
2020-07-16 00:00:00+00:00,957371.251965014
2020-07-17 00:00:00+00:00,960002.9994976934
2020-07-18 00:00:00+00:00,963007.2763862212
2020-07-19 00:00:00+00:00,963256.3728495563
2020-07-20 00:00:00+00:00,964540.257147399
2020-07-21 00:00:00+00:00,962842.229844264
2020-07-22 00:00:00+00:00,962610.044724741
2020-07-23 00:00:00+00:00,963602.8008879954
2020-07-24 00:00:00+00:00,965527.6722637631
2020-07-25 00:00:00+00:00,965376.6454655455
2020-07-26 00:00:00+00:00,964163.3666422637
2020-07-27 00:00:00+00:00,960462.6148991876
2020-07-28 00:00:00+00:00,960521.5948876143
2020-07-29 00:00:00+00:00,960430.8021836091
2020-07-30 00:00:00+00:00,960309.2926589497
2020-07-31 00:00:00+00:00,959980.6056095269
2020-08-01 00:00:00+00:00,959980.6056095269
2020-08-02 00:00:00+00:00,939357.6701983437
2020-08-03 00:00:00+00:00,944285.4248735746
2020-08-04 00:00:00+00:00,947029.1547700043
2020-08-05 00:00:00+00:00,946859.2395366088
2020-08-06 00:00:00+00:00,952117.3917047286
2020-08-07 00:00:00+00:00,950941.4994468649
2020-08-08 00:00:00+00:00,953231.1541571987
2020-08-09 00:00:00+00:00,955086.0777632272
2020-08-10 00:00:00+00:00,955710.5566859122
2020-08-11 00:00:00+00:00,953023.9166907687
2020-08-12 00:00:00+00:00,954874.1266492575
2020-08-13 00:00:00+00:00,957205.2419059388
2020-08-14 00:00:00+00:00,957278.9821604443
2020-08-15 00:00:00+00:00,957187.2872731362
2020-08-16 00:00:00+00:00,956178.229056601
2020-08-17 00:00:00+00:00,955616.5866613643
2020-08-18 00:00:00+00:00,953220.074225057
2020-08-19 00:00:00+00:00,958076.5339330372
2020-08-20 00:00:00+00:00,961289.6750840666
2020-08-21 00:00:00+00:00,963026.2589820581
2020-08-22 00:00:00+00:00,964070.6694924079
2020-08-23 00:00:00+00:00,965725.4941064619
2020-08-24 00:00:00+00:00,965643.767266394
2020-08-25 00:00:00+00:00,963913.4068413095
2020-08-26 00:00:00+00:00,965506.834268954
2020-08-27 00:00:00+00:00,966073.1877113652
2020-08-28 00:00:00+00:00,968364.3073363313
2020-08-29 00:00:00+00:00,968364.3073363313
2020-08-30 00:00:00+00:00,968364.3073363313
2020-08-31 00:00:00+00:00,968364.3073363313
2020-09-01 00:00:00+00:00,968364.3073363313
2020-09-02 00:00:00+00:00,965789.6802022117
2020-09-03 00:00:00+00:00,953844.038410271
2020-09-04 00:00:00+00:00,951449.4334080069
2020-09-05 00:00:00+00:00,950568.5313611692
2020-09-06 00:00:00+00:00,948111.530397765
2020-09-07 00:00:00+00:00,949671.4390267043
2020-09-08 00:00:00+00:00,948421.1469009768
2020-09-09 00:00:00+00:00,948989.5549055301
2020-09-10 00:00:00+00:00,953366.817661152
2020-09-11 00:00:00+00:00,955447.5923986152
2020-09-12 00:00:00+00:00,957838.9168251794
2020-09-13 00:00:00+00:00,958732.8225602326
2020-09-14 00:00:00+00:00,958683.2308085356
2020-09-15 00:00:00+00:00,958690.0072189185
2020-09-16 00:00:00+00:00,959323.8748309128
2020-09-17 00:00:00+00:00,961526.8258667283
2020-09-18 00:00:00+00:00,963731.5942471309
2020-09-19 00:00:00+00:00,963370.3196012292
2020-09-20 00:00:00+00:00,964916.5409778678
2020-09-21 00:00:00+00:00,962635.929290424
2020-09-22 00:00:00+00:00,962995.423127498
2020-09-23 00:00:00+00:00,962907.797065631
2020-09-24 00:00:00+00:00,962971.0245543703
2020-09-25 00:00:00+00:00,962928.5045700248
2020-09-26 00:00:00+00:00,962928.5045700248
2020-09-27 00:00:00+00:00,962928.5045700248
2020-09-28 00:00:00+00:00,962928.5045700248
2020-09-29 00:00:00+00:00,962928.5045700248
2020-09-30 00:00:00+00:00,962928.5045700248
2020-10-01 00:00:00+00:00,962928.5045700248
2020-10-02 00:00:00+00:00,956453.4831346897
2020-10-03 00:00:00+00:00,958624.8754763629
2020-10-04 00:00:00+00:00,958985.06834208
2020-10-05 00:00:00+00:00,959156.678903043
2020-10-06 00:00:00+00:00,960825.155245871
2020-10-07 00:00:00+00:00,960311.4227312421
2020-10-08 00:00:00+00:00,962056.9933918552
2020-10-09 00:00:00+00:00,962564.2962875672
2020-10-10 00:00:00+00:00,962498.6870190715
2020-10-11 00:00:00+00:00,963217.5947828309
2020-10-12 00:00:00+00:00,963714.7550889353
2020-10-13 00:00:00+00:00,964067.5512544654
2020-10-14 00:00:00+00:00,965713.3425566733
2020-10-15 00:00:00+00:00,965785.7540830739
2020-10-16 00:00:00+00:00,966366.6798858156
2020-10-17 00:00:00+00:00,966878.1776620982
2020-10-18 00:00:00+00:00,966825.8732391195
2020-10-19 00:00:00+00:00,966497.1253977031
2020-10-20 00:00:00+00:00,966370.1088514477
2020-10-21 00:00:00+00:00,966172.2690620502
2020-10-22 00:00:00+00:00,966053.4566321726
2020-10-23 00:00:00+00:00,965733.3742851577
2020-10-24 00:00:00+00:00,965733.3742851577
2020-10-25 00:00:00+00:00,965733.3742851577
2020-10-26 00:00:00+00:00,965733.3742851577
2020-10-27 00:00:00+00:00,965733.3742851577
2020-10-28 00:00:00+00:00,965733.3742851577
2020-10-29 00:00:00+00:00,965733.3742851577
2020-10-30 00:00:00+00:00,965733.3742851577
2020-10-31 00:00:00+00:00,965733.3742851577
2020-11-01 00:00:00+00:00,965733.3742851577
2020-11-02 00:00:00+00:00,962350.6543252524
2020-11-03 00:00:00+00:00,962477.6993938617
2020-11-04 00:00:00+00:00,964626.2006724601
2020-11-05 00:00:00+00:00,956184.0047794686
2020-11-06 00:00:00+00:00,954280.5281748571
2020-11-07 00:00:00+00:00,956474.5861176503
2020-11-08 00:00:00+00:00,956207.97291009
2020-11-09 00:00:00+00:00,956144.2181468164
2020-11-10 00:00:00+00:00,958002.1217526491
2020-11-11 00:00:00+00:00,959330.4728359095
2020-11-12 00:00:00+00:00,957461.8129951924
2020-11-13 00:00:00+00:00,957835.285977597
2020-11-14 00:00:00+00:00,958205.2877438947
2020-11-15 00:00:00+00:00,958261.7817312051
2020-11-16 00:00:00+00:00,957735.8038848063
2020-11-17 00:00:00+00:00,956983.4854378707
2020-11-18 00:00:00+00:00,956583.109799288
2020-11-19 00:00:00+00:00,956738.1248645266
2020-11-20 00:00:00+00:00,956515.683383631
2020-11-21 00:00:00+00:00,956352.8653528552
2020-11-22 00:00:00+00:00,956263.3577406736
2020-11-23 00:00:00+00:00,956131.6855806723
2020-11-24 00:00:00+00:00,955988.0462089507
2020-11-25 00:00:00+00:00,955849.5059493714
2020-11-26 00:00:00+00:00,955713.7580295682
2020-11-27 00:00:00+00:00,955382.3765660593
2020-11-28 00:00:00+00:00,955382.3765660593
2020-11-29 00:00:00+00:00,955382.3765660593
2020-11-30 00:00:00+00:00,955382.3765660593
2020-12-01 00:00:00+00:00,955382.3765660593
2020-12-02 00:00:00+00:00,967742.1495635777
2020-12-03 00:00:00+00:00,972242.7027793811
2020-12-04 00:00:00+00:00,970132.9778802424
2020-12-05 00:00:00+00:00,970565.7200694461
2020-12-06 00:00:00+00:00,972257.462157519
2020-12-07 00:00:00+00:00,972614.563820334
2020-12-08 00:00:00+00:00,972313.2236828883
2020-12-09 00:00:00+00:00,973965.4961044518
2020-12-10 00:00:00+00:00,975814.781740617
2020-12-11 00:00:00+00:00,976455.1003675468
2020-12-12 00:00:00+00:00,976675.2208982976
2020-12-13 00:00:00+00:00,980576.0649987285
2020-12-14 00:00:00+00:00,979398.2525527359
2020-12-15 00:00:00+00:00,979718.8051729981
2020-12-16 00:00:00+00:00,966557.8046464223
2020-12-17 00:00:00+00:00,960401.4698915053
2020-12-18 00:00:00+00:00,961897.5909956172
2020-12-19 00:00:00+00:00,961566.8733660207
2020-12-20 00:00:00+00:00,961854.6091674872
2020-12-21 00:00:00+00:00,962559.2958060473
2020-12-22 00:00:00+00:00,961682.3041946796
2020-12-23 00:00:00+00:00,961846.3031660095
2020-12-24 00:00:00+00:00,961735.2131319529
2020-12-25 00:00:00+00:00,961400.2282069629
2020-12-26 00:00:00+00:00,961400.2282069629
2020-12-27 00:00:00+00:00,961400.2282069629
2020-12-28 00:00:00+00:00,961400.2282069629
2020-12-29 00:00:00+00:00,961400.2282069629
2020-12-30 00:00:00+00:00,961400.2282069629
2020-12-31 00:00:00+00:00,961400.2282069629
2021-01-01 00:00:00+00:00,961400.2282069629
2021-01-02 00:00:00+00:00,957985.6359291811
2021-01-03 00:00:00+00:00,950780.2653028204
2021-01-04 00:00:00+00:00,949587.6087352787
2021-01-05 00:00:00+00:00,950151.1052669204
2021-01-06 00:00:00+00:00,945201.6939014889
2021-01-07 00:00:00+00:00,938538.4438583554
2021-01-08 00:00:00+00:00,938460.5279643792
2021-01-09 00:00:00+00:00,938618.6001520808
2021-01-10 00:00:00+00:00,934471.6260432794
2021-01-11 00:00:00+00:00,940338.1209829652
2021-01-12 00:00:00+00:00,941403.3845038902
2021-01-13 00:00:00+00:00,940280.6649217472
2021-01-14 00:00:00+00:00,938855.5931254362
2021-01-15 00:00:00+00:00,939228.5203259996
2021-01-16 00:00:00+00:00,942734.6078781629
2021-01-17 00:00:00+00:00,947129.2466704708
2021-01-18 00:00:00+00:00,948752.189521012
2021-01-19 00:00:00+00:00,949367.8748485126
2021-01-20 00:00:00+00:00,950454.1515088868
2021-01-21 00:00:00+00:00,947557.2088883524
2021-01-22 00:00:00+00:00,943109.7469429995
2021-01-23 00:00:00+00:00,943109.7469429995
2021-01-24 00:00:00+00:00,943109.7469429995
2021-01-25 00:00:00+00:00,943109.7469429995
2021-01-26 00:00:00+00:00,943109.7469429995
2021-01-27 00:00:00+00:00,943109.7469429995
2021-01-28 00:00:00+00:00,943109.7469429995
2021-01-29 00:00:00+00:00,943109.7469429995
2021-01-30 00:00:00+00:00,943109.7469429995
2021-01-31 00:00:00+00:00,943109.7469429995
2021-02-01 00:00:00+00:00,943109.7469429995
2021-02-02 00:00:00+00:00,949548.6909785568
2021-02-03 00:00:00+00:00,949699.319383403
2021-02-04 00:00:00+00:00,952539.3232058109
2021-02-05 00:00:00+00:00,952322.8157256393
2021-02-06 00:00:00+00:00,952803.3717859252
2021-02-07 00:00:00+00:00,952548.5889879857
2021-02-08 00:00:00+00:00,931289.6021724334
2021-02-09 00:00:00+00:00,928818.5396326297
2021-02-10 00:00:00+00:00,935648.0403678966
2021-02-11 00:00:00+00:00,935759.6749074537
2021-02-12 00:00:00+00:00,938010.4192267719
2021-02-13 00:00:00+00:00,939014.0163006233
2021-02-14 00:00:00+00:00,938582.6924679005
2021-02-15 00:00:00+00:00,939530.4717078545
2021-02-16 00:00:00+00:00,939293.2925227205
2021-02-17 00:00:00+00:00,939021.6885305055
2021-02-18 00:00:00+00:00,939195.4129256562
2021-02-19 00:00:00+00:00,938906.2708479271
2021-02-20 00:00:00+00:00,938737.2803089074
2021-02-21 00:00:00+00:00,938567.09620102
2021-02-22 00:00:00+00:00,938391.6616661089
2021-02-23 00:00:00+00:00,938125.7254538977
2021-02-24 00:00:00+00:00,938040.8030627437
2021-02-25 00:00:00+00:00,937890.2937812628
2021-02-26 00:00:00+00:00,937512.2091000025
2021-02-27 00:00:00+00:00,937512.2091000025
2021-02-28 00:00:00+00:00,937512.2091000025
2021-03-01 00:00:00+00:00,937512.2091000025
2021-03-02 00:00:00+00:00,937512.2091000025
2021-03-03 00:00:00+00:00,959917.8302831041
2021-03-04 00:00:00+00:00,959957.9654855039
2021-03-05 00:00:00+00:00,958570.6274384464
2021-03-06 00:00:00+00:00,961212.8936135786
2021-03-07 00:00:00+00:00,962203.4417387492
2021-03-08 00:00:00+00:00,963623.6661001794
2021-03-09 00:00:00+00:00,963577.1211841962
2021-03-10 00:00:00+00:00,964652.2786989543
2021-03-11 00:00:00+00:00,963893.3641596091
2021-03-12 00:00:00+00:00,965285.8682450994
2021-03-13 00:00:00+00:00,963374.5820723618
2021-03-14 00:00:00+00:00,964493.7037629908
2021-03-15 00:00:00+00:00,964181.4434284547
2021-03-16 00:00:00+00:00,965349.7915956787
2021-03-17 00:00:00+00:00,965242.1881792602
2021-03-18 00:00:00+00:00,966522.9158740065
2021-03-19 00:00:00+00:00,967156.4381576809
2021-03-20 00:00:00+00:00,967454.6210981689
2021-03-21 00:00:00+00:00,967658.6868289153
2021-03-22 00:00:00+00:00,967461.3698233328
2021-03-23 00:00:00+00:00,967486.2401255383
2021-03-24 00:00:00+00:00,967492.6146041901
2021-03-25 00:00:00+00:00,967612.3021710679
2021-03-26 00:00:00+00:00,966855.356148973
2021-03-27 00:00:00+00:00,966855.356148973
2021-03-28 00:00:00+00:00,966855.356148973
2021-03-29 00:00:00+00:00,966855.356148973
2021-03-30 00:00:00+00:00,966855.356148973
2021-03-31 00:00:00+00:00,966855.356148973
2021-04-01 00:00:00+00:00,966855.356148973
2021-04-02 00:00:00+00:00,971448.9510425589
2021-04-03 00:00:00+00:00,969417.1919569701
2021-04-04 00:00:00+00:00,970624.7971985799
2021-04-05 00:00:00+00:00,971821.2875315426
2021-04-06 00:00:00+00:00,972365.8058157079
2021-04-07 00:00:00+00:00,973581.4466906368
2021-04-08 00:00:00+00:00,979549.8244943558
2021-04-09 00:00:00+00:00,979009.2432525675
2021-04-10 00:00:00+00:00,975598.6829090544
2021-04-11 00:00:00+00:00,975001.9965098074
2021-04-12 00:00:00+00:00,976356.2269680646
2021-04-13 00:00:00+00:00,969664.8896484938
2021-04-14 00:00:00+00:00,972890.3866741667
2021-04-15 00:00:00+00:00,977458.9342424475
2021-04-16 00:00:00+00:00,980360.9347265168
2021-04-17 00:00:00+00:00,982212.558693845
2021-04-18 00:00:00+00:00,971996.5959274963
2021-04-19 00:00:00+00:00,975405.9987093452
2021-04-20 00:00:00+00:00,976879.1832787663
2021-04-21 00:00:00+00:00,976663.6988133705
2021-04-22 00:00:00+00:00,975665.5262118872
2021-04-23 00:00:00+00:00,973685.6385977434
2021-04-24 00:00:00+00:00,974675.9716723524
2021-04-25 00:00:00+00:00,975264.7275544703
2021-04-26 00:00:00+00:00,974489.4170133221
2021-04-27 00:00:00+00:00,975943.060344547
2021-04-28 00:00:00+00:00,976777.8122059793
2021-04-29 00:00:00+00:00,976816.1385615743
2021-04-30 00:00:00+00:00,976732.5735495045
2021-05-01 00:00:00+00:00,976732.5735495045
2021-05-02 00:00:00+00:00,974174.6136984124
2021-05-03 00:00:00+00:00,975536.9365722224
2021-05-04 00:00:00+00:00,969280.9386523137
2021-05-05 00:00:00+00:00,966650.1455028955
2021-05-06 00:00:00+00:00,969590.9656431727
2021-05-07 00:00:00+00:00,972813.4428414704
2021-05-08 00:00:00+00:00,971898.3995393525
2021-05-09 00:00:00+00:00,970198.3671359195
2021-05-10 00:00:00+00:00,966942.0192138228
2021-05-11 00:00:00+00:00,969746.7237525105
2021-05-12 00:00:00+00:00,956157.6556852234
2021-05-13 00:00:00+00:00,954262.9345388648
2021-05-14 00:00:00+00:00,956926.6684372716
2021-05-15 00:00:00+00:00,951801.6700714643
2021-05-16 00:00:00+00:00,951433.051963842
2021-05-17 00:00:00+00:00,942488.257870552
2021-05-18 00:00:00+00:00,950183.4572229433
2021-05-19 00:00:00+00:00,946852.5248901692
2021-05-20 00:00:00+00:00,947555.4502752859
2021-05-21 00:00:00+00:00,947214.5662811674
2021-05-22 00:00:00+00:00,946834.2348176087
2021-05-23 00:00:00+00:00,946497.0486531205
2021-05-24 00:00:00+00:00,947289.9247532118
2021-05-25 00:00:00+00:00,947462.7277497577
2021-05-26 00:00:00+00:00,947544.509917835
2021-05-27 00:00:00+00:00,947612.0067155607
2021-05-28 00:00:00+00:00,947575.8269507287
2021-05-29 00:00:00+00:00,947575.8269507287
2021-05-30 00:00:00+00:00,947575.8269507287
2021-05-31 00:00:00+00:00,947575.8269507287
2021-06-01 00:00:00+00:00,947575.8269507287
2021-06-02 00:00:00+00:00,952555.1298989053
2021-06-03 00:00:00+00:00,956953.4710173049
2021-06-04 00:00:00+00:00,952608.0449336036
2021-06-05 00:00:00+00:00,951871.4094436861
2021-06-06 00:00:00+00:00,951937.244988886
2021-06-07 00:00:00+00:00,952904.5856397722
2021-06-08 00:00:00+00:00,948270.4318416166
2021-06-09 00:00:00+00:00,946636.2665589323
2021-06-10 00:00:00+00:00,951429.3345900715
2021-06-11 00:00:00+00:00,953973.7672188533
2021-06-12 00:00:00+00:00,952944.1233966729
2021-06-13 00:00:00+00:00,946366.5592025821
2021-06-14 00:00:00+00:00,944846.8072781861
2021-06-15 00:00:00+00:00,949020.0483847135
2021-06-16 00:00:00+00:00,949331.9981726367
2021-06-17 00:00:00+00:00,952499.8670522186
2021-06-18 00:00:00+00:00,948951.0942781764
2021-06-19 00:00:00+00:00,952795.7381630156
2021-06-20 00:00:00+00:00,952070.5980290091
2021-06-21 00:00:00+00:00,938468.2102947329
2021-06-22 00:00:00+00:00,939259.5614322018
2021-06-23 00:00:00+00:00,944184.6105906704
2021-06-24 00:00:00+00:00,947927.0118185503
2021-06-25 00:00:00+00:00,938934.4027820705
2021-06-26 00:00:00+00:00,938934.4027820705
2021-06-27 00:00:00+00:00,938934.4027820705
2021-06-28 00:00:00+00:00,938934.4027820705
2021-06-29 00:00:00+00:00,938934.4027820705
2021-06-30 00:00:00+00:00,938934.4027820705
2021-07-01 00:00:00+00:00,938934.4027820705
2021-07-02 00:00:00+00:00,942493.8465595535
2021-07-03 00:00:00+00:00,945056.4838281751
2021-07-04 00:00:00+00:00,947603.7226783695
2021-07-05 00:00:00+00:00,947197.3093421808
2021-07-06 00:00:00+00:00,948374.3630915082
2021-07-07 00:00:00+00:00,950916.9441097365
2021-07-08 00:00:00+00:00,952586.0467275003
2021-07-09 00:00:00+00:00,954034.6998477804
2021-07-10 00:00:00+00:00,957047.0023042012
2021-07-11 00:00:00+00:00,957785.0497120555
2021-07-12 00:00:00+00:00,958277.6900517307
2021-07-13 00:00:00+00:00,958630.9779202308
2021-07-14 00:00:00+00:00,958421.3847124213
2021-07-15 00:00:00+00:00,961272.227765346
2021-07-16 00:00:00+00:00,962460.7245787471
2021-07-17 00:00:00+00:00,964819.6024191189
2021-07-18 00:00:00+00:00,966771.3449296232
2021-07-19 00:00:00+00:00,965621.5067977686
2021-07-20 00:00:00+00:00,962918.9361994728
2021-07-21 00:00:00+00:00,963794.9972748801
2021-07-22 00:00:00+00:00,966694.1359650197
2021-07-23 00:00:00+00:00,969303.4623485775
2021-07-24 00:00:00+00:00,970623.2521258434
2021-07-25 00:00:00+00:00,970513.6481903248
2021-07-26 00:00:00+00:00,964750.7635696318
2021-07-27 00:00:00+00:00,962662.197113512
2021-07-28 00:00:00+00:00,962889.2890024423
2021-07-29 00:00:00+00:00,963237.9890511164
2021-07-30 00:00:00+00:00,962814.8521917458
2021-07-31 00:00:00+00:00,962814.8521917458
2021-08-01 00:00:00+00:00,962814.8521917458
2021-08-02 00:00:00+00:00,961735.3658199424
2021-08-03 00:00:00+00:00,962621.8367997137
2021-08-04 00:00:00+00:00,962106.8618892854
2021-08-05 00:00:00+00:00,960819.6826696601
2021-08-06 00:00:00+00:00,961282.2715554003
2021-08-07 00:00:00+00:00,960440.7848082536
2021-08-08 00:00:00+00:00,960584.3942347575
2021-08-09 00:00:00+00:00,955747.4930096151
2021-08-10 00:00:00+00:00,956548.8929777497
2021-08-11 00:00:00+00:00,962185.8255051016
2021-08-12 00:00:00+00:00,964843.3942064113
2021-08-13 00:00:00+00:00,962087.756896133
2021-08-14 00:00:00+00:00,961997.9820930029
2021-08-15 00:00:00+00:00,964371.4464489181
2021-08-16 00:00:00+00:00,965163.5227921208
2021-08-17 00:00:00+00:00,966801.2374259451
2021-08-18 00:00:00+00:00,969048.5267352825
2021-08-19 00:00:00+00:00,968826.9634804889
2021-08-20 00:00:00+00:00,967684.3483253042
2021-08-21 00:00:00+00:00,968446.0830697743
2021-08-22 00:00:00+00:00,968289.1068065637
2021-08-23 00:00:00+00:00,968987.8137973564
2021-08-24 00:00:00+00:00,969546.1263964619
2021-08-25 00:00:00+00:00,969434.38889449
2021-08-26 00:00:00+00:00,969534.6297061043
2021-08-27 00:00:00+00:00,968988.6670334619
2021-08-28 00:00:00+00:00,968988.6670334619
2021-08-29 00:00:00+00:00,968988.6670334619
2021-08-30 00:00:00+00:00,968988.6670334619
2021-08-31 00:00:00+00:00,968988.6670334619
2021-09-01 00:00:00+00:00,968988.6670334619
2021-09-02 00:00:00+00:00,967871.07595572
2021-09-03 00:00:00+00:00,971867.2666232606
2021-09-04 00:00:00+00:00,974029.2966516216
2021-09-05 00:00:00+00:00,972831.4329685904
2021-09-06 00:00:00+00:00,973753.6720987924
2021-09-07 00:00:00+00:00,963577.1265463799
2021-09-08 00:00:00+00:00,965293.0145165155
2021-09-09 00:00:00+00:00,967682.4245549223
2021-09-10 00:00:00+00:00,969302.4000553119
2021-09-11 00:00:00+00:00,971629.8280014452
2021-09-12 00:00:00+00:00,972870.4341873988
2021-09-13 00:00:00+00:00,971955.8440450289
2021-09-14 00:00:00+00:00,972667.8773117247
2021-09-15 00:00:00+00:00,975309.9728529388
2021-09-16 00:00:00+00:00,979413.2569867035
2021-09-17 00:00:00+00:00,981672.8757403566
2021-09-18 00:00:00+00:00,983086.9099148933
2021-09-19 00:00:00+00:00,984207.1074891266
2021-09-20 00:00:00+00:00,970830.7772870758
2021-09-21 00:00:00+00:00,969765.8696624887
2021-09-22 00:00:00+00:00,969946.9633249006
2021-09-23 00:00:00+00:00,972277.4349965922
2021-09-24 00:00:00+00:00,971085.0308517928
2021-09-25 00:00:00+00:00,971085.0308517928
2021-09-26 00:00:00+00:00,971085.0308517928
2021-09-27 00:00:00+00:00,971085.0308517928
2021-09-28 00:00:00+00:00,971085.0308517928
2021-09-29 00:00:00+00:00,971085.0308517928
2021-09-30 00:00:00+00:00,971085.0308517928
2021-10-01 00:00:00+00:00,971085.0308517928
2021-10-02 00:00:00+00:00,962176.1021267346
2021-10-03 00:00:00+00:00,962543.2417902756
2021-10-04 00:00:00+00:00,962265.6223937485
2021-10-05 00:00:00+00:00,959566.4649911668
2021-10-06 00:00:00+00:00,958036.2014830132
2021-10-07 00:00:00+00:00,958638.6097636629
2021-10-08 00:00:00+00:00,959510.3681578864
2021-10-09 00:00:00+00:00,960140.5751464616
2021-10-10 00:00:00+00:00,960480.6779637763
2021-10-11 00:00:00+00:00,959808.1879140979
2021-10-12 00:00:00+00:00,959536.902236157
2021-10-13 00:00:00+00:00,959504.8986967333
2021-10-14 00:00:00+00:00,958942.5927904672
2021-10-15 00:00:00+00:00,957917.9008561113
2021-10-16 00:00:00+00:00,958314.8483152142
2021-10-17 00:00:00+00:00,958204.9788788244
2021-10-18 00:00:00+00:00,958072.9262667189
2021-10-19 00:00:00+00:00,957931.9150082105
2021-10-20 00:00:00+00:00,957787.1909413626
2021-10-21 00:00:00+00:00,957638.5296910893
2021-10-22 00:00:00+00:00,957270.7028303209
2021-10-23 00:00:00+00:00,957270.7028303209
2021-10-24 00:00:00+00:00,957270.7028303209
2021-10-25 00:00:00+00:00,957270.7028303209
2021-10-26 00:00:00+00:00,957270.7028303209
2021-10-27 00:00:00+00:00,957270.7028303209
2021-10-28 00:00:00+00:00,957270.7028303209
2021-10-29 00:00:00+00:00,957270.7028303209
2021-10-30 00:00:00+00:00,957270.7028303209
2021-10-31 00:00:00+00:00,957270.7028303209
2021-11-01 00:00:00+00:00,957270.7028303209
2021-11-02 00:00:00+00:00,957130.313109723
2021-11-03 00:00:00+00:00,962624.1804482487
2021-11-04 00:00:00+00:00,962948.1327546369
2021-11-05 00:00:00+00:00,964655.7869526608
2021-11-06 00:00:00+00:00,966558.8874360882
2021-11-07 00:00:00+00:00,965828.9677918482
2021-11-08 00:00:00+00:00,963346.2597285521
2021-11-09 00:00:00+00:00,965090.5757779852
2021-11-10 00:00:00+00:00,964812.5055099146
2021-11-11 00:00:00+00:00,967567.4703122225
2021-11-12 00:00:00+00:00,966779.1751821028
2021-11-13 00:00:00+00:00,969164.277879151
2021-11-14 00:00:00+00:00,971008.4878643197
2021-11-15 00:00:00+00:00,972239.426569584
2021-11-16 00:00:00+00:00,968985.1956872839
2021-11-17 00:00:00+00:00,971284.3242165898
2021-11-18 00:00:00+00:00,969785.6078184901
2021-11-19 00:00:00+00:00,971660.8691197821
2021-11-20 00:00:00+00:00,974483.630571205
2021-11-21 00:00:00+00:00,975891.214594608
2021-11-22 00:00:00+00:00,974627.447252534
2021-11-23 00:00:00+00:00,975596.1376263719
2021-11-24 00:00:00+00:00,976787.0535694795
2021-11-25 00:00:00+00:00,979195.8602073657
2021-11-26 00:00:00+00:00,973211.1289404683
2021-11-27 00:00:00+00:00,973211.1289404683
2021-11-28 00:00:00+00:00,973211.1289404683
2021-11-29 00:00:00+00:00,973211.1289404683
2021-11-30 00:00:00+00:00,973211.1289404683
2021-12-01 00:00:00+00:00,973211.1289404683
2021-12-02 00:00:00+00:00,973211.1289404683
2021-12-03 00:00:00+00:00,972132.0862936768
2021-12-04 00:00:00+00:00,965663.6937966059
2021-12-05 00:00:00+00:00,967368.1267837776
2021-12-06 00:00:00+00:00,968502.9078946935
2021-12-07 00:00:00+00:00,969897.8146263026
2021-12-08 00:00:00+00:00,971238.3308558406
2021-12-09 00:00:00+00:00,969709.6956071802
2021-12-10 00:00:00+00:00,970050.0233449235
2021-12-11 00:00:00+00:00,970224.7326572377
2021-12-12 00:00:00+00:00,971508.684998841
2021-12-13 00:00:00+00:00,969805.2743496237
2021-12-14 00:00:00+00:00,970566.3306471667
2021-12-15 00:00:00+00:00,971817.167325888
2021-12-16 00:00:00+00:00,972212.9820556571
2021-12-17 00:00:00+00:00,972305.5082785013
2021-12-18 00:00:00+00:00,972519.4196468816
2021-12-19 00:00:00+00:00,972746.0573841641
2021-12-20 00:00:00+00:00,972868.566210749
2021-12-21 00:00:00+00:00,972999.1065091669
2021-12-22 00:00:00+00:00,973171.9036048426
2021-12-23 00:00:00+00:00,973296.2109526269
2021-12-24 00:00:00+00:00,973244.2601742091
2021-12-25 00:00:00+00:00,973244.2601742091
2021-12-26 00:00:00+00:00,973244.2601742091
2021-12-27 00:00:00+00:00,973244.2601742091
2021-12-28 00:00:00+00:00,973244.2601742091
2021-12-29 00:00:00+00:00,973244.2601742091
2021-12-30 00:00:00+00:00,973244.2601742091
2021-12-31 00:00:00+00:00,973244.2601742091
2022-01-01 00:00:00+00:00,973244.2601742091
2022-01-02 00:00:00+00:00,974301.3031902689
2022-01-03 00:00:00+00:00,974219.5734080177
2022-01-04 00:00:00+00:00,974714.842130438
2022-01-05 00:00:00+00:00,972250.7881314941
2022-01-06 00:00:00+00:00,973513.4603960759
2022-01-07 00:00:00+00:00,974180.4742622039
2022-01-08 00:00:00+00:00,975387.8647678593
2022-01-09 00:00:00+00:00,976457.7516521667
2022-01-10 00:00:00+00:00,976454.3236771366
2022-01-11 00:00:00+00:00,975287.7032665798
2022-01-12 00:00:00+00:00,978576.0960865353
2022-01-13 00:00:00+00:00,981739.504460638
2022-01-14 00:00:00+00:00,983519.28203429
2022-01-15 00:00:00+00:00,985438.1277872405
2022-01-16 00:00:00+00:00,986023.470244095
2022-01-17 00:00:00+00:00,985500.6908697976
2022-01-18 00:00:00+00:00,986208.8444565986
2022-01-19 00:00:00+00:00,986715.360969318
2022-01-20 00:00:00+00:00,987137.9173239464
2022-01-21 00:00:00+00:00,983927.6760375812
2022-01-22 00:00:00+00:00,983882.9874644947
2022-01-23 00:00:00+00:00,984089.8692321645
2022-01-24 00:00:00+00:00,984125.192225703
2022-01-25 00:00:00+00:00,984320.3489650802
2022-01-26 00:00:00+00:00,984408.5130284183
2022-01-27 00:00:00+00:00,984487.8137079034
2022-01-28 00:00:00+00:00,984433.0527120864
2022-01-29 00:00:00+00:00,984433.0527120864
2022-01-30 00:00:00+00:00,984433.0527120864
2022-01-31 00:00:00+00:00,984433.0527120864
2022-02-01 00:00:00+00:00,984433.0527120864
2022-02-02 00:00:00+00:00,983251.2830881164
2022-02-03 00:00:00+00:00,984429.9809048173
2022-02-04 00:00:00+00:00,976668.0154905012
2022-02-05 00:00:00+00:00,979231.9896910745
2022-02-06 00:00:00+00:00,978463.0107200729
2022-02-07 00:00:00+00:00,976794.0164095331
2022-02-08 00:00:00+00:00,977805.4189707127
2022-02-09 00:00:00+00:00,978340.4426298656
2022-02-10 00:00:00+00:00,978994.2168755326
2022-02-11 00:00:00+00:00,977972.026004306
2022-02-12 00:00:00+00:00,979277.0550661944
2022-02-13 00:00:00+00:00,980188.0494385707
2022-02-14 00:00:00+00:00,980654.0209875831
2022-02-15 00:00:00+00:00,979915.6407891088
2022-02-16 00:00:00+00:00,980360.6014405249
2022-02-17 00:00:00+00:00,976430.95906323
2022-02-18 00:00:00+00:00,977750.4561075489
2022-02-19 00:00:00+00:00,979404.2803804779
2022-02-20 00:00:00+00:00,975767.7965421292
2022-02-21 00:00:00+00:00,973787.0212628589
2022-02-22 00:00:00+00:00,974112.8567120798
2022-02-23 00:00:00+00:00,977258.2500616992
2022-02-24 00:00:00+00:00,975485.6996716149
2022-02-25 00:00:00+00:00,978460.0248784025
2022-02-26 00:00:00+00:00,978460.0248784025
2022-02-27 00:00:00+00:00,978460.0248784025
2022-02-28 00:00:00+00:00,978460.0248784025
2022-03-01 00:00:00+00:00,978460.0248784025
2022-03-02 00:00:00+00:00,978378.4841671546
2022-03-03 00:00:00+00:00,979920.2071327424
2022-03-04 00:00:00+00:00,975245.5986726823
2022-03-05 00:00:00+00:00,974506.1225246384
2022-03-06 00:00:00+00:00,975157.1634375999
2022-03-07 00:00:00+00:00,975444.557082516
2022-03-08 00:00:00+00:00,975673.8998089836
2022-03-09 00:00:00+00:00,973361.9377777857
2022-03-10 00:00:00+00:00,970625.9217813137
2022-03-11 00:00:00+00:00,972588.4121457259
2022-03-12 00:00:00+00:00,973282.6697434103
2022-03-13 00:00:00+00:00,972814.3784019673
2022-03-14 00:00:00+00:00,972240.9728220112
2022-03-15 00:00:00+00:00,973634.5391700796
2022-03-16 00:00:00+00:00,972747.446367883
2022-03-17 00:00:00+00:00,976196.8656869029
2022-03-18 00:00:00+00:00,978954.5651094016
2022-03-19 00:00:00+00:00,981840.9277720524
2022-03-20 00:00:00+00:00,981956.11006426
2022-03-21 00:00:00+00:00,983962.3427286725
2022-03-22 00:00:00+00:00,983107.2385448758
2022-03-23 00:00:00+00:00,986807.9403268938
2022-03-24 00:00:00+00:00,989065.9361379835
2022-03-25 00:00:00+00:00,993645.9739080598
2022-03-26 00:00:00+00:00,993645.9739080598
2022-03-27 00:00:00+00:00,993645.9739080598
2022-03-28 00:00:00+00:00,993645.9739080598
2022-03-29 00:00:00+00:00,993645.9739080598
2022-03-30 00:00:00+00:00,993645.9739080598
2022-03-31 00:00:00+00:00,993645.9739080598
2022-04-01 00:00:00+00:00,993645.9739080598
2022-04-02 00:00:00+00:00,999627.8743373535
2022-04-03 00:00:00+00:00,1000505.4686331913
2022-04-04 00:00:00+00:00,1000501.7545005298
2022-04-05 00:00:00+00:00,1000500.6610838941
2022-04-06 00:00:00+00:00,996896.6933215434
2022-04-07 00:00:00+00:00,998698.7346911374
2022-04-08 00:00:00+00:00,1000692.025391394
2022-04-09 00:00:00+00:00,1001346.3790732275
2022-04-10 00:00:00+00:00,1001871.0194484759
2022-04-11 00:00:00+00:00,998868.3920051426
2022-04-12 00:00:00+00:00,999239.3917295943
2022-04-13 00:00:00+00:00,1000483.6873218818
2022-04-14 00:00:00+00:00,1000523.8044463735
2022-04-15 00:00:00+00:00,1001087.061988392
2022-04-16 00:00:00+00:00,1001341.5415235963
2022-04-17 00:00:00+00:00,1001401.4075697212
2022-04-18 00:00:00+00:00,1001412.3107531135
2022-04-19 00:00:00+00:00,1001735.1243611547
2022-04-20 00:00:00+00:00,1001990.9863832482
2022-04-21 00:00:00+00:00,1002047.9368396635
2022-04-22 00:00:00+00:00,1001991.2567061621
2022-04-23 00:00:00+00:00,1001991.2567061621
2022-04-24 00:00:00+00:00,1001991.2567061621
2022-04-25 00:00:00+00:00,1001991.2567061621
2022-04-26 00:00:00+00:00,1001991.2567061621
2022-04-27 00:00:00+00:00,1001991.2567061621
2022-04-28 00:00:00+00:00,1001991.2567061621
2022-04-29 00:00:00+00:00,1001991.2567061621
2022-04-30 00:00:00+00:00,1001991.2567061621
2022-05-01 00:00:00+00:00,1001991.2567061621
2022-05-02 00:00:00+00:00,998468.6949893258
2022-05-03 00:00:00+00:00,998361.168294672
2022-05-04 00:00:00+00:00,996896.1648172919
2022-05-05 00:00:00+00:00,990931.8416124413
2022-05-06 00:00:00+00:00,991686.9822055053
2022-05-07 00:00:00+00:00,993154.0149040641
2022-05-08 00:00:00+00:00,990285.2101337808
2022-05-09 00:00:00+00:00,981597.0706101258
2022-05-10 00:00:00+00:00,980875.9307054591
2022-05-11 00:00:00+00:00,977525.065641635
2022-05-12 00:00:00+00:00,972718.716911197
2022-05-13 00:00:00+00:00,980748.0107381649
2022-05-14 00:00:00+00:00,981445.9570130229
2022-05-15 00:00:00+00:00,981469.8789706014
2022-05-16 00:00:00+00:00,980827.0895963416
2022-05-17 00:00:00+00:00,981839.3784365029
2022-05-18 00:00:00+00:00,981479.3949772887
2022-05-19 00:00:00+00:00,981419.9312977344
2022-05-20 00:00:00+00:00,981495.5691852696
2022-05-21 00:00:00+00:00,981617.8048108983
2022-05-22 00:00:00+00:00,981762.0011931548
2022-05-23 00:00:00+00:00,981810.0708435071
2022-05-24 00:00:00+00:00,981891.2697242392
2022-05-25 00:00:00+00:00,981970.3572691258
2022-05-26 00:00:00+00:00,982048.4263141134
2022-05-27 00:00:00+00:00,981999.5309520422
2022-05-28 00:00:00+00:00,981999.5309520422
2022-05-29 00:00:00+00:00,981999.5309520422
2022-05-30 00:00:00+00:00,981999.5309520422
2022-05-31 00:00:00+00:00,981999.5309520422
2022-06-01 00:00:00+00:00,981999.5309520422
2022-06-02 00:00:00+00:00,977374.3819852679
2022-06-03 00:00:00+00:00,978703.4036104489
2022-06-04 00:00:00+00:00,980830.2983269439
2022-06-05 00:00:00+00:00,981186.5950271095
2022-06-06 00:00:00+00:00,981588.4282684604
2022-06-07 00:00:00+00:00,980958.1687274275
2022-06-08 00:00:00+00:00,980510.434717092
2022-06-09 00:00:00+00:00,980595.7746976012
2022-06-10 00:00:00+00:00,979980.1638641525
2022-06-11 00:00:00+00:00,980385.4251013485
2022-06-12 00:00:00+00:00,977400.1760142844
2022-06-13 00:00:00+00:00,971038.3553632922
2022-06-14 00:00:00+00:00,971002.5412227975
2022-06-15 00:00:00+00:00,969983.5969092657
2022-06-16 00:00:00+00:00,969596.1988277048
2022-06-17 00:00:00+00:00,969699.5956216255
2022-06-18 00:00:00+00:00,969720.2704095853
2022-06-19 00:00:00+00:00,969818.2000675857
2022-06-20 00:00:00+00:00,969895.610784171
2022-06-21 00:00:00+00:00,969963.4896562018
2022-06-22 00:00:00+00:00,970028.7841139444
2022-06-23 00:00:00+00:00,970091.7704981088
2022-06-24 00:00:00+00:00,970046.7916364382
2022-06-25 00:00:00+00:00,970046.7916364382
2022-06-26 00:00:00+00:00,970046.7916364382
2022-06-27 00:00:00+00:00,970046.7916364382
2022-06-28 00:00:00+00:00,970046.7916364382
2022-06-29 00:00:00+00:00,970046.7916364382
2022-06-30 00:00:00+00:00,970046.7916364382
2022-07-01 00:00:00+00:00,970046.7916364382
2022-07-02 00:00:00+00:00,973668.9865778708
2022-07-03 00:00:00+00:00,973316.4155795885
2022-07-04 00:00:00+00:00,975679.6919601215
2022-07-05 00:00:00+00:00,978469.8576006668
2022-07-06 00:00:00+00:00,980751.2019623305
2022-07-07 00:00:00+00:00,980129.1015051913
2022-07-08 00:00:00+00:00,981587.685076676
2022-07-09 00:00:00+00:00,985764.6108955905
2022-07-10 00:00:00+00:00,985381.9825766773
2022-07-11 00:00:00+00:00,982876.651966177
2022-07-12 00:00:00+00:00,981175.2584060087
2022-07-13 00:00:00+00:00,979173.2469586952
2022-07-14 00:00:00+00:00,981011.1708336709
2022-07-15 00:00:00+00:00,985266.2081040586
2022-07-16 00:00:00+00:00,985493.6507067413
2022-07-17 00:00:00+00:00,984476.8220712133
2022-07-18 00:00:00+00:00,980024.6315215206
2022-07-19 00:00:00+00:00,978815.4392407949
2022-07-20 00:00:00+00:00,979009.6232544135
2022-07-21 00:00:00+00:00,980424.5263808973
2022-07-22 00:00:00+00:00,981025.0578079956
2022-07-23 00:00:00+00:00,982378.1686297725
2022-07-24 00:00:00+00:00,983001.703370132
2022-07-25 00:00:00+00:00,981848.4760886191
2022-07-26 00:00:00+00:00,983597.8263046264
2022-07-27 00:00:00+00:00,978534.0671412735
2022-07-28 00:00:00+00:00,978276.6336255207
2022-07-29 00:00:00+00:00,977956.3746089687
2022-07-30 00:00:00+00:00,977956.3746089687
2022-07-31 00:00:00+00:00,977956.3746089687
2022-08-01 00:00:00+00:00,977956.3746089687
2022-08-02 00:00:00+00:00,980787.8137251461
2022-08-03 00:00:00+00:00,983460.0645450721
2022-08-04 00:00:00+00:00,985924.1588561705
2022-08-05 00:00:00+00:00,986352.7812022613
2022-08-06 00:00:00+00:00,986717.6342278108
2022-08-07 00:00:00+00:00,987412.9759495022
2022-08-08 00:00:00+00:00,987118.6856900249
2022-08-09 00:00:00+00:00,987125.4293251362
2022-08-10 00:00:00+00:00,987756.949787255
2022-08-11 00:00:00+00:00,990709.388963229
2022-08-12 00:00:00+00:00,992540.7348741916
2022-08-13 00:00:00+00:00,994226.7260204154
2022-08-14 00:00:00+00:00,994296.8494942265
2022-08-15 00:00:00+00:00,996445.1489802838
2022-08-16 00:00:00+00:00,996505.1842359295
2022-08-17 00:00:00+00:00,996985.7122861688
2022-08-18 00:00:00+00:00,998996.756347934
2022-08-19 00:00:00+00:00,984124.9983076187
2022-08-20 00:00:00+00:00,984907.3363327665
2022-08-21 00:00:00+00:00,987452.7344448718
2022-08-22 00:00:00+00:00,987993.7195498658
2022-08-23 00:00:00+00:00,989832.7618446517
2022-08-24 00:00:00+00:00,991401.0334961981
2022-08-25 00:00:00+00:00,992605.0444924193
2022-08-26 00:00:00+00:00,991212.8910412461
2022-08-27 00:00:00+00:00,991212.8910412461
2022-08-28 00:00:00+00:00,991212.8910412461
2022-08-29 00:00:00+00:00,991212.8910412461
2022-08-30 00:00:00+00:00,991212.8910412461
2022-08-31 00:00:00+00:00,991212.8910412461
2022-09-01 00:00:00+00:00,991212.8910412461
2022-09-02 00:00:00+00:00,994708.8546728265
2022-09-03 00:00:00+00:00,995734.4320736857
2022-09-04 00:00:00+00:00,995201.7373862659
2022-09-05 00:00:00+00:00,995956.4848675866
2022-09-06 00:00:00+00:00,993022.8500444671
2022-09-07 00:00:00+00:00,993186.416373904
2022-09-08 00:00:00+00:00,996326.4224453509
2022-09-09 00:00:00+00:00,988980.599948826
2022-09-10 00:00:00+00:00,988331.0871876562
2022-09-11 00:00:00+00:00,987646.5718245793
2022-09-12 00:00:00+00:00,987867.1563068825
2022-09-13 00:00:00+00:00,978657.2032479679
2022-09-14 00:00:00+00:00,981833.3026665691
2022-09-15 00:00:00+00:00,983999.1455786587
2022-09-16 00:00:00+00:00,987135.0283694982
2022-09-17 00:00:00+00:00,989670.4609430362
2022-09-18 00:00:00+00:00,987164.3035279681
2022-09-19 00:00:00+00:00,987953.0880240466
2022-09-20 00:00:00+00:00,987931.1412914422
2022-09-21 00:00:00+00:00,987872.7295014004
2022-09-22 00:00:00+00:00,988194.4847983575
2022-09-23 00:00:00+00:00,990100.1788738668
2022-09-24 00:00:00+00:00,992606.4772326122
2022-09-25 00:00:00+00:00,990541.8047408706
2022-09-26 00:00:00+00:00,992396.3390919244
2022-09-27 00:00:00+00:00,996086.3983632445
2022-09-28 00:00:00+00:00,997206.1340538486
2022-09-29 00:00:00+00:00,1000403.2366200064
2022-09-30 00:00:00+00:00,1003921.3081521386
2022-10-01 00:00:00+00:00,1003921.3081521386
2022-10-02 00:00:00+00:00,1002956.6015949702
2022-10-03 00:00:00+00:00,1004862.8514475856
2022-10-04 00:00:00+00:00,1005604.1274652197
2022-10-05 00:00:00+00:00,1004806.4298891114
2022-10-06 00:00:00+00:00,1006777.3116885534
2022-10-07 00:00:00+00:00,1010465.8957279456
2022-10-08 00:00:00+00:00,1013450.3424591955
2022-10-09 00:00:00+00:00,1012387.2350963795
2022-10-10 00:00:00+00:00,1010797.5021146282
2022-10-11 00:00:00+00:00,1010955.0242051207
2022-10-12 00:00:00+00:00,1013296.4402933863
2022-10-13 00:00:00+00:00,1014090.8366244766
2022-10-14 00:00:00+00:00,1018500.1038191372
2022-10-15 00:00:00+00:00,1021897.1630133961
2022-10-16 00:00:00+00:00,1021385.9963605823
2022-10-17 00:00:00+00:00,1021612.6399869398
2022-10-18 00:00:00+00:00,1023201.4737496254
2022-10-19 00:00:00+00:00,1024716.8582897475
2022-10-20 00:00:00+00:00,1027310.33684226
2022-10-21 00:00:00+00:00,1029712.2314296563
2022-10-22 00:00:00+00:00,1030909.399572001
2022-10-23 00:00:00+00:00,1030112.2224617312
2022-10-24 00:00:00+00:00,1030856.4426872529
2022-10-25 00:00:00+00:00,1027709.7064355421
2022-10-26 00:00:00+00:00,1026518.0995689746
2022-10-27 00:00:00+00:00,1027102.8634146632
2022-10-28 00:00:00+00:00,1026775.0862207346
2022-10-29 00:00:00+00:00,1026775.0862207346
2022-10-30 00:00:00+00:00,1026775.0862207346
2022-10-31 00:00:00+00:00,1026775.0862207346
2022-11-01 00:00:00+00:00,1026775.0862207346
2022-11-02 00:00:00+00:00,1027599.8906410044
2022-11-03 00:00:00+00:00,1032360.6902890834
2022-11-04 00:00:00+00:00,1030192.9634234594
2022-11-05 00:00:00+00:00,1031021.3607651764
2022-11-06 00:00:00+00:00,1030461.4014224714
2022-11-07 00:00:00+00:00,1029532.9355245339
2022-11-08 00:00:00+00:00,1010961.8550766237
2022-11-09 00:00:00+00:00,993264.3115989488
2022-11-10 00:00:00+00:00,992658.120869713
2022-11-11 00:00:00+00:00,995785.7275483906
2022-11-12 00:00:00+00:00,995955.3753612612
2022-11-13 00:00:00+00:00,995929.7395914029
2022-11-14 00:00:00+00:00,996266.8160044806
2022-11-15 00:00:00+00:00,998649.0228255899
2022-11-16 00:00:00+00:00,998828.7824864135
2022-11-17 00:00:00+00:00,1000163.6193883423
2022-11-18 00:00:00+00:00,1000847.8128695724
2022-11-19 00:00:00+00:00,1001164.3197771923
2022-11-20 00:00:00+00:00,1001151.9309531124
2022-11-21 00:00:00+00:00,1001178.4976801439
2022-11-22 00:00:00+00:00,1001312.7471391924
2022-11-23 00:00:00+00:00,1001424.2343537565
2022-11-24 00:00:00+00:00,1001506.1638502956
2022-11-25 00:00:00+00:00,1001452.9517669092
2022-11-26 00:00:00+00:00,1001452.9517669092
2022-11-27 00:00:00+00:00,1001452.9517669092
2022-11-28 00:00:00+00:00,1001452.9517669092
2022-11-29 00:00:00+00:00,1001452.9517669092
2022-11-30 00:00:00+00:00,1001452.9517669092
2022-12-01 00:00:00+00:00,1001452.9517669092
2022-12-02 00:00:00+00:00,1006322.7987602287
2022-12-03 00:00:00+00:00,1007381.5126107011
2022-12-04 00:00:00+00:00,1006724.2174045304
2022-12-05 00:00:00+00:00,1009058.7765211562
2022-12-06 00:00:00+00:00,1009612.1671021989
2022-12-07 00:00:00+00:00,1009640.1105446866
2022-12-08 00:00:00+00:00,1010742.5775476154
2022-12-09 00:00:00+00:00,1012119.9558069184
2022-12-10 00:00:00+00:00,1011251.0272701961
2022-12-11 00:00:00+00:00,1011006.7814583963
2022-12-12 00:00:00+00:00,1011136.7289493453
2022-12-13 00:00:00+00:00,1011017.2829570065
2022-12-14 00:00:00+00:00,1013693.9726699521
2022-12-15 00:00:00+00:00,1016153.6230893696
2022-12-16 00:00:00+00:00,1013118.8344063183
2022-12-17 00:00:00+00:00,1010344.7504371493
2022-12-18 00:00:00+00:00,1013072.0715301567
2022-12-19 00:00:00+00:00,1013117.7638448025
2022-12-20 00:00:00+00:00,1013719.5867318418
2022-12-21 00:00:00+00:00,1017596.5404585552
2022-12-22 00:00:00+00:00,1020420.198561921
2022-12-23 00:00:00+00:00,1022125.1199094687
2022-12-24 00:00:00+00:00,1024210.4133541244
2022-12-25 00:00:00+00:00,1023344.954777312
2022-12-26 00:00:00+00:00,1024202.0172861931
2022-12-27 00:00:00+00:00,1024790.3964833822
2022-12-28 00:00:00+00:00,1025424.3710310071
2022-12-29 00:00:00+00:00,1027254.8986574726
2022-12-30 00:00:00+00:00,1028069.2833698163
2022-12-31 00:00:00+00:00,1028069.2833698163
2023-01-01 00:00:00+00:00,1028069.2833698163
2023-01-02 00:00:00+00:00,1029246.4340399319
2023-01-03 00:00:00+00:00,1028453.4515890254
2023-01-04 00:00:00+00:00,1031044.9284153202
2023-01-05 00:00:00+00:00,1032077.0742809552
2023-01-06 00:00:00+00:00,1034769.9984711339
2023-01-07 00:00:00+00:00,1035143.1633104096
2023-01-08 00:00:00+00:00,1035258.074820398
2023-01-09 00:00:00+00:00,1033539.4635908472
2023-01-10 00:00:00+00:00,1033041.3483886098
2023-01-11 00:00:00+00:00,1031406.783212474
2023-01-12 00:00:00+00:00,1028113.2667341643
2023-01-13 00:00:00+00:00,1025304.3621759365
2023-01-14 00:00:00+00:00,1023116.7448682948
2023-01-15 00:00:00+00:00,1022536.8449385783
2023-01-16 00:00:00+00:00,1023034.7934192905
2023-01-17 00:00:00+00:00,1023531.1059549202
2023-01-18 00:00:00+00:00,1023687.1040505213
2023-01-19 00:00:00+00:00,1023722.5406657904
2023-01-20 00:00:00+00:00,1023479.7289259057
2023-01-21 00:00:00+00:00,1023340.3441332808
2023-01-22 00:00:00+00:00,1023204.8303293647
2023-01-23 00:00:00+00:00,1023067.336511482
2023-01-24 00:00:00+00:00,1022928.6732480808
2023-01-25 00:00:00+00:00,1022791.6627593897
2023-01-26 00:00:00+00:00,1022652.129332408
2023-01-27 00:00:00+00:00,1022280.0150778875
2023-01-28 00:00:00+00:00,1022280.0150778875
2023-01-29 00:00:00+00:00,1022280.0150778875
2023-01-30 00:00:00+00:00,1022280.0150778875
2023-01-31 00:00:00+00:00,1022280.0150778875
2023-02-01 00:00:00+00:00,1022280.0150778875
2023-02-02 00:00:00+00:00,1021441.9179123811
2023-02-03 00:00:00+00:00,1023251.0289370712
2023-02-04 00:00:00+00:00,1025625.8332169754
2023-02-05 00:00:00+00:00,1024186.7354867879
2023-02-06 00:00:00+00:00,1026269.4031958809
2023-02-07 00:00:00+00:00,1027672.3446903753
2023-02-08 00:00:00+00:00,1028750.947769054
2023-02-09 00:00:00+00:00,1026831.2455432081
2023-02-10 00:00:00+00:00,1028108.96648443
2023-02-11 00:00:00+00:00,1029835.3501755121
2023-02-12 00:00:00+00:00,1029964.5362698244
2023-02-13 00:00:00+00:00,1029088.8508876564
2023-02-14 00:00:00+00:00,1030244.1997920874
2023-02-15 00:00:00+00:00,1016026.3327218114
2023-02-16 00:00:00+00:00,1012029.5464116023
2023-02-17 00:00:00+00:00,1008779.5246444473
2023-02-18 00:00:00+00:00,1010095.4621605686
2023-02-19 00:00:00+00:00,1009885.0790255602
2023-02-20 00:00:00+00:00,1010330.4033378629
2023-02-21 00:00:00+00:00,1011817.0452982606
2023-02-22 00:00:00+00:00,1013960.1819990895
2023-02-23 00:00:00+00:00,1015690.0117906319
2023-02-24 00:00:00+00:00,1016926.1700402142
2023-02-25 00:00:00+00:00,1016926.1700402142
2023-02-26 00:00:00+00:00,1016926.1700402142
2023-02-27 00:00:00+00:00,1016926.1700402142
2023-02-28 00:00:00+00:00,1016926.1700402142
2023-03-01 00:00:00+00:00,1016926.1700402142
2023-03-02 00:00:00+00:00,1013742.1482487052
2023-03-03 00:00:00+00:00,1012758.3803995391
2023-03-04 00:00:00+00:00,1015075.7153670861
2023-03-05 00:00:00+00:00,1015857.5529294179
2023-03-06 00:00:00+00:00,1015602.2552747526
2023-03-07 00:00:00+00:00,1016541.76500253
2023-03-08 00:00:00+00:00,1017063.8366300103
2023-03-09 00:00:00+00:00,1014159.002071662
2023-03-10 00:00:00+00:00,1012973.7751077594
2023-03-11 00:00:00+00:00,1012292.2002082169
2023-03-12 00:00:00+00:00,1007973.7749707359
2023-03-13 00:00:00+00:00,997676.248700527
2023-03-14 00:00:00+00:00,997958.3486840039
2023-03-15 00:00:00+00:00,997050.9286884336
2023-03-16 00:00:00+00:00,999733.6857756672
2023-03-17 00:00:00+00:00,992304.3557779689
2023-03-18 00:00:00+00:00,992028.791313778
2023-03-19 00:00:00+00:00,990287.6770359417
2023-03-20 00:00:00+00:00,991286.4296866426
2023-03-21 00:00:00+00:00,991852.015532607
2023-03-22 00:00:00+00:00,992096.6567199253
2023-03-23 00:00:00+00:00,992140.6097526224
2023-03-24 00:00:00+00:00,992045.4435055829
2023-03-25 00:00:00+00:00,992328.180678051
2023-03-26 00:00:00+00:00,992183.2944744502
2023-03-27 00:00:00+00:00,992061.6100350333
2023-03-28 00:00:00+00:00,992065.6492327572
2023-03-29 00:00:00+00:00,991929.7790560519
2023-03-30 00:00:00+00:00,991807.6433969728
2023-03-31 00:00:00+00:00,991481.9642589625
2023-04-01 00:00:00+00:00,991481.9642589625
2023-04-02 00:00:00+00:00,989730.3433275719
2023-04-03 00:00:00+00:00,989607.6987172533
2023-04-04 00:00:00+00:00,990404.8216385149
2023-04-05 00:00:00+00:00,991507.673378572
2023-04-06 00:00:00+00:00,992778.2227292539
2023-04-07 00:00:00+00:00,995577.6995640715
2023-04-08 00:00:00+00:00,997324.3074241916
2023-04-09 00:00:00+00:00,995960.5805863978
2023-04-10 00:00:00+00:00,992340.2741409591
2023-04-11 00:00:00+00:00,991974.5139282753
2023-04-12 00:00:00+00:00,995530.8420998672
2023-04-13 00:00:00+00:00,996833.8980333566
2023-04-14 00:00:00+00:00,997478.935315322
2023-04-15 00:00:00+00:00,999794.0012531452
2023-04-16 00:00:00+00:00,999329.9001768089
2023-04-17 00:00:00+00:00,998081.6080300374
2023-04-18 00:00:00+00:00,998094.6104921759
2023-04-19 00:00:00+00:00,995860.5951406071
2023-04-20 00:00:00+00:00,996488.294873013
2023-04-21 00:00:00+00:00,996337.0265838502
2023-04-22 00:00:00+00:00,997313.4277599385
2023-04-23 00:00:00+00:00,997890.454963752
2023-04-24 00:00:00+00:00,999443.3018737067
2023-04-25 00:00:00+00:00,999119.6007550296
2023-04-26 00:00:00+00:00,999581.8109533197
2023-04-27 00:00:00+00:00,997296.9441262091
2023-04-28 00:00:00+00:00,997665.2977984998
2023-04-29 00:00:00+00:00,997665.2977984998
2023-04-30 00:00:00+00:00,997665.2977984998
2023-05-01 00:00:00+00:00,997665.2977984998
2023-05-02 00:00:00+00:00,1000802.1228823848
2023-05-03 00:00:00+00:00,1001358.0099321135
2023-05-04 00:00:00+00:00,1001685.0100934431
2023-05-05 00:00:00+00:00,1002754.3100646589
2023-05-06 00:00:00+00:00,1003137.0888754493
2023-05-07 00:00:00+00:00,1003749.3201269377
2023-05-08 00:00:00+00:00,1003206.1708772565
2023-05-09 00:00:00+00:00,1004283.397087962
2023-05-10 00:00:00+00:00,1004962.262381782
2023-05-11 00:00:00+00:00,1005784.358003308
2023-05-12 00:00:00+00:00,1006014.3225461611
2023-05-13 00:00:00+00:00,1007230.7387969525
2023-05-14 00:00:00+00:00,1008266.1450503794
2023-05-15 00:00:00+00:00,1007193.4282022895
2023-05-16 00:00:00+00:00,1008101.6143008955
2023-05-17 00:00:00+00:00,1009709.4579008844
2023-05-18 00:00:00+00:00,1010514.3963565442
2023-05-19 00:00:00+00:00,1011267.9289040009
2023-05-20 00:00:00+00:00,1012254.6981797061
2023-05-21 00:00:00+00:00,1012095.5013808724
2023-05-22 00:00:00+00:00,1012328.8186892977
2023-05-23 00:00:00+00:00,1012877.4307117978
2023-05-24 00:00:00+00:00,1012294.0012142832
2023-05-25 00:00:00+00:00,1012422.4002257185
2023-05-26 00:00:00+00:00,1012361.9891963926
2023-05-27 00:00:00+00:00,1012361.9891963926
2023-05-28 00:00:00+00:00,1012361.9891963926
2023-05-29 00:00:00+00:00,1012361.9891963926
2023-05-30 00:00:00+00:00,1012361.9891963926
2023-05-31 00:00:00+00:00,1012361.9891963926
2023-06-01 00:00:00+00:00,1012361.9891963926
2023-06-02 00:00:00+00:00,1014842.1807404958
2023-06-03 00:00:00+00:00,1015794.7534644083
2023-06-04 00:00:00+00:00,1016274.021911166
2023-06-05 00:00:00+00:00,1011673.5864882962
2023-06-06 00:00:00+00:00,1007776.8322283699
2023-06-07 00:00:00+00:00,1004675.0020360319
2023-06-08 00:00:00+00:00,1006461.7455024405
2023-06-09 00:00:00+00:00,1008411.5994312376
2023-06-10 00:00:00+00:00,1006857.8291831815
2023-06-11 00:00:00+00:00,1007352.9374855037
2023-06-12 00:00:00+00:00,1007477.9449352587
2023-06-13 00:00:00+00:00,1007313.8788217714
2023-06-14 00:00:00+00:00,1007288.6484318705
2023-06-15 00:00:00+00:00,1006889.6686349284
2023-06-16 00:00:00+00:00,1007525.8273403298
2023-06-17 00:00:00+00:00,1008801.0810350729
2023-06-18 00:00:00+00:00,1008763.3313082232
2023-06-19 00:00:00+00:00,1008883.4600218514
2023-06-20 00:00:00+00:00,1001879.8068160923
2023-06-21 00:00:00+00:00,996642.7032570862
2023-06-22 00:00:00+00:00,997664.6233179515
2023-06-23 00:00:00+00:00,997488.8130155791
2023-06-24 00:00:00+00:00,997806.9516592085
2023-06-25 00:00:00+00:00,997906.4924133521
2023-06-26 00:00:00+00:00,997913.0120088655
2023-06-27 00:00:00+00:00,997866.9417795376
2023-06-28 00:00:00+00:00,997803.2166665948
2023-06-29 00:00:00+00:00,997690.1940594179
2023-06-30 00:00:00+00:00,997391.4106104996
2023-07-01 00:00:00+00:00,997391.4106104996
2023-07-02 00:00:00+00:00,995305.8168042981
2023-07-03 00:00:00+00:00,994640.4132978307
2023-07-04 00:00:00+00:00,995513.0908349713
2023-07-05 00:00:00+00:00,997929.2321038796
2023-07-06 00:00:00+00:00,996661.653765747
2023-07-07 00:00:00+00:00,997961.8122031051
2023-07-08 00:00:00+00:00,1000460.4408930456
2023-07-09 00:00:00+00:00,1001616.6423212261
2023-07-10 00:00:00+00:00,1001626.5818055103
2023-07-11 00:00:00+00:00,1001593.6321322708
2023-07-12 00:00:00+00:00,1001809.7552820931
2023-07-13 00:00:00+00:00,1000686.1939713889
2023-07-14 00:00:00+00:00,998549.7026725273
2023-07-15 00:00:00+00:00,1001880.4877754345
2023-07-16 00:00:00+00:00,1001859.3851743106
2023-07-17 00:00:00+00:00,1002256.7532054102
2023-07-18 00:00:00+00:00,1003645.5849009261
2023-07-19 00:00:00+00:00,1005311.3680359406
2023-07-20 00:00:00+00:00,1006723.9177412249
2023-07-21 00:00:00+00:00,1008086.5026753613
2023-07-22 00:00:00+00:00,1008086.5026753613
2023-07-23 00:00:00+00:00,1008086.5026753613
2023-07-24 00:00:00+00:00,1008086.5026753613
2023-07-25 00:00:00+00:00,1008086.5026753613
2023-07-26 00:00:00+00:00,1008086.5026753613
2023-07-27 00:00:00+00:00,1008086.5026753613
2023-07-28 00:00:00+00:00,1008086.5026753613
2023-07-29 00:00:00+00:00,1008086.5026753613
2023-07-30 00:00:00+00:00,1008086.5026753613
2023-07-31 00:00:00+00:00,1008086.5026753613
2023-08-01 00:00:00+00:00,1008086.5026753613
2023-08-02 00:00:00+00:00,1005648.0189995095
2023-08-03 00:00:00+00:00,1006293.2559919062
2023-08-04 00:00:00+00:00,1008404.6564645899
2023-08-05 00:00:00+00:00,1009104.3672779398
2023-08-06 00:00:00+00:00,1008818.7930194038
2023-08-07 00:00:00+00:00,1008769.1793827858
2023-08-08 00:00:00+00:00,1005768.584758282
2023-08-09 00:00:00+00:00,1006361.522153857
2023-08-10 00:00:00+00:00,1008234.5632826554
2023-08-11 00:00:00+00:00,1010729.456135648
2023-08-12 00:00:00+00:00,1012483.958599056
2023-08-13 00:00:00+00:00,1012339.1931865737
2023-08-14 00:00:00+00:00,1012220.3439546551
2023-08-15 00:00:00+00:00,1012079.335707218
2023-08-16 00:00:00+00:00,1012315.9815578245
2023-08-17 00:00:00+00:00,1000869.3413619094
2023-08-18 00:00:00+00:00,1000355.8522804758
2023-08-19 00:00:00+00:00,1001047.0535372861
2023-08-20 00:00:00+00:00,1001115.4975390802
2023-08-21 00:00:00+00:00,1001338.7752585831
2023-08-22 00:00:00+00:00,1001485.6844217516
2023-08-23 00:00:00+00:00,1001595.1679390946
2023-08-24 00:00:00+00:00,1001683.7853984031
2023-08-25 00:00:00+00:00,1001624.8741237796
2023-08-26 00:00:00+00:00,1001624.8741237796
2023-08-27 00:00:00+00:00,1001624.8741237796
2023-08-28 00:00:00+00:00,1001624.8741237796
2023-08-29 00:00:00+00:00,1001624.8741237796
2023-08-30 00:00:00+00:00,1001624.8741237796
2023-08-31 00:00:00+00:00,1001624.8741237796
2023-09-01 00:00:00+00:00,1001624.8741237796
2023-09-02 00:00:00+00:00,1002008.9521011801
2023-09-03 00:00:00+00:00,1001531.6546108255
2023-09-04 00:00:00+00:00,1001365.5084263094
2023-09-05 00:00:00+00:00,1001842.5830886862
2023-09-06 00:00:00+00:00,1001420.9939472008
2023-09-07 00:00:00+00:00,1002165.7240798831
2023-09-08 00:00:00+00:00,1001780.5769709997
2023-09-09 00:00:00+00:00,1003710.809720429
2023-09-10 00:00:00+00:00,1002978.9762509239
2023-09-11 00:00:00+00:00,1000752.9144610502
2023-09-12 00:00:00+00:00,1000771.3619632641
2023-09-13 00:00:00+00:00,1000930.457624726
2023-09-14 00:00:00+00:00,1002067.2673068698
2023-09-15 00:00:00+00:00,1003816.3770959819
2023-09-16 00:00:00+00:00,1005446.2968314837
2023-09-17 00:00:00+00:00,1004699.3475207661
2023-09-18 00:00:00+00:00,1004779.5737502245
2023-09-19 00:00:00+00:00,1004580.4378075664
2023-09-20 00:00:00+00:00,1005075.7386066995
2023-09-21 00:00:00+00:00,1004717.4943401231
2023-09-22 00:00:00+00:00,1007224.9069533078
2023-09-23 00:00:00+00:00,1008606.0709509738
2023-09-24 00:00:00+00:00,1007313.7651002953
2023-09-25 00:00:00+00:00,1008083.5858975057
2023-09-26 00:00:00+00:00,1008749.9383142972
2023-09-27 00:00:00+00:00,1010640.2827651233
2023-09-28 00:00:00+00:00,1008630.4675716605
2023-09-29 00:00:00+00:00,1008546.7248397293
2023-09-30 00:00:00+00:00,1008546.7248397293
2023-10-01 00:00:00+00:00,1008546.7248397293
2023-10-02 00:00:00+00:00,1003138.0238048853
2023-10-03 00:00:00+00:00,1004087.9095415854
2023-10-04 00:00:00+00:00,1004594.071446394
2023-10-05 00:00:00+00:00,1004956.2735467625
2023-10-06 00:00:00+00:00,1005461.672886691
2023-10-07 00:00:00+00:00,1005524.4524543008
2023-10-08 00:00:00+00:00,1004898.5658260554
2023-10-09 00:00:00+00:00,1004194.0868706102
2023-10-10 00:00:00+00:00,1005620.6912405611
2023-10-11 00:00:00+00:00,1006463.9647214637
2023-10-12 00:00:00+00:00,1006879.174333227
2023-10-13 00:00:00+00:00,1008356.2097033082
2023-10-14 00:00:00+00:00,1008250.5195181239
2023-10-15 00:00:00+00:00,1007851.249585424
2023-10-16 00:00:00+00:00,1001570.4446760758
2023-10-17 00:00:00+00:00,1002366.0015572943
2023-10-18 00:00:00+00:00,1003868.854795425
2023-10-19 00:00:00+00:00,1003735.3914546205
2023-10-20 00:00:00+00:00,1002393.9264371147
2023-10-21 00:00:00+00:00,1002300.6185647988
2023-10-22 00:00:00+00:00,1001868.4527934626
2023-10-23 00:00:00+00:00,999451.1071407363
2023-10-24 00:00:00+00:00,999326.3029267143
2023-10-25 00:00:00+00:00,999201.022039856
2023-10-26 00:00:00+00:00,999073.7617545389
2023-10-27 00:00:00+00:00,998739.2594235503
2023-10-28 00:00:00+00:00,998739.2594235503
2023-10-29 00:00:00+00:00,998739.2594235503
2023-10-30 00:00:00+00:00,998739.2594235503
2023-10-31 00:00:00+00:00,998739.2594235503
2023-11-01 00:00:00+00:00,998739.2594235503
2023-11-02 00:00:00+00:00,995646.336393152
2023-11-03 00:00:00+00:00,997653.9033709163
2023-11-04 00:00:00+00:00,997903.612737288
2023-11-05 00:00:00+00:00,997497.5902100423
2023-11-06 00:00:00+00:00,999525.6086076358
2023-11-07 00:00:00+00:00,1002702.8326964057
2023-11-08 00:00:00+00:00,1002704.0958988998
2023-11-09 00:00:00+00:00,998720.7546591363
2023-11-10 00:00:00+00:00,1001343.878962337
2023-11-11 00:00:00+00:00,1001719.9851714408
2023-11-12 00:00:00+00:00,1002712.012797567
2023-11-13 00:00:00+00:00,1003409.278153316
2023-11-14 00:00:00+00:00,1004631.3864911662
2023-11-15 00:00:00+00:00,999313.069132964
2023-11-16 00:00:00+00:00,997240.4851998431
2023-11-17 00:00:00+00:00,999371.0969463941
2023-11-18 00:00:00+00:00,1001663.4551896184
2023-11-19 00:00:00+00:00,1000889.000411719
2023-11-20 00:00:00+00:00,1001217.2728020294
2023-11-21 00:00:00+00:00,1000062.7216696917
2023-11-22 00:00:00+00:00,995965.5858911121
2023-11-23 00:00:00+00:00,996427.0169118006
2023-11-24 00:00:00+00:00,996126.926285489
2023-11-25 00:00:00+00:00,996126.926285489
2023-11-26 00:00:00+00:00,996126.926285489
2023-11-27 00:00:00+00:00,996126.926285489
2023-11-28 00:00:00+00:00,996126.926285489
2023-11-29 00:00:00+00:00,996126.926285489
2023-11-30 00:00:00+00:00,996126.926285489
2023-12-01 00:00:00+00:00,996126.926285489
2023-12-02 00:00:00+00:00,993427.6053520321
2023-12-03 00:00:00+00:00,992519.7679589877
2023-12-04 00:00:00+00:00,990519.9018375822
2023-12-05 00:00:00+00:00,989516.760401261
2023-12-06 00:00:00+00:00,989291.2688814324
2023-12-07 00:00:00+00:00,990360.1375403658
2023-12-08 00:00:00+00:00,990304.5644752482
2023-12-09 00:00:00+00:00,990306.8854946668
2023-12-10 00:00:00+00:00,990342.902784822
2023-12-11 00:00:00+00:00,987405.0539487245
2023-12-12 00:00:00+00:00,988916.3163162208
2023-12-13 00:00:00+00:00,988551.2676566034
2023-12-14 00:00:00+00:00,988695.2388503911
2023-12-15 00:00:00+00:00,988772.163478258
2023-12-16 00:00:00+00:00,988942.7423116714
2023-12-17 00:00:00+00:00,988479.972430855
2023-12-18 00:00:00+00:00,988035.0483568583
2023-12-19 00:00:00+00:00,988014.6642099178
2023-12-20 00:00:00+00:00,987838.5483332016
2023-12-21 00:00:00+00:00,987723.8741794247
2023-12-22 00:00:00+00:00,987415.684185182
2023-12-23 00:00:00+00:00,987415.684185182
2023-12-24 00:00:00+00:00,987415.684185182
2023-12-25 00:00:00+00:00,987415.684185182
2023-12-26 00:00:00+00:00,987415.684185182
2023-12-27 00:00:00+00:00,987415.684185182
2023-12-28 00:00:00+00:00,987415.684185182
2023-12-29 00:00:00+00:00,987415.684185182
2023-12-30 00:00:00+00:00,987415.684185182
2023-12-31 00:00:00+00:00,987415.684185182
2024-01-01 00:00:00+00:00,987415.684185182
2024-01-02 00:00:00+00:00,985952.4408182187
2024-01-03 00:00:00+00:00,986345.2532717625
2024-01-04 00:00:00+00:00,985035.1734635839
2024-01-05 00:00:00+00:00,983969.6267705297
2024-01-06 00:00:00+00:00,984164.3362907938
2024-01-07 00:00:00+00:00,982783.8591582902
2024-01-08 00:00:00+00:00,981996.8144455872
2024-01-09 00:00:00+00:00,985794.1077195323
2024-01-10 00:00:00+00:00,986595.9181352339
2024-01-11 00:00:00+00:00,989334.9779902956
2024-01-12 00:00:00+00:00,987249.4546302719
2024-01-13 00:00:00+00:00,988630.3209751757
2024-01-14 00:00:00+00:00,987856.4326829994
2024-01-15 00:00:00+00:00,988103.8304898611
2024-01-16 00:00:00+00:00,990119.7947620744
2024-01-17 00:00:00+00:00,992690.9415535487
2024-01-18 00:00:00+00:00,993096.3872411862
2024-01-19 00:00:00+00:00,994252.5225196349
2024-01-20 00:00:00+00:00,995325.2399855824
2024-01-21 00:00:00+00:00,995777.4215216783
2024-01-22 00:00:00+00:00,991241.6552664294
2024-01-23 00:00:00+00:00,991974.0066173506
2024-01-24 00:00:00+00:00,993687.2992177473
2024-01-25 00:00:00+00:00,994529.7504694785
2024-01-26 00:00:00+00:00,993318.8004583465
2024-01-27 00:00:00+00:00,993318.8004583465
2024-01-28 00:00:00+00:00,993318.8004583465
2024-01-29 00:00:00+00:00,993318.8004583465
2024-01-30 00:00:00+00:00,993318.8004583465
2024-01-31 00:00:00+00:00,993318.8004583465
2024-02-01 00:00:00+00:00,993318.8004583465
2024-02-02 00:00:00+00:00,993692.6883089669
2024-02-03 00:00:00+00:00,995514.8330381522
2024-02-04 00:00:00+00:00,995598.186596092
2024-02-05 00:00:00+00:00,995199.2875641803
2024-02-06 00:00:00+00:00,996192.3977167004
2024-02-07 00:00:00+00:00,995916.8623319597
2024-02-08 00:00:00+00:00,994298.3269837594
2024-02-09 00:00:00+00:00,992072.5979430883
2024-02-10 00:00:00+00:00,992308.6765959966
2024-02-11 00:00:00+00:00,991654.9711219391
2024-02-12 00:00:00+00:00,990842.7014076632
2024-02-13 00:00:00+00:00,990908.0566888519
2024-02-14 00:00:00+00:00,990304.117283043
2024-02-15 00:00:00+00:00,990256.7469000237
2024-02-16 00:00:00+00:00,990239.6695642875
2024-02-17 00:00:00+00:00,990149.2718052797
2024-02-18 00:00:00+00:00,990030.6434765791
2024-02-19 00:00:00+00:00,989924.9527313198
2024-02-20 00:00:00+00:00,989805.50743283
2024-02-21 00:00:00+00:00,989683.5991990382
2024-02-22 00:00:00+00:00,989561.4959741936
2024-02-23 00:00:00+00:00,989241.5484025633
2024-02-24 00:00:00+00:00,989241.5484025633
2024-02-25 00:00:00+00:00,989241.5484025633
2024-02-26 00:00:00+00:00,989241.5484025633
2024-02-27 00:00:00+00:00,989241.5484025633
2024-02-28 00:00:00+00:00,989241.5484025633
2024-02-29 00:00:00+00:00,989241.5484025633
2024-03-01 00:00:00+00:00,989241.5484025633
2024-03-02 00:00:00+00:00,987747.2001009709
2024-03-03 00:00:00+00:00,985096.9215635813
2024-03-04 00:00:00+00:00,976484.8436512868
2024-03-05 00:00:00+00:00,976125.8691794724
2024-03-06 00:00:00+00:00,975018.6538283724
2024-03-07 00:00:00+00:00,979051.4476779135
2024-03-08 00:00:00+00:00,980054.2447617667
2024-03-09 00:00:00+00:00,979980.7914032927
2024-03-10 00:00:00+00:00,977340.2872420098
2024-03-11 00:00:00+00:00,975696.5071127288
2024-03-12 00:00:00+00:00,978462.4603864716
2024-03-13 00:00:00+00:00,978730.915495477
2024-03-14 00:00:00+00:00,981110.4447369719
2024-03-15 00:00:00+00:00,980078.552644474
2024-03-16 00:00:00+00:00,979627.4560993791
2024-03-17 00:00:00+00:00,977567.6757085312
2024-03-18 00:00:00+00:00,978893.3630790418
2024-03-19 00:00:00+00:00,975581.124529004
2024-03-20 00:00:00+00:00,966343.0006415565
2024-03-21 00:00:00+00:00,967864.2921921453
2024-03-22 00:00:00+00:00,969589.3734771435
2024-03-23 00:00:00+00:00,971134.1628971972
2024-03-24 00:00:00+00:00,969526.1318971392
2024-03-25 00:00:00+00:00,968601.6025686346
2024-03-26 00:00:00+00:00,968938.0804045247
2024-03-27 00:00:00+00:00,969138.0108956798
2024-03-28 00:00:00+00:00,969012.8206669292
2024-03-29 00:00:00+00:00,968708.7169424067
2024-03-30 00:00:00+00:00,968708.7169424067
2024-03-31 00:00:00+00:00,968708.7169424067
2024-04-01 00:00:00+00:00,968708.7169424067
2024-04-02 00:00:00+00:00,964473.7477499876
2024-04-03 00:00:00+00:00,966399.9239104533
2024-04-04 00:00:00+00:00,968270.3986938003
2024-04-05 00:00:00+00:00,968303.0959685927
2024-04-06 00:00:00+00:00,970036.3442026676
2024-04-07 00:00:00+00:00,967742.5032623514
2024-04-08 00:00:00+00:00,966224.4873637997
2024-04-09 00:00:00+00:00,968065.9001814233
2024-04-10 00:00:00+00:00,970843.2744975723
2024-04-11 00:00:00+00:00,973869.4401380566
2024-04-12 00:00:00+00:00,974543.265086776
2024-04-13 00:00:00+00:00,970265.070823549
2024-04-14 00:00:00+00:00,969894.8928374163
2024-04-15 00:00:00+00:00,971090.0566964461
2024-04-16 00:00:00+00:00,971164.9577413582
2024-04-17 00:00:00+00:00,971717.6494756106
2024-04-18 00:00:00+00:00,972081.7977490698
2024-04-19 00:00:00+00:00,972439.3796852592
2024-04-20 00:00:00+00:00,974440.8984812577
2024-04-21 00:00:00+00:00,975349.5422608728
2024-04-22 00:00:00+00:00,976402.3615046331
2024-04-23 00:00:00+00:00,978768.3856638464
2024-04-24 00:00:00+00:00,978446.5833196031
2024-04-25 00:00:00+00:00,978762.6773770706
2024-04-26 00:00:00+00:00,978699.8564838169
2024-04-27 00:00:00+00:00,978699.8564838169
2024-04-28 00:00:00+00:00,978699.8564838169
2024-04-29 00:00:00+00:00,978699.8564838169
2024-04-30 00:00:00+00:00,978699.8564838169
2024-05-01 00:00:00+00:00,978699.8564838169
2024-05-02 00:00:00+00:00,979279.0727606968
2024-05-03 00:00:00+00:00,978109.1967612666
2024-05-04 00:00:00+00:00,977212.1212624751
2024-05-05 00:00:00+00:00,977133.8142906796
2024-05-06 00:00:00+00:00,977563.142198834
2024-05-07 00:00:00+00:00,981031.5487573678
2024-05-08 00:00:00+00:00,982088.6520127425
2024-05-09 00:00:00+00:00,983043.9934276713
2024-05-10 00:00:00+00:00,981983.7336289202
2024-05-11 00:00:00+00:00,982229.9896848309
2024-05-12 00:00:00+00:00,981378.2622769567
2024-05-13 00:00:00+00:00,980712.8935400188
2024-05-14 00:00:00+00:00,982034.4388895277
2024-05-15 00:00:00+00:00,975045.8923068382
2024-05-16 00:00:00+00:00,976765.8472467437
2024-05-17 00:00:00+00:00,977622.2494881775
2024-05-18 00:00:00+00:00,978200.8105067837
2024-05-19 00:00:00+00:00,978993.6592693812
2024-05-20 00:00:00+00:00,974282.2000499103
2024-05-21 00:00:00+00:00,974142.3512038873
2024-05-22 00:00:00+00:00,974665.1454091372
2024-05-23 00:00:00+00:00,975083.6810043547
2024-05-24 00:00:00+00:00,975957.1639154801
2024-05-25 00:00:00+00:00,976030.5407438878
2024-05-26 00:00:00+00:00,975895.271191587
2024-05-27 00:00:00+00:00,975775.2946097832
2024-05-28 00:00:00+00:00,975690.3071301687
2024-05-29 00:00:00+00:00,975785.8661905929
2024-05-30 00:00:00+00:00,975672.8474407875
2024-05-31 00:00:00+00:00,975371.5462491277
2024-06-01 00:00:00+00:00,975371.5462491277
2024-06-02 00:00:00+00:00,976434.7406177698
2024-06-03 00:00:00+00:00,975619.084665749
2024-06-04 00:00:00+00:00,975171.3684385178
2024-06-05 00:00:00+00:00,973318.3308294911
2024-06-06 00:00:00+00:00,976154.4253987073
2024-06-07 00:00:00+00:00,977934.4145827527
2024-06-08 00:00:00+00:00,980714.2442657555
2024-06-09 00:00:00+00:00,980348.0037623106
2024-06-10 00:00:00+00:00,980180.4848207033
2024-06-11 00:00:00+00:00,978960.3604351316
2024-06-12 00:00:00+00:00,979970.7536279397
2024-06-13 00:00:00+00:00,982261.7225973306
2024-06-14 00:00:00+00:00,983506.7118109263
2024-06-15 00:00:00+00:00,984424.2350741405
2024-06-16 00:00:00+00:00,985228.4456865792
2024-06-17 00:00:00+00:00,985254.6112786048
2024-06-18 00:00:00+00:00,984841.7882852369
2024-06-19 00:00:00+00:00,985975.0234529658
2024-06-20 00:00:00+00:00,987258.561363672
2024-06-21 00:00:00+00:00,988165.4711766404
2024-06-22 00:00:00+00:00,989568.8107659648
2024-06-23 00:00:00+00:00,989469.1007241628
2024-06-24 00:00:00+00:00,988233.9917409576
2024-06-25 00:00:00+00:00,988429.3129879512
2024-06-26 00:00:00+00:00,988546.4523156554
2024-06-27 00:00:00+00:00,988642.1818363761
2024-06-28 00:00:00+00:00,988583.8537170867
2024-06-29 00:00:00+00:00,988583.8537170867
2024-06-30 00:00:00+00:00,988583.8537170867
2024-07-01 00:00:00+00:00,988583.8537170867
2024-07-02 00:00:00+00:00,990628.9317292197
2024-07-03 00:00:00+00:00,989105.318050888
2024-07-04 00:00:00+00:00,984346.694147874
2024-07-05 00:00:00+00:00,983378.2828847708
2024-07-06 00:00:00+00:00,984481.7380275064
2024-07-07 00:00:00+00:00,983016.7862020002
2024-07-08 00:00:00+00:00,982570.5496526143
2024-07-09 00:00:00+00:00,983365.2597551232
2024-07-10 00:00:00+00:00,984681.7342008365
2024-07-11 00:00:00+00:00,985667.9725156605
2024-07-12 00:00:00+00:00,986859.7987043917
2024-07-13 00:00:00+00:00,986893.4547672804
2024-07-14 00:00:00+00:00,984206.5566416103
2024-07-15 00:00:00+00:00,979535.2498928328
2024-07-16 00:00:00+00:00,979225.9899350927
2024-07-17 00:00:00+00:00,978429.3006877084
2024-07-18 00:00:00+00:00,982489.5370617692
2024-07-19 00:00:00+00:00,980573.9727518966
2024-07-20 00:00:00+00:00,980822.5255969072
2024-07-21 00:00:00+00:00,979694.4628978547
2024-07-22 00:00:00+00:00,980991.8830741263
2024-07-23 00:00:00+00:00,980428.9266869985
2024-07-24 00:00:00+00:00,983126.9772145699
2024-07-25 00:00:00+00:00,985047.6960452109
2024-07-26 00:00:00+00:00,983700.5783413195
2024-07-27 00:00:00+00:00,983700.5783413195
2024-07-28 00:00:00+00:00,983700.5783413195
2024-07-29 00:00:00+00:00,983700.5783413195
2024-07-30 00:00:00+00:00,983700.5783413195
2024-07-31 00:00:00+00:00,983700.5783413195
2024-08-01 00:00:00+00:00,983700.5783413195
2024-08-02 00:00:00+00:00,978617.8826284843
2024-08-03 00:00:00+00:00,977851.9781398117
2024-08-04 00:00:00+00:00,974563.591151703
2024-08-05 00:00:00+00:00,968406.2134113639
2024-08-06 00:00:00+00:00,970518.2589534972
2024-08-07 00:00:00+00:00,971593.7601347211
2024-08-08 00:00:00+00:00,964735.0928542804
2024-08-09 00:00:00+00:00,966943.9101620257
2024-08-10 00:00:00+00:00,968235.5021902999
2024-08-11 00:00:00+00:00,966550.2580135448
2024-08-12 00:00:00+00:00,966607.347860436
2024-08-13 00:00:00+00:00,967545.857927597
2024-08-14 00:00:00+00:00,967861.6806509057
2024-08-15 00:00:00+00:00,968423.9878300132
2024-08-16 00:00:00+00:00,969582.0911008603
2024-08-17 00:00:00+00:00,970530.4818642851
2024-08-18 00:00:00+00:00,970115.4534567591
2024-08-19 00:00:00+00:00,970686.3757282475
2024-08-20 00:00:00+00:00,971498.3437513072
2024-08-21 00:00:00+00:00,971015.211140411
2024-08-22 00:00:00+00:00,971631.0651413256
2024-08-23 00:00:00+00:00,968777.8270099222
2024-08-24 00:00:00+00:00,969990.3173614399
2024-08-25 00:00:00+00:00,970975.663824946
2024-08-26 00:00:00+00:00,971976.9168753969
2024-08-27 00:00:00+00:00,967668.2887928177
2024-08-28 00:00:00+00:00,967813.014390119
2024-08-29 00:00:00+00:00,967994.6724436675
2024-08-30 00:00:00+00:00,967936.8727966972
2024-08-31 00:00:00+00:00,967936.8727966972
2024-09-01 00:00:00+00:00,967936.8727966972
2024-09-02 00:00:00+00:00,965119.0002134207
2024-09-03 00:00:00+00:00,965209.6061760273
2024-09-04 00:00:00+00:00,963534.9729696171
2024-09-05 00:00:00+00:00,963357.5972944584
2024-09-06 00:00:00+00:00,961393.4358817542
2024-09-07 00:00:00+00:00,963117.8636537384
2024-09-08 00:00:00+00:00,962154.6364618994
2024-09-09 00:00:00+00:00,962114.801179647
2024-09-10 00:00:00+00:00,963175.0656882622
2024-09-11 00:00:00+00:00,965643.7653660339
2024-09-12 00:00:00+00:00,967119.0409321564
2024-09-13 00:00:00+00:00,966938.6646264325
2024-09-14 00:00:00+00:00,968408.1837523262
2024-09-15 00:00:00+00:00,967601.9822821749
2024-09-16 00:00:00+00:00,967456.5841793153
2024-09-17 00:00:00+00:00,966913.4364791703
2024-09-18 00:00:00+00:00,967464.438753191
2024-09-19 00:00:00+00:00,968533.6437525033
2024-09-20 00:00:00+00:00,969395.3186589546
2024-09-21 00:00:00+00:00,970716.2156325006
2024-09-22 00:00:00+00:00,970544.3805623432
2024-09-23 00:00:00+00:00,971033.5671286704
2024-09-24 00:00:00+00:00,971460.5526939043
2024-09-25 00:00:00+00:00,971777.9509577258
2024-09-26 00:00:00+00:00,971262.3466729944
2024-09-27 00:00:00+00:00,970961.5216427731
2024-09-28 00:00:00+00:00,970961.5216427731
2024-09-29 00:00:00+00:00,970961.5216427731
2024-09-30 00:00:00+00:00,970961.5216427731
2024-10-01 00:00:00+00:00,970961.5216427731
2024-10-02 00:00:00+00:00,968402.7636609796
2024-10-03 00:00:00+00:00,969208.8981999299
2024-10-04 00:00:00+00:00,969638.8226950747
2024-10-05 00:00:00+00:00,969106.731066033
2024-10-06 00:00:00+00:00,968127.4194142814
2024-10-07 00:00:00+00:00,968263.5246757284
2024-10-08 00:00:00+00:00,970757.338318231
2024-10-09 00:00:00+00:00,970464.9143621423
2024-10-10 00:00:00+00:00,973738.1380950148
2024-10-11 00:00:00+00:00,973648.5356348245
2024-10-12 00:00:00+00:00,972280.67314886
2024-10-13 00:00:00+00:00,971907.4449747682
2024-10-14 00:00:00+00:00,969243.8896251072
2024-10-15 00:00:00+00:00,969809.4175718272
2024-10-16 00:00:00+00:00,970368.2569647245
2024-10-17 00:00:00+00:00,972571.4401139023
2024-10-18 00:00:00+00:00,972817.4683721898
2024-10-19 00:00:00+00:00,974385.9813862564
2024-10-20 00:00:00+00:00,974084.015940261
2024-10-21 00:00:00+00:00,973306.8225354766
2024-10-22 00:00:00+00:00,973545.5484372742
2024-10-23 00:00:00+00:00,973615.3504967123
2024-10-24 00:00:00+00:00,973157.2853660107
2024-10-25 00:00:00+00:00,973277.1407946501
2024-10-26 00:00:00+00:00,974331.442837874
2024-10-27 00:00:00+00:00,974960.2710076857
2024-10-28 00:00:00+00:00,974559.2747803342
2024-10-29 00:00:00+00:00,973446.8637703427
2024-10-30 00:00:00+00:00,973067.2548187887
2024-10-31 00:00:00+00:00,972676.2647247599
2024-11-01 00:00:00+00:00,973084.396205586
2024-11-02 00:00:00+00:00,971897.9426627563
2024-11-03 00:00:00+00:00,970296.7317302527
2024-11-04 00:00:00+00:00,971654.2582206591
2024-11-05 00:00:00+00:00,973340.9155958627
2024-11-06 00:00:00+00:00,969009.2105609864
2024-11-07 00:00:00+00:00,971618.3286753643
2024-11-08 00:00:00+00:00,974130.962267326
2024-11-09 00:00:00+00:00,975388.0485666996
2024-11-10 00:00:00+00:00,971832.9670436672
2024-11-11 00:00:00+00:00,967158.0118308915
2024-11-12 00:00:00+00:00,966396.1056044966
2024-11-13 00:00:00+00:00,966434.6673839632
2024-11-14 00:00:00+00:00,966418.373058798
2024-11-15 00:00:00+00:00,966011.9645394102
2024-11-16 00:00:00+00:00,966132.9569257292
2024-11-17 00:00:00+00:00,965998.5657573532
2024-11-18 00:00:00+00:00,965870.5743879003
2024-11-19 00:00:00+00:00,965763.5292070175
2024-11-20 00:00:00+00:00,965635.1535025877
2024-11-21 00:00:00+00:00,965488.6263899024
2024-11-22 00:00:00+00:00,965349.5354375726
2024-11-23 00:00:00+00:00,965208.4921941136
2024-11-24 00:00:00+00:00,965068.6629567096
2024-11-25 00:00:00+00:00,964928.3954043324
2024-11-26 00:00:00+00:00,964795.6835381535
2024-11-27 00:00:00+00:00,964664.1664353987
2024-11-28 00:00:00+00:00,964526.9275188568
2024-11-29 00:00:00+00:00,964157.6737014983
2024-11-30 00:00:00+00:00,964157.6737014983
2024-12-01 00:00:00+00:00,964157.6737014983
2024-12-02 00:00:00+00:00,963269.7951260137
2024-12-03 00:00:00+00:00,964693.7977088329
2024-12-04 00:00:00+00:00,964861.5637534355
2024-12-05 00:00:00+00:00,961267.8746284522
2024-12-06 00:00:00+00:00,963607.1273328371
2024-12-07 00:00:00+00:00,965976.0124395441
2024-12-08 00:00:00+00:00,966116.2007796501
2024-12-09 00:00:00+00:00,964479.1065983024
2024-12-10 00:00:00+00:00,965656.3121457391
2024-12-11 00:00:00+00:00,962802.6260986672
2024-12-12 00:00:00+00:00,964211.3827021732
2024-12-13 00:00:00+00:00,966329.3137583522
2024-12-14 00:00:00+00:00,968338.9283536234
2024-12-15 00:00:00+00:00,966607.3922406749
2024-12-16 00:00:00+00:00,966235.1956685664
2024-12-17 00:00:00+00:00,968312.5276464132
2024-12-18 00:00:00+00:00,965829.8170279533
2024-12-19 00:00:00+00:00,964848.44730038
2024-12-20 00:00:00+00:00,965335.5586835649
2024-12-21 00:00:00+00:00,969081.7162627081
2024-12-22 00:00:00+00:00,967917.0749894844
2024-12-23 00:00:00+00:00,969292.5914433304
2024-12-24 00:00:00+00:00,967932.5710522162
2024-12-25 00:00:00+00:00,969892.8636696876
2024-12-26 00:00:00+00:00,968189.408003962
2024-12-27 00:00:00+00:00,969016.2104194788
2024-12-28 00:00:00+00:00,969016.2104194788
2024-12-29 00:00:00+00:00,969016.2104194788
2024-12-30 00:00:00+00:00,969016.2104194788
2024-12-31 00:00:00+00:00,969016.2104194788
2025-01-01 00:00:00+00:00,969016.2104194788
2025-01-02 00:00:00+00:00,969016.2104194788
2025-01-03 00:00:00+00:00,970322.2690575588
2025-01-04 00:00:00+00:00,970997.7531736242
2025-01-05 00:00:00+00:00,971384.7261568364
2025-01-06 00:00:00+00:00,971124.0428710754
2025-01-07 00:00:00+00:00,969858.6853697428
2025-01-08 00:00:00+00:00,969680.5374156024
2025-01-09 00:00:00+00:00,969735.0075010261
2025-01-10 00:00:00+00:00,970271.9871669938
2025-01-11 00:00:00+00:00,971934.3648963717
2025-01-12 00:00:00+00:00,970777.6693695702
2025-01-13 00:00:00+00:00,971313.8620084579
2025-01-14 00:00:00+00:00,970721.3892069596
2025-01-15 00:00:00+00:00,970568.1550608297
2025-01-16 00:00:00+00:00,970439.1653011283
2025-01-17 00:00:00+00:00,969465.6709913018
2025-01-18 00:00:00+00:00,969000.6711580332
2025-01-19 00:00:00+00:00,967445.1653968116
2025-01-20 00:00:00+00:00,967103.712865364
2025-01-21 00:00:00+00:00,968958.8574908923
2025-01-22 00:00:00+00:00,970108.2564774273
2025-01-23 00:00:00+00:00,970425.6260932906
2025-01-24 00:00:00+00:00,971672.2983111877
2025-01-25 00:00:00+00:00,972271.4387630221
2025-01-26 00:00:00+00:00,972022.8653850581
2025-01-27 00:00:00+00:00,972134.1431737787
2025-01-28 00:00:00+00:00,973249.5044437912
2025-01-29 00:00:00+00:00,973075.4324446048
2025-01-30 00:00:00+00:00,972974.4380457794
2025-01-31 00:00:00+00:00,972682.299548047
2025-02-01 00:00:00+00:00,972682.299548047
2025-02-02 00:00:00+00:00,971570.5697639845
2025-02-03 00:00:00+00:00,969039.2439850892
2025-02-04 00:00:00+00:00,970642.7329318854
2025-02-05 00:00:00+00:00,972640.2259701288
2025-02-06 00:00:00+00:00,973302.5385602387
2025-02-07 00:00:00+00:00,975257.6134421207
2025-02-08 00:00:00+00:00,976383.1616899671
2025-02-09 00:00:00+00:00,976654.1843292939
2025-02-10 00:00:00+00:00,977663.8024088603
2025-02-11 00:00:00+00:00,978300.1904829413
2025-02-12 00:00:00+00:00,978937.3784074549
2025-02-13 00:00:00+00:00,980036.8482485582
2025-02-14 00:00:00+00:00,981749.4223674632
2025-02-15 00:00:00+00:00,983198.8608965041
2025-02-16 00:00:00+00:00,982980.4701867478
2025-02-17 00:00:00+00:00,983334.1272943253
2025-02-18 00:00:00+00:00,983932.0003068754
2025-02-19 00:00:00+00:00,984786.9471616864
2025-02-20 00:00:00+00:00,985518.9842171866
2025-02-21 00:00:00+00:00,984870.3453884983
2025-02-22 00:00:00+00:00,984870.3453884983
2025-02-23 00:00:00+00:00,984870.3453884983
2025-02-24 00:00:00+00:00,984870.3453884983
2025-02-25 00:00:00+00:00,984870.3453884983
2025-02-26 00:00:00+00:00,984870.3453884983
2025-02-27 00:00:00+00:00,984870.3453884983
2025-02-28 00:00:00+00:00,984870.3453884983
2025-03-01 00:00:00+00:00,984870.3453884983
2025-03-02 00:00:00+00:00,975273.2710744963
2025-03-03 00:00:00+00:00,969176.0056346605
2025-03-04 00:00:00+00:00,966404.5969192382
2025-03-05 00:00:00+00:00,967175.9042524828
2025-03-06 00:00:00+00:00,967978.7576698478
2025-03-07 00:00:00+00:00,970018.188057436
2025-03-08 00:00:00+00:00,973350.336775044
2025-03-09 00:00:00+00:00,966452.1430176627
2025-03-10 00:00:00+00:00,965139.6241806357
2025-03-11 00:00:00+00:00,962355.4138822424
2025-03-12 00:00:00+00:00,964837.905467201
2025-03-13 00:00:00+00:00,965967.8717117776
2025-03-14 00:00:00+00:00,966953.7301292191
2025-03-15 00:00:00+00:00,968632.539427979
2025-03-16 00:00:00+00:00,967036.0712753718
2025-03-17 00:00:00+00:00,967441.668822739
2025-03-18 00:00:00+00:00,969971.0131505379
2025-03-19 00:00:00+00:00,967551.8065889609
2025-03-20 00:00:00+00:00,967654.2326048322
2025-03-21 00:00:00+00:00,970833.6473678303
2025-03-22 00:00:00+00:00,972506.4333225621
2025-03-23 00:00:00+00:00,971320.7325396569
2025-03-24 00:00:00+00:00,971333.8839861404
2025-03-25 00:00:00+00:00,972668.5277224965
2025-03-26 00:00:00+00:00,973842.0183571652
2025-03-27 00:00:00+00:00,974721.4271337376
2025-03-28 00:00:00+00:00,974544.9366594617
2025-03-29 00:00:00+00:00,974544.9366594617
2025-03-30 00:00:00+00:00,974544.9366594617
2025-03-31 00:00:00+00:00,974544.9366594617
2025-04-01 00:00:00+00:00,974544.9366594617
2025-04-02 00:00:00+00:00,972932.9415080107
2025-04-03 00:00:00+00:00,971512.6210250682
2025-04-04 00:00:00+00:00,970907.0691502498
2025-04-05 00:00:00+00:00,971393.7141743504
2025-04-06 00:00:00+00:00,963005.6892395704
2025-04-07 00:00:00+00:00,964863.9358731089
2025-04-08 00:00:00+00:00,967765.3354730133
2025-04-09 00:00:00+00:00,960770.303431658
2025-04-10 00:00:00+00:00,961805.431561226
2025-04-11 00:00:00+00:00,959260.4551064799
2025-04-12 00:00:00+00:00,958264.9122146115
2025-04-13 00:00:00+00:00,958331.5656832714
2025-04-14 00:00:00+00:00,960429.96985675
2025-04-15 00:00:00+00:00,963794.4536553378
2025-04-16 00:00:00+00:00,965752.4790089687
2025-04-17 00:00:00+00:00,967204.938743262
2025-04-18 00:00:00+00:00,969530.0546962251
2025-04-19 00:00:00+00:00,970368.8082299122
2025-04-20 00:00:00+00:00,970330.3572745597
2025-04-21 00:00:00+00:00,969092.7774414944
2025-04-22 00:00:00+00:00,966014.6342587273
2025-04-23 00:00:00+00:00,965915.2693393697
2025-04-24 00:00:00+00:00,965804.7460700684
2025-04-25 00:00:00+00:00,965500.4739223834
2025-04-26 00:00:00+00:00,965500.4739223834
2025-04-27 00:00:00+00:00,965500.4739223834
2025-04-28 00:00:00+00:00,965500.4739223834
2025-04-29 00:00:00+00:00,965500.4739223834
2025-04-30 00:00:00+00:00,965500.4739223834
2025-05-01 00:00:00+00:00,965500.4739223834
2025-05-02 00:00:00+00:00,962380.8204004739
2025-05-03 00:00:00+00:00,964732.1294467527
2025-05-04 00:00:00+00:00,964259.2246978278
2025-05-05 00:00:00+00:00,964473.8130558822
2025-05-06 00:00:00+00:00,965131.8288877828
2025-05-07 00:00:00+00:00,965520.866267299
2025-05-08 00:00:00+00:00,961375.6365903821
2025-05-09 00:00:00+00:00,961518.6103603652
2025-05-10 00:00:00+00:00,961423.7002997526
2025-05-11 00:00:00+00:00,961259.2750627969
2025-05-12 00:00:00+00:00,961283.3201841452
2025-05-13 00:00:00+00:00,962568.4119828511
2025-05-14 00:00:00+00:00,962900.7321692845
2025-05-15 00:00:00+00:00,963900.2700811811
2025-05-16 00:00:00+00:00,964786.5105634878
2025-05-17 00:00:00+00:00,964925.721698969
2025-05-18 00:00:00+00:00,963718.915272015
2025-05-19 00:00:00+00:00,963806.7321259675
2025-05-20 00:00:00+00:00,963905.6253932083
2025-05-21 00:00:00+00:00,963457.1222578577
2025-05-22 00:00:00+00:00,963321.6867946946
2025-05-23 00:00:00+00:00,963341.3510303675
2025-05-24 00:00:00+00:00,963313.6193518135
2025-05-25 00:00:00+00:00,963129.8639328904
2025-05-26 00:00:00+00:00,963092.9601592366
2025-05-27 00:00:00+00:00,963008.5935205109
2025-05-28 00:00:00+00:00,962902.7885852632
2025-05-29 00:00:00+00:00,962789.9205684392
2025-05-30 00:00:00+00:00,962495.9461114104
2025-05-31 00:00:00+00:00,962495.9461114104
2025-06-01 00:00:00+00:00,962495.9461114104
2025-06-02 00:00:00+00:00,963602.7275161745
2025-06-03 00:00:00+00:00,964881.8428355266
2025-06-04 00:00:00+00:00,966230.3386030603
2025-06-05 00:00:00+00:00,965359.7712414624
2025-06-06 00:00:00+00:00,965858.6796317266
2025-06-07 00:00:00+00:00,966798.5072638897
2025-06-08 00:00:00+00:00,966038.7646064134
2025-06-09 00:00:00+00:00,964070.7577545424
2025-06-10 00:00:00+00:00,964555.960731982
2025-06-11 00:00:00+00:00,964936.5024412227
2025-06-12 00:00:00+00:00,965243.8355185637
2025-06-13 00:00:00+00:00,965016.0629208528
2025-06-14 00:00:00+00:00,966603.6470322678
2025-06-15 00:00:00+00:00,965816.0765883527
2025-06-16 00:00:00+00:00,967300.0315541796
2025-06-17 00:00:00+00:00,967152.5090429236
2025-06-18 00:00:00+00:00,968297.8123293524
2025-06-19 00:00:00+00:00,969382.3523175621
2025-06-20 00:00:00+00:00,970013.8695556532
2025-06-21 00:00:00+00:00,969958.9229880859
2025-06-22 00:00:00+00:00,968989.0036546828
2025-06-23 00:00:00+00:00,968007.4586147311
2025-06-24 00:00:00+00:00,969879.63804417
2025-06-25 00:00:00+00:00,971152.0161151648
2025-06-26 00:00:00+00:00,972627.4442359249
2025-06-27 00:00:00+00:00,973435.5017369073
2025-06-28 00:00:00+00:00,973435.5017369073
2025-06-29 00:00:00+00:00,973435.5017369073
2025-06-30 00:00:00+00:00,973435.5017369073
2025-07-01 00:00:00+00:00,973435.5017369073
2025-07-02 00:00:00+00:00,971790.8502353551
2025-07-03 00:00:00+00:00,971583.9168407522
2025-07-04 00:00:00+00:00,972727.3089528541
2025-07-05 00:00:00+00:00,973085.0087320324
2025-07-06 00:00:00+00:00,973542.2179952941
2025-07-07 00:00:00+00:00,973348.952421651
2025-07-08 00:00:00+00:00,974532.3732364858
2025-07-09 00:00:00+00:00,974375.8171047658
2025-07-10 00:00:00+00:00,971404.0278052154
2025-07-11 00:00:00+00:00,971330.6447597725
2025-07-12 00:00:00+00:00,972212.9688256407
2025-07-13 00:00:00+00:00,971440.1569448737
2025-07-14 00:00:00+00:00,971373.4866311209
2025-07-15 00:00:00+00:00,971430.9457607106
2025-07-16 00:00:00+00:00,972047.4869169801
2025-07-17 00:00:00+00:00,972151.671558368
2025-07-18 00:00:00+00:00,972286.794997
2025-07-19 00:00:00+00:00,972418.3299931317
2025-07-20 00:00:00+00:00,972257.8013004023
2025-07-21 00:00:00+00:00,972504.489244225
2025-07-22 00:00:00+00:00,972285.1848718165
2025-07-23 00:00:00+00:00,972189.6242573338
2025-07-24 00:00:00+00:00,972081.1674737735
2025-07-25 00:00:00+00:00,971787.7206611803
2025-07-26 00:00:00+00:00,971787.7206611803
2025-07-27 00:00:00+00:00,971787.7206611803
2025-07-28 00:00:00+00:00,971787.7206611803
2025-07-29 00:00:00+00:00,971787.7206611803
2025-07-30 00:00:00+00:00,971787.7206611803
2025-07-31 00:00:00+00:00,971787.7206611803
2025-08-01 00:00:00+00:00,971787.7206611803
2025-08-02 00:00:00+00:00,970344.5350353788
2025-08-03 00:00:00+00:00,970203.9485620786
2025-08-04 00:00:00+00:00,971104.6119639457
2025-08-05 00:00:00+00:00,972704.649400402
2025-08-06 00:00:00+00:00,973931.9431945651
2025-08-07 00:00:00+00:00,973715.9642634816
2025-08-08 00:00:00+00:00,974116.6548284771
2025-08-09 00:00:00+00:00,974775.7778617475
2025-08-10 00:00:00+00:00,973386.1138232695
2025-08-11 00:00:00+00:00,973382.8942169056
2025-08-12 00:00:00+00:00,974106.7775720311
2025-08-13 00:00:00+00:00,972438.9543530653
2025-08-14 00:00:00+00:00,969648.8850344658
2025-08-15 00:00:00+00:00,971561.4872022617
2025-08-16 00:00:00+00:00,972276.1183780661
2025-08-17 00:00:00+00:00,972845.725497965
2025-08-18 00:00:00+00:00,973208.6684111835
2025-08-19 00:00:00+00:00,971126.7482395524
2025-08-20 00:00:00+00:00,972263.2139901413
2025-08-21 00:00:00+00:00,971995.4487780313
2025-08-22 00:00:00+00:00,968379.2639837562
2025-08-23 00:00:00+00:00,968379.2639837562
2025-08-24 00:00:00+00:00,968379.2639837562
2025-08-25 00:00:00+00:00,968379.2639837562
2025-08-26 00:00:00+00:00,968379.2639837562
2025-08-27 00:00:00+00:00,968379.2639837562
2025-08-28 00:00:00+00:00,968379.2639837562
2025-08-29 00:00:00+00:00,968379.2639837562
2025-08-30 00:00:00+00:00,968379.2639837562
2025-08-31 00:00:00+00:00,968379.2639837562
2025-09-01 00:00:00+00:00,968379.2639837562
2025-09-02 00:00:00+00:00,967383.6982756575
2025-09-03 00:00:00+00:00,968598.6403465166
2025-09-04 00:00:00+00:00,968141.1508350446
2025-09-05 00:00:00+00:00,969445.9183458203
2025-09-06 00:00:00+00:00,970816.0692076909
2025-09-07 00:00:00+00:00,970075.7972019624
2025-09-08 00:00:00+00:00,971330.4906922135
2025-09-09 00:00:00+00:00,971171.9910167115
2025-09-10 00:00:00+00:00,971622.7800302156
2025-09-11 00:00:00+00:00,972086.774823028
2025-09-12 00:00:00+00:00,972845.8058627606
2025-09-13 00:00:00+00:00,973296.2823171747
2025-09-14 00:00:00+00:00,973165.9633861005
2025-09-15 00:00:00+00:00,972997.3956962893
2025-09-16 00:00:00+00:00,972923.1563017643
2025-09-17 00:00:00+00:00,973126.7854423404
2025-09-18 00:00:00+00:00,973771.6675244155
2025-09-19 00:00:00+00:00,973965.5272697913
2025-09-20 00:00:00+00:00,974260.1159517202
2025-09-21 00:00:00+00:00,973594.0373749202
2025-09-22 00:00:00+00:00,973411.8074542425
2025-09-23 00:00:00+00:00,974504.7551664992
2025-09-24 00:00:00+00:00,974539.811452559
2025-09-25 00:00:00+00:00,972336.7285299489
2025-09-26 00:00:00+00:00,973501.8298376865
2025-09-27 00:00:00+00:00,973501.8298376865
2025-09-28 00:00:00+00:00,973501.8298376865
2025-09-29 00:00:00+00:00,973501.8298376865
2025-09-30 00:00:00+00:00,973501.8298376865
2025-10-01 00:00:00+00:00,973501.8298376865
2025-10-02 00:00:00+00:00,969747.7289926785
2025-10-03 00:00:00+00:00,969316.2630647166
2025-10-04 00:00:00+00:00,969754.5778065106
2025-10-05 00:00:00+00:00,969424.5355679082
2025-10-06 00:00:00+00:00,969649.876681922
2025-10-07 00:00:00+00:00,968927.7780352351
2025-10-08 00:00:00+00:00,968988.7663678081
2025-10-09 00:00:00+00:00,969044.4675997151
2025-10-10 00:00:00+00:00,960498.3947282679
2025-10-11 00:00:00+00:00,958288.7574932952
2025-10-12 00:00:00+00:00,957297.2298506091
2025-10-13 00:00:00+00:00,958858.9655826022
2025-10-14 00:00:00+00:00,958470.9946956951
2025-10-15 00:00:00+00:00,958840.6256353866
2025-10-16 00:00:00+00:00,957964.2457674735
2025-10-17 00:00:00+00:00,956571.3465946703
2025-10-18 00:00:00+00:00,958514.4117588475
2025-10-19 00:00:00+00:00,958511.1240980173
2025-10-20 00:00:00+00:00,959841.3487341288
2025-10-21 00:00:00+00:00,960234.7974318496
2025-10-22 00:00:00+00:00,959815.1548202734
2025-10-23 00:00:00+00:00,961000.6046820314
2025-10-24 00:00:00+00:00,963318.9292455825
2025-10-25 00:00:00+00:00,965179.3515915363
2025-10-26 00:00:00+00:00,963329.2349861362
2025-10-27 00:00:00+00:00,965407.9666638516
2025-10-28 00:00:00+00:00,966667.3138481152
2025-10-29 00:00:00+00:00,965286.4077136165
2025-10-30 00:00:00+00:00,965317.8606797486
2025-10-31 00:00:00+00:00,965459.9812391141
2025-11-01 00:00:00+00:00,965459.9812391141
2025-11-02 00:00:00+00:00,965276.6196156167
2025-11-03 00:00:00+00:00,963253.3729231466
2025-11-04 00:00:00+00:00,959127.8410881384
2025-11-05 00:00:00+00:00,960346.6277092298
2025-11-06 00:00:00+00:00,961045.5176488082
2025-11-07 00:00:00+00:00,961680.0461750649
2025-11-08 00:00:00+00:00,963205.4289297708
2025-11-09 00:00:00+00:00,961913.0512680805
2025-11-10 00:00:00+00:00,962229.1101665848
2025-11-11 00:00:00+00:00,962142.1135328696
2025-11-12 00:00:00+00:00,962441.9437704688
2025-11-13 00:00:00+00:00,962427.5336540266
2025-11-14 00:00:00+00:00,960289.878956391
2025-11-15 00:00:00+00:00,960887.3257139117
2025-11-16 00:00:00+00:00,960863.2137867032
2025-11-17 00:00:00+00:00,960935.2960072532
2025-11-18 00:00:00+00:00,960948.3122666534
2025-11-19 00:00:00+00:00,961103.6559018899
2025-11-20 00:00:00+00:00,961010.3362213783
2025-11-21 00:00:00+00:00,961056.710728189
2025-11-22 00:00:00+00:00,961158.8424632397
2025-11-23 00:00:00+00:00,961236.9842124772
2025-11-24 00:00:00+00:00,961325.9500650032
2025-11-25 00:00:00+00:00,961406.4966423755
2025-11-26 00:00:00+00:00,961486.1424610679
2025-11-27 00:00:00+00:00,961568.6751175765
2025-11-28 00:00:00+00:00,961513.7617339914
2025-11-29 00:00:00+00:00,961513.7617339914
2025-11-30 00:00:00+00:00,961513.7617339914
2025-12-01 00:00:00+00:00,961513.7617339914
2025-12-02 00:00:00+00:00,957434.7566953641
2025-12-03 00:00:00+00:00,958328.7610109961
2025-12-04 00:00:00+00:00,959037.8339821872
2025-12-05 00:00:00+00:00,957707.059489208
2025-12-06 00:00:00+00:00,958205.220185349
2025-12-07 00:00:00+00:00,957606.0177037012
2025-12-08 00:00:00+00:00,959192.2380892996
2025-12-09 00:00:00+00:00,960702.2663554953
2025-12-10 00:00:00+00:00,961816.4876137201
2025-12-11 00:00:00+00:00,963245.7021447127
2025-12-12 00:00:00+00:00,964203.7130696467
2025-12-13 00:00:00+00:00,963812.2771314771
2025-12-14 00:00:00+00:00,962342.242892825
2025-12-15 00:00:00+00:00,962828.880958149
2025-12-16 00:00:00+00:00,964046.9780438584
2025-12-17 00:00:00+00:00,964740.2811973995
2025-12-18 00:00:00+00:00,965199.2308764432
2025-12-19 00:00:00+00:00,964920.8912612462
2025-12-20 00:00:00+00:00,967235.2293870476
2025-12-21 00:00:00+00:00,966470.2709887567
2025-12-22 00:00:00+00:00,968385.7137250016
2025-12-23 00:00:00+00:00,970102.602043402
2025-12-24 00:00:00+00:00,972240.7620514466
2025-12-25 00:00:00+00:00,972986.159228489
2025-12-26 00:00:00+00:00,973332.1107801489
2025-12-27 00:00:00+00:00,973332.1107801489
2025-12-28 00:00:00+00:00,973332.1107801489
2025-12-29 00:00:00+00:00,973332.1107801489
2025-12-30 00:00:00+00:00,973332.1107801489
2025-12-31 00:00:00+00:00,973332.1107801489
2026-01-01 00:00:00+00:00,973332.1107801489
2026-01-02 00:00:00+00:00,972506.7830576418
2026-01-03 00:00:00+00:00,972190.3482586285
2026-01-04 00:00:00+00:00,971855.03360446
2026-01-05 00:00:00+00:00,971174.0792914542
2026-01-06 00:00:00+00:00,972306.631235544
2026-01-07 00:00:00+00:00,972044.7678228826
2026-01-08 00:00:00+00:00,973092.5563637976
2026-01-09 00:00:00+00:00,975523.5092172908
2026-01-10 00:00:00+00:00,977197.4123594201
2026-01-11 00:00:00+00:00,976237.4421541444
2026-01-12 00:00:00+00:00,976942.6167975266
2026-01-13 00:00:00+00:00,974765.0156626784
2026-01-14 00:00:00+00:00,974594.6502948286
2026-01-15 00:00:00+00:00,974825.1473570182
2026-01-16 00:00:00+00:00,975862.0339717731
2026-01-17 00:00:00+00:00,976334.9107553549
2026-01-18 00:00:00+00:00,975331.3730639681
2026-01-19 00:00:00+00:00,975409.3213959709
2026-01-20 00:00:00+00:00,972424.288766384
2026-01-21 00:00:00+00:00,972548.8195874684
2026-01-22 00:00:00+00:00,974605.4340509941
2026-01-23 00:00:00+00:00,976577.831789596
2026-01-24 00:00:00+00:00,977165.1141072671
2026-01-25 00:00:00+00:00,972953.7952821533
2026-01-26 00:00:00+00:00,973794.7983932407
2026-01-27 00:00:00+00:00,976549.9317463619
2026-01-28 00:00:00+00:00,978285.6582869635
2026-01-29 00:00:00+00:00,967192.1452806646
2026-01-30 00:00:00+00:00,967258.587720297
2026-01-31 00:00:00+00:00,967258.587720297
2026-02-01 00:00:00+00:00,967258.587720297
2026-02-02 00:00:00+00:00,965528.73858622
2026-02-03 00:00:00+00:00,962590.9073252021
2026-02-04 00:00:00+00:00,960209.0791663436
2026-02-05 00:00:00+00:00,943768.8232841515
2026-02-06 00:00:00+00:00,939047.4074686868
2026-02-07 00:00:00+00:00,942988.3474982698
2026-02-08 00:00:00+00:00,944654.382146496
2026-02-09 00:00:00+00:00,945553.0747699805
2026-02-10 00:00:00+00:00,946397.1367588596
2026-02-11 00:00:00+00:00,946076.3747285333
2026-02-12 00:00:00+00:00,946423.3109761219
2026-02-13 00:00:00+00:00,947478.4691725072
2026-02-14 00:00:00+00:00,948606.2059767558
2026-02-15 00:00:00+00:00,948468.8365636789
2026-02-16 00:00:00+00:00,948540.9544739869
2026-02-17 00:00:00+00:00,948338.6055305775
2026-02-18 00:00:00+00:00,948774.9522143228
2026-02-19 00:00:00+00:00,948952.8642336746
2026-02-20 00:00:00+00:00,949258.2346548036
2026-02-21 00:00:00+00:00,949611.872300253
2026-02-22 00:00:00+00:00,949657.854749832
2026-02-23 00:00:00+00:00,949543.1975936965
2026-02-24 00:00:00+00:00,949637.552810041
2026-02-25 00:00:00+00:00,949733.078476033
2026-02-26 00:00:00+00:00,949819.8904410288
2026-02-27 00:00:00+00:00,949765.9751168318
2026-02-28 00:00:00+00:00,949765.9751168318
2026-03-01 00:00:00+00:00,949765.9751168318
2026-03-02 00:00:00+00:00,949765.9751168318
2026-03-03 00:00:00+00:00,950613.5729353044
2026-03-04 00:00:00+00:00,947179.6554153187
2026-03-05 00:00:00+00:00,946717.145744231
2026-03-06 00:00:00+00:00,945539.6509706201
2026-03-07 00:00:00+00:00,945328.9091424462
2026-03-08 00:00:00+00:00,943306.4058378827
2026-03-09 00:00:00+00:00,944596.6063617398
2026-03-10 00:00:00+00:00,947490.955802438
2026-03-11 00:00:00+00:00,948600.5190409364
2026-03-12 00:00:00+00:00,948450.336077354
2026-03-13 00:00:00+00:00,950159.6383268987
2026-03-14 00:00:00+00:00,950654.9776015511
2026-03-15 00:00:00+00:00,950420.6698119215
2026-03-16 00:00:00+00:00,950388.1215852636
2026-03-17 00:00:00+00:00,951148.1800064887
2026-03-18 00:00:00+00:00,950198.1680827269
2026-03-19 00:00:00+00:00,949780.5085023252
2026-03-20 00:00:00+00:00,952013.059590432
2026-03-21 00:00:00+00:00,952592.1371463044
2026-03-22 00:00:00+00:00,950392.7097559678
2026-03-23 00:00:00+00:00,949025.60022266
2026-03-24 00:00:00+00:00,950875.1839967098
2026-03-25 00:00:00+00:00,951894.1693357506
2026-03-26 00:00:00+00:00,951757.6088749921
2026-03-27 00:00:00+00:00,950066.9341082695
2026-03-28 00:00:00+00:00,950066.9341082695
2026-03-29 00:00:00+00:00,950066.9341082695
2026-03-30 00:00:00+00:00,950066.9341082695
2026-03-31 00:00:00+00:00,950066.9341082695
2026-04-01 00:00:00+00:00,950066.9341082695
2026-04-02 00:00:00+00:00,949354.1853755935
2026-04-03 00:00:00+00:00,953668.9082206144
2026-04-04 00:00:00+00:00,955740.9349209248
2026-04-05 00:00:00+00:00,953860.2409313078
2026-04-06 00:00:00+00:00,954934.5024005404
2026-04-07 00:00:00+00:00,952369.7418760913
2026-04-08 00:00:00+00:00,954655.7586951213
2026-04-09 00:00:00+00:00,955801.3751497971
2026-04-10 00:00:00+00:00,956568.9913375622
2026-04-11 00:00:00+00:00,956689.4717020851
2026-04-12 00:00:00+00:00,954301.4337285568
2026-04-13 00:00:00+00:00,952126.3171900734
2026-04-14 00:00:00+00:00,952246.1075262348
2026-04-15 00:00:00+00:00,952732.8279090847
2026-04-16 00:00:00+00:00,953075.2303187287
2026-04-17 00:00:00+00:00,952737.4578103004
2026-04-18 00:00:00+00:00,952755.9155393683
2026-04-19 00:00:00+00:00,951983.0983629273
2026-04-20 00:00:00+00:00,951625.6358086664
2026-04-21 00:00:00+00:00,951581.3678097962
2026-04-22 00:00:00+00:00,951436.8911107325
2026-04-23 00:00:00+00:00,951321.7156234571
2026-04-24 00:00:00+00:00,951016.1879635947
2026-04-25 00:00:00+00:00,951016.1879635947
2026-04-26 00:00:00+00:00,951016.1879635947
2026-04-27 00:00:00+00:00,951016.1879635947
2026-04-28 00:00:00+00:00,951016.1879635947
2026-04-29 00:00:00+00:00,951016.1879635947
2026-04-30 00:00:00+00:00,951016.1879635947
2026-05-01 00:00:00+00:00,951016.1879635947
2026-05-02 00:00:00+00:00,949405.3843350104
2026-05-03 00:00:00+00:00,948954.4080399042
2026-05-04 00:00:00+00:00,949308.5799229492
2026-05-05 00:00:00+00:00,949471.78505694
2026-05-06 00:00:00+00:00,949736.3113517958
2026-05-07 00:00:00+00:00,950951.192657639
2026-05-08 00:00:00+00:00,951420.1935719715
2026-05-09 00:00:00+00:00,952196.9832567411
2026-05-10 00:00:00+00:00,951655.6712029008
2026-05-11 00:00:00+00:00,952014.4481600962
2026-05-12 00:00:00+00:00,951734.0910454012
2026-05-13 00:00:00+00:00,951026.4748492179
2026-05-14 00:00:00+00:00,951583.6980823255
2026-05-15 00:00:00+00:00,951539.3658153221
2026-05-16 00:00:00+00:00,951741.5373700357
2026-05-17 00:00:00+00:00,952067.4071608757
2026-05-18 00:00:00+00:00,952115.9833270482
2026-05-19 00:00:00+00:00,953255.0951263648
2026-05-20 00:00:00+00:00,954387.6799213485
2026-05-21 00:00:00+00:00,955987.3111607326
2026-05-22 00:00:00+00:00,955780.0459227508
2026-05-23 00:00:00+00:00,953947.1800943858
2026-05-24 00:00:00+00:00,955283.60377235
2026-05-25 00:00:00+00:00,956517.1000840153
2026-05-26 00:00:00+00:00,956554.9790303143
2026-05-27 00:00:00+00:00,955984.3001835926
2026-05-28 00:00:00+00:00,956204.4231049148
2026-05-29 00:00:00+00:00,956374.0988868263
2026-05-30 00:00:00+00:00,956374.0988868263
2026-05-31 00:00:00+00:00,956374.0988868263
2026-06-01 00:00:00+00:00,956374.0988868263
2026-06-02 00:00:00+00:00,948852.284209237
2026-06-03 00:00:00+00:00,947020.8863904399
2026-06-04 00:00:00+00:00,945951.0801755567
2026-06-05 00:00:00+00:00,945499.4269212602
2026-06-06 00:00:00+00:00,945638.0219438325
2026-06-07 00:00:00+00:00,944976.9448468653
2026-06-08 00:00:00+00:00,946658.3535861688
2026-06-09 00:00:00+00:00,946779.1945884943
2026-06-10 00:00:00+00:00,946862.9550249836
2026-06-11 00:00:00+00:00,947082.8387795575
2026-06-12 00:00:00+00:00,947520.8686180568
2026-06-13 00:00:00+00:00,948021.5907530745
2026-06-14 00:00:00+00:00,948009.87460554
2026-06-15 00:00:00+00:00,948383.757914772
2026-06-16 00:00:00+00:00,948587.6907538971
2026-06-17 00:00:00+00:00,948577.9942065614
2026-06-18 00:00:00+00:00,948583.9089649651
2026-06-19 00:00:00+00:00,948724.1944399538
2026-06-20 00:00:00+00:00,948851.1172431156
2026-06-21 00:00:00+00:00,948929.6044018043
2026-06-22 00:00:00+00:00,949023.3620570123
2026-06-23 00:00:00+00:00,949107.0901155007
2026-06-24 00:00:00+00:00,949191.6722287715
2026-06-25 00:00:00+00:00,949274.519991242
2026-06-26 00:00:00+00:00,949219.7950544783
