,equity
2020-01-02 00:00:00+00:00,999473.3946345289
2020-01-03 00:00:00+00:00,999527.6455739432
2020-01-04 00:00:00+00:00,1000863.9318943562
2020-01-05 00:00:00+00:00,1002127.403347187
2020-01-06 00:00:00+00:00,994260.0107962724
2020-01-07 00:00:00+00:00,980004.8416768792
2020-01-08 00:00:00+00:00,980889.4457921851
2020-01-09 00:00:00+00:00,991247.7513598362
2020-01-10 00:00:00+00:00,981232.2749576676
2020-01-11 00:00:00+00:00,988377.3160274273
2020-01-12 00:00:00+00:00,981908.6518275454
2020-01-13 00:00:00+00:00,984608.2086326545
2020-01-14 00:00:00+00:00,955648.3859528361
2020-01-15 00:00:00+00:00,956171.1990518778
2020-01-16 00:00:00+00:00,960670.8005341858
2020-01-17 00:00:00+00:00,953019.3700298624
2020-01-18 00:00:00+00:00,952548.2764439532
2020-01-19 00:00:00+00:00,962425.4625247365
2020-01-20 00:00:00+00:00,966135.4073845461
2020-01-21 00:00:00+00:00,961681.844167815
2020-01-22 00:00:00+00:00,964892.7884995532
2020-01-23 00:00:00+00:00,976954.2387276246
2020-01-24 00:00:00+00:00,975699.388818891
2020-01-25 00:00:00+00:00,980414.0359168843
2020-01-26 00:00:00+00:00,968256.1660900286
2020-01-27 00:00:00+00:00,954051.9829891152
2020-01-28 00:00:00+00:00,931513.2204344886
2020-01-29 00:00:00+00:00,936214.225943415
2020-01-30 00:00:00+00:00,925984.8939927985
2020-01-31 00:00:00+00:00,934004.4747021394
2020-02-01 00:00:00+00:00,934004.4747021394
2020-02-02 00:00:00+00:00,934596.8506063153
2020-02-03 00:00:00+00:00,934874.9997923954
2020-02-04 00:00:00+00:00,935803.9823259059
2020-02-05 00:00:00+00:00,935835.9962583592
2020-02-06 00:00:00+00:00,934283.9061363165
2020-02-07 00:00:00+00:00,935586.1013323856
2020-02-08 00:00:00+00:00,936272.1836655841
2020-02-09 00:00:00+00:00,933079.4381905597
2020-02-10 00:00:00+00:00,939008.7163426601
2020-02-11 00:00:00+00:00,933380.197635843
2020-02-12 00:00:00+00:00,930613.6835064508
2020-02-13 00:00:00+00:00,933688.4408664189
2020-02-14 00:00:00+00:00,932250.5917183332
2020-02-15 00:00:00+00:00,941070.2660238665
2020-02-16 00:00:00+00:00,941963.895863546
2020-02-17 00:00:00+00:00,945665.1094992404
2020-02-18 00:00:00+00:00,940884.1234224874
2020-02-19 00:00:00+00:00,947769.8998156958
2020-02-20 00:00:00+00:00,949540.8444129899
2020-02-21 00:00:00+00:00,953118.2946044133
2020-02-22 00:00:00+00:00,955815.9295145962
2020-02-23 00:00:00+00:00,952537.0692379922
2020-02-24 00:00:00+00:00,958177.9313382012
2020-02-25 00:00:00+00:00,959254.2528532394
2020-02-26 00:00:00+00:00,947956.1848846483
2020-02-27 00:00:00+00:00,949371.386085298
2020-02-28 00:00:00+00:00,945930.0658780129
2020-02-29 00:00:00+00:00,945930.0658780129
2020-03-01 00:00:00+00:00,945930.0658780129
2020-03-02 00:00:00+00:00,942678.9464443999
2020-03-03 00:00:00+00:00,946544.8345012615
2020-03-04 00:00:00+00:00,947864.9426995944
2020-03-05 00:00:00+00:00,945784.3354065281
2020-03-06 00:00:00+00:00,945852.0118754037
2020-03-07 00:00:00+00:00,950678.0944289466
2020-03-08 00:00:00+00:00,950003.5413053555
2020-03-09 00:00:00+00:00,945162.646839781
2020-03-10 00:00:00+00:00,945605.7718465346
2020-03-11 00:00:00+00:00,947652.5101982036
2020-03-12 00:00:00+00:00,842950.0207089633
2020-03-13 00:00:00+00:00,867749.491274803
2020-03-14 00:00:00+00:00,852691.7831080074
2020-03-15 00:00:00+00:00,857518.155509128
2020-03-16 00:00:00+00:00,845692.4215516227
2020-03-17 00:00:00+00:00,859333.6538966312
2020-03-18 00:00:00+00:00,863081.3541432042
2020-03-19 00:00:00+00:00,892250.8325743629
2020-03-20 00:00:00+00:00,891877.6613917554
2020-03-21 00:00:00+00:00,893613.8907752762
2020-03-22 00:00:00+00:00,879928.6596499896
2020-03-23 00:00:00+00:00,905467.4145903216
2020-03-24 00:00:00+00:00,916623.0470346337
2020-03-25 00:00:00+00:00,915037.3158856876
2020-03-26 00:00:00+00:00,917446.1689172051
2020-03-27 00:00:00+00:00,902183.0719185817
2020-03-28 00:00:00+00:00,902183.0719185817
2020-03-29 00:00:00+00:00,902183.0719185817
2020-03-30 00:00:00+00:00,902183.0719185817
2020-03-31 00:00:00+00:00,902183.0719185817
2020-04-01 00:00:00+00:00,902183.0719185817
2020-04-02 00:00:00+00:00,901144.9610839274
2020-04-03 00:00:00+00:00,899754.140403057
2020-04-04 00:00:00+00:00,905756.5377469275
2020-04-05 00:00:00+00:00,908886.9390804253
2020-04-06 00:00:00+00:00,898779.6960920353
2020-04-07 00:00:00+00:00,903101.1812885745
2020-04-08 00:00:00+00:00,899036.6238894032
2020-04-09 00:00:00+00:00,904811.31738662
2020-04-10 00:00:00+00:00,918257.3635636395
2020-04-11 00:00:00+00:00,922419.6496390797
2020-04-12 00:00:00+00:00,923146.3476262448
2020-04-13 00:00:00+00:00,922700.8155996434
2020-04-14 00:00:00+00:00,924419.9793546009
2020-04-15 00:00:00+00:00,930819.4210083613
2020-04-16 00:00:00+00:00,924022.9008442765
2020-04-17 00:00:00+00:00,929242.2203826694
2020-04-18 00:00:00+00:00,921694.0836127568
2020-04-19 00:00:00+00:00,927992.3745412687
2020-04-20 00:00:00+00:00,938236.2918422432
2020-04-21 00:00:00+00:00,940135.6728068638
2020-04-22 00:00:00+00:00,930712.0339504206
2020-04-23 00:00:00+00:00,912401.756612722
2020-04-24 00:00:00+00:00,911421.8017702154
2020-04-25 00:00:00+00:00,911421.8017702154
2020-04-26 00:00:00+00:00,911421.8017702154
2020-04-27 00:00:00+00:00,911421.8017702154
2020-04-28 00:00:00+00:00,911421.8017702154
2020-04-29 00:00:00+00:00,911421.8017702154
2020-04-30 00:00:00+00:00,911421.8017702154
2020-05-01 00:00:00+00:00,911421.8017702154
2020-05-02 00:00:00+00:00,911701.6588128658
2020-05-03 00:00:00+00:00,914837.8920445961
2020-05-04 00:00:00+00:00,912688.5357130693
2020-05-05 00:00:00+00:00,913832.4515050253
2020-05-06 00:00:00+00:00,910273.4368697127
2020-05-07 00:00:00+00:00,893843.736000914
2020-05-08 00:00:00+00:00,898929.4033499717
2020-05-09 00:00:00+00:00,906628.5047634424
2020-05-10 00:00:00+00:00,907957.8506554763
2020-05-11 00:00:00+00:00,910164.8034942504
2020-05-12 00:00:00+00:00,921034.1517514214
2020-05-13 00:00:00+00:00,915883.2140538126
2020-05-14 00:00:00+00:00,905080.9422621075
2020-05-15 00:00:00+00:00,915081.9259723723
2020-05-16 00:00:00+00:00,917927.0648918073
2020-05-17 00:00:00+00:00,913491.7459947518
2020-05-18 00:00:00+00:00,910988.9935320969
2020-05-19 00:00:00+00:00,911628.045519545
2020-05-20 00:00:00+00:00,920011.0084421872
2020-05-21 00:00:00+00:00,933132.0765922752
2020-05-22 00:00:00+00:00,934314.7986703322
2020-05-23 00:00:00+00:00,935843.3128616348
2020-05-24 00:00:00+00:00,944157.4978050934
2020-05-25 00:00:00+00:00,943475.0448718738
2020-05-26 00:00:00+00:00,946898.3255273688
2020-05-27 00:00:00+00:00,939727.4947019938
2020-05-28 00:00:00+00:00,926855.9632047913
2020-05-29 00:00:00+00:00,932280.734497189
2020-05-30 00:00:00+00:00,932280.734497189
2020-05-31 00:00:00+00:00,932280.734497189
2020-06-01 00:00:00+00:00,932280.734497189
2020-06-02 00:00:00+00:00,926077.9604416386
2020-06-03 00:00:00+00:00,930189.4741824776
2020-06-04 00:00:00+00:00,934385.8506376352
2020-06-05 00:00:00+00:00,937123.0307769638
2020-06-06 00:00:00+00:00,937997.1399564226
2020-06-07 00:00:00+00:00,938591.0792723423
2020-06-08 00:00:00+00:00,939531.8607262577
2020-06-09 00:00:00+00:00,939509.9715760128
2020-06-10 00:00:00+00:00,939817.3784219836
2020-06-11 00:00:00+00:00,941448.4551393484
2020-06-12 00:00:00+00:00,946472.8259453775
2020-06-13 00:00:00+00:00,949125.6441887767
2020-06-14 00:00:00+00:00,947446.0182506011
2020-06-15 00:00:00+00:00,947725.1210274269
2020-06-16 00:00:00+00:00,951082.4260854558
2020-06-17 00:00:00+00:00,952891.0423385014
2020-06-18 00:00:00+00:00,956325.9060989791
2020-06-19 00:00:00+00:00,958018.1709280815
2020-06-20 00:00:00+00:00,960706.5904798433
2020-06-21 00:00:00+00:00,960230.3936559062
2020-06-22 00:00:00+00:00,962568.122788237
2020-06-23 00:00:00+00:00,964424.6177087891
2020-06-24 00:00:00+00:00,964662.7828608716
2020-06-25 00:00:00+00:00,967191.3897235154
2020-06-26 00:00:00+00:00,966413.9442746063
2020-06-27 00:00:00+00:00,966413.9442746063
2020-06-28 00:00:00+00:00,966413.9442746063
2020-06-29 00:00:00+00:00,966413.9442746063
2020-06-30 00:00:00+00:00,966413.9442746063
2020-07-01 00:00:00+00:00,966413.9442746063
2020-07-02 00:00:00+00:00,971339.7377078306
2020-07-03 00:00:00+00:00,972242.006350878
2020-07-04 00:00:00+00:00,971080.5020765676
2020-07-05 00:00:00+00:00,971918.4264322995
2020-07-06 00:00:00+00:00,970216.7671503292
2020-07-07 00:00:00+00:00,969992.9241061696
2020-07-08 00:00:00+00:00,969349.499788637
2020-07-09 00:00:00+00:00,972213.7395886701
2020-07-10 00:00:00+00:00,975426.7472046369
2020-07-11 00:00:00+00:00,975692.3338849202
2020-07-12 00:00:00+00:00,974229.4559879423
2020-07-13 00:00:00+00:00,975933.0373879648
2020-07-14 00:00:00+00:00,976310.0603879603
2020-07-15 00:00:00+00:00,978674.785204203
2020-07-16 00:00:00+00:00,978843.1614088155
2020-07-17 00:00:00+00:00,981355.4710919725
2020-07-18 00:00:00+00:00,984239.1405300568
2020-07-19 00:00:00+00:00,984208.6035588242
2020-07-20 00:00:00+00:00,986024.2437829879
2020-07-21 00:00:00+00:00,982500.1134770277
2020-07-22 00:00:00+00:00,979973.1492127215
2020-07-23 00:00:00+00:00,979362.0158209165
2020-07-24 00:00:00+00:00,982922.5637096853
2020-07-25 00:00:00+00:00,978615.1500078661
2020-07-26 00:00:00+00:00,970350.7361090305
2020-07-27 00:00:00+00:00,930966.4925622235
2020-07-28 00:00:00+00:00,935214.6506100559
2020-07-29 00:00:00+00:00,928813.7012187279
2020-07-30 00:00:00+00:00,928670.4280816871
2020-07-31 00:00:00+00:00,919964.0250693548
2020-08-01 00:00:00+00:00,919964.0250693548
2020-08-02 00:00:00+00:00,903677.9023794064
2020-08-03 00:00:00+00:00,909021.520809437
2020-08-04 00:00:00+00:00,911717.1895787728
2020-08-05 00:00:00+00:00,912675.0233821359
2020-08-06 00:00:00+00:00,917855.6878728874
2020-08-07 00:00:00+00:00,917623.9520412935
2020-08-08 00:00:00+00:00,919429.3863402691
2020-08-09 00:00:00+00:00,921753.3746504758
2020-08-10 00:00:00+00:00,921485.08320167
2020-08-11 00:00:00+00:00,922877.0227266848
2020-08-12 00:00:00+00:00,924839.7498046043
2020-08-13 00:00:00+00:00,926632.3325326501
2020-08-14 00:00:00+00:00,926915.2408815476
2020-08-15 00:00:00+00:00,926216.9537914143
2020-08-16 00:00:00+00:00,924846.8032004135
2020-08-17 00:00:00+00:00,921048.6997420014
2020-08-18 00:00:00+00:00,923699.4090939496
2020-08-19 00:00:00+00:00,930507.4306490998
2020-08-20 00:00:00+00:00,933012.256543586
2020-08-21 00:00:00+00:00,938407.7065290511
2020-08-22 00:00:00+00:00,939263.2777408587
2020-08-23 00:00:00+00:00,941060.632887498
2020-08-24 00:00:00+00:00,940346.7915495009
2020-08-25 00:00:00+00:00,943291.4527735815
2020-08-26 00:00:00+00:00,945906.1811653416
2020-08-27 00:00:00+00:00,946221.6934260341
2020-08-28 00:00:00+00:00,951695.1165500721
2020-08-29 00:00:00+00:00,951695.1165500721
2020-08-30 00:00:00+00:00,951695.1165500721
2020-08-31 00:00:00+00:00,951695.1165500721
2020-09-01 00:00:00+00:00,951695.1165500721
2020-09-02 00:00:00+00:00,953262.900624773
2020-09-03 00:00:00+00:00,941106.7809145908
2020-09-04 00:00:00+00:00,943553.0509697672
2020-09-05 00:00:00+00:00,938729.6808796846
2020-09-06 00:00:00+00:00,937730.1938861815
2020-09-07 00:00:00+00:00,940871.0040729614
2020-09-08 00:00:00+00:00,936261.1718353236
2020-09-09 00:00:00+00:00,938423.9974780574
2020-09-10 00:00:00+00:00,944578.8371389995
2020-09-11 00:00:00+00:00,947254.3892285958
2020-09-12 00:00:00+00:00,950637.957193264
2020-09-13 00:00:00+00:00,949245.3106423729
2020-09-14 00:00:00+00:00,956599.4702142313
2020-09-15 00:00:00+00:00,958393.2904194464
2020-09-16 00:00:00+00:00,961346.3485150116
2020-09-17 00:00:00+00:00,963236.8067817002
2020-09-18 00:00:00+00:00,965547.971992556
2020-09-19 00:00:00+00:00,967425.3587658245
2020-09-20 00:00:00+00:00,967025.9635204725
2020-09-21 00:00:00+00:00,955114.5372885128
2020-09-22 00:00:00+00:00,958548.786854391
2020-09-23 00:00:00+00:00,950279.2463205172
2020-09-24 00:00:00+00:00,964729.8283039496
2020-09-25 00:00:00+00:00,963414.1395311701
2020-09-26 00:00:00+00:00,963414.1395311701
2020-09-27 00:00:00+00:00,963414.1395311701
2020-09-28 00:00:00+00:00,963414.1395311701
2020-09-29 00:00:00+00:00,963414.1395311701
2020-09-30 00:00:00+00:00,963414.1395311701
2020-10-01 00:00:00+00:00,963414.1395311701
2020-10-02 00:00:00+00:00,956895.7171723022
2020-10-03 00:00:00+00:00,959011.8854363016
2020-10-04 00:00:00+00:00,959773.7916441156
2020-10-05 00:00:00+00:00,959994.9933049056
2020-10-06 00:00:00+00:00,962103.7413439826
2020-10-07 00:00:00+00:00,961748.3736363635
2020-10-08 00:00:00+00:00,963702.3796352732
2020-10-09 00:00:00+00:00,963490.6801868778
2020-10-10 00:00:00+00:00,961227.4130496172
2020-10-11 00:00:00+00:00,960940.2509703123
2020-10-12 00:00:00+00:00,958665.9300314899
2020-10-13 00:00:00+00:00,961498.6912547305
2020-10-14 00:00:00+00:00,963035.3800426674
2020-10-15 00:00:00+00:00,961579.9919249748
2020-10-16 00:00:00+00:00,966676.8606765892
2020-10-17 00:00:00+00:00,966371.68756603
2020-10-18 00:00:00+00:00,962814.7125429178
2020-10-19 00:00:00+00:00,955818.651386448
2020-10-20 00:00:00+00:00,950843.2949745895
2020-10-21 00:00:00+00:00,922808.2836462198
2020-10-22 00:00:00+00:00,917783.0977061916
2020-10-23 00:00:00+00:00,919294.6987372291
2020-10-24 00:00:00+00:00,919294.6987372291
2020-10-25 00:00:00+00:00,919294.6987372291
2020-10-26 00:00:00+00:00,919294.6987372291
2020-10-27 00:00:00+00:00,919294.6987372291
2020-10-28 00:00:00+00:00,919294.6987372291
2020-10-29 00:00:00+00:00,919294.6987372291
2020-10-30 00:00:00+00:00,919294.6987372291
2020-10-31 00:00:00+00:00,919294.6987372291
2020-11-01 00:00:00+00:00,919294.6987372291
2020-11-02 00:00:00+00:00,915817.7273758411
2020-11-03 00:00:00+00:00,917001.284090352
2020-11-04 00:00:00+00:00,918930.5706693087
2020-11-05 00:00:00+00:00,906319.8752736609
2020-11-06 00:00:00+00:00,904714.4745739785
2020-11-07 00:00:00+00:00,917453.0960698216
2020-11-08 00:00:00+00:00,911274.374825428
2020-11-09 00:00:00+00:00,913460.3914789712
2020-11-10 00:00:00+00:00,915870.7816406515
2020-11-11 00:00:00+00:00,911606.1512462344
2020-11-12 00:00:00+00:00,899135.9148998042
2020-11-13 00:00:00+00:00,898841.5349357245
2020-11-14 00:00:00+00:00,904501.1400071625
2020-11-15 00:00:00+00:00,907165.8505372581
2020-11-16 00:00:00+00:00,892015.7941485754
2020-11-17 00:00:00+00:00,869333.5095468768
2020-11-18 00:00:00+00:00,866240.2617390093
2020-11-19 00:00:00+00:00,865863.0518374692
2020-11-20 00:00:00+00:00,845040.5653380693
2020-11-21 00:00:00+00:00,845061.4377385171
2020-11-22 00:00:00+00:00,851003.5243993915
2020-11-23 00:00:00+00:00,851806.6488975047
2020-11-24 00:00:00+00:00,833575.1968975606
2020-11-25 00:00:00+00:00,843950.4092115498
2020-11-26 00:00:00+00:00,881903.6779391308
2020-11-27 00:00:00+00:00,882452.7223963398
2020-11-28 00:00:00+00:00,882452.7223963398
2020-11-29 00:00:00+00:00,882452.7223963398
2020-11-30 00:00:00+00:00,882452.7223963398
2020-12-01 00:00:00+00:00,882452.7223963398
2020-12-02 00:00:00+00:00,895786.752106196
2020-12-03 00:00:00+00:00,900679.5287578257
2020-12-04 00:00:00+00:00,897622.0122175469
2020-12-05 00:00:00+00:00,900279.0596450622
2020-12-06 00:00:00+00:00,902555.9369384262
2020-12-07 00:00:00+00:00,902567.9328235667
2020-12-08 00:00:00+00:00,899972.6893869862
2020-12-09 00:00:00+00:00,903194.0308282844
2020-12-10 00:00:00+00:00,903126.8891890957
2020-12-11 00:00:00+00:00,902010.3838449692
2020-12-12 00:00:00+00:00,909565.4140411513
2020-12-13 00:00:00+00:00,915612.9646724309
2020-12-14 00:00:00+00:00,914983.2564331157
2020-12-15 00:00:00+00:00,916027.4163631073
2020-12-16 00:00:00+00:00,908585.8643386215
2020-12-17 00:00:00+00:00,890011.914870459
2020-12-18 00:00:00+00:00,887914.9645669146
2020-12-19 00:00:00+00:00,877330.7412033671
2020-12-20 00:00:00+00:00,883577.765320451
2020-12-21 00:00:00+00:00,896309.3245060019
2020-12-22 00:00:00+00:00,878855.2350403306
2020-12-23 00:00:00+00:00,888632.0885271459
2020-12-24 00:00:00+00:00,881015.6099345034
2020-12-25 00:00:00+00:00,864416.1403889065
2020-12-26 00:00:00+00:00,864416.1403889065
2020-12-27 00:00:00+00:00,864416.1403889065
2020-12-28 00:00:00+00:00,864416.1403889065
2020-12-29 00:00:00+00:00,864416.1403889065
2020-12-30 00:00:00+00:00,864416.1403889065
2020-12-31 00:00:00+00:00,864416.1403889065
2021-01-01 00:00:00+00:00,864416.1403889065
2021-01-02 00:00:00+00:00,856818.8675848143
2021-01-03 00:00:00+00:00,845370.9525847994
2021-01-04 00:00:00+00:00,849885.7093784884
2021-01-05 00:00:00+00:00,841076.4854611417
2021-01-06 00:00:00+00:00,816820.721834814
2021-01-07 00:00:00+00:00,788385.5914452648
2021-01-08 00:00:00+00:00,777250.7228680532
2021-01-09 00:00:00+00:00,781360.2828563469
2021-01-10 00:00:00+00:00,796599.7219620186
2021-01-11 00:00:00+00:00,825995.224768498
2021-01-12 00:00:00+00:00,837234.8456525718
2021-01-13 00:00:00+00:00,814498.4246705249
2021-01-14 00:00:00+00:00,797093.9469693152
2021-01-15 00:00:00+00:00,820845.4196883636
2021-01-16 00:00:00+00:00,830517.5033144662
2021-01-17 00:00:00+00:00,837431.6499545093
2021-01-18 00:00:00+00:00,831393.3500935123
2021-01-19 00:00:00+00:00,839466.0681337113
2021-01-20 00:00:00+00:00,845397.8004418332
2021-01-21 00:00:00+00:00,894665.614866503
2021-01-22 00:00:00+00:00,874049.608904856
2021-01-23 00:00:00+00:00,874049.608904856
2021-01-24 00:00:00+00:00,874049.608904856
2021-01-25 00:00:00+00:00,874049.608904856
2021-01-26 00:00:00+00:00,874049.608904856
2021-01-27 00:00:00+00:00,874049.608904856
2021-01-28 00:00:00+00:00,874049.608904856
2021-01-29 00:00:00+00:00,874049.608904856
2021-01-30 00:00:00+00:00,874049.608904856
2021-01-31 00:00:00+00:00,874049.608904856
2021-02-01 00:00:00+00:00,874049.608904856
2021-02-02 00:00:00+00:00,878964.2312154215
2021-02-03 00:00:00+00:00,873975.4561754315
2021-02-04 00:00:00+00:00,879771.0521012738
2021-02-05 00:00:00+00:00,874765.1891417119
2021-02-06 00:00:00+00:00,870914.7831959787
2021-02-07 00:00:00+00:00,872747.1856658126
2021-02-08 00:00:00+00:00,813210.9982517927
2021-02-09 00:00:00+00:00,810064.620827592
2021-02-10 00:00:00+00:00,830045.1845237885
2021-02-11 00:00:00+00:00,804931.105113659
2021-02-12 00:00:00+00:00,813144.967763868
2021-02-13 00:00:00+00:00,817312.5558649129
2021-02-14 00:00:00+00:00,802636.1372778234
2021-02-15 00:00:00+00:00,810341.2658785323
2021-02-16 00:00:00+00:00,799011.5403979125
2021-02-17 00:00:00+00:00,769908.5030798098
2021-02-18 00:00:00+00:00,775516.3767302977
2021-02-19 00:00:00+00:00,731741.9659074841
2021-02-20 00:00:00+00:00,730145.7550686862
2021-02-21 00:00:00+00:00,716012.7435657631
2021-02-22 00:00:00+00:00,750209.864803935
2021-02-23 00:00:00+00:00,802950.4822279804
2021-02-24 00:00:00+00:00,795203.6813862384
2021-02-25 00:00:00+00:00,821460.6798650638
2021-02-26 00:00:00+00:00,829175.4805189403
2021-02-27 00:00:00+00:00,829175.4805189403
2021-02-28 00:00:00+00:00,829175.4805189403
2021-03-01 00:00:00+00:00,829175.4805189403
2021-03-02 00:00:00+00:00,829175.4805189403
2021-03-03 00:00:00+00:00,848209.1801239648
2021-03-04 00:00:00+00:00,853772.3376909974
2021-03-05 00:00:00+00:00,851412.8556092643
2021-03-06 00:00:00+00:00,854155.0590582346
2021-03-07 00:00:00+00:00,850872.4773007755
2021-03-08 00:00:00+00:00,848031.906874925
2021-03-09 00:00:00+00:00,838725.6732846873
2021-03-10 00:00:00+00:00,835097.9421037325
2021-03-11 00:00:00+00:00,825166.4175014191
2021-03-12 00:00:00+00:00,829684.5133874413
2021-03-13 00:00:00+00:00,806146.3150580873
2021-03-14 00:00:00+00:00,820931.7674856433
2021-03-15 00:00:00+00:00,840901.2877620963
2021-03-16 00:00:00+00:00,835329.6575462659
2021-03-17 00:00:00+00:00,823609.0776781166
2021-03-18 00:00:00+00:00,832894.2318723459
2021-03-19 00:00:00+00:00,829399.0331572836
2021-03-20 00:00:00+00:00,831597.9400303226
2021-03-21 00:00:00+00:00,836315.1551070639
2021-03-22 00:00:00+00:00,859083.3473568319
2021-03-23 00:00:00+00:00,857412.4020146603
2021-03-24 00:00:00+00:00,871675.007839089
2021-03-25 00:00:00+00:00,878287.3538980179
2021-03-26 00:00:00+00:00,852669.4259428837
2021-03-27 00:00:00+00:00,852669.4259428837
2021-03-28 00:00:00+00:00,852669.4259428837
2021-03-29 00:00:00+00:00,852669.4259428837
2021-03-30 00:00:00+00:00,852669.4259428837
2021-03-31 00:00:00+00:00,852669.4259428837
2021-04-01 00:00:00+00:00,852669.4259428837
2021-04-02 00:00:00+00:00,857267.1489693687
2021-04-03 00:00:00+00:00,855324.8091476129
2021-04-04 00:00:00+00:00,857313.9937826595
2021-04-05 00:00:00+00:00,858778.5702026336
2021-04-06 00:00:00+00:00,859400.9189530669
2021-04-07 00:00:00+00:00,859765.0153433088
2021-04-08 00:00:00+00:00,868720.611227557
2021-04-09 00:00:00+00:00,868189.6615184548
2021-04-10 00:00:00+00:00,865841.8240248865
2021-04-11 00:00:00+00:00,865200.2821951987
2021-04-12 00:00:00+00:00,866603.396227004
2021-04-13 00:00:00+00:00,858944.1145408351
2021-04-14 00:00:00+00:00,863248.8153967974
2021-04-15 00:00:00+00:00,867387.8400885491
2021-04-16 00:00:00+00:00,873957.6685006011
2021-04-17 00:00:00+00:00,877399.5493255317
2021-04-18 00:00:00+00:00,868400.9674000262
2021-04-19 00:00:00+00:00,870840.3216691315
2021-04-20 00:00:00+00:00,874122.8284861189
2021-04-21 00:00:00+00:00,868565.0132759234
2021-04-22 00:00:00+00:00,859493.4719058897
2021-04-23 00:00:00+00:00,854912.3969518959
2021-04-24 00:00:00+00:00,851011.320077786
2021-04-25 00:00:00+00:00,846437.580620218
2021-04-26 00:00:00+00:00,872970.2535188359
2021-04-27 00:00:00+00:00,878837.7577355742
2021-04-28 00:00:00+00:00,878720.0833433939
2021-04-29 00:00:00+00:00,872296.4028375944
2021-04-30 00:00:00+00:00,896043.1082273186
2021-05-01 00:00:00+00:00,896043.1082273186
2021-05-02 00:00:00+00:00,895071.8041543437
2021-05-03 00:00:00+00:00,896028.51649437
2021-05-04 00:00:00+00:00,893654.063361079
2021-05-05 00:00:00+00:00,894285.7022946028
2021-05-06 00:00:00+00:00,898432.594879556
2021-05-07 00:00:00+00:00,901109.2933607181
2021-05-08 00:00:00+00:00,898570.5957606201
2021-05-09 00:00:00+00:00,898117.7982718981
2021-05-10 00:00:00+00:00,898412.2776593687
2021-05-11 00:00:00+00:00,900934.6115480298
2021-05-12 00:00:00+00:00,892904.1471331675
2021-05-13 00:00:00+00:00,891784.3801220036
2021-05-14 00:00:00+00:00,894940.1865124105
2021-05-15 00:00:00+00:00,880854.8840902077
2021-05-16 00:00:00+00:00,879622.079592351
2021-05-17 00:00:00+00:00,860033.1511506608
2021-05-18 00:00:00+00:00,865422.8282983932
2021-05-19 00:00:00+00:00,832142.5476717222
2021-05-20 00:00:00+00:00,853520.6436951775
2021-05-21 00:00:00+00:00,835989.8694107109
2021-05-22 00:00:00+00:00,836396.9143230959
2021-05-23 00:00:00+00:00,820612.742442335
2021-05-24 00:00:00+00:00,844542.0960109672
2021-05-25 00:00:00+00:00,842638.3246915563
2021-05-26 00:00:00+00:00,847192.7299862974
2021-05-27 00:00:00+00:00,842439.1576297705
2021-05-28 00:00:00+00:00,826660.591949867
2021-05-29 00:00:00+00:00,826660.591949867
2021-05-30 00:00:00+00:00,826660.591949867
2021-05-31 00:00:00+00:00,826660.591949867
2021-06-01 00:00:00+00:00,826660.591949867
2021-06-02 00:00:00+00:00,830415.3411977454
2021-06-03 00:00:00+00:00,831506.7415225931
2021-06-04 00:00:00+00:00,835331.22971047
2021-06-05 00:00:00+00:00,836505.7077812962
2021-06-06 00:00:00+00:00,836475.3040693279
2021-06-07 00:00:00+00:00,838942.3340313258
2021-06-08 00:00:00+00:00,834068.5822218731
2021-06-09 00:00:00+00:00,838554.0930198892
2021-06-10 00:00:00+00:00,844809.1720504524
2021-06-11 00:00:00+00:00,846490.9640852892
2021-06-12 00:00:00+00:00,849227.65801794
2021-06-13 00:00:00+00:00,842574.7901705728
2021-06-14 00:00:00+00:00,835809.177330559
2021-06-15 00:00:00+00:00,841158.1103239862
2021-06-16 00:00:00+00:00,851562.3658821683
2021-06-17 00:00:00+00:00,855962.0410599613
2021-06-18 00:00:00+00:00,859966.2197660304
2021-06-19 00:00:00+00:00,863864.5743786229
2021-06-20 00:00:00+00:00,863149.3110975774
2021-06-21 00:00:00+00:00,848216.356306351
2021-06-22 00:00:00+00:00,854455.5881646924
2021-06-23 00:00:00+00:00,865872.8961102035
2021-06-24 00:00:00+00:00,874995.3066440113
2021-06-25 00:00:00+00:00,852570.2719009371
2021-06-26 00:00:00+00:00,852570.2719009371
2021-06-27 00:00:00+00:00,852570.2719009371
2021-06-28 00:00:00+00:00,852570.2719009371
2021-06-29 00:00:00+00:00,852570.2719009371
2021-06-30 00:00:00+00:00,852570.2719009371
2021-07-01 00:00:00+00:00,852570.2719009371
2021-07-02 00:00:00+00:00,856215.398562721
2021-07-03 00:00:00+00:00,858884.4699959503
2021-07-04 00:00:00+00:00,861063.8671862176
2021-07-05 00:00:00+00:00,862553.214369667
2021-07-06 00:00:00+00:00,863957.991684933
2021-07-07 00:00:00+00:00,866528.9905625519
2021-07-08 00:00:00+00:00,867819.6692988295
2021-07-09 00:00:00+00:00,870769.6522275291
2021-07-10 00:00:00+00:00,873591.4794399753
2021-07-11 00:00:00+00:00,875162.9979218291
2021-07-12 00:00:00+00:00,875380.1506692704
2021-07-13 00:00:00+00:00,874943.7000722978
2021-07-14 00:00:00+00:00,874914.9612920334
2021-07-15 00:00:00+00:00,875696.2074021685
2021-07-16 00:00:00+00:00,874970.4636989177
2021-07-17 00:00:00+00:00,877970.9817712582
2021-07-18 00:00:00+00:00,881108.089264904
2021-07-19 00:00:00+00:00,875075.6621936226
2021-07-20 00:00:00+00:00,866016.1294694132
2021-07-21 00:00:00+00:00,882401.9636876218
2021-07-22 00:00:00+00:00,886268.1414039091
2021-07-23 00:00:00+00:00,894922.3977918865
2021-07-24 00:00:00+00:00,897999.0382487872
2021-07-25 00:00:00+00:00,899482.7324436957
2021-07-26 00:00:00+00:00,891169.5652698586
2021-07-27 00:00:00+00:00,877611.6120025679
2021-07-28 00:00:00+00:00,873554.2156748408
2021-07-29 00:00:00+00:00,874050.996219906
2021-07-30 00:00:00+00:00,852893.9066647348
2021-07-31 00:00:00+00:00,852893.9066647348
2021-08-01 00:00:00+00:00,852893.9066647348
2021-08-02 00:00:00+00:00,851256.673832997
2021-08-03 00:00:00+00:00,850696.06991914
2021-08-04 00:00:00+00:00,853782.4465786521
2021-08-05 00:00:00+00:00,853712.9541303811
2021-08-06 00:00:00+00:00,854501.2434925267
2021-08-07 00:00:00+00:00,851435.464782025
2021-08-08 00:00:00+00:00,853859.7970956767
2021-08-09 00:00:00+00:00,844220.2558511203
2021-08-10 00:00:00+00:00,847488.1631018077
2021-08-11 00:00:00+00:00,853157.926051152
2021-08-12 00:00:00+00:00,859761.381530683
2021-08-13 00:00:00+00:00,848355.8731948975
2021-08-14 00:00:00+00:00,851948.3908118245
2021-08-15 00:00:00+00:00,854644.6408448048
2021-08-16 00:00:00+00:00,860786.4874760226
2021-08-17 00:00:00+00:00,867479.5279070793
2021-08-18 00:00:00+00:00,869590.3368480741
2021-08-19 00:00:00+00:00,862634.647116994
2021-08-20 00:00:00+00:00,847993.7160114638
2021-08-21 00:00:00+00:00,852133.582789633
2021-08-22 00:00:00+00:00,848831.5008129071
2021-08-23 00:00:00+00:00,848149.2562603615
2021-08-24 00:00:00+00:00,862502.5664811204
2021-08-25 00:00:00+00:00,853132.8369799751
2021-08-26 00:00:00+00:00,870308.6499096036
2021-08-27 00:00:00+00:00,852674.6322414025
2021-08-28 00:00:00+00:00,852674.6322414025
2021-08-29 00:00:00+00:00,852674.6322414025
2021-08-30 00:00:00+00:00,852674.6322414025
2021-08-31 00:00:00+00:00,852674.6322414025
2021-09-01 00:00:00+00:00,852674.6322414025
2021-09-02 00:00:00+00:00,851122.3371329284
2021-09-03 00:00:00+00:00,854198.4831450975
2021-09-04 00:00:00+00:00,856547.8260254716
2021-09-05 00:00:00+00:00,852280.3919982242
2021-09-06 00:00:00+00:00,850787.8518724465
2021-09-07 00:00:00+00:00,859669.8327478654
2021-09-08 00:00:00+00:00,861199.7088769642
2021-09-09 00:00:00+00:00,863792.9790992355
2021-09-10 00:00:00+00:00,864324.5378449596
2021-09-11 00:00:00+00:00,867301.7509615754
2021-09-12 00:00:00+00:00,870271.207152935
2021-09-13 00:00:00+00:00,867976.6534086065
2021-09-14 00:00:00+00:00,873260.1710346922
2021-09-15 00:00:00+00:00,876417.0309840132
2021-09-16 00:00:00+00:00,880745.0929309913
2021-09-17 00:00:00+00:00,883041.7747352717
2021-09-18 00:00:00+00:00,885134.3824800949
2021-09-19 00:00:00+00:00,887053.4810230643
2021-09-20 00:00:00+00:00,869836.2382056371
2021-09-21 00:00:00+00:00,856735.7946165006
2021-09-22 00:00:00+00:00,876093.4528242778
2021-09-23 00:00:00+00:00,886121.5295933762
2021-09-24 00:00:00+00:00,872394.155305061
2021-09-25 00:00:00+00:00,872394.155305061
2021-09-26 00:00:00+00:00,872394.155305061
2021-09-27 00:00:00+00:00,872394.155305061
2021-09-28 00:00:00+00:00,872394.155305061
2021-09-29 00:00:00+00:00,872394.155305061
2021-09-30 00:00:00+00:00,872394.155305061
2021-10-01 00:00:00+00:00,872394.155305061
2021-10-02 00:00:00+00:00,865160.3004626753
2021-10-03 00:00:00+00:00,863915.3971325507
2021-10-04 00:00:00+00:00,859926.7404563602
2021-10-05 00:00:00+00:00,848356.7481924003
2021-10-06 00:00:00+00:00,827646.8788525104
2021-10-07 00:00:00+00:00,838217.56925438
2021-10-08 00:00:00+00:00,838405.2195605208
2021-10-09 00:00:00+00:00,832546.5292127209
2021-10-10 00:00:00+00:00,834294.7157588867
2021-10-11 00:00:00+00:00,815506.7875173133
2021-10-12 00:00:00+00:00,826317.27211494
2021-10-13 00:00:00+00:00,816610.2726838733
2021-10-14 00:00:00+00:00,816375.5286865387
2021-10-15 00:00:00+00:00,784838.9525845515
2021-10-16 00:00:00+00:00,791222.0164948212
2021-10-17 00:00:00+00:00,786452.7850842598
2021-10-18 00:00:00+00:00,782515.835827901
2021-10-19 00:00:00+00:00,765813.9249197872
2021-10-20 00:00:00+00:00,752628.4580595728
2021-10-21 00:00:00+00:00,781280.3563651328
2021-10-22 00:00:00+00:00,792643.9918758615
2021-10-23 00:00:00+00:00,792643.9918758615
2021-10-24 00:00:00+00:00,792643.9918758615
2021-10-25 00:00:00+00:00,792643.9918758615
2021-10-26 00:00:00+00:00,792643.9918758615
2021-10-27 00:00:00+00:00,792643.9918758615
2021-10-28 00:00:00+00:00,792643.9918758615
2021-10-29 00:00:00+00:00,792643.9918758615
2021-10-30 00:00:00+00:00,792643.9918758615
2021-10-31 00:00:00+00:00,792643.9918758615
2021-11-01 00:00:00+00:00,792643.9918758615
2021-11-02 00:00:00+00:00,792278.0280207744
2021-11-03 00:00:00+00:00,798045.8647522841
2021-11-04 00:00:00+00:00,799560.9409502654
2021-11-05 00:00:00+00:00,801370.4897022911
2021-11-06 00:00:00+00:00,803256.8339576782
2021-11-07 00:00:00+00:00,802172.9718709367
2021-11-08 00:00:00+00:00,795943.2652992897
2021-11-09 00:00:00+00:00,799187.8945735398
2021-11-10 00:00:00+00:00,803319.7978658641
2021-11-11 00:00:00+00:00,806362.1587637917
2021-11-12 00:00:00+00:00,806685.0726347686
2021-11-13 00:00:00+00:00,808722.8533063959
2021-11-14 00:00:00+00:00,809100.3803737662
2021-11-15 00:00:00+00:00,814162.1597994044
2021-11-16 00:00:00+00:00,814697.855007937
2021-11-17 00:00:00+00:00,817148.4557363999
2021-11-18 00:00:00+00:00,813522.9737452844
2021-11-19 00:00:00+00:00,818718.3519769723
2021-11-20 00:00:00+00:00,825097.9037335434
2021-11-21 00:00:00+00:00,824959.283427799
2021-11-22 00:00:00+00:00,817880.188684214
2021-11-23 00:00:00+00:00,823927.2349244325
2021-11-24 00:00:00+00:00,823549.1581913142
2021-11-25 00:00:00+00:00,833469.989353589
2021-11-26 00:00:00+00:00,807138.4958133069
2021-11-27 00:00:00+00:00,807138.4958133069
2021-11-28 00:00:00+00:00,807138.4958133069
2021-11-29 00:00:00+00:00,807138.4958133069
2021-11-30 00:00:00+00:00,807138.4958133069
2021-12-01 00:00:00+00:00,807138.4958133069
2021-12-02 00:00:00+00:00,807138.4958133069
2021-12-03 00:00:00+00:00,805553.9856591338
2021-12-04 00:00:00+00:00,792394.5655252379
2021-12-05 00:00:00+00:00,794474.5908337182
2021-12-06 00:00:00+00:00,799436.7125489578
2021-12-07 00:00:00+00:00,800965.7125407904
2021-12-08 00:00:00+00:00,801894.6156109167
2021-12-09 00:00:00+00:00,790969.7562669833
2021-12-10 00:00:00+00:00,789275.6033516955
2021-12-11 00:00:00+00:00,799479.1351668336
2021-12-12 00:00:00+00:00,803527.3915790431
2021-12-13 00:00:00+00:00,789122.7713055995
2021-12-14 00:00:00+00:00,798105.5501211697
2021-12-15 00:00:00+00:00,801774.7926245166
2021-12-16 00:00:00+00:00,795860.1995712585
2021-12-17 00:00:00+00:00,787879.0601881533
2021-12-18 00:00:00+00:00,791954.6082659906
2021-12-19 00:00:00+00:00,791230.3734289666
2021-12-20 00:00:00+00:00,792473.7600510992
2021-12-21 00:00:00+00:00,804330.3193423862
2021-12-22 00:00:00+00:00,802841.8949078203
2021-12-23 00:00:00+00:00,815570.4977752813
2021-12-24 00:00:00+00:00,815664.5785610338
2021-12-25 00:00:00+00:00,815664.5785610338
2021-12-26 00:00:00+00:00,815664.5785610338
2021-12-27 00:00:00+00:00,815664.5785610338
2021-12-28 00:00:00+00:00,815664.5785610338
2021-12-29 00:00:00+00:00,815664.5785610338
2021-12-30 00:00:00+00:00,815664.5785610338
2021-12-31 00:00:00+00:00,815664.5785610338
2022-01-01 00:00:00+00:00,815664.5785610338
2022-01-02 00:00:00+00:00,817447.4438621185
2022-01-03 00:00:00+00:00,818659.9488336616
2022-01-04 00:00:00+00:00,819652.0217520554
2022-01-05 00:00:00+00:00,818136.9163834489
2022-01-06 00:00:00+00:00,818952.5916326432
2022-01-07 00:00:00+00:00,817007.0146375557
2022-01-08 00:00:00+00:00,818658.8567208688
2022-01-09 00:00:00+00:00,820223.6701872731
2022-01-10 00:00:00+00:00,820128.6805490733
2022-01-11 00:00:00+00:00,821558.40436494
2022-01-12 00:00:00+00:00,827447.615111393
2022-01-13 00:00:00+00:00,828637.420902263
2022-01-14 00:00:00+00:00,832023.8576686957
2022-01-15 00:00:00+00:00,833998.2695964645
2022-01-16 00:00:00+00:00,834498.7340529189
2022-01-17 00:00:00+00:00,831165.0734903261
2022-01-18 00:00:00+00:00,832400.7842400816
2022-01-19 00:00:00+00:00,830195.4656803487
2022-01-20 00:00:00+00:00,825748.1051502102
2022-01-21 00:00:00+00:00,797211.6366004335
2022-01-22 00:00:00+00:00,787369.9293810658
2022-01-23 00:00:00+00:00,795848.1155138935
2022-01-24 00:00:00+00:00,798889.3686807558
2022-01-25 00:00:00+00:00,800818.9823136196
2022-01-26 00:00:00+00:00,799816.6258546646
2022-01-27 00:00:00+00:00,802149.1535447631
2022-01-28 00:00:00+00:00,806322.946031977
2022-01-29 00:00:00+00:00,806322.946031977
2022-01-30 00:00:00+00:00,806322.946031977
2022-01-31 00:00:00+00:00,806322.946031977
2022-02-01 00:00:00+00:00,806322.946031977
2022-02-02 00:00:00+00:00,807643.051024757
2022-02-03 00:00:00+00:00,809057.0569866019
2022-02-04 00:00:00+00:00,802643.7528004346
2022-02-05 00:00:00+00:00,806167.7984257223
2022-02-06 00:00:00+00:00,800901.1395888102
2022-02-07 00:00:00+00:00,791727.0329697747
2022-02-08 00:00:00+00:00,791356.8776467066
2022-02-09 00:00:00+00:00,789654.8129163703
2022-02-10 00:00:00+00:00,796444.3104210584
2022-02-11 00:00:00+00:00,802899.9647111365
2022-02-12 00:00:00+00:00,805379.847196274
2022-02-13 00:00:00+00:00,807285.3302583061
2022-02-14 00:00:00+00:00,804927.1721470013
2022-02-15 00:00:00+00:00,791967.7284652594
2022-02-16 00:00:00+00:00,797512.8460780338
2022-02-17 00:00:00+00:00,819218.8114287839
2022-02-18 00:00:00+00:00,823132.4380416828
2022-02-19 00:00:00+00:00,824407.5933631468
2022-02-20 00:00:00+00:00,829116.4789729513
2022-02-21 00:00:00+00:00,828782.5189770148
2022-02-22 00:00:00+00:00,831610.969477313
2022-02-23 00:00:00+00:00,835681.7446824056
2022-02-24 00:00:00+00:00,836733.4999054952
2022-02-25 00:00:00+00:00,838669.5045865898
2022-02-26 00:00:00+00:00,838669.5045865898
2022-02-27 00:00:00+00:00,838669.5045865898
2022-02-28 00:00:00+00:00,838669.5045865898
2022-03-01 00:00:00+00:00,838669.5045865898
2022-03-02 00:00:00+00:00,839082.0239293145
2022-03-03 00:00:00+00:00,841369.2098105222
2022-03-04 00:00:00+00:00,834219.3630058765
2022-03-05 00:00:00+00:00,834302.1422148038
2022-03-06 00:00:00+00:00,831772.4463953384
2022-03-07 00:00:00+00:00,830583.0962879605
2022-03-08 00:00:00+00:00,833812.4515665733
2022-03-09 00:00:00+00:00,843985.5575042848
2022-03-10 00:00:00+00:00,837812.5992885777
2022-03-11 00:00:00+00:00,837346.1588642558
2022-03-12 00:00:00+00:00,838299.4607677578
2022-03-13 00:00:00+00:00,833146.3052319373
2022-03-14 00:00:00+00:00,842137.2203150552
2022-03-15 00:00:00+00:00,842312.496049525
2022-03-16 00:00:00+00:00,849481.0263133666
2022-03-17 00:00:00+00:00,852395.9107132648
2022-03-18 00:00:00+00:00,857988.1970241752
2022-03-19 00:00:00+00:00,862001.3361199622
2022-03-20 00:00:00+00:00,859583.8300959568
2022-03-21 00:00:00+00:00,860625.8314456225
2022-03-22 00:00:00+00:00,866740.8014266631
2022-03-23 00:00:00+00:00,872149.8223297225
2022-03-24 00:00:00+00:00,877315.7091037595
2022-03-25 00:00:00+00:00,881958.566712016
2022-03-26 00:00:00+00:00,881958.566712016
2022-03-27 00:00:00+00:00,881958.566712016
2022-03-28 00:00:00+00:00,881958.566712016
2022-03-29 00:00:00+00:00,881958.566712016
2022-03-30 00:00:00+00:00,881958.566712016
2022-03-31 00:00:00+00:00,881958.566712016
2022-04-01 00:00:00+00:00,881958.566712016
2022-04-02 00:00:00+00:00,888290.6123524872
2022-04-03 00:00:00+00:00,889053.2284031836
2022-04-04 00:00:00+00:00,888908.8911356891
2022-04-05 00:00:00+00:00,890031.8299329218
2022-04-06 00:00:00+00:00,886135.2702961515
2022-04-07 00:00:00+00:00,888576.3350242758
2022-04-08 00:00:00+00:00,887722.8277978301
2022-04-09 00:00:00+00:00,890486.3611888393
2022-04-10 00:00:00+00:00,888648.9609400103
2022-04-11 00:00:00+00:00,874254.9430933114
2022-04-12 00:00:00+00:00,878506.3232674655
2022-04-13 00:00:00+00:00,885576.7951678974
2022-04-14 00:00:00+00:00,878577.6776482089
2022-04-15 00:00:00+00:00,883115.1949341379
2022-04-16 00:00:00+00:00,882317.2316131571
2022-04-17 00:00:00+00:00,877328.3933708728
2022-04-18 00:00:00+00:00,885241.5049173355
2022-04-19 00:00:00+00:00,890540.7151349599
2022-04-20 00:00:00+00:00,889936.9592201081
2022-04-21 00:00:00+00:00,883515.1313400752
2022-04-22 00:00:00+00:00,877606.2232203113
2022-04-23 00:00:00+00:00,877606.2232203113
2022-04-24 00:00:00+00:00,877606.2232203113
2022-04-25 00:00:00+00:00,877606.2232203113
2022-04-26 00:00:00+00:00,877606.2232203113
2022-04-27 00:00:00+00:00,877606.2232203113
2022-04-28 00:00:00+00:00,877606.2232203113
2022-04-29 00:00:00+00:00,877606.2232203113
2022-04-30 00:00:00+00:00,877606.2232203113
2022-05-01 00:00:00+00:00,877606.2232203113
2022-05-02 00:00:00+00:00,874059.2790045331
2022-05-03 00:00:00+00:00,874905.6862337088
2022-05-04 00:00:00+00:00,873154.7467436788
2022-05-05 00:00:00+00:00,875277.8576061871
2022-05-06 00:00:00+00:00,875262.0420678452
2022-05-07 00:00:00+00:00,875539.0862039322
2022-05-08 00:00:00+00:00,868277.7931385128
2022-05-09 00:00:00+00:00,841345.8372931546
2022-05-10 00:00:00+00:00,847357.7110739477
2022-05-11 00:00:00+00:00,830439.4799480874
2022-05-12 00:00:00+00:00,825335.6799463584
2022-05-13 00:00:00+00:00,835198.6594362655
2022-05-14 00:00:00+00:00,842168.2995300932
2022-05-15 00:00:00+00:00,851673.1175385605
2022-05-16 00:00:00+00:00,840558.7657754857
2022-05-17 00:00:00+00:00,846215.588915934
2022-05-18 00:00:00+00:00,831554.4423857001
2022-05-19 00:00:00+00:00,845510.9472243035
2022-05-20 00:00:00+00:00,836220.4330950389
2022-05-21 00:00:00+00:00,838464.2836242882
2022-05-22 00:00:00+00:00,845936.7524594497
2022-05-23 00:00:00+00:00,835468.6536981113
2022-05-24 00:00:00+00:00,840328.2316765509
2022-05-25 00:00:00+00:00,839343.2396701684
2022-05-26 00:00:00+00:00,836274.840942577
2022-05-27 00:00:00+00:00,831197.8271967991
2022-05-28 00:00:00+00:00,831197.8271967991
2022-05-29 00:00:00+00:00,831197.8271967991
2022-05-30 00:00:00+00:00,831197.8271967991
2022-05-31 00:00:00+00:00,831197.8271967991
2022-06-01 00:00:00+00:00,831197.8271967991
2022-06-02 00:00:00+00:00,828453.8437818489
2022-06-03 00:00:00+00:00,828376.3937392025
2022-06-04 00:00:00+00:00,831008.0704905143
2022-06-05 00:00:00+00:00,831506.3777177383
2022-06-06 00:00:00+00:00,836651.3082158956
2022-06-07 00:00:00+00:00,835880.77834127
2022-06-08 00:00:00+00:00,834443.5977881999
2022-06-09 00:00:00+00:00,834177.5279422804
2022-06-10 00:00:00+00:00,830345.8786317429
2022-06-11 00:00:00+00:00,827203.3276901633
2022-06-12 00:00:00+00:00,812573.4620463937
2022-06-13 00:00:00+00:00,771609.2893000555
2022-06-14 00:00:00+00:00,768264.5916511181
2022-06-15 00:00:00+00:00,771510.5288398236
2022-06-16 00:00:00+00:00,750865.746681201
2022-06-17 00:00:00+00:00,751506.470544329
2022-06-18 00:00:00+00:00,736198.9207454984
2022-06-19 00:00:00+00:00,752922.4249444599
2022-06-20 00:00:00+00:00,752788.2210017645
2022-06-21 00:00:00+00:00,754247.1936475721
2022-06-22 00:00:00+00:00,746538.5061280127
2022-06-23 00:00:00+00:00,758420.6827580843
2022-06-24 00:00:00+00:00,759643.6917389154
2022-06-25 00:00:00+00:00,759643.6917389154
2022-06-26 00:00:00+00:00,759643.6917389154
2022-06-27 00:00:00+00:00,759643.6917389154
2022-06-28 00:00:00+00:00,759643.6917389154
2022-06-29 00:00:00+00:00,759643.6917389154
2022-06-30 00:00:00+00:00,759643.6917389154
2022-07-01 00:00:00+00:00,759643.6917389154
2022-07-02 00:00:00+00:00,763257.1345600407
2022-07-03 00:00:00+00:00,762967.0502344167
2022-07-04 00:00:00+00:00,766009.6029496714
2022-07-05 00:00:00+00:00,768872.0101648176
2022-07-06 00:00:00+00:00,770476.6439609522
2022-07-07 00:00:00+00:00,766533.2358881226
2022-07-08 00:00:00+00:00,768075.1089408332
2022-07-09 00:00:00+00:00,772517.0433048327
2022-07-10 00:00:00+00:00,777461.2740470325
2022-07-11 00:00:00+00:00,779030.7556422024
2022-07-12 00:00:00+00:00,777908.2685575234
2022-07-13 00:00:00+00:00,777644.2492685281
2022-07-14 00:00:00+00:00,778815.8904853393
2022-07-15 00:00:00+00:00,782231.2284908746
2022-07-16 00:00:00+00:00,780719.3247353744
2022-07-17 00:00:00+00:00,782480.673440486
2022-07-18 00:00:00+00:00,770397.1422877278
2022-07-19 00:00:00+00:00,759021.7246839867
2022-07-20 00:00:00+00:00,761647.0907214788
2022-07-21 00:00:00+00:00,764170.0270504252
2022-07-22 00:00:00+00:00,770702.7719216605
2022-07-23 00:00:00+00:00,775511.5995583313
2022-07-24 00:00:00+00:00,774574.4208076625
2022-07-25 00:00:00+00:00,790879.6260497154
2022-07-26 00:00:00+00:00,792992.657313635
2022-07-27 00:00:00+00:00,771710.52006801
2022-07-28 00:00:00+00:00,756784.371770584
2022-07-29 00:00:00+00:00,758328.5654576008
2022-07-30 00:00:00+00:00,758328.5654576008
2022-07-31 00:00:00+00:00,758328.5654576008
2022-08-01 00:00:00+00:00,758328.5654576008
2022-08-02 00:00:00+00:00,761756.6381499043
2022-08-03 00:00:00+00:00,764552.7057632556
2022-08-04 00:00:00+00:00,767166.879163755
2022-08-05 00:00:00+00:00,767743.1557039924
2022-08-06 00:00:00+00:00,768760.4129350438
2022-08-07 00:00:00+00:00,769293.104508627
2022-08-08 00:00:00+00:00,768133.6174261663
2022-08-09 00:00:00+00:00,770329.395926608
2022-08-10 00:00:00+00:00,769895.821335044
2022-08-11 00:00:00+00:00,772936.2512126464
2022-08-12 00:00:00+00:00,772923.4509337127
2022-08-13 00:00:00+00:00,774465.0105006159
2022-08-14 00:00:00+00:00,775328.2863699105
2022-08-15 00:00:00+00:00,778769.4642321451
2022-08-16 00:00:00+00:00,780191.3463044431
2022-08-17 00:00:00+00:00,783041.9847813335
2022-08-18 00:00:00+00:00,785387.1392150364
2022-08-19 00:00:00+00:00,774397.6865035652
2022-08-20 00:00:00+00:00,778005.0633922855
2022-08-21 00:00:00+00:00,783820.9687277023
2022-08-22 00:00:00+00:00,783332.77751518
2022-08-23 00:00:00+00:00,786188.5250615071
2022-08-24 00:00:00+00:00,786269.6817788797
2022-08-25 00:00:00+00:00,789703.1976822538
2022-08-26 00:00:00+00:00,771360.2859840852
2022-08-27 00:00:00+00:00,771360.2859840852
2022-08-28 00:00:00+00:00,771360.2859840852
2022-08-29 00:00:00+00:00,771360.2859840852
2022-08-30 00:00:00+00:00,771360.2859840852
2022-08-31 00:00:00+00:00,771360.2859840852
2022-09-01 00:00:00+00:00,771360.2859840852
2022-09-02 00:00:00+00:00,775186.3602675442
2022-09-03 00:00:00+00:00,776342.8847912448
2022-09-04 00:00:00+00:00,775728.290107188
2022-09-05 00:00:00+00:00,776730.5605528159
2022-09-06 00:00:00+00:00,774257.6608853913
2022-09-07 00:00:00+00:00,776068.5377904371
2022-09-08 00:00:00+00:00,779272.3557263665
2022-09-09 00:00:00+00:00,775447.7398190612
2022-09-10 00:00:00+00:00,772864.6547903898
2022-09-11 00:00:00+00:00,771060.9391786698
2022-09-12 00:00:00+00:00,767076.8952540078
2022-09-13 00:00:00+00:00,778960.5640974776
2022-09-14 00:00:00+00:00,782062.8465223026
2022-09-15 00:00:00+00:00,785290.1655841018
2022-09-16 00:00:00+00:00,788465.408384685
2022-09-17 00:00:00+00:00,791081.5383118364
2022-09-18 00:00:00+00:00,789669.1696080213
2022-09-19 00:00:00+00:00,790745.7486474125
2022-09-20 00:00:00+00:00,789620.4593667887
2022-09-21 00:00:00+00:00,787263.308811109
2022-09-22 00:00:00+00:00,795043.4734845553
2022-09-23 00:00:00+00:00,796564.0442491381
2022-09-24 00:00:00+00:00,797507.4063002889
2022-09-25 00:00:00+00:00,794480.0113131375
2022-09-26 00:00:00+00:00,799519.3256831148
2022-09-27 00:00:00+00:00,802374.6491732277
2022-09-28 00:00:00+00:00,806339.0048367891
2022-09-29 00:00:00+00:00,810674.7213843846
2022-09-30 00:00:00+00:00,813545.8186125751
2022-10-01 00:00:00+00:00,813545.8186125751
2022-10-02 00:00:00+00:00,813264.2811533196
2022-10-03 00:00:00+00:00,814356.3911616977
2022-10-04 00:00:00+00:00,812465.586502983
2022-10-05 00:00:00+00:00,812920.095304697
2022-10-06 00:00:00+00:00,816186.4432336054
2022-10-07 00:00:00+00:00,822114.6313624559
2022-10-08 00:00:00+00:00,825512.4772749852
2022-10-09 00:00:00+00:00,824387.268489411
2022-10-10 00:00:00+00:00,823856.6319299913
2022-10-11 00:00:00+00:00,824156.3505395213
2022-10-12 00:00:00+00:00,826380.3043633646
2022-10-13 00:00:00+00:00,826802.4568696585
2022-10-14 00:00:00+00:00,831838.7820179007
2022-10-15 00:00:00+00:00,835501.2595734128
2022-10-16 00:00:00+00:00,834787.5168575246
2022-10-17 00:00:00+00:00,834300.3923203977
2022-10-18 00:00:00+00:00,836972.5906112681
2022-10-19 00:00:00+00:00,839195.6368172518
2022-10-20 00:00:00+00:00,841938.3933269096
2022-10-21 00:00:00+00:00,844244.216212793
2022-10-22 00:00:00+00:00,845373.2529595144
2022-10-23 00:00:00+00:00,843546.350075993
2022-10-24 00:00:00+00:00,846066.4877194774
2022-10-25 00:00:00+00:00,839279.2905602368
2022-10-26 00:00:00+00:00,829625.6261692813
2022-10-27 00:00:00+00:00,838006.5565302268
2022-10-28 00:00:00+00:00,832873.538079536
2022-10-29 00:00:00+00:00,832873.538079536
2022-10-30 00:00:00+00:00,832873.538079536
2022-10-31 00:00:00+00:00,832873.538079536
2022-11-01 00:00:00+00:00,832873.538079536
2022-11-02 00:00:00+00:00,834813.1359898936
2022-11-03 00:00:00+00:00,839497.3845327718
2022-11-04 00:00:00+00:00,835598.8501056638
2022-11-05 00:00:00+00:00,835435.9676567937
2022-11-06 00:00:00+00:00,837948.4748401651
2022-11-07 00:00:00+00:00,838873.0739980524
2022-11-08 00:00:00+00:00,828786.5308516884
2022-11-09 00:00:00+00:00,795881.8513703494
2022-11-10 00:00:00+00:00,814781.4218452347
2022-11-11 00:00:00+00:00,813558.3748009317
2022-11-12 00:00:00+00:00,811288.775774139
2022-11-13 00:00:00+00:00,805803.0994850503
2022-11-14 00:00:00+00:00,809774.3421038443
2022-11-15 00:00:00+00:00,815504.4456924805
2022-11-16 00:00:00+00:00,812923.4161128586
2022-11-17 00:00:00+00:00,814512.4874417335
2022-11-18 00:00:00+00:00,815170.0037973683
2022-11-19 00:00:00+00:00,815408.887658712
2022-11-20 00:00:00+00:00,808520.595769363
2022-11-21 00:00:00+00:00,800457.428933118
2022-11-22 00:00:00+00:00,807645.9410298151
2022-11-23 00:00:00+00:00,814051.6179972172
2022-11-24 00:00:00+00:00,814112.3469257039
2022-11-25 00:00:00+00:00,812647.466380363
2022-11-26 00:00:00+00:00,812647.466380363
2022-11-27 00:00:00+00:00,812647.466380363
2022-11-28 00:00:00+00:00,812647.466380363
2022-11-29 00:00:00+00:00,812647.466380363
2022-11-30 00:00:00+00:00,812647.466380363
2022-12-01 00:00:00+00:00,812647.466380363
2022-12-02 00:00:00+00:00,817414.6072430385
2022-12-03 00:00:00+00:00,818827.5530664902
2022-12-04 00:00:00+00:00,818107.7267385224
2022-12-05 00:00:00+00:00,820738.8010499047
2022-12-06 00:00:00+00:00,821209.8900996608
2022-12-07 00:00:00+00:00,821669.7606178734
2022-12-08 00:00:00+00:00,822872.5975871306
2022-12-09 00:00:00+00:00,824529.2491964054
2022-12-10 00:00:00+00:00,823671.699789796
2022-12-11 00:00:00+00:00,823494.6132501995
2022-12-12 00:00:00+00:00,823462.2695596067
2022-12-13 00:00:00+00:00,821986.6189542217
2022-12-14 00:00:00+00:00,824523.4923378831
2022-12-15 00:00:00+00:00,830315.2973149011
2022-12-16 00:00:00+00:00,830437.7069829545
2022-12-17 00:00:00+00:00,828120.7577081684
2022-12-18 00:00:00+00:00,830802.4831867557
2022-12-19 00:00:00+00:00,830308.5062982511
2022-12-20 00:00:00+00:00,833249.0462832903
2022-12-21 00:00:00+00:00,837105.2836539345
2022-12-22 00:00:00+00:00,839912.14812277
2022-12-23 00:00:00+00:00,841516.8036384773
2022-12-24 00:00:00+00:00,843803.667210189
2022-12-25 00:00:00+00:00,842891.8321511395
2022-12-26 00:00:00+00:00,844011.5854156336
2022-12-27 00:00:00+00:00,844301.6359958178
2022-12-28 00:00:00+00:00,843829.6624686837
2022-12-29 00:00:00+00:00,846681.713872511
2022-12-30 00:00:00+00:00,847210.291230371
2022-12-31 00:00:00+00:00,847210.291230371
2023-01-01 00:00:00+00:00,847210.291230371
2023-01-02 00:00:00+00:00,848543.9180514095
2023-01-03 00:00:00+00:00,847742.3401442276
2023-01-04 00:00:00+00:00,850728.8135798859
2023-01-05 00:00:00+00:00,851742.5796606871
2023-01-06 00:00:00+00:00,854568.1528799433
2023-01-07 00:00:00+00:00,854942.9919980876
2023-01-08 00:00:00+00:00,855073.2831282308
2023-01-09 00:00:00+00:00,853219.8710348175
2023-01-10 00:00:00+00:00,852057.036058778
2023-01-11 00:00:00+00:00,847786.9742523914
2023-01-12 00:00:00+00:00,835613.519354624
2023-01-13 00:00:00+00:00,816199.912076918
2023-01-14 00:00:00+00:00,795415.4029757801
2023-01-15 00:00:00+00:00,796404.5640596609
2023-01-16 00:00:00+00:00,791433.542319379
2023-01-17 00:00:00+00:00,792917.0905580146
2023-01-18 00:00:00+00:00,802177.9263287443
2023-01-19 00:00:00+00:00,793957.6096140762
2023-01-20 00:00:00+00:00,762459.81488138
2023-01-21 00:00:00+00:00,760329.7214370782
2023-01-22 00:00:00+00:00,761557.3268190335
2023-01-23 00:00:00+00:00,757356.7957796515
2023-01-24 00:00:00+00:00,763291.4302663951
2023-01-25 00:00:00+00:00,754829.3572846752
2023-01-26 00:00:00+00:00,755605.0221071253
2023-01-27 00:00:00+00:00,754313.7267811664
2023-01-28 00:00:00+00:00,754313.7267811664
2023-01-29 00:00:00+00:00,754313.7267811664
2023-01-30 00:00:00+00:00,754313.7267811664
2023-01-31 00:00:00+00:00,754313.7267811664
2023-02-01 00:00:00+00:00,754313.7267811664
2023-02-02 00:00:00+00:00,754354.6066572231
2023-02-03 00:00:00+00:00,756342.2290941889
2023-02-04 00:00:00+00:00,759023.8584971393
2023-02-05 00:00:00+00:00,758374.9944400224
2023-02-06 00:00:00+00:00,760547.0391511405
2023-02-07 00:00:00+00:00,762165.5991208141
2023-02-08 00:00:00+00:00,763798.3785725404
2023-02-09 00:00:00+00:00,762418.687901713
2023-02-10 00:00:00+00:00,762768.9940423374
2023-02-11 00:00:00+00:00,766065.9151670311
2023-02-12 00:00:00+00:00,765640.6536531827
2023-02-13 00:00:00+00:00,764734.0464597972
2023-02-14 00:00:00+00:00,768637.13409507
2023-02-15 00:00:00+00:00,764537.6091347658
2023-02-16 00:00:00+00:00,767345.1620980378
2023-02-17 00:00:00+00:00,760481.2022858163
2023-02-18 00:00:00+00:00,761372.6631696697
2023-02-19 00:00:00+00:00,764544.7094131823
2023-02-20 00:00:00+00:00,760711.6516986958
2023-02-21 00:00:00+00:00,766503.300137788
2023-02-22 00:00:00+00:00,771427.2996009901
2023-02-23 00:00:00+00:00,775886.8934908758
2023-02-24 00:00:00+00:00,786046.8048143211
2023-02-25 00:00:00+00:00,786046.8048143211
2023-02-26 00:00:00+00:00,786046.8048143211
2023-02-27 00:00:00+00:00,786046.8048143211
2023-02-28 00:00:00+00:00,786046.8048143211
2023-03-01 00:00:00+00:00,786046.8048143211
2023-03-02 00:00:00+00:00,783449.2877933999
2023-03-03 00:00:00+00:00,785210.6802086661
2023-03-04 00:00:00+00:00,787506.8346603182
2023-03-05 00:00:00+00:00,788422.5975766202
2023-03-06 00:00:00+00:00,788127.0193573989
2023-03-07 00:00:00+00:00,788725.2851502432
2023-03-08 00:00:00+00:00,787972.0301537638
2023-03-09 00:00:00+00:00,778685.0785675029
2023-03-10 00:00:00+00:00,776066.825545303
2023-03-11 00:00:00+00:00,779174.2743816087
2023-03-12 00:00:00+00:00,787715.3645380425
2023-03-13 00:00:00+00:00,782611.461503115
2023-03-14 00:00:00+00:00,780232.2434937783
2023-03-15 00:00:00+00:00,781988.6938753861
2023-03-16 00:00:00+00:00,781023.1100183427
2023-03-17 00:00:00+00:00,754309.3635113677
2023-03-18 00:00:00+00:00,759836.4499716315
2023-03-19 00:00:00+00:00,745851.3088955433
2023-03-20 00:00:00+00:00,750014.6800527219
2023-03-21 00:00:00+00:00,745925.2873373108
2023-03-22 00:00:00+00:00,757815.6543638661
2023-03-23 00:00:00+00:00,744751.6845066344
2023-03-24 00:00:00+00:00,756765.9874261802
2023-03-25 00:00:00+00:00,757170.8686016884
2023-03-26 00:00:00+00:00,749913.0433568824
2023-03-27 00:00:00+00:00,762249.1027973541
2023-03-28 00:00:00+00:00,760549.540572895
2023-03-29 00:00:00+00:00,744939.1797321374
2023-03-30 00:00:00+00:00,749583.1203415301
2023-03-31 00:00:00+00:00,743224.8504429101
2023-04-01 00:00:00+00:00,743224.8504429101
2023-04-02 00:00:00+00:00,741967.8058871367
2023-04-03 00:00:00+00:00,742321.0352906031
2023-04-04 00:00:00+00:00,743028.5222796106
2023-04-05 00:00:00+00:00,744137.0497711622
2023-04-06 00:00:00+00:00,745566.7506116541
2023-04-07 00:00:00+00:00,748468.4673932011
2023-04-08 00:00:00+00:00,750204.6316891538
2023-04-09 00:00:00+00:00,748687.4584500116
2023-04-10 00:00:00+00:00,743178.8546293604
2023-04-11 00:00:00+00:00,740265.2979790486
2023-04-12 00:00:00+00:00,745793.8223295733
2023-04-13 00:00:00+00:00,744351.7503796594
2023-04-14 00:00:00+00:00,744547.18550448
2023-04-15 00:00:00+00:00,748069.557351496
2023-04-16 00:00:00+00:00,747685.0139115258
2023-04-17 00:00:00+00:00,753104.0739086326
2023-04-18 00:00:00+00:00,748294.7276412994
2023-04-19 00:00:00+00:00,758727.3995162467
2023-04-20 00:00:00+00:00,761511.3460960261
2023-04-21 00:00:00+00:00,762791.2488674433
2023-04-22 00:00:00+00:00,765549.2279426242
2023-04-23 00:00:00+00:00,765965.1283350107
2023-04-24 00:00:00+00:00,767391.1989254976
2023-04-25 00:00:00+00:00,769295.1891673396
2023-04-26 00:00:00+00:00,769478.8043729719
2023-04-27 00:00:00+00:00,763728.0755774204
2023-04-28 00:00:00+00:00,765927.4778319855
2023-04-29 00:00:00+00:00,765927.4778319855
2023-04-30 00:00:00+00:00,765927.4778319855
2023-05-01 00:00:00+00:00,765927.4778319855
2023-05-02 00:00:00+00:00,770011.5481122826
2023-05-03 00:00:00+00:00,770646.4883147534
2023-05-04 00:00:00+00:00,771100.2788043291
2023-05-05 00:00:00+00:00,772059.4095113324
2023-05-06 00:00:00+00:00,773717.9799433845
2023-05-07 00:00:00+00:00,774477.6564246825
2023-05-08 00:00:00+00:00,773141.2550721167
2023-05-09 00:00:00+00:00,774054.9043404019
2023-05-10 00:00:00+00:00,774615.8174598933
2023-05-11 00:00:00+00:00,773067.7808411091
2023-05-12 00:00:00+00:00,772123.085011257
2023-05-13 00:00:00+00:00,773167.8096043775
2023-05-14 00:00:00+00:00,775147.3001261341
2023-05-15 00:00:00+00:00,775739.4278709387
2023-05-16 00:00:00+00:00,775805.9924524244
2023-05-17 00:00:00+00:00,779825.217951676
2023-05-18 00:00:00+00:00,777010.0058621923
2023-05-19 00:00:00+00:00,778333.8289808215
2023-05-20 00:00:00+00:00,781395.4251887295
2023-05-21 00:00:00+00:00,777654.0581143012
2023-05-22 00:00:00+00:00,778824.7515193127
2023-05-23 00:00:00+00:00,783107.7844315693
2023-05-24 00:00:00+00:00,773454.3508786568
2023-05-25 00:00:00+00:00,775218.3234031483
2023-05-26 00:00:00+00:00,778021.8165636502
2023-05-27 00:00:00+00:00,778021.8165636502
2023-05-28 00:00:00+00:00,778021.8165636502
2023-05-29 00:00:00+00:00,778021.8165636502
2023-05-30 00:00:00+00:00,778021.8165636502
2023-05-31 00:00:00+00:00,778021.8165636502
2023-06-01 00:00:00+00:00,778021.8165636502
2023-06-02 00:00:00+00:00,780546.3786464322
2023-06-03 00:00:00+00:00,781766.4531706355
2023-06-04 00:00:00+00:00,782212.664637762
2023-06-05 00:00:00+00:00,779022.7773608644
2023-06-06 00:00:00+00:00,781311.1495218495
2023-06-07 00:00:00+00:00,779459.996614775
2023-06-08 00:00:00+00:00,781505.8044065242
2023-06-09 00:00:00+00:00,783415.2580254278
2023-06-10 00:00:00+00:00,780845.2161159136
2023-06-11 00:00:00+00:00,781644.4788378156
2023-06-12 00:00:00+00:00,781610.311471215
2023-06-13 00:00:00+00:00,781537.0623937444
2023-06-14 00:00:00+00:00,778512.297997833
2023-06-15 00:00:00+00:00,781248.3002395588
2023-06-16 00:00:00+00:00,785942.1728057518
2023-06-17 00:00:00+00:00,787701.7214026474
2023-06-18 00:00:00+00:00,787303.4387356061
2023-06-19 00:00:00+00:00,788876.2090056381
2023-06-20 00:00:00+00:00,782688.6534135297
2023-06-21 00:00:00+00:00,767625.0241727468
2023-06-22 00:00:00+00:00,769704.1671540691
2023-06-23 00:00:00+00:00,761525.7811652008
2023-06-24 00:00:00+00:00,763651.3232318028
2023-06-25 00:00:00+00:00,764817.8854242852
2023-06-26 00:00:00+00:00,767223.4954964583
2023-06-27 00:00:00+00:00,762426.3924895088
2023-06-28 00:00:00+00:00,769875.7990572294
2023-06-29 00:00:00+00:00,765236.4085829358
2023-06-30 00:00:00+00:00,765085.019685619
2023-07-01 00:00:00+00:00,765085.019685619
2023-07-02 00:00:00+00:00,763000.1076705062
2023-07-03 00:00:00+00:00,761952.038400185
2023-07-04 00:00:00+00:00,763711.3749258784
2023-07-05 00:00:00+00:00,766476.9629982368
2023-07-06 00:00:00+00:00,765491.94917975
2023-07-07 00:00:00+00:00,767444.84319595
2023-07-08 00:00:00+00:00,769938.574354254
2023-07-09 00:00:00+00:00,771043.4501282847
2023-07-10 00:00:00+00:00,771306.4356406524
2023-07-11 00:00:00+00:00,771294.6452286246
2023-07-12 00:00:00+00:00,771728.6896685349
2023-07-13 00:00:00+00:00,770877.4605065748
2023-07-14 00:00:00+00:00,773995.6974001473
2023-07-15 00:00:00+00:00,777310.6544947699
2023-07-16 00:00:00+00:00,777232.7500661813
2023-07-17 00:00:00+00:00,777489.8479381434
2023-07-18 00:00:00+00:00,778325.3073386073
2023-07-19 00:00:00+00:00,780190.4072388167
2023-07-20 00:00:00+00:00,781011.2961384001
2023-07-21 00:00:00+00:00,783306.2788611478
2023-07-22 00:00:00+00:00,783306.2788611478
2023-07-23 00:00:00+00:00,783306.2788611478
2023-07-24 00:00:00+00:00,783306.2788611478
2023-07-25 00:00:00+00:00,783306.2788611478
2023-07-26 00:00:00+00:00,783306.2788611478
2023-07-27 00:00:00+00:00,783306.2788611478
2023-07-28 00:00:00+00:00,783306.2788611478
2023-07-29 00:00:00+00:00,783306.2788611478
2023-07-30 00:00:00+00:00,783306.2788611478
2023-07-31 00:00:00+00:00,783306.2788611478
2023-08-01 00:00:00+00:00,783306.2788611478
2023-08-02 00:00:00+00:00,782525.3690497905
2023-08-03 00:00:00+00:00,783158.7443832207
2023-08-04 00:00:00+00:00,785395.5060269037
2023-08-05 00:00:00+00:00,786121.2940177778
2023-08-06 00:00:00+00:00,785845.994598036
2023-08-07 00:00:00+00:00,785740.1097091672
2023-08-08 00:00:00+00:00,782126.4102804274
2023-08-09 00:00:00+00:00,783450.145909173
2023-08-10 00:00:00+00:00,785693.6261647322
2023-08-11 00:00:00+00:00,788270.731733369
2023-08-12 00:00:00+00:00,790015.0829293269
2023-08-13 00:00:00+00:00,790256.1708623281
2023-08-14 00:00:00+00:00,789924.3235436555
2023-08-15 00:00:00+00:00,790440.9373260044
2023-08-16 00:00:00+00:00,791302.1890213706
2023-08-17 00:00:00+00:00,776587.490162069
2023-08-18 00:00:00+00:00,770431.3550942701
2023-08-19 00:00:00+00:00,771405.3287734634
2023-08-20 00:00:00+00:00,772566.9879897546
2023-08-21 00:00:00+00:00,771959.6935747858
2023-08-22 00:00:00+00:00,771111.3353122727
2023-08-23 00:00:00+00:00,775544.1687953102
2023-08-24 00:00:00+00:00,772559.7568645423
2023-08-25 00:00:00+00:00,771227.6582072835
2023-08-26 00:00:00+00:00,771227.6582072835
2023-08-27 00:00:00+00:00,771227.6582072835
2023-08-28 00:00:00+00:00,771227.6582072835
2023-08-29 00:00:00+00:00,771227.6582072835
2023-08-30 00:00:00+00:00,771227.6582072835
2023-08-31 00:00:00+00:00,771227.6582072835
2023-09-01 00:00:00+00:00,771227.6582072835
2023-09-02 00:00:00+00:00,771643.351890926
2023-09-03 00:00:00+00:00,771186.1705980354
2023-09-04 00:00:00+00:00,771084.9442963327
2023-09-05 00:00:00+00:00,771548.8647414575
2023-09-06 00:00:00+00:00,771111.2255451446
2023-09-07 00:00:00+00:00,772194.9624751876
2023-09-08 00:00:00+00:00,772413.326397981
2023-09-09 00:00:00+00:00,774345.2257580783
2023-09-10 00:00:00+00:00,773607.8699884317
2023-09-11 00:00:00+00:00,771142.0535391197
2023-09-12 00:00:00+00:00,773524.1598241978
2023-09-13 00:00:00+00:00,773856.9847943033
2023-09-14 00:00:00+00:00,774560.0573737936
2023-09-15 00:00:00+00:00,776114.961888246
2023-09-16 00:00:00+00:00,777959.6327797644
2023-09-17 00:00:00+00:00,777340.3505688817
2023-09-18 00:00:00+00:00,776646.2803297098
2023-09-19 00:00:00+00:00,774288.876886089
2023-09-20 00:00:00+00:00,775513.3329719283
2023-09-21 00:00:00+00:00,779257.2305081529
2023-09-22 00:00:00+00:00,781771.1022990156
2023-09-23 00:00:00+00:00,783192.9291119011
2023-09-24 00:00:00+00:00,783930.5216260906
2023-09-25 00:00:00+00:00,784608.8326556524
2023-09-26 00:00:00+00:00,785569.7076341313
2023-09-27 00:00:00+00:00,787147.2874768756
2023-09-28 00:00:00+00:00,781759.3788660299
2023-09-29 00:00:00+00:00,783370.6294006419
2023-09-30 00:00:00+00:00,783370.6294006419
2023-10-01 00:00:00+00:00,783370.6294006419
2023-10-02 00:00:00+00:00,780126.7887346423
2023-10-03 00:00:00+00:00,781300.9860636508
2023-10-04 00:00:00+00:00,781051.1621214829
2023-10-05 00:00:00+00:00,782882.038813187
2023-10-06 00:00:00+00:00,782252.123968444
2023-10-07 00:00:00+00:00,782252.9421768808
2023-10-08 00:00:00+00:00,781839.3855058702
2023-10-09 00:00:00+00:00,782735.2508807601
2023-10-10 00:00:00+00:00,784790.5031462751
2023-10-11 00:00:00+00:00,786876.9696843997
2023-10-12 00:00:00+00:00,787257.0831243884
2023-10-13 00:00:00+00:00,788842.5788670026
2023-10-14 00:00:00+00:00,788727.1593600481
2023-10-15 00:00:00+00:00,788530.3947664087
2023-10-16 00:00:00+00:00,780590.4596282156
2023-10-17 00:00:00+00:00,782216.653528248
2023-10-18 00:00:00+00:00,784361.2016163929
2023-10-19 00:00:00+00:00,781213.0393418798
2023-10-20 00:00:00+00:00,771137.2561404809
2023-10-21 00:00:00+00:00,768455.428533209
2023-10-22 00:00:00+00:00,767220.1663960788
2023-10-23 00:00:00+00:00,730094.1127339753
2023-10-24 00:00:00+00:00,719882.657926183
2023-10-25 00:00:00+00:00,712643.7660774353
2023-10-26 00:00:00+00:00,716850.392407534
2023-10-27 00:00:00+00:00,719841.0030851213
2023-10-28 00:00:00+00:00,719841.0030851213
2023-10-29 00:00:00+00:00,719841.0030851213
2023-10-30 00:00:00+00:00,719841.0030851213
2023-10-31 00:00:00+00:00,719841.0030851213
2023-11-01 00:00:00+00:00,719841.0030851213
2023-11-02 00:00:00+00:00,717410.2571496381
2023-11-03 00:00:00+00:00,719513.5454232877
2023-11-04 00:00:00+00:00,719761.1458780587
2023-11-05 00:00:00+00:00,719381.2540406426
2023-11-06 00:00:00+00:00,721420.4237167162
2023-11-07 00:00:00+00:00,724406.7041630349
2023-11-08 00:00:00+00:00,724165.581514599
2023-11-09 00:00:00+00:00,718432.5201876955
2023-11-10 00:00:00+00:00,719043.48819123
2023-11-11 00:00:00+00:00,720238.6173245048
2023-11-12 00:00:00+00:00,721583.7709657624
2023-11-13 00:00:00+00:00,725053.0486506708
2023-11-14 00:00:00+00:00,729654.862236379
2023-11-15 00:00:00+00:00,720460.8167361598
2023-11-16 00:00:00+00:00,729715.6616408494
2023-11-17 00:00:00+00:00,730402.848650747
2023-11-18 00:00:00+00:00,732908.8668808104
2023-11-19 00:00:00+00:00,727885.1899911999
2023-11-20 00:00:00+00:00,727707.7262541044
2023-11-21 00:00:00+00:00,739710.3032414017
2023-11-22 00:00:00+00:00,729797.1680797903
2023-11-23 00:00:00+00:00,731430.5889417528
2023-11-24 00:00:00+00:00,727383.6145914815
2023-11-25 00:00:00+00:00,727383.6145914815
2023-11-26 00:00:00+00:00,727383.6145914815
2023-11-27 00:00:00+00:00,727383.6145914815
2023-11-28 00:00:00+00:00,727383.6145914815
2023-11-29 00:00:00+00:00,727383.6145914815
2023-11-30 00:00:00+00:00,727383.6145914815
2023-12-01 00:00:00+00:00,727383.6145914815
2023-12-02 00:00:00+00:00,723010.074524251
2023-12-03 00:00:00+00:00,720401.4350498484
2023-12-04 00:00:00+00:00,710415.2569451234
2023-12-05 00:00:00+00:00,696530.9613813056
2023-12-06 00:00:00+00:00,698816.4761805169
2023-12-07 00:00:00+00:00,703614.3789772508
2023-12-08 00:00:00+00:00,696746.1136921935
2023-12-09 00:00:00+00:00,700693.8453994505
2023-12-10 00:00:00+00:00,700360.0405273365
2023-12-11 00:00:00+00:00,718354.2066823038
2023-12-12 00:00:00+00:00,718464.0395649609
2023-12-13 00:00:00+00:00,708368.4491881276
2023-12-14 00:00:00+00:00,707534.3156237003
2023-12-15 00:00:00+00:00,716913.64329255
2023-12-16 00:00:00+00:00,714723.8828121354
2023-12-17 00:00:00+00:00,721972.2795556223
2023-12-18 00:00:00+00:00,711104.4473171178
2023-12-19 00:00:00+00:00,714610.9948186836
2023-12-20 00:00:00+00:00,702328.2423605273
2023-12-21 00:00:00+00:00,700460.451334273
2023-12-22 00:00:00+00:00,699391.1988924458
2023-12-23 00:00:00+00:00,699391.1988924458
2023-12-24 00:00:00+00:00,699391.1988924458
2023-12-25 00:00:00+00:00,699391.1988924458
2023-12-26 00:00:00+00:00,699391.1988924458
2023-12-27 00:00:00+00:00,699391.1988924458
2023-12-28 00:00:00+00:00,699391.1988924458
2023-12-29 00:00:00+00:00,699391.1988924458
2023-12-30 00:00:00+00:00,699391.1988924458
2023-12-31 00:00:00+00:00,699391.1988924458
2024-01-01 00:00:00+00:00,699391.1988924458
2024-01-02 00:00:00+00:00,696266.5897577507
2024-01-03 00:00:00+00:00,702808.1604289322
2024-01-04 00:00:00+00:00,699817.7905465937
2024-01-05 00:00:00+00:00,698859.2460837074
2024-01-06 00:00:00+00:00,699541.9732174746
2024-01-07 00:00:00+00:00,698296.6168343509
2024-01-08 00:00:00+00:00,691112.9321479923
2024-01-09 00:00:00+00:00,698785.3058808486
2024-01-10 00:00:00+00:00,697388.6169921462
2024-01-11 00:00:00+00:00,701683.3296241877
2024-01-12 00:00:00+00:00,716795.0206703949
2024-01-13 00:00:00+00:00,718102.3429362726
2024-01-14 00:00:00+00:00,719097.9231287546
2024-01-15 00:00:00+00:00,719456.1012834101
2024-01-16 00:00:00+00:00,720839.8865394378
2024-01-17 00:00:00+00:00,724271.7062077271
2024-01-18 00:00:00+00:00,727125.352735247
2024-01-19 00:00:00+00:00,728745.1602808323
2024-01-20 00:00:00+00:00,729832.750233952
2024-01-21 00:00:00+00:00,730216.687200465
2024-01-22 00:00:00+00:00,723805.9242785579
2024-01-23 00:00:00+00:00,726575.7757296385
2024-01-24 00:00:00+00:00,729358.5322319097
2024-01-25 00:00:00+00:00,729228.8699495562
2024-01-26 00:00:00+00:00,742091.9595503379
2024-01-27 00:00:00+00:00,742091.9595503379
2024-01-28 00:00:00+00:00,742091.9595503379
2024-01-29 00:00:00+00:00,742091.9595503379
2024-01-30 00:00:00+00:00,742091.9595503379
2024-01-31 00:00:00+00:00,742091.9595503379
2024-02-01 00:00:00+00:00,742091.9595503379
2024-02-02 00:00:00+00:00,742436.6676801909
2024-02-03 00:00:00+00:00,744380.4450009172
2024-02-04 00:00:00+00:00,744597.0808073783
2024-02-05 00:00:00+00:00,744233.6406471443
2024-02-06 00:00:00+00:00,745352.3365505774
2024-02-07 00:00:00+00:00,744619.0217571649
2024-02-08 00:00:00+00:00,740599.9261389147
2024-02-09 00:00:00+00:00,731473.0531073292
2024-02-10 00:00:00+00:00,728208.7200430157
2024-02-11 00:00:00+00:00,724349.782303534
2024-02-12 00:00:00+00:00,712805.425393941
2024-02-13 00:00:00+00:00,714547.1899124678
2024-02-14 00:00:00+00:00,698915.989720577
2024-02-15 00:00:00+00:00,698100.2732990879
2024-02-16 00:00:00+00:00,696520.6037320544
2024-02-17 00:00:00+00:00,700429.3904338153
2024-02-18 00:00:00+00:00,696742.6764031596
2024-02-19 00:00:00+00:00,699534.3973272075
2024-02-20 00:00:00+00:00,695765.466965048
2024-02-21 00:00:00+00:00,699008.2445096357
2024-02-22 00:00:00+00:00,703637.9294483111
2024-02-23 00:00:00+00:00,707817.2992174923
2024-02-24 00:00:00+00:00,707817.2992174923
2024-02-25 00:00:00+00:00,707817.2992174923
2024-02-26 00:00:00+00:00,707817.2992174923
2024-02-27 00:00:00+00:00,707817.2992174923
2024-02-28 00:00:00+00:00,707817.2992174923
2024-02-29 00:00:00+00:00,707817.2992174923
2024-03-01 00:00:00+00:00,707817.2992174923
2024-03-02 00:00:00+00:00,706776.2105712898
2024-03-03 00:00:00+00:00,703259.4597526076
2024-03-04 00:00:00+00:00,688461.9799722702
2024-03-05 00:00:00+00:00,700286.6439358917
2024-03-06 00:00:00+00:00,696006.6518781332
2024-03-07 00:00:00+00:00,698319.4401910055
2024-03-08 00:00:00+00:00,695927.8153608008
2024-03-09 00:00:00+00:00,695325.0149852715
2024-03-10 00:00:00+00:00,691126.2920478143
2024-03-11 00:00:00+00:00,680081.7976177693
2024-03-12 00:00:00+00:00,685251.222040394
2024-03-13 00:00:00+00:00,679388.7868624354
2024-03-14 00:00:00+00:00,689227.0096157297
2024-03-15 00:00:00+00:00,695939.6940115793
2024-03-16 00:00:00+00:00,710852.8632217555
2024-03-17 00:00:00+00:00,701736.068748218
2024-03-18 00:00:00+00:00,705805.0936836989
2024-03-19 00:00:00+00:00,721182.7606103718
2024-03-20 00:00:00+00:00,707329.0209549845
2024-03-21 00:00:00+00:00,717464.252968131
2024-03-22 00:00:00+00:00,724075.2620995132
2024-03-23 00:00:00+00:00,725233.551007147
2024-03-24 00:00:00+00:00,716156.8000709169
2024-03-25 00:00:00+00:00,703732.8526233098
2024-03-26 00:00:00+00:00,703774.4561424903
2024-03-27 00:00:00+00:00,707177.4327112909
2024-03-28 00:00:00+00:00,699771.4106612075
2024-03-29 00:00:00+00:00,704573.1813195036
2024-03-30 00:00:00+00:00,704573.1813195036
2024-03-31 00:00:00+00:00,704573.1813195036
2024-04-01 00:00:00+00:00,704573.1813195036
2024-04-02 00:00:00+00:00,700399.0996138407
2024-04-03 00:00:00+00:00,702980.5808345359
2024-04-04 00:00:00+00:00,707879.0370769022
2024-04-05 00:00:00+00:00,707586.2937397866
2024-04-06 00:00:00+00:00,710053.6500521195
2024-04-07 00:00:00+00:00,707945.3050810902
2024-04-08 00:00:00+00:00,706915.8188758646
2024-04-09 00:00:00+00:00,710100.162509394
2024-04-10 00:00:00+00:00,713367.5666379454
2024-04-11 00:00:00+00:00,716490.019545231
2024-04-12 00:00:00+00:00,716847.0934417138
2024-04-13 00:00:00+00:00,708209.3094850321
2024-04-14 00:00:00+00:00,711958.3248882934
2024-04-15 00:00:00+00:00,709081.8487177993
2024-04-16 00:00:00+00:00,710146.0785633088
2024-04-17 00:00:00+00:00,703828.084885329
2024-04-18 00:00:00+00:00,712513.678257338
2024-04-19 00:00:00+00:00,713849.462923638
2024-04-20 00:00:00+00:00,719438.1921972802
2024-04-21 00:00:00+00:00,720238.110081657
2024-04-22 00:00:00+00:00,727397.7612937236
2024-04-23 00:00:00+00:00,728610.1906777337
2024-04-24 00:00:00+00:00,721042.7037605725
2024-04-25 00:00:00+00:00,722246.8058266422
2024-04-26 00:00:00+00:00,718755.7543353084
2024-04-27 00:00:00+00:00,718755.7543353084
2024-04-28 00:00:00+00:00,718755.7543353084
2024-04-29 00:00:00+00:00,718755.7543353084
2024-04-30 00:00:00+00:00,718755.7543353084
2024-05-01 00:00:00+00:00,718755.7543353084
2024-05-02 00:00:00+00:00,720044.8955535439
2024-05-03 00:00:00+00:00,721064.5344977706
2024-05-04 00:00:00+00:00,718965.8949472673
2024-05-05 00:00:00+00:00,718714.2522586298
2024-05-06 00:00:00+00:00,720682.5568293799
2024-05-07 00:00:00+00:00,725323.5781821698
2024-05-08 00:00:00+00:00,727560.1273907523
2024-05-09 00:00:00+00:00,727825.0674055868
2024-05-10 00:00:00+00:00,730164.5390921473
2024-05-11 00:00:00+00:00,730410.1216481101
2024-05-12 00:00:00+00:00,729479.5189395942
2024-05-13 00:00:00+00:00,728060.8426215927
2024-05-14 00:00:00+00:00,731338.8285448248
2024-05-15 00:00:00+00:00,721625.9952379744
2024-05-16 00:00:00+00:00,726488.8397701087
2024-05-17 00:00:00+00:00,722417.543826122
2024-05-18 00:00:00+00:00,723546.0415581891
2024-05-19 00:00:00+00:00,726968.792207125
2024-05-20 00:00:00+00:00,703436.9004968887
2024-05-21 00:00:00+00:00,709890.9861757611
2024-05-22 00:00:00+00:00,715538.7689570445
2024-05-23 00:00:00+00:00,721802.2280109536
2024-05-24 00:00:00+00:00,719975.2405512421
2024-05-25 00:00:00+00:00,716287.170889652
2024-05-26 00:00:00+00:00,720644.3619059057
2024-05-27 00:00:00+00:00,715813.013220093
2024-05-28 00:00:00+00:00,721633.2553974714
2024-05-29 00:00:00+00:00,725899.8484788856
2024-05-30 00:00:00+00:00,721623.7404305495
2024-05-31 00:00:00+00:00,726430.5479395939
2024-06-01 00:00:00+00:00,726430.5479395939
2024-06-02 00:00:00+00:00,727499.7372498355
2024-06-03 00:00:00+00:00,726559.2050261602
2024-06-04 00:00:00+00:00,725087.3537037206
2024-06-05 00:00:00+00:00,722527.1998229031
2024-06-06 00:00:00+00:00,725917.3584671938
2024-06-07 00:00:00+00:00,729837.5537136919
2024-06-08 00:00:00+00:00,732658.1173425575
2024-06-09 00:00:00+00:00,732005.8313721978
2024-06-10 00:00:00+00:00,732011.537010965
2024-06-11 00:00:00+00:00,733038.1263177306
2024-06-12 00:00:00+00:00,734204.795904036
2024-06-13 00:00:00+00:00,737044.2231118144
2024-06-14 00:00:00+00:00,737835.6369985715
2024-06-15 00:00:00+00:00,738965.0777029191
2024-06-16 00:00:00+00:00,740243.9596788683
2024-06-17 00:00:00+00:00,740131.565499362
2024-06-18 00:00:00+00:00,738468.0980145507
2024-06-19 00:00:00+00:00,739191.4812703136
2024-06-20 00:00:00+00:00,740204.1695501792
2024-06-21 00:00:00+00:00,739276.7020480692
2024-06-22 00:00:00+00:00,741060.0178542479
2024-06-23 00:00:00+00:00,737161.0714393167
2024-06-24 00:00:00+00:00,723689.6949537592
2024-06-25 00:00:00+00:00,731140.9867282859
2024-06-26 00:00:00+00:00,726586.2429846597
2024-06-27 00:00:00+00:00,730480.9904076029
2024-06-28 00:00:00+00:00,724046.0371990027
2024-06-29 00:00:00+00:00,724046.0371990027
2024-06-30 00:00:00+00:00,724046.0371990027
2024-07-01 00:00:00+00:00,724046.0371990027
2024-07-02 00:00:00+00:00,726228.2060448108
2024-07-03 00:00:00+00:00,723944.4585307154
2024-07-04 00:00:00+00:00,714186.5090446619
2024-07-05 00:00:00+00:00,711959.956501978
2024-07-06 00:00:00+00:00,717953.4140005436
2024-07-07 00:00:00+00:00,710481.2396297334
2024-07-08 00:00:00+00:00,713084.2545550687
2024-07-09 00:00:00+00:00,718073.8755361806
2024-07-10 00:00:00+00:00,718578.2796933551
2024-07-11 00:00:00+00:00,718270.4841295199
2024-07-12 00:00:00+00:00,721351.5490095391
2024-07-13 00:00:00+00:00,725716.4756033933
2024-07-14 00:00:00+00:00,727140.6452395185
2024-07-15 00:00:00+00:00,727871.535091786
2024-07-16 00:00:00+00:00,727144.6151129091
2024-07-17 00:00:00+00:00,727961.3785591109
2024-07-18 00:00:00+00:00,732193.9471616724
2024-07-19 00:00:00+00:00,727699.1774188697
2024-07-20 00:00:00+00:00,726600.2170999036
2024-07-21 00:00:00+00:00,722127.4260997892
2024-07-22 00:00:00+00:00,725655.9715414732
2024-07-23 00:00:00+00:00,731457.141461861
2024-07-24 00:00:00+00:00,735780.4619809733
2024-07-25 00:00:00+00:00,736633.8722483912
2024-07-26 00:00:00+00:00,727661.610123771
2024-07-27 00:00:00+00:00,727661.610123771
2024-07-28 00:00:00+00:00,727661.610123771
2024-07-29 00:00:00+00:00,727661.610123771
2024-07-30 00:00:00+00:00,727661.610123771
2024-07-31 00:00:00+00:00,727661.610123771
2024-08-01 00:00:00+00:00,727661.610123771
2024-08-02 00:00:00+00:00,724476.6324460314
2024-08-03 00:00:00+00:00,722581.7645597623
2024-08-04 00:00:00+00:00,714716.8311892445
2024-08-05 00:00:00+00:00,697338.2808879223
2024-08-06 00:00:00+00:00,706869.7831054451
2024-08-07 00:00:00+00:00,704703.6433314048
2024-08-08 00:00:00+00:00,722353.6368607606
2024-08-09 00:00:00+00:00,723527.6652851121
2024-08-10 00:00:00+00:00,724863.3189428498
2024-08-11 00:00:00+00:00,719173.3759292585
2024-08-12 00:00:00+00:00,720973.076775055
2024-08-13 00:00:00+00:00,724977.1573098962
2024-08-14 00:00:00+00:00,721453.4660754717
2024-08-15 00:00:00+00:00,718338.697137668
2024-08-16 00:00:00+00:00,724459.3436204512
2024-08-17 00:00:00+00:00,727275.0956196808
2024-08-18 00:00:00+00:00,723497.3649393406
2024-08-19 00:00:00+00:00,727871.9049366375
2024-08-20 00:00:00+00:00,727041.8239185094
2024-08-21 00:00:00+00:00,734588.3868365897
2024-08-22 00:00:00+00:00,733066.3549475272
2024-08-23 00:00:00+00:00,742514.8394952279
2024-08-24 00:00:00+00:00,743777.5635049249
2024-08-25 00:00:00+00:00,744834.8134247111
2024-08-26 00:00:00+00:00,745020.856091052
2024-08-27 00:00:00+00:00,732528.9814019073
2024-08-28 00:00:00+00:00,730556.3467534303
2024-08-29 00:00:00+00:00,732371.050506794
2024-08-30 00:00:00+00:00,731042.8966376323
2024-08-31 00:00:00+00:00,731042.8966376323
2024-09-01 00:00:00+00:00,731042.8966376323
2024-09-02 00:00:00+00:00,729548.7172631093
2024-09-03 00:00:00+00:00,730305.2814475949
2024-09-04 00:00:00+00:00,728923.4033599375
2024-09-05 00:00:00+00:00,728277.9268386522
2024-09-06 00:00:00+00:00,723339.1855455046
2024-09-07 00:00:00+00:00,725518.5769503422
2024-09-08 00:00:00+00:00,726340.0448306907
2024-09-09 00:00:00+00:00,730994.2174468024
2024-09-10 00:00:00+00:00,732584.4822260105
2024-09-11 00:00:00+00:00,734872.8081414019
2024-09-12 00:00:00+00:00,737036.1330226269
2024-09-13 00:00:00+00:00,737865.4011686508
2024-09-14 00:00:00+00:00,740134.2672600544
2024-09-15 00:00:00+00:00,740275.082861079
2024-09-16 00:00:00+00:00,740453.5325927834
2024-09-17 00:00:00+00:00,740878.917773699
2024-09-18 00:00:00+00:00,739585.2335916646
2024-09-19 00:00:00+00:00,737714.4769940206
2024-09-20 00:00:00+00:00,737751.1183978532
2024-09-21 00:00:00+00:00,738517.555071305
2024-09-22 00:00:00+00:00,737490.1247839604
2024-09-23 00:00:00+00:00,739171.2501055206
2024-09-24 00:00:00+00:00,735445.2731584953
2024-09-25 00:00:00+00:00,741914.9937822048
2024-09-26 00:00:00+00:00,730567.3523337038
2024-09-27 00:00:00+00:00,727079.0032800315
2024-09-28 00:00:00+00:00,727079.0032800315
2024-09-29 00:00:00+00:00,727079.0032800315
2024-09-30 00:00:00+00:00,727079.0032800315
2024-10-01 00:00:00+00:00,727079.0032800315
2024-10-02 00:00:00+00:00,724436.8821989645
2024-10-03 00:00:00+00:00,725296.5454126156
2024-10-04 00:00:00+00:00,726510.81046046
2024-10-05 00:00:00+00:00,725977.3882428773
2024-10-06 00:00:00+00:00,725038.8927279545
2024-10-07 00:00:00+00:00,725345.5536013311
2024-10-08 00:00:00+00:00,727846.6168764716
2024-10-09 00:00:00+00:00,727502.4858876234
2024-10-10 00:00:00+00:00,730543.1414741845
2024-10-11 00:00:00+00:00,732718.3076785966
2024-10-12 00:00:00+00:00,731328.6213423095
2024-10-13 00:00:00+00:00,731103.8192598596
2024-10-14 00:00:00+00:00,727757.2203181288
2024-10-15 00:00:00+00:00,726734.6694603969
2024-10-16 00:00:00+00:00,726225.3042267956
2024-10-17 00:00:00+00:00,728957.0060814552
2024-10-18 00:00:00+00:00,726874.1132211186
2024-10-19 00:00:00+00:00,728598.1462911895
2024-10-20 00:00:00+00:00,726564.3745464339
2024-10-21 00:00:00+00:00,731021.4710412263
2024-10-22 00:00:00+00:00,731217.1060100654
2024-10-23 00:00:00+00:00,733214.4218159833
2024-10-24 00:00:00+00:00,729562.5450002454
2024-10-25 00:00:00+00:00,734104.9455045217
2024-10-26 00:00:00+00:00,734326.3579442897
2024-10-27 00:00:00+00:00,732772.818108644
2024-10-28 00:00:00+00:00,726682.6403685706
2024-10-29 00:00:00+00:00,715284.8500738562
2024-10-30 00:00:00+00:00,716680.8102667511
2024-10-31 00:00:00+00:00,725615.6738269967
2024-11-01 00:00:00+00:00,728964.5658532211
2024-11-02 00:00:00+00:00,728484.3608675711
2024-11-03 00:00:00+00:00,729042.6373611118
2024-11-04 00:00:00+00:00,733627.2168840864
2024-11-05 00:00:00+00:00,731081.178808204
2024-11-06 00:00:00+00:00,699543.086618586
2024-11-07 00:00:00+00:00,700355.9849669329
2024-11-08 00:00:00+00:00,698258.6119811732
2024-11-09 00:00:00+00:00,699118.432193136
2024-11-10 00:00:00+00:00,684635.5697944604
2024-11-11 00:00:00+00:00,649624.7544355814
2024-11-12 00:00:00+00:00,652656.1072737253
2024-11-13 00:00:00+00:00,641652.8799475565
2024-11-14 00:00:00+00:00,656382.4997040548
2024-11-15 00:00:00+00:00,639199.0217987227
2024-11-16 00:00:00+00:00,641781.4574066066
2024-11-17 00:00:00+00:00,645381.9395661781
2024-11-18 00:00:00+00:00,642068.0538528588
2024-11-19 00:00:00+00:00,633332.2353660197
2024-11-20 00:00:00+00:00,623897.2976508801
2024-11-21 00:00:00+00:00,604389.7984818935
2024-11-22 00:00:00+00:00,601761.0548164081
2024-11-23 00:00:00+00:00,607606.1514881037
2024-11-24 00:00:00+00:00,606377.3455396484
2024-11-25 00:00:00+00:00,630389.5810120157
2024-11-26 00:00:00+00:00,635526.455163895
2024-11-27 00:00:00+00:00,616295.36008961
2024-11-28 00:00:00+00:00,617683.0332528956
2024-11-29 00:00:00+00:00,608896.0097155343
2024-11-30 00:00:00+00:00,608896.0097155343
2024-12-01 00:00:00+00:00,608896.0097155343
2024-12-02 00:00:00+00:00,608395.5850288814
2024-12-03 00:00:00+00:00,609821.9631852887
2024-12-04 00:00:00+00:00,610091.3947981197
2024-12-05 00:00:00+00:00,607470.2076261275
2024-12-06 00:00:00+00:00,609238.0498009888
2024-12-07 00:00:00+00:00,611604.6131063971
2024-12-08 00:00:00+00:00,610750.455868952
2024-12-09 00:00:00+00:00,613309.4889755382
2024-12-10 00:00:00+00:00,614694.0929926333
2024-12-11 00:00:00+00:00,611521.561016781
2024-12-12 00:00:00+00:00,614238.9984890035
2024-12-13 00:00:00+00:00,615151.554022159
2024-12-14 00:00:00+00:00,617267.6642613668
2024-12-15 00:00:00+00:00,611583.7823423124
2024-12-16 00:00:00+00:00,607980.5761261095
2024-12-17 00:00:00+00:00,610034.1488342137
2024-12-18 00:00:00+00:00,622526.9733963435
2024-12-19 00:00:00+00:00,624749.576835964
2024-12-20 00:00:00+00:00,625159.5944039023
2024-12-21 00:00:00+00:00,629138.6944142632
2024-12-22 00:00:00+00:00,628407.7360475189
2024-12-23 00:00:00+00:00,629521.8349495889
2024-12-24 00:00:00+00:00,631997.7397171148
2024-12-25 00:00:00+00:00,633371.3673311702
2024-12-26 00:00:00+00:00,637237.4171911944
2024-12-27 00:00:00+00:00,636615.5901921723
2024-12-28 00:00:00+00:00,636615.5901921723
2024-12-29 00:00:00+00:00,636615.5901921723
2024-12-30 00:00:00+00:00,636615.5901921723
2024-12-31 00:00:00+00:00,636615.5901921723
2025-01-01 00:00:00+00:00,636615.5901921723
2025-01-02 00:00:00+00:00,636615.5901921723
2025-01-03 00:00:00+00:00,636859.4659367417
2025-01-04 00:00:00+00:00,637474.0524660769
2025-01-05 00:00:00+00:00,637749.6568409528
2025-01-06 00:00:00+00:00,632759.5986210345
2025-01-07 00:00:00+00:00,641656.8810423936
2025-01-08 00:00:00+00:00,643439.3966106584
2025-01-09 00:00:00+00:00,645087.1744691071
2025-01-10 00:00:00+00:00,645447.3172104629
2025-01-11 00:00:00+00:00,647207.1490317562
2025-01-12 00:00:00+00:00,646128.876437176
2025-01-13 00:00:00+00:00,646656.572808387
2025-01-14 00:00:00+00:00,645025.8584918964
2025-01-15 00:00:00+00:00,641060.8001987621
2025-01-16 00:00:00+00:00,641944.1037981
2025-01-17 00:00:00+00:00,633993.8044449984
2025-01-18 00:00:00+00:00,632835.3471150035
2025-01-19 00:00:00+00:00,639166.7532463316
2025-01-20 00:00:00+00:00,637137.8875590605
2025-01-21 00:00:00+00:00,630878.8780627148
2025-01-22 00:00:00+00:00,639345.8238354145
2025-01-23 00:00:00+00:00,638977.5119535635
2025-01-24 00:00:00+00:00,637810.509606116
2025-01-25 00:00:00+00:00,638872.8775071795
2025-01-26 00:00:00+00:00,645630.8173387421
2025-01-27 00:00:00+00:00,647373.7599612231
2025-01-28 00:00:00+00:00,650929.1081559855
2025-01-29 00:00:00+00:00,643201.5260831623
2025-01-30 00:00:00+00:00,639668.2929673172
2025-01-31 00:00:00+00:00,647960.601111372
2025-02-01 00:00:00+00:00,647960.601111372
2025-02-02 00:00:00+00:00,646442.3636204754
2025-02-03 00:00:00+00:00,646640.5111848479
2025-02-04 00:00:00+00:00,648501.2054315801
2025-02-05 00:00:00+00:00,649574.0518346536
2025-02-06 00:00:00+00:00,650180.5690587842
2025-02-07 00:00:00+00:00,652039.1905182833
2025-02-08 00:00:00+00:00,653068.8246968309
2025-02-09 00:00:00+00:00,653307.7968929863
2025-02-10 00:00:00+00:00,655657.9872976122
2025-02-11 00:00:00+00:00,654225.3998117673
2025-02-12 00:00:00+00:00,658547.2915655772
2025-02-13 00:00:00+00:00,658051.8519412458
2025-02-14 00:00:00+00:00,661295.9630719101
2025-02-15 00:00:00+00:00,662850.8227755581
2025-02-16 00:00:00+00:00,659851.4991096919
2025-02-17 00:00:00+00:00,659253.5507172021
2025-02-18 00:00:00+00:00,659233.247009965
2025-02-19 00:00:00+00:00,663038.9486725166
2025-02-20 00:00:00+00:00,668559.388664501
2025-02-21 00:00:00+00:00,661924.6437968074
2025-02-22 00:00:00+00:00,661924.6437968074
2025-02-23 00:00:00+00:00,661924.6437968074
2025-02-24 00:00:00+00:00,661924.6437968074
2025-02-25 00:00:00+00:00,661924.6437968074
2025-02-26 00:00:00+00:00,661924.6437968074
2025-02-27 00:00:00+00:00,661924.6437968074
2025-02-28 00:00:00+00:00,661924.6437968074
2025-03-01 00:00:00+00:00,661924.6437968074
2025-03-02 00:00:00+00:00,646192.9070633786
2025-03-03 00:00:00+00:00,659663.6876316882
2025-03-04 00:00:00+00:00,656105.2320504822
2025-03-05 00:00:00+00:00,653658.319642388
2025-03-06 00:00:00+00:00,655603.5198475446
2025-03-07 00:00:00+00:00,662923.2672244845
2025-03-08 00:00:00+00:00,666815.2982878652
2025-03-09 00:00:00+00:00,664628.599009043
2025-03-10 00:00:00+00:00,661666.8897514023
2025-03-11 00:00:00+00:00,664799.0045085307
2025-03-12 00:00:00+00:00,667366.5992268205
2025-03-13 00:00:00+00:00,668766.0630397776
2025-03-14 00:00:00+00:00,672120.4890532226
2025-03-15 00:00:00+00:00,673753.9035923013
2025-03-16 00:00:00+00:00,672682.0051083337
2025-03-17 00:00:00+00:00,673642.226097118
2025-03-18 00:00:00+00:00,676414.6266604386
2025-03-19 00:00:00+00:00,675843.7581970664
2025-03-20 00:00:00+00:00,679727.4326424573
2025-03-21 00:00:00+00:00,682951.0829580206
2025-03-22 00:00:00+00:00,684660.0313569049
2025-03-23 00:00:00+00:00,683588.9824103486
2025-03-24 00:00:00+00:00,681595.8622256938
2025-03-25 00:00:00+00:00,683058.1627962094
2025-03-26 00:00:00+00:00,685833.9965368602
2025-03-27 00:00:00+00:00,686008.3135696079
2025-03-28 00:00:00+00:00,695218.306058423
2025-03-29 00:00:00+00:00,695218.306058423
2025-03-30 00:00:00+00:00,695218.306058423
2025-03-31 00:00:00+00:00,695218.306058423
2025-04-01 00:00:00+00:00,695218.306058423
2025-04-02 00:00:00+00:00,696816.7294920606
2025-04-03 00:00:00+00:00,695190.1471859962
2025-04-04 00:00:00+00:00,694212.5338627445
2025-04-05 00:00:00+00:00,694981.2330919023
2025-04-06 00:00:00+00:00,690100.0103970754
2025-04-07 00:00:00+00:00,692567.790714503
2025-04-08 00:00:00+00:00,693690.7320187826
2025-04-09 00:00:00+00:00,697758.8736604768
2025-04-10 00:00:00+00:00,699996.3949703632
2025-04-11 00:00:00+00:00,700230.8447472239
2025-04-12 00:00:00+00:00,698006.1121141731
2025-04-13 00:00:00+00:00,700223.8431931104
2025-04-14 00:00:00+00:00,701656.8116231994
2025-04-15 00:00:00+00:00,706113.507016222
2025-04-16 00:00:00+00:00,707776.8988269434
2025-04-17 00:00:00+00:00,708231.3646987544
2025-04-18 00:00:00+00:00,711404.385158317
2025-04-19 00:00:00+00:00,711294.2972201214
2025-04-20 00:00:00+00:00,711103.5522603285
2025-04-21 00:00:00+00:00,704757.2808635219
2025-04-22 00:00:00+00:00,682386.3801715467
2025-04-23 00:00:00+00:00,681449.5035900762
2025-04-24 00:00:00+00:00,680268.6317551426
2025-04-25 00:00:00+00:00,677306.4134019901
2025-04-26 00:00:00+00:00,677306.4134019901
2025-04-27 00:00:00+00:00,677306.4134019901
2025-04-28 00:00:00+00:00,677306.4134019901
2025-04-29 00:00:00+00:00,677306.4134019901
2025-04-30 00:00:00+00:00,677306.4134019901
2025-05-01 00:00:00+00:00,677306.4134019901
2025-05-02 00:00:00+00:00,673940.2707166991
2025-05-03 00:00:00+00:00,677200.9418180066
2025-05-04 00:00:00+00:00,677793.4447377215
2025-05-05 00:00:00+00:00,677915.1672301481
2025-05-06 00:00:00+00:00,677875.4059945405
2025-05-07 00:00:00+00:00,678096.4582350517
2025-05-08 00:00:00+00:00,668073.1562709752
2025-05-09 00:00:00+00:00,668934.8703054951
2025-05-10 00:00:00+00:00,664821.7409476498
2025-05-11 00:00:00+00:00,666488.6442377047
2025-05-12 00:00:00+00:00,669826.5487260807
2025-05-13 00:00:00+00:00,668173.8805939261
2025-05-14 00:00:00+00:00,670165.074433058
2025-05-15 00:00:00+00:00,670677.2375436707
2025-05-16 00:00:00+00:00,672380.1111291186
2025-05-17 00:00:00+00:00,673484.336035202
2025-05-18 00:00:00+00:00,663027.9570009229
2025-05-19 00:00:00+00:00,665933.3097539833
2025-05-20 00:00:00+00:00,662295.2120176796
2025-05-21 00:00:00+00:00,652792.3509866865
2025-05-22 00:00:00+00:00,645848.6545093197
2025-05-23 00:00:00+00:00,661160.9288342122
2025-05-24 00:00:00+00:00,659618.1935941481
2025-05-25 00:00:00+00:00,655299.1292917482
2025-05-26 00:00:00+00:00,653868.5176515299
2025-05-27 00:00:00+00:00,655600.5847875276
2025-05-28 00:00:00+00:00,659736.9271146976
2025-05-29 00:00:00+00:00,667570.1626883382
2025-05-30 00:00:00+00:00,673066.9054310555
2025-05-31 00:00:00+00:00,673066.9054310555
2025-06-01 00:00:00+00:00,673066.9054310555
2025-06-02 00:00:00+00:00,674141.219662478
2025-06-03 00:00:00+00:00,675586.925102846
2025-06-04 00:00:00+00:00,677119.7732247796
2025-06-05 00:00:00+00:00,676501.8187073501
2025-06-06 00:00:00+00:00,679052.2993505523
2025-06-07 00:00:00+00:00,680053.3777525817
2025-06-08 00:00:00+00:00,679268.2432551754
2025-06-09 00:00:00+00:00,675953.2082941254
2025-06-10 00:00:00+00:00,676552.5205178473
2025-06-11 00:00:00+00:00,679279.5990620949
2025-06-12 00:00:00+00:00,682959.2011171959
2025-06-13 00:00:00+00:00,682621.9236751256
2025-06-14 00:00:00+00:00,684521.5307948776
2025-06-15 00:00:00+00:00,683710.118857307
2025-06-16 00:00:00+00:00,684882.2672427122
2025-06-17 00:00:00+00:00,686354.5434438072
2025-06-18 00:00:00+00:00,687526.3899731229
2025-06-19 00:00:00+00:00,688627.3208906627
2025-06-20 00:00:00+00:00,689205.9997223874
2025-06-21 00:00:00+00:00,688341.695635746
2025-06-22 00:00:00+00:00,685959.8407470888
2025-06-23 00:00:00+00:00,692009.8504455045
2025-06-24 00:00:00+00:00,693714.2398468045
2025-06-25 00:00:00+00:00,694089.2639379757
2025-06-26 00:00:00+00:00,696393.1654817166
2025-06-27 00:00:00+00:00,697239.2343483506
2025-06-28 00:00:00+00:00,697239.2343483506
2025-06-29 00:00:00+00:00,697239.2343483506
2025-06-30 00:00:00+00:00,697239.2343483506
2025-07-01 00:00:00+00:00,697239.2343483506
2025-07-02 00:00:00+00:00,697126.927816854
2025-07-03 00:00:00+00:00,696687.1785599493
2025-07-04 00:00:00+00:00,698700.5021754741
2025-07-05 00:00:00+00:00,699041.975508152
2025-07-06 00:00:00+00:00,699353.5286852113
2025-07-07 00:00:00+00:00,699600.8614485036
2025-07-08 00:00:00+00:00,700681.76855565
2025-07-09 00:00:00+00:00,699697.1577731448
2025-07-10 00:00:00+00:00,691809.0064941556
2025-07-11 00:00:00+00:00,688554.7377067828
2025-07-12 00:00:00+00:00,689854.6364644375
2025-07-13 00:00:00+00:00,684942.3797735071
2025-07-14 00:00:00+00:00,683048.0254972309
2025-07-15 00:00:00+00:00,688875.6269749462
2025-07-16 00:00:00+00:00,687252.9309302233
2025-07-17 00:00:00+00:00,685884.6186108161
2025-07-18 00:00:00+00:00,689755.4342883895
2025-07-19 00:00:00+00:00,690151.1090155293
2025-07-20 00:00:00+00:00,691882.004524436
2025-07-21 00:00:00+00:00,691974.3677815152
2025-07-22 00:00:00+00:00,684152.2171778881
2025-07-23 00:00:00+00:00,687940.9582595122
2025-07-24 00:00:00+00:00,689261.8672893837
2025-07-25 00:00:00+00:00,691538.5151189519
2025-07-26 00:00:00+00:00,691538.5151189519
2025-07-27 00:00:00+00:00,691538.5151189519
2025-07-28 00:00:00+00:00,691538.5151189519
2025-07-29 00:00:00+00:00,691538.5151189519
2025-07-30 00:00:00+00:00,691538.5151189519
2025-07-31 00:00:00+00:00,691538.5151189519
2025-08-01 00:00:00+00:00,691538.5151189519
2025-08-02 00:00:00+00:00,689712.5603427935
2025-08-03 00:00:00+00:00,690817.2426871517
2025-08-04 00:00:00+00:00,691999.1603869183
2025-08-05 00:00:00+00:00,693469.4980812301
2025-08-06 00:00:00+00:00,695099.1568038436
2025-08-07 00:00:00+00:00,695444.7653959703
2025-08-08 00:00:00+00:00,696318.6594661095
2025-08-09 00:00:00+00:00,697043.9881721882
2025-08-10 00:00:00+00:00,695055.220474971
2025-08-11 00:00:00+00:00,695777.2240878149
2025-08-12 00:00:00+00:00,695243.1223327685
2025-08-13 00:00:00+00:00,688997.1105528988
2025-08-14 00:00:00+00:00,697030.5255104082
2025-08-15 00:00:00+00:00,699830.2233275978
2025-08-16 00:00:00+00:00,700549.4999461134
2025-08-17 00:00:00+00:00,701149.6655160865
2025-08-18 00:00:00+00:00,702432.3851548277
2025-08-19 00:00:00+00:00,701048.7318892514
2025-08-20 00:00:00+00:00,704461.2653460967
2025-08-21 00:00:00+00:00,702144.8701329718
2025-08-22 00:00:00+00:00,709331.7108400795
2025-08-23 00:00:00+00:00,709331.7108400795
2025-08-24 00:00:00+00:00,709331.7108400795
2025-08-25 00:00:00+00:00,709331.7108400795
2025-08-26 00:00:00+00:00,709331.7108400795
2025-08-27 00:00:00+00:00,709331.7108400795
2025-08-28 00:00:00+00:00,709331.7108400795
2025-08-29 00:00:00+00:00,709331.7108400795
2025-08-30 00:00:00+00:00,709331.7108400795
2025-08-31 00:00:00+00:00,709331.7108400795
2025-09-01 00:00:00+00:00,709331.7108400795
2025-09-02 00:00:00+00:00,707589.4680404521
2025-09-03 00:00:00+00:00,708405.3324152303
2025-09-04 00:00:00+00:00,709024.7132078381
2025-09-05 00:00:00+00:00,710398.5246692089
2025-09-06 00:00:00+00:00,712125.3142240208
2025-09-07 00:00:00+00:00,710782.3884588651
2025-09-08 00:00:00+00:00,711230.4753879695
2025-09-09 00:00:00+00:00,711773.0968865834
2025-09-10 00:00:00+00:00,709716.0592165166
2025-09-11 00:00:00+00:00,707615.0910299023
2025-09-12 00:00:00+00:00,707221.4616100758
2025-09-13 00:00:00+00:00,708082.9945409868
2025-09-14 00:00:00+00:00,709519.2759769671
2025-09-15 00:00:00+00:00,709310.1725522664
2025-09-16 00:00:00+00:00,706123.8370135333
2025-09-17 00:00:00+00:00,707376.1319739867
2025-09-18 00:00:00+00:00,706414.9698105302
2025-09-19 00:00:00+00:00,710739.2487449669
2025-09-20 00:00:00+00:00,711006.0778046016
2025-09-21 00:00:00+00:00,711703.930219718
2025-09-22 00:00:00+00:00,718615.5325060511
2025-09-23 00:00:00+00:00,721421.5277520134
2025-09-24 00:00:00+00:00,718478.9778660153
2025-09-25 00:00:00+00:00,729031.0964652719
2025-09-26 00:00:00+00:00,729732.3978623776
2025-09-27 00:00:00+00:00,729732.3978623776
2025-09-28 00:00:00+00:00,729732.3978623776
2025-09-29 00:00:00+00:00,729732.3978623776
2025-09-30 00:00:00+00:00,729732.3978623776
2025-10-01 00:00:00+00:00,729732.3978623776
2025-10-02 00:00:00+00:00,724090.8341661035
2025-10-03 00:00:00+00:00,721463.8097071601
2025-10-04 00:00:00+00:00,721726.2829496528
2025-10-05 00:00:00+00:00,719677.8171837742
2025-10-06 00:00:00+00:00,717824.8326753962
2025-10-07 00:00:00+00:00,723733.3525634739
2025-10-08 00:00:00+00:00,720951.519471081
2025-10-09 00:00:00+00:00,724069.6256519546
2025-10-10 00:00:00+00:00,729610.9953251869
2025-10-11 00:00:00+00:00,727198.4412329206
2025-10-12 00:00:00+00:00,728444.8439651092
2025-10-13 00:00:00+00:00,729966.5327355424
2025-10-14 00:00:00+00:00,730423.2415435533
2025-10-15 00:00:00+00:00,730613.9571425256
2025-10-16 00:00:00+00:00,728153.5027714733
2025-10-17 00:00:00+00:00,724706.9510785576
2025-10-18 00:00:00+00:00,727652.3295793608
2025-10-19 00:00:00+00:00,729731.077508294
2025-10-20 00:00:00+00:00,733169.1980618413
2025-10-21 00:00:00+00:00,731851.4815612587
2025-10-22 00:00:00+00:00,730333.4421488473
2025-10-23 00:00:00+00:00,735294.3969266916
2025-10-24 00:00:00+00:00,738556.9176418821
2025-10-25 00:00:00+00:00,740988.7346470985
2025-10-26 00:00:00+00:00,741637.4838001698
2025-10-27 00:00:00+00:00,743841.6045482943
2025-10-28 00:00:00+00:00,745274.8031909318
2025-10-29 00:00:00+00:00,742406.7050580981
2025-10-30 00:00:00+00:00,738824.58190796
2025-10-31 00:00:00+00:00,742607.9851897964
2025-11-01 00:00:00+00:00,742607.9851897964
2025-11-02 00:00:00+00:00,742371.7833410782
2025-11-03 00:00:00+00:00,741369.9716245247
2025-11-04 00:00:00+00:00,734494.8177017219
2025-11-05 00:00:00+00:00,739052.1776549828
2025-11-06 00:00:00+00:00,737004.475340769
2025-11-07 00:00:00+00:00,740831.0971564857
2025-11-08 00:00:00+00:00,741033.5081587117
2025-11-09 00:00:00+00:00,743643.5138575289
2025-11-10 00:00:00+00:00,745289.466627495
2025-11-11 00:00:00+00:00,742789.5663031135
2025-11-12 00:00:00+00:00,740973.5016468634
2025-11-13 00:00:00+00:00,737248.495310395
2025-11-14 00:00:00+00:00,723571.1847459232
2025-11-15 00:00:00+00:00,726774.642639856
2025-11-16 00:00:00+00:00,723135.1791779089
2025-11-17 00:00:00+00:00,717319.8064264244
2025-11-18 00:00:00+00:00,719656.7398095257
2025-11-19 00:00:00+00:00,715542.2306681832
2025-11-20 00:00:00+00:00,700673.7784079307
2025-11-21 00:00:00+00:00,696249.5519698547
2025-11-22 00:00:00+00:00,695068.821075375
2025-11-23 00:00:00+00:00,701494.1401399439
2025-11-24 00:00:00+00:00,705976.6418415746
2025-11-25 00:00:00+00:00,703068.7877247276
2025-11-26 00:00:00+00:00,712722.6271323132
2025-11-27 00:00:00+00:00,715222.2131583261
2025-11-28 00:00:00+00:00,714005.7702786312
2025-11-29 00:00:00+00:00,714005.7702786312
2025-11-30 00:00:00+00:00,714005.7702786312
2025-12-01 00:00:00+00:00,714005.7702786312
2025-12-02 00:00:00+00:00,713587.513885701
2025-12-03 00:00:00+00:00,713399.0997939832
2025-12-04 00:00:00+00:00,715623.9147566985
2025-12-05 00:00:00+00:00,716413.4158911741
2025-12-06 00:00:00+00:00,716911.7861229968
2025-12-07 00:00:00+00:00,716384.9776503391
2025-12-08 00:00:00+00:00,717913.9087451505
2025-12-09 00:00:00+00:00,718739.1875962799
2025-12-10 00:00:00+00:00,720554.9608027369
2025-12-11 00:00:00+00:00,721612.7938902222
2025-12-12 00:00:00+00:00,724910.4455452589
2025-12-13 00:00:00+00:00,724523.5466059897
2025-12-14 00:00:00+00:00,723576.877917312
2025-12-15 00:00:00+00:00,723097.4804223676
2025-12-16 00:00:00+00:00,726109.3657409295
2025-12-17 00:00:00+00:00,725488.8173973865
2025-12-18 00:00:00+00:00,724735.8051952353
2025-12-19 00:00:00+00:00,729644.7743359355
2025-12-20 00:00:00+00:00,732145.8881054264
2025-12-21 00:00:00+00:00,731618.4075944643
2025-12-22 00:00:00+00:00,733435.7662364909
2025-12-23 00:00:00+00:00,734194.7949947186
2025-12-24 00:00:00+00:00,736653.7434105217
2025-12-25 00:00:00+00:00,736342.6449004298
2025-12-26 00:00:00+00:00,737160.5406646627
2025-12-27 00:00:00+00:00,737160.5406646627
2025-12-28 00:00:00+00:00,737160.5406646627
2025-12-29 00:00:00+00:00,737160.5406646627
2025-12-30 00:00:00+00:00,737160.5406646627
2025-12-31 00:00:00+00:00,737160.5406646627
2026-01-01 00:00:00+00:00,737160.5406646627
2026-01-02 00:00:00+00:00,735898.6067915303
2026-01-03 00:00:00+00:00,735127.988341117
2026-01-04 00:00:00+00:00,733962.0927438873
2026-01-05 00:00:00+00:00,730574.9078601776
2026-01-06 00:00:00+00:00,732012.068797728
2026-01-07 00:00:00+00:00,736159.2484132681
2026-01-08 00:00:00+00:00,737572.4789724523
2026-01-09 00:00:00+00:00,740643.4917882679
2026-01-10 00:00:00+00:00,742448.7724091023
2026-01-11 00:00:00+00:00,741029.8724342351
2026-01-12 00:00:00+00:00,741382.9828505641
2026-01-13 00:00:00+00:00,733766.9551380017
2026-01-14 00:00:00+00:00,729648.8785195895
2026-01-15 00:00:00+00:00,734011.008233188
2026-01-16 00:00:00+00:00,735255.3678283852
2026-01-17 00:00:00+00:00,737018.9991340833
2026-01-18 00:00:00+00:00,740336.3929854274
2026-01-19 00:00:00+00:00,743011.8960418218
2026-01-20 00:00:00+00:00,749006.3513024601
2026-01-21 00:00:00+00:00,748878.8460649896
2026-01-22 00:00:00+00:00,750903.6275502921
2026-01-23 00:00:00+00:00,752872.0596533403
2026-01-24 00:00:00+00:00,753926.357568145
2026-01-25 00:00:00+00:00,751939.4184422255
2026-01-26 00:00:00+00:00,754186.3074480916
2026-01-27 00:00:00+00:00,756750.6057950117
2026-01-28 00:00:00+00:00,758483.5129623597
2026-01-29 00:00:00+00:00,753806.2204924596
2026-01-30 00:00:00+00:00,752471.5217342955
2026-01-31 00:00:00+00:00,752471.5217342955
2026-02-01 00:00:00+00:00,752471.5217342955
2026-02-02 00:00:00+00:00,751111.3831960488
2026-02-03 00:00:00+00:00,749576.930715454
2026-02-04 00:00:00+00:00,745646.0759001811
2026-02-05 00:00:00+00:00,714755.3791371395
2026-02-06 00:00:00+00:00,735528.5910567278
2026-02-07 00:00:00+00:00,737270.8956132699
2026-02-08 00:00:00+00:00,741419.5840584486
2026-02-09 00:00:00+00:00,741798.6195749666
2026-02-10 00:00:00+00:00,739368.6127185626
2026-02-11 00:00:00+00:00,733659.3954490004
2026-02-12 00:00:00+00:00,731423.5468799381
2026-02-13 00:00:00+00:00,741638.9337097413
2026-02-14 00:00:00+00:00,745826.1781531465
2026-02-15 00:00:00+00:00,742407.2773058224
2026-02-16 00:00:00+00:00,742689.5103673856
2026-02-17 00:00:00+00:00,737585.8299521462
2026-02-18 00:00:00+00:00,734101.5314655472
2026-02-19 00:00:00+00:00,736296.8903147841
2026-02-20 00:00:00+00:00,740709.9909909647
2026-02-21 00:00:00+00:00,740940.5305441536
2026-02-22 00:00:00+00:00,739471.6013346508
2026-02-23 00:00:00+00:00,726878.5286541276
2026-02-24 00:00:00+00:00,724356.9323788257
2026-02-25 00:00:00+00:00,741118.0600261048
2026-02-26 00:00:00+00:00,738860.9746795893
2026-02-27 00:00:00+00:00,732104.9423462105
2026-02-28 00:00:00+00:00,732104.9423462105
2026-03-01 00:00:00+00:00,732104.9423462105
2026-03-02 00:00:00+00:00,732104.9423462105
2026-03-03 00:00:00+00:00,733526.9046306926
2026-03-04 00:00:00+00:00,726455.5142959254
2026-03-05 00:00:00+00:00,730688.5109718007
2026-03-06 00:00:00+00:00,734792.9577801451
2026-03-07 00:00:00+00:00,735265.5680291351
2026-03-08 00:00:00+00:00,733771.8929612818
2026-03-09 00:00:00+00:00,735520.2900210485
2026-03-10 00:00:00+00:00,737070.7397855604
2026-03-11 00:00:00+00:00,737874.6658000253
2026-03-12 00:00:00+00:00,737153.8810357562
2026-03-13 00:00:00+00:00,738001.4088962416
2026-03-14 00:00:00+00:00,737967.3296218683
2026-03-15 00:00:00+00:00,733876.2327000975
2026-03-16 00:00:00+00:00,727443.4573676398
2026-03-17 00:00:00+00:00,732085.9551686607
2026-03-18 00:00:00+00:00,741358.2062133566
2026-03-19 00:00:00+00:00,744801.0420992712
2026-03-20 00:00:00+00:00,745885.5065584331
2026-03-21 00:00:00+00:00,751000.8475683515
2026-03-22 00:00:00+00:00,750573.4920552911
2026-03-23 00:00:00+00:00,746762.3840395412
2026-03-24 00:00:00+00:00,749914.0760735334
2026-03-25 00:00:00+00:00,748351.8906041326
2026-03-26 00:00:00+00:00,759449.9872085784
2026-03-27 00:00:00+00:00,765672.8926848914
2026-03-28 00:00:00+00:00,765672.8926848914
2026-03-29 00:00:00+00:00,765672.8926848914
2026-03-30 00:00:00+00:00,765672.8926848914
2026-03-31 00:00:00+00:00,765672.8926848914
2026-04-01 00:00:00+00:00,765672.8926848914
2026-04-02 00:00:00+00:00,765334.9414480578
2026-04-03 00:00:00+00:00,769657.9303417805
2026-04-04 00:00:00+00:00,771844.814532523
2026-04-05 00:00:00+00:00,770317.7655822595
2026-04-06 00:00:00+00:00,771505.904676208
2026-04-07 00:00:00+00:00,766947.2193646858
2026-04-08 00:00:00+00:00,771049.5822602437
2026-04-09 00:00:00+00:00,770981.3943764617
2026-04-10 00:00:00+00:00,768896.5508262666
2026-04-11 00:00:00+00:00,768815.4038949591
2026-04-12 00:00:00+00:00,773933.5561346398
2026-04-13 00:00:00+00:00,764784.9151260877
2026-04-14 00:00:00+00:00,766020.7456047739
2026-04-15 00:00:00+00:00,764204.6286153586
2026-04-16 00:00:00+00:00,763158.9401018941
2026-04-17 00:00:00+00:00,754186.0240845769
2026-04-18 00:00:00+00:00,761092.804149972
2026-04-19 00:00:00+00:00,769404.2728909701
2026-04-20 00:00:00+00:00,760542.3072921033
2026-04-21 00:00:00+00:00,758421.3693834897
2026-04-22 00:00:00+00:00,749275.1401141951
2026-04-23 00:00:00+00:00,748942.9066204431
2026-04-24 00:00:00+00:00,753039.2253143265
2026-04-25 00:00:00+00:00,753039.2253143265
2026-04-26 00:00:00+00:00,753039.2253143265
2026-04-27 00:00:00+00:00,753039.2253143265
2026-04-28 00:00:00+00:00,753039.2253143265
2026-04-29 00:00:00+00:00,753039.2253143265
2026-04-30 00:00:00+00:00,753039.2253143265
2026-05-01 00:00:00+00:00,753039.2253143265
2026-05-02 00:00:00+00:00,751017.1549367099
2026-05-03 00:00:00+00:00,750728.5868291165
2026-05-04 00:00:00+00:00,749551.1703762275
2026-05-05 00:00:00+00:00,747818.0949249151
2026-05-06 00:00:00+00:00,747006.4705357857
2026-05-07 00:00:00+00:00,751732.8981936004
2026-05-08 00:00:00+00:00,751875.9698262071
2026-05-09 00:00:00+00:00,751691.956175399
2026-05-10 00:00:00+00:00,747620.0081762635
2026-05-11 00:00:00+00:00,749375.5776834784
2026-05-12 00:00:00+00:00,752665.8568481005
2026-05-13 00:00:00+00:00,754904.2736614514
2026-05-14 00:00:00+00:00,752300.6933771824
2026-05-15 00:00:00+00:00,757782.1737412994
2026-05-16 00:00:00+00:00,759872.898145253
2026-05-17 00:00:00+00:00,761268.0099872228
2026-05-18 00:00:00+00:00,761827.3272428848
2026-05-19 00:00:00+00:00,763119.1419755019
2026-05-20 00:00:00+00:00,763820.0290415052
2026-05-21 00:00:00+00:00,765347.5780000524
2026-05-22 00:00:00+00:00,768286.9511350974
2026-05-23 00:00:00+00:00,767086.6436522652
2026-05-24 00:00:00+00:00,768238.2756845762
2026-05-25 00:00:00+00:00,769198.7663221384
2026-05-26 00:00:00+00:00,771561.8956423337
2026-05-27 00:00:00+00:00,770800.2989038093
2026-05-28 00:00:00+00:00,768988.4803878386
2026-05-29 00:00:00+00:00,768628.5273170006
2026-05-30 00:00:00+00:00,768628.5273170006
2026-05-31 00:00:00+00:00,768628.5273170006
2026-06-01 00:00:00+00:00,768628.5273170006
2026-06-02 00:00:00+00:00,755518.3384152844
2026-06-03 00:00:00+00:00,745756.6188787672
2026-06-04 00:00:00+00:00,743552.983000888
2026-06-05 00:00:00+00:00,733875.4179047165
2026-06-06 00:00:00+00:00,733417.0693871274
2026-06-07 00:00:00+00:00,742359.1923342469
2026-06-08 00:00:00+00:00,743206.8303381914
2026-06-09 00:00:00+00:00,737765.7795138565
2026-06-10 00:00:00+00:00,736684.0674347223
2026-06-11 00:00:00+00:00,745809.1125936479
2026-06-12 00:00:00+00:00,746089.9057610416
2026-06-13 00:00:00+00:00,750132.3564770819
2026-06-14 00:00:00+00:00,755686.7051714943
2026-06-15 00:00:00+00:00,758311.4866224065
2026-06-16 00:00:00+00:00,755678.2978697773
2026-06-17 00:00:00+00:00,750651.7368737324
2026-06-18 00:00:00+00:00,743787.7740279539
2026-06-19 00:00:00+00:00,746473.1317854186
2026-06-20 00:00:00+00:00,749967.2382896909
2026-06-21 00:00:00+00:00,745347.342807581
2026-06-22 00:00:00+00:00,748620.1427875215
2026-06-23 00:00:00+00:00,742782.4595446399
2026-06-24 00:00:00+00:00,735159.1640583937
2026-06-25 00:00:00+00:00,729374.7942470054
2026-06-26 00:00:00+00:00,730674.730989093
