date,iv,n_trades,dte_bucket
2016-12-21 00:00:00+00:00,26.95,1,90d
2016-12-22 00:00:00+00:00,44.738,3,90d
2016-12-23 00:00:00+00:00,46.697547169811315,13,90d
2016-12-25 00:00:00+00:00,44.0525,3,90d
2016-12-26 00:00:00+00:00,46.2125,3,90d
2016-12-28 00:00:00+00:00,61.858410596026495,9,90d
2016-12-29 00:00:00+00:00,67.48872127872127,3,90d
2016-12-30 00:00:00+00:00,54.28,4,90d
2016-12-31 00:00:00+00:00,32.56,1,90d
2017-01-01 00:00:00+00:00,29.73,1,90d
2017-01-02 00:00:00+00:00,51.585,2,90d
2017-01-03 00:00:00+00:00,33.41380952380952,2,90d
2017-01-04 00:00:00+00:00,77.01166666666667,10,90d
2017-01-05 00:00:00+00:00,84.2182142857143,15,90d
2017-01-06 00:00:00+00:00,77.22,2,90d
2017-01-07 00:00:00+00:00,76.81,3,90d
2017-01-16 00:00:00+00:00,80.7025,4,60d
2017-01-17 00:00:00+00:00,72.61,1,60d
2017-01-22 00:00:00+00:00,68.58,1,60d
2017-01-24 00:00:00+00:00,84.0,1,60d
2017-01-26 00:00:00+00:00,63.00941176470588,3,60d
2017-01-27 00:00:00+00:00,62.99,1,60d
2017-01-29 00:00:00+00:00,88.09363636363635,3,60d
2017-01-30 00:00:00+00:00,70.64920792079208,3,60d
2017-01-31 00:00:00+00:00,86.58,1,60d
2017-02-02 00:00:00+00:00,79.47274900398406,26,60d
2017-02-03 00:00:00+00:00,82.545,2,60d
2017-02-04 00:00:00+00:00,94.47,1,60d
2017-02-06 00:00:00+00:00,75.59564516129032,8,60d
2017-02-07 00:00:00+00:00,85.37391304347827,3,60d
2017-02-08 00:00:00+00:00,92.66,1,60d
2017-02-09 00:00:00+00:00,67.01664122137404,24,60d
2017-02-10 00:00:00+00:00,88.78,1,60d
2017-02-10 00:00:00+00:00,48.76256756756756,3,7d
2017-02-11 00:00:00+00:00,83.71,1,7d
2017-02-14 00:00:00+00:00,72.32833333333333,2,7d
2017-02-17 00:00:00+00:00,77.90300745650373,16,7d
2017-02-18 00:00:00+00:00,104.05267605633803,3,7d
2017-02-19 00:00:00+00:00,95.67606060606062,8,7d
2017-02-20 00:00:00+00:00,73.766,6,7d
2017-02-21 00:00:00+00:00,94.42065420560749,10,30d
2017-02-22 00:00:00+00:00,92.54499999999999,10,30d
2017-02-23 00:00:00+00:00,112.63425872093023,64,30d
2017-02-24 00:00:00+00:00,108.74333333333334,3,30d
2017-02-24 00:00:00+00:00,85.00675862068965,18,7d
2017-02-25 00:00:00+00:00,127.10857142857142,3,30d
2017-02-25 00:00:00+00:00,89.94831775700933,3,7d
2017-02-26 00:00:00+00:00,90.09255572065378,13,7d
2017-02-27 00:00:00+00:00,116.24491525423728,3,30d
2017-02-27 00:00:00+00:00,94.32052631578946,6,7d
2017-02-28 00:00:00+00:00,76.28636363636363,2,7d
2017-03-01 00:00:00+00:00,96.53,1,30d
2017-03-02 00:00:00+00:00,95.71,1,30d
2017-03-03 00:00:00+00:00,72.11,1,30d
2017-03-03 00:00:00+00:00,79.92319444444445,12,7d
2017-03-04 00:00:00+00:00,174.99434782608697,12,30d
2017-03-04 00:00:00+00:00,133.20555367709213,26,7d
2017-03-05 00:00:00+00:00,84.96,1,7d
2017-03-06 00:00:00+00:00,76.066,5,30d
2017-03-06 00:00:00+00:00,121.1599720670391,14,7d
2017-03-07 00:00:00+00:00,117.53862068965518,4,7d
2017-03-09 00:00:00+00:00,104.53000000000002,1,30d
2017-03-10 00:00:00+00:00,193.37445,19,7d
2017-03-11 00:00:00+00:00,95.6321649484536,6,14d
2017-03-11 00:00:00+00:00,86.97,1,30d
2017-03-11 00:00:00+00:00,109.2542780748663,21,7d
2017-03-12 00:00:00+00:00,121.71,1,14d
2017-03-12 00:00:00+00:00,98.05690000000001,12,7d
2017-03-13 00:00:00+00:00,86.995,2,14d
2017-03-13 00:00:00+00:00,94.9375,4,7d
2017-03-14 00:00:00+00:00,91.9644776119403,2,14d
2017-03-14 00:00:00+00:00,86.85333333333334,3,7d
2017-03-16 00:00:00+00:00,91.45941176470588,10,14d
2017-03-17 00:00:00+00:00,88.9629411764706,9,14d
2017-03-17 00:00:00+00:00,95.08215661901804,19,7d
2017-03-18 00:00:00+00:00,96.45333333333333,3,14d
2017-03-18 00:00:00+00:00,91.3954,2,7d
2017-03-19 00:00:00+00:00,93.02,3,14d
2017-03-19 00:00:00+00:00,100.525,2,7d
2017-03-20 00:00:00+00:00,91.505,2,7d
2017-03-21 00:00:00+00:00,94.54396226415093,7,7d
2017-03-22 00:00:00+00:00,80.0,1,7d
2017-03-23 00:00:00+00:00,86.21,1,90d
2017-03-24 00:00:00+00:00,77.6557142857143,7,7d
2017-03-24 00:00:00+00:00,79.52,1,90d
2017-03-25 00:00:00+00:00,98.72625,8,7d
2017-03-25 00:00:00+00:00,85.15,1,90d
2017-03-26 00:00:00+00:00,79.09666666666666,3,7d
2017-03-27 00:00:00+00:00,85.476,5,7d
2017-03-31 00:00:00+00:00,72.67227181878748,16,7d
2017-03-31 00:00:00+00:00,72.9968085106383,3,90d
2017-04-01 00:00:00+00:00,61.58098039215687,6,7d
2017-04-02 00:00:00+00:00,58.76833333333334,6,7d
2017-04-02 00:00:00+00:00,65.04666666666667,3,90d
2017-04-03 00:00:00+00:00,65.56034077555817,10,7d
2017-04-03 00:00:00+00:00,63.76824444444445,11,90d
2017-04-04 00:00:00+00:00,67.11,1,90d
2017-04-06 00:00:00+00:00,66.18916666666667,3,90d
2017-04-07 00:00:00+00:00,56.715,16,7d
2017-04-08 00:00:00+00:00,61.22235294117647,17,7d
2017-04-09 00:00:00+00:00,70.295,5,7d
2017-04-10 00:00:00+00:00,74.30559176672385,8,7d
2017-04-11 00:00:00+00:00,76.18,1,90d
2017-04-14 00:00:00+00:00,50.3425,16,7d
2017-04-14 00:00:00+00:00,78.445,2,90d
2017-04-15 00:00:00+00:00,45.487142857142864,7,7d
2017-04-15 00:00:00+00:00,74.98,1,90d
2017-04-17 00:00:00+00:00,66.66076923076923,13,7d
2017-04-18 00:00:00+00:00,74.67666666666668,3,7d
2017-04-21 00:00:00+00:00,55.11000000000001,3,60d
2017-04-21 00:00:00+00:00,58.081999999999994,6,7d
2017-04-23 00:00:00+00:00,60.28666666666666,2,60d
2017-04-23 00:00:00+00:00,61.78736842105263,4,7d
2017-04-24 00:00:00+00:00,57.46166666666667,3,7d
2017-04-26 00:00:00+00:00,51.022553613979355,16,60d
2017-04-27 00:00:00+00:00,69.06199999999998,2,60d
2017-04-28 00:00:00+00:00,49.264,5,60d
2017-04-28 00:00:00+00:00,75.39,1,7d
2017-04-29 00:00:00+00:00,56.70000000000001,1,7d
2017-04-30 00:00:00+00:00,53.1,1,60d
2017-05-01 00:00:00+00:00,58.423177275118356,7,60d
2017-05-01 00:00:00+00:00,70.34,1,7d
2017-05-02 00:00:00+00:00,58.95157894736842,3,60d
2017-05-02 00:00:00+00:00,72.13333333333334,3,7d
2017-05-03 00:00:00+00:00,67.8818918918919,4,60d
2017-05-04 00:00:00+00:00,80.91098039215686,5,60d
2017-05-05 00:00:00+00:00,76.16666666666666,2,60d
2017-05-05 00:00:00+00:00,69.91405405405406,12,7d
2017-05-06 00:00:00+00:00,70.16181818181818,9,7d
2017-05-07 00:00:00+00:00,63.254999999999995,2,60d
2017-05-07 00:00:00+00:00,86.05468085106384,17,7d
2017-05-08 00:00:00+00:00,55.06,1,60d
2017-05-08 00:00:00+00:00,71.31,52,7d
2017-05-09 00:00:00+00:00,68.94738925541942,12,60d
2017-05-09 00:00:00+00:00,85.67500000000001,2,7d
2017-05-11 00:00:00+00:00,76.57857142857142,7,60d
2017-05-12 00:00:00+00:00,80.64,1,60d
2017-05-12 00:00:00+00:00,65.6964705882353,32,7d
2017-05-13 00:00:00+00:00,71.29193548387097,12,7d
2017-05-14 00:00:00+00:00,69.12199523052465,9,60d
2017-05-14 00:00:00+00:00,69.320119695321,15,7d
2017-05-15 00:00:00+00:00,72.19,3,60d
2017-05-15 00:00:00+00:00,84.58657116451016,14,7d
2017-05-16 00:00:00+00:00,74.41,1,7d
2017-05-19 00:00:00+00:00,68.79450704225351,19,7d
2017-05-20 00:00:00+00:00,77.98248251748251,15,7d
2017-05-21 00:00:00+00:00,99.2011111111111,6,30d
2017-05-21 00:00:00+00:00,91.95941176470588,8,7d
2017-05-22 00:00:00+00:00,113.11,1,30d
2017-05-22 00:00:00+00:00,89.65770531400966,45,7d
2017-05-23 00:00:00+00:00,93.78502702702703,10,30d
2017-05-23 00:00:00+00:00,83.66,5,7d
2017-05-24 00:00:00+00:00,71.1200964630225,10,30d
2017-05-25 00:00:00+00:00,98.79815143354982,33,30d
2017-05-26 00:00:00+00:00,96.46785714285714,25,30d
2017-05-27 00:00:00+00:00,98.086125,12,30d
2017-05-28 00:00:00+00:00,109.19271604938272,2,30d
2017-05-29 00:00:00+00:00,128.41099273057705,10,30d
2017-05-31 00:00:00+00:00,112.04557986870897,9,30d
2017-06-01 00:00:00+00:00,108.78338444687844,17,30d
2017-06-03 00:00:00+00:00,120.09036931818181,6,30d
2017-06-04 00:00:00+00:00,115.81133333333334,4,30d
2017-06-05 00:00:00+00:00,122.66508909752827,52,30d
2017-06-06 00:00:00+00:00,112.402659050414,29,30d
2017-06-07 00:00:00+00:00,119.521118363027,16,30d
2017-06-08 00:00:00+00:00,113.7782191780822,10,30d
2017-06-09 00:00:00+00:00,107.38303867403314,12,14d
2017-06-09 00:00:00+00:00,94.93616319444445,18,30d
2017-06-10 00:00:00+00:00,97.45856877323419,22,14d
2017-06-10 00:00:00+00:00,95.43416666666667,3,30d
2017-06-11 00:00:00+00:00,126.8390855457227,21,14d
2017-06-12 00:00:00+00:00,120.12824850299403,37,14d
2017-06-13 00:00:00+00:00,116.92370417193428,25,14d
2017-06-14 00:00:00+00:00,96.23504992867332,55,14d
2017-06-15 00:00:00+00:00,104.08071678321679,81,14d
2017-06-16 00:00:00+00:00,90.64760217983651,13,14d
2017-06-16 00:00:00+00:00,92.57608695652175,2,90d
2017-06-17 00:00:00+00:00,78.95760689655172,95,14d
2017-06-17 00:00:00+00:00,91.76082961641393,4,90d
2017-06-18 00:00:00+00:00,97.93176470588236,5,14d
2017-06-18 00:00:00+00:00,106.56333333333333,3,90d
2017-06-19 00:00:00+00:00,84.87333333333333,3,7d
2017-06-19 00:00:00+00:00,88.47826086956522,4,90d
2017-06-20 00:00:00+00:00,85.26083333333334,14,7d
2017-06-20 00:00:00+00:00,102.42000000000002,3,90d
2017-06-21 00:00:00+00:00,85.46652482269505,9,7d
2017-06-21 00:00:00+00:00,110.15285714285714,5,90d
2017-06-22 00:00:00+00:00,95.78567567567568,4,7d
2017-06-23 00:00:00+00:00,109.62865284974093,15,7d
2017-06-24 00:00:00+00:00,119.28591439688715,73,7d
2017-06-24 00:00:00+00:00,81.82825242718445,4,90d
2017-06-25 00:00:00+00:00,118.31923748740343,22,7d
2017-06-25 00:00:00+00:00,99.07650000000001,3,90d
2017-06-26 00:00:00+00:00,118.76032580136626,33,7d
2017-06-26 00:00:00+00:00,93.49999999999999,1,90d
2017-06-27 00:00:00+00:00,102.89000000000001,1,7d
2017-06-27 00:00:00+00:00,85.24832116788319,17,90d
2017-06-28 00:00:00+00:00,81.68068965517242,4,90d
2017-06-29 00:00:00+00:00,83.38235294117646,3,90d
2017-06-30 00:00:00+00:00,84.75113091579595,26,30d
2017-06-30 00:00:00+00:00,81.68497835497836,7,90d
2017-07-01 00:00:00+00:00,97.36615871675812,70,30d
2017-07-02 00:00:00+00:00,82.20167400881057,12,30d
2017-07-02 00:00:00+00:00,92.1382909090909,7,90d
2017-07-03 00:00:00+00:00,82.29124999999999,3,30d
2017-07-03 00:00:00+00:00,86.29758620689653,3,90d
2017-07-04 00:00:00+00:00,78.53316391359593,29,30d
2017-07-04 00:00:00+00:00,81.0275,4,90d
2017-07-05 00:00:00+00:00,85.7075,3,30d
2017-07-05 00:00:00+00:00,83.33500000000001,2,90d
2017-07-06 00:00:00+00:00,81.14569767441861,4,30d
2017-07-06 00:00:00+00:00,81.76709570957095,4,90d
2017-07-07 00:00:00+00:00,75.45255270394134,9,14d
2017-07-07 00:00:00+00:00,75.23040445728437,14,30d
2017-07-07 00:00:00+00:00,78.77658914728683,7,90d
2017-07-08 00:00:00+00:00,73.285,2,14d
2017-07-08 00:00:00+00:00,73.02,1,90d
2017-07-09 00:00:00+00:00,80.26,1,14d
2017-07-09 00:00:00+00:00,76.99,1,90d
2017-07-10 00:00:00+00:00,87.21753608247421,17,14d
2017-07-10 00:00:00+00:00,81.00242424242424,6,90d
2017-07-11 00:00:00+00:00,110.1957295850067,23,14d
2017-07-11 00:00:00+00:00,79.58782608695651,3,90d
2017-07-12 00:00:00+00:00,108.64009569377988,15,14d
2017-07-12 00:00:00+00:00,94.94278884462153,2,90d
2017-07-13 00:00:00+00:00,92.09,1,14d
2017-07-14 00:00:00+00:00,83.96300884955753,31,14d
2017-07-14 00:00:00+00:00,89.50587837837837,7,90d
2017-07-15 00:00:00+00:00,104.31344262295083,43,14d
2017-07-15 00:00:00+00:00,88.72588679245284,10,90d
2017-07-16 00:00:00+00:00,100.73811422413792,21,14d
2017-07-16 00:00:00+00:00,77.47497532082922,12,60d
2017-07-16 00:00:00+00:00,87.53696517412936,3,90d
2017-07-17 00:00:00+00:00,107.71499999999999,2,14d
2017-07-17 00:00:00+00:00,99.7824132231405,3,60d
2017-07-17 00:00:00+00:00,125.0732386623912,9,7d
2017-07-18 00:00:00+00:00,101.5332,6,60d
2017-07-18 00:00:00+00:00,132.99128755364808,14,7d
2017-07-19 00:00:00+00:00,75.35,1,60d
2017-07-19 00:00:00+00:00,90.97035398230089,12,7d
2017-07-20 00:00:00+00:00,95.4804,3,60d
2017-07-20 00:00:00+00:00,120.43386291516818,82,7d
2017-07-21 00:00:00+00:00,96.62070967741936,5,60d
2017-07-21 00:00:00+00:00,100.22590562109646,23,7d
2017-07-22 00:00:00+00:00,100.41261410788381,11,60d
2017-07-22 00:00:00+00:00,107.18538594969645,16,7d
2017-07-23 00:00:00+00:00,101.58811320754718,5,60d
2017-07-23 00:00:00+00:00,131.60448275862072,17,7d
2017-07-24 00:00:00+00:00,91.70857142857143,6,60d
2017-07-24 00:00:00+00:00,117.38430786267996,23,7d
2017-07-25 00:00:00+00:00,105.2435576923077,25,60d
2017-07-25 00:00:00+00:00,101.34364985163204,19,7d
2017-07-26 00:00:00+00:00,122.10098888888888,7,60d
2017-07-27 00:00:00+00:00,94.96953488372093,3,60d
2017-07-28 00:00:00+00:00,73.14465517241379,9,30d
2017-07-28 00:00:00+00:00,78.88166666666667,10,60d
2017-07-29 00:00:00+00:00,112.78545454545454,6,30d
2017-07-29 00:00:00+00:00,102.61800131492438,13,60d
2017-07-30 00:00:00+00:00,76.62756097560975,9,30d
2017-07-30 00:00:00+00:00,96.6518245614035,11,60d
2017-07-31 00:00:00+00:00,101.65107438016528,17,30d
2017-07-31 00:00:00+00:00,95.87378446115288,26,60d
2017-08-01 00:00:00+00:00,96.22038961038962,39,30d
2017-08-01 00:00:00+00:00,80.14999999999999,2,60d
2017-08-02 00:00:00+00:00,89.8325,2,30d
2017-08-02 00:00:00+00:00,80.12,1,60d
2017-08-03 00:00:00+00:00,91.74199999999999,3,30d
2017-08-03 00:00:00+00:00,80.12,1,60d
2017-08-04 00:00:00+00:00,87.4605263157895,5,14d
2017-08-04 00:00:00+00:00,86.11320987654321,9,30d
2017-08-04 00:00:00+00:00,88.32914285714286,12,60d
2017-08-05 00:00:00+00:00,93.3089005235602,23,14d
2017-08-05 00:00:00+00:00,73.90376470588235,11,30d
2017-08-05 00:00:00+00:00,89.63448021462106,41,60d
2017-08-06 00:00:00+00:00,86.3612195121951,6,14d
2017-08-06 00:00:00+00:00,89.35431818181819,9,60d
2017-08-07 00:00:00+00:00,121.94529411764704,7,14d
2017-08-07 00:00:00+00:00,85.03470180305132,15,60d
2017-08-08 00:00:00+00:00,97.67514237288137,23,14d
2017-08-08 00:00:00+00:00,96.63598662207357,15,60d
2017-08-09 00:00:00+00:00,102.40427419354839,26,14d
2017-08-09 00:00:00+00:00,84.40399688958009,43,60d
2017-08-10 00:00:00+00:00,104.13118012422359,6,14d
2017-08-10 00:00:00+00:00,82.47237880496054,23,60d
2017-08-11 00:00:00+00:00,81.18638906348208,44,14d
2017-08-11 00:00:00+00:00,88.76077328646747,17,60d
2017-08-12 00:00:00+00:00,90.21568156214796,48,14d
2017-08-12 00:00:00+00:00,91.9485681688534,34,60d
2017-08-13 00:00:00+00:00,99.26751075599263,44,14d
2017-08-13 00:00:00+00:00,92.4936341900777,29,60d
2017-08-14 00:00:00+00:00,94.21855513307986,15,14d
2017-08-14 00:00:00+00:00,90.2552717948718,30,60d
2017-08-14 00:00:00+00:00,105.54972183588318,47,7d
2017-08-15 00:00:00+00:00,87.87342105263158,9,60d
2017-08-15 00:00:00+00:00,113.55798150163223,59,7d
2017-08-16 00:00:00+00:00,97.52315360501568,43,7d
2017-08-17 00:00:00+00:00,108.26908282379101,40,7d
2017-08-18 00:00:00+00:00,99.4791874554526,88,7d
2017-08-19 00:00:00+00:00,128.73882911392406,34,7d
2017-08-20 00:00:00+00:00,105.70973684210526,6,7d
2017-08-21 00:00:00+00:00,112.42349999999999,6,30d
2017-08-21 00:00:00+00:00,105.54923364485983,24,7d
2017-08-22 00:00:00+00:00,97.69959677419354,14,30d
2017-08-22 00:00:00+00:00,115.0375191462649,93,7d
2017-08-23 00:00:00+00:00,104.60989130434783,9,30d
2017-08-24 00:00:00+00:00,77.00138989169675,43,30d
2017-08-25 00:00:00+00:00,73.72399297423887,85,30d
2017-08-25 00:00:00+00:00,83.77000000000001,17,7d
2017-08-26 00:00:00+00:00,78.94907488986784,12,30d
2017-08-26 00:00:00+00:00,78.45545454545456,17,7d
2017-08-27 00:00:00+00:00,70.07714606741573,9,30d
2017-08-27 00:00:00+00:00,75.93849999999999,15,7d
2017-08-28 00:00:00+00:00,71.97743251349729,26,30d
2017-08-28 00:00:00+00:00,86.64276190476191,20,7d
2017-08-29 00:00:00+00:00,66.59685866816521,64,30d
2017-08-29 00:00:00+00:00,77.50470588235294,8,7d
2017-08-30 00:00:00+00:00,70.96434751519486,46,30d
2017-08-31 00:00:00+00:00,64.9763445807771,78,30d
2017-09-01 00:00:00+00:00,82.99685361972952,265,30d
2017-09-01 00:00:00+00:00,71.07591836734693,15,7d
2017-09-02 00:00:00+00:00,88.47385866351271,66,30d
2017-09-02 00:00:00+00:00,95.62042105263158,58,7d
2017-09-03 00:00:00+00:00,76.79501672240802,15,30d
2017-09-03 00:00:00+00:00,90.91047619047619,12,7d
2017-09-04 00:00:00+00:00,93.48712328767124,162,30d
2017-09-04 00:00:00+00:00,98.79564814814813,44,7d
2017-09-05 00:00:00+00:00,94.77387181738366,100,30d
2017-09-05 00:00:00+00:00,88.05065217391305,16,7d
2017-09-06 00:00:00+00:00,85.72561643835617,27,30d
2017-09-07 00:00:00+00:00,89.06983128834356,48,30d
2017-09-08 00:00:00+00:00,84.36419484240687,43,14d
2017-09-08 00:00:00+00:00,84.36419484240687,43,30d
2017-09-08 00:00:00+00:00,83.29312977099238,45,7d
2017-09-09 00:00:00+00:00,122.4927331002331,46,14d
2017-09-09 00:00:00+00:00,93.22217391304348,3,30d
2017-09-09 00:00:00+00:00,82.70392156862745,24,7d
2017-09-10 00:00:00+00:00,97.20623312011372,49,14d
2017-09-10 00:00:00+00:00,98.113,6,7d
2017-09-11 00:00:00+00:00,106.67460317460316,9,14d
2017-09-11 00:00:00+00:00,112.38133333333333,5,7d
2017-09-12 00:00:00+00:00,92.70484171322161,14,14d
2017-09-12 00:00:00+00:00,99.03833333333333,6,7d
2017-09-13 00:00:00+00:00,105.73520673076924,67,14d
2017-09-14 00:00:00+00:00,129.2869002737583,131,14d
2017-09-15 00:00:00+00:00,136.67811715003424,60,14d
2017-09-15 00:00:00+00:00,116.54730769230767,11,90d
2017-09-16 00:00:00+00:00,119.61745644599303,45,14d
2017-09-16 00:00:00+00:00,94.04381818181818,5,90d
2017-09-17 00:00:00+00:00,117.61213958810069,35,14d
2017-09-17 00:00:00+00:00,107.54200000000002,4,7d
2017-09-17 00:00:00+00:00,106.08083333333333,8,90d
2017-09-18 00:00:00+00:00,122.86429530201343,20,14d
2017-09-18 00:00:00+00:00,96.4301645474944,31,7d
2017-09-18 00:00:00+00:00,99.79083333333334,11,90d
2017-09-19 00:00:00+00:00,95.7659200968523,29,7d
2017-09-19 00:00:00+00:00,111.94049504950496,2,90d
2017-09-20 00:00:00+00:00,95.96770833333333,12,7d
2017-09-20 00:00:00+00:00,100.02772727272726,3,90d
2017-09-21 00:00:00+00:00,111.20989574283233,31,7d
2017-09-21 00:00:00+00:00,97.65923076923077,8,90d
2017-09-22 00:00:00+00:00,105.59758112094394,45,7d
2017-09-22 00:00:00+00:00,104.0,1,90d
2017-09-23 00:00:00+00:00,132.0670419847328,88,7d
2017-09-23 00:00:00+00:00,87.5125,4,90d
2017-09-24 00:00:00+00:00,113.83091234347049,27,7d
2017-09-25 00:00:00+00:00,105.85853276353275,49,7d
2017-09-26 00:00:00+00:00,100.17350877192982,13,7d
2017-09-27 00:00:00+00:00,80.0,1,90d
2017-09-28 00:00:00+00:00,98.555,2,90d
2017-09-29 00:00:00+00:00,81.82719696969697,8,30d
2017-09-29 00:00:00+00:00,80.95539393939393,45,7d
2017-09-29 00:00:00+00:00,105.41704347826088,8,90d
2017-09-30 00:00:00+00:00,91.59619047619047,9,30d
2017-09-30 00:00:00+00:00,79.23685185185185,18,7d
2017-09-30 00:00:00+00:00,84.2975,2,90d
2017-10-01 00:00:00+00:00,81.495,5,30d
2017-10-01 00:00:00+00:00,85.05902439024392,12,7d
2017-10-02 00:00:00+00:00,95.80059701492537,47,30d
2017-10-02 00:00:00+00:00,91.18347826086956,58,7d
2017-10-02 00:00:00+00:00,88.11999999999999,4,90d
2017-10-03 00:00:00+00:00,87.3824812030075,25,30d
2017-10-03 00:00:00+00:00,91.73818181818181,20,7d
2017-10-03 00:00:00+00:00,74.98,1,90d
2017-10-04 00:00:00+00:00,81.91187500000001,12,30d
2017-10-04 00:00:00+00:00,83.71333333333332,3,90d
2017-10-05 00:00:00+00:00,81.42532110091743,31,30d
2017-10-06 00:00:00+00:00,75.83666666666667,13,14d
2017-10-06 00:00:00+00:00,75.48760869565217,22,30d
2017-10-06 00:00:00+00:00,72.5653744493392,54,7d
2017-10-06 00:00:00+00:00,84.38,1,90d
2017-10-07 00:00:00+00:00,82.02828947368421,13,14d
2017-10-07 00:00:00+00:00,76.39,1,30d
2017-10-07 00:00:00+00:00,69.81760869565217,34,7d
2017-10-07 00:00:00+00:00,86.92499999999998,2,90d
2017-10-08 00:00:00+00:00,79.70583333333335,10,14d
2017-10-08 00:00:00+00:00,66.85696428571428,31,7d
2017-10-08 00:00:00+00:00,76.37741935483871,3,90d
2017-10-09 00:00:00+00:00,78.91044585987261,20,14d
2017-10-09 00:00:00+00:00,71.37021447721179,31,7d
2017-10-09 00:00:00+00:00,92.345,2,90d
2017-10-10 00:00:00+00:00,75.29451428571429,33,14d
2017-10-10 00:00:00+00:00,77.68137254901961,16,7d
2017-10-10 00:00:00+00:00,75.87380952380951,5,90d
2017-10-11 00:00:00+00:00,77.59366071428572,22,14d
2017-10-11 00:00:00+00:00,79.14126760563381,8,90d
2017-10-12 00:00:00+00:00,82.49205801104972,86,14d
2017-10-12 00:00:00+00:00,93.12065420560748,11,90d
2017-10-13 00:00:00+00:00,85.31931357254291,86,14d
2017-10-13 00:00:00+00:00,71.54155279503105,22,7d
2017-10-13 00:00:00+00:00,86.02259259259259,16,90d
2017-10-14 00:00:00+00:00,103.7811111111111,4,14d
2017-10-14 00:00:00+00:00,89.59806451612904,10,7d
2017-10-14 00:00:00+00:00,81.34851851851852,18,90d
2017-10-15 00:00:00+00:00,101.705,12,14d
2017-10-15 00:00:00+00:00,109.5,1,60d
2017-10-15 00:00:00+00:00,106.983,11,7d
2017-10-16 00:00:00+00:00,87.01,1,60d
2017-10-16 00:00:00+00:00,101.96227722772277,17,7d
2017-10-17 00:00:00+00:00,83.39222222222222,4,60d
2017-10-17 00:00:00+00:00,76.48841463414634,17,7d
2017-10-18 00:00:00+00:00,85.33880434782608,14,60d
2017-10-18 00:00:00+00:00,92.50039647577093,30,7d
2017-10-19 00:00:00+00:00,69.21823529411763,4,60d
2017-10-19 00:00:00+00:00,88.10581818181818,15,7d
2017-10-20 00:00:00+00:00,91.76777777777777,8,60d
2017-10-20 00:00:00+00:00,80.95612345679012,58,7d
2017-10-21 00:00:00+00:00,111.62556962025316,12,60d
2017-10-21 00:00:00+00:00,80.26980519480519,39,7d
2017-10-22 00:00:00+00:00,88.7668888888889,18,60d
2017-10-22 00:00:00+00:00,78.29603448275861,27,7d
2017-10-23 00:00:00+00:00,87.91761904761906,10,60d
2017-10-23 00:00:00+00:00,89.61385579937304,87,7d
2017-10-24 00:00:00+00:00,95.1640625,21,60d
2017-10-24 00:00:00+00:00,70.40010638297872,32,7d
2017-10-25 00:00:00+00:00,94.71333333333332,2,60d
2017-10-26 00:00:00+00:00,95.6515909090909,14,60d
2017-10-27 00:00:00+00:00,93.68363636363637,3,30d
2017-10-27 00:00:00+00:00,94.28028571428571,7,60d
2017-10-27 00:00:00+00:00,113.8155748373102,40,7d
2017-10-28 00:00:00+00:00,68.99333333333334,7,30d
2017-10-28 00:00:00+00:00,87.84445454545454,16,60d
2017-10-28 00:00:00+00:00,70.57058461538462,25,7d
2017-10-29 00:00:00+00:00,85.1295238095238,6,30d
2017-10-29 00:00:00+00:00,85.87470588235296,6,60d
2017-10-29 00:00:00+00:00,94.87911764705882,31,7d
2017-10-30 00:00:00+00:00,77.73796610169491,10,30d
2017-10-30 00:00:00+00:00,86.94035714285715,4,60d
2017-10-30 00:00:00+00:00,110.41317307692307,18,7d
2017-10-31 00:00:00+00:00,90.24582278481013,13,30d
2017-10-31 00:00:00+00:00,88.55333333333334,15,60d
2017-10-31 00:00:00+00:00,98.93,1,7d
2017-11-01 00:00:00+00:00,91.08465346534653,13,30d
2017-11-01 00:00:00+00:00,79.66403141361255,23,60d
2017-11-02 00:00:00+00:00,98.61473684210526,20,30d
2017-11-02 00:00:00+00:00,63.23155339805825,21,60d
2017-11-03 00:00:00+00:00,111.52707317073171,10,14d
2017-11-03 00:00:00+00:00,110.22309523809523,11,30d
2017-11-03 00:00:00+00:00,89.31339285714287,26,60d
2017-11-03 00:00:00+00:00,126.67909758656873,121,7d
2017-11-04 00:00:00+00:00,85.15333333333334,16,14d
2017-11-04 00:00:00+00:00,78.50166666666667,5,30d
2017-11-04 00:00:00+00:00,111.01525773195877,22,60d
2017-11-04 00:00:00+00:00,118.36334841628958,37,7d
2017-11-05 00:00:00+00:00,90.33464285714284,14,14d
2017-11-05 00:00:00+00:00,94.03746835443037,12,60d
2017-11-05 00:00:00+00:00,114.1020297029703,41,7d
2017-11-06 00:00:00+00:00,70.43243243243244,13,14d
2017-11-06 00:00:00+00:00,84.02739130434783,6,60d
2017-11-06 00:00:00+00:00,104.72685863874344,57,7d
2017-11-07 00:00:00+00:00,78.27115384615384,9,14d
2017-11-07 00:00:00+00:00,117.20476190476191,20,7d
2017-11-08 00:00:00+00:00,94.95872472783827,81,14d
2017-11-08 00:00:00+00:00,79.43593023255815,26,60d
2017-11-09 00:00:00+00:00,86.95066666666666,6,14d
2017-11-09 00:00:00+00:00,90.11263157894737,5,60d
2017-11-10 00:00:00+00:00,89.894,63,14d
2017-11-10 00:00:00+00:00,90.348,30,60d
2017-11-10 00:00:00+00:00,97.9341610738255,82,7d
2017-11-11 00:00:00+00:00,97.81416666666667,30,14d
2017-11-11 00:00:00+00:00,94.0972074468085,29,60d
2017-11-11 00:00:00+00:00,88.10710144927535,33,7d
2017-11-12 00:00:00+00:00,93.5096551724138,131,14d
2017-11-12 00:00:00+00:00,98.70281385281385,31,60d
2017-11-12 00:00:00+00:00,127.8544534883721,98,7d
2017-11-13 00:00:00+00:00,93.5738679245283,17,14d
2017-11-13 00:00:00+00:00,105.091677852349,21,60d
2017-11-13 00:00:00+00:00,104.29330882352943,79,7d
2017-11-14 00:00:00+00:00,94.7065,6,60d
2017-11-14 00:00:00+00:00,105.12898089171975,41,7d
2017-11-15 00:00:00+00:00,111.2466886930984,200,7d
2017-11-16 00:00:00+00:00,113.65415422885572,83,7d
2017-11-17 00:00:00+00:00,108.77241477272727,171,7d
2017-11-18 00:00:00+00:00,105.16967741935484,86,7d
2017-11-19 00:00:00+00:00,108.617578125,39,30d
2017-11-19 00:00:00+00:00,105.20290640394089,48,7d
2017-11-20 00:00:00+00:00,101.2678801843318,31,30d
2017-11-20 00:00:00+00:00,85.08976923076924,152,7d
2017-11-21 00:00:00+00:00,90.9353846153846,26,30d
2017-11-21 00:00:00+00:00,101.16627393225332,146,7d
2017-11-22 00:00:00+00:00,97.12948339483394,18,30d
2017-11-23 00:00:00+00:00,82.98473321858864,108,30d
2017-11-24 00:00:00+00:00,79.34272727272727,70,30d
2017-11-24 00:00:00+00:00,81.3417996289425,125,7d
2017-11-25 00:00:00+00:00,78.74173535791758,78,30d
2017-11-25 00:00:00+00:00,84.30717391304348,109,7d
2017-11-26 00:00:00+00:00,81.79894654088051,100,30d
2017-11-26 00:00:00+00:00,88.46733976567884,183,7d
2017-11-27 00:00:00+00:00,83.44261972402597,174,30d
2017-11-27 00:00:00+00:00,88.78497542326598,179,7d
2017-11-28 00:00:00+00:00,81.25029202037351,248,30d
2017-11-28 00:00:00+00:00,86.62426829268291,32,7d
2017-11-29 00:00:00+00:00,94.67533549783549,311,30d
2017-11-30 00:00:00+00:00,97.18823765020026,136,30d
2017-12-01 00:00:00+00:00,103.59626366120219,190,30d
2017-12-01 00:00:00+00:00,125.03418647166362,81,7d
2017-12-02 00:00:00+00:00,109.24913793103448,67,30d
2017-12-02 00:00:00+00:00,116.44598086124402,52,7d
2017-12-03 00:00:00+00:00,110.67477386934674,145,30d
2017-12-03 00:00:00+00:00,127.00428874734607,104,7d
2017-12-04 00:00:00+00:00,107.57088757396448,47,30d
2017-12-04 00:00:00+00:00,115.81272727272727,62,7d
2017-12-05 00:00:00+00:00,106.94101265822785,59,30d
2017-12-05 00:00:00+00:00,132.548,15,7d
2017-12-06 00:00:00+00:00,109.96330182309251,222,30d
2017-12-07 00:00:00+00:00,128.43867139061115,201,30d
2017-12-08 00:00:00+00:00,149.6437130177515,135,14d
2017-12-08 00:00:00+00:00,145.16435353535354,199,30d
2017-12-08 00:00:00+00:00,197.70120253164558,17,7d
2017-12-09 00:00:00+00:00,157.20419391206315,117,14d
2017-12-09 00:00:00+00:00,149.92207236842106,40,30d
2017-12-09 00:00:00+00:00,175.98415384615384,20,7d
2017-12-10 00:00:00+00:00,160.10082926829267,120,14d
2017-12-10 00:00:00+00:00,166.8084,20,7d
2017-12-11 00:00:00+00:00,165.21541666666664,163,14d
2017-12-11 00:00:00+00:00,190.85775330396476,77,7d
2017-12-12 00:00:00+00:00,166.00558670820354,101,14d
2017-12-12 00:00:00+00:00,164.15719512195125,20,7d
2017-12-13 00:00:00+00:00,164.8345833333333,46,14d
2017-12-14 00:00:00+00:00,155.88426966292133,26,14d
2017-12-15 00:00:00+00:00,154.54721461187216,86,14d
2017-12-15 00:00:00+00:00,176.49819861431874,84,7d
2017-12-15 00:00:00+00:00,143.09350393700788,33,90d
2017-12-16 00:00:00+00:00,149.39615652173913,96,14d
2017-12-16 00:00:00+00:00,126.27308823529413,52,7d
2017-12-16 00:00:00+00:00,142.09930022573363,70,90d
2017-12-17 00:00:00+00:00,142.82977303988994,164,14d
2017-12-17 00:00:00+00:00,160.77033333333335,45,7d
2017-12-17 00:00:00+00:00,137.33208695652175,20,90d
2017-12-18 00:00:00+00:00,143.36430303030303,45,14d
2017-12-18 00:00:00+00:00,143.50903765690379,48,7d
2017-12-18 00:00:00+00:00,131.5189219330855,76,90d
2017-12-19 00:00:00+00:00,148.38601010101013,99,7d
2017-12-19 00:00:00+00:00,139.5081818181818,7,90d
2017-12-20 00:00:00+00:00,140.98461864406778,90,7d
2017-12-20 00:00:00+00:00,135.0235433070866,30,90d
2017-12-21 00:00:00+00:00,149.19225296442687,92,7d
2017-12-21 00:00:00+00:00,140.19333333333333,20,90d
2017-12-22 00:00:00+00:00,187.23405529953916,222,7d
2017-12-22 00:00:00+00:00,155.62320235756386,71,90d
2017-12-23 00:00:00+00:00,179.3551884057971,45,7d
2017-12-23 00:00:00+00:00,148.0668695652174,27,90d
2017-12-24 00:00:00+00:00,225.18756097560978,23,7d
2017-12-24 00:00:00+00:00,149.57677966101693,11,90d
2017-12-25 00:00:00+00:00,162.74523076923077,21,7d
2017-12-25 00:00:00+00:00,144.6481818181818,2,90d
2017-12-26 00:00:00+00:00,208.06902439024395,26,7d
2017-12-26 00:00:00+00:00,165.215,3,90d
2017-12-27 00:00:00+00:00,148.66131926121372,51,30d
2017-12-27 00:00:00+00:00,153.17535714285717,20,90d
2017-12-28 00:00:00+00:00,162.78871485943776,26,30d
2017-12-28 00:00:00+00:00,141.1694642857143,16,90d
2017-12-29 00:00:00+00:00,158.3354411764706,35,30d
2017-12-29 00:00:00+00:00,159.32393939393938,56,7d
2017-12-29 00:00:00+00:00,135.0299777282851,47,90d
2017-12-30 00:00:00+00:00,147.37224842767296,81,30d
2017-12-30 00:00:00+00:00,167.8411764705882,20,7d
2017-12-30 00:00:00+00:00,140.07168639053253,53,90d
2017-12-31 00:00:00+00:00,148.11086206896553,12,30d
2017-12-31 00:00:00+00:00,179.23515625,42,7d
2017-12-31 00:00:00+00:00,143.24176470588236,7,90d
2018-01-01 00:00:00+00:00,146.65962962962962,6,30d
2018-01-01 00:00:00+00:00,166.94666666666666,4,7d
2018-01-01 00:00:00+00:00,142.18800000000002,4,90d
2018-01-02 00:00:00+00:00,151.11669291338583,24,30d
2018-01-02 00:00:00+00:00,177.26,1,7d
2018-01-02 00:00:00+00:00,136.808125,29,90d
2018-01-03 00:00:00+00:00,147.92951219512196,25,30d
2018-01-03 00:00:00+00:00,137.41,1,90d
2018-01-04 00:00:00+00:00,154.08115384615382,19,30d
2018-01-04 00:00:00+00:00,141.1308163265306,9,90d
2018-01-05 00:00:00+00:00,148.47728873239438,46,14d
2018-01-05 00:00:00+00:00,148.12200617283952,53,30d
2018-01-05 00:00:00+00:00,144.33878048780488,44,7d
2018-01-05 00:00:00+00:00,139.34666666666666,3,90d
2018-01-06 00:00:00+00:00,144.2828925619835,18,14d
2018-01-06 00:00:00+00:00,153.77,1,30d
2018-01-06 00:00:00+00:00,197.87539682539682,14,7d
2018-01-06 00:00:00+00:00,142.06,2,90d
2018-01-07 00:00:00+00:00,142.04045454545454,16,14d
2018-01-07 00:00:00+00:00,137.03264150943397,11,7d
2018-01-07 00:00:00+00:00,142.03615,24,90d
2018-01-08 00:00:00+00:00,140.7239316239316,30,14d
2018-01-08 00:00:00+00:00,131.6216923076923,43,7d
2018-01-08 00:00:00+00:00,125.23067039106145,30,90d
2018-01-09 00:00:00+00:00,135.58266129032256,30,14d
2018-01-09 00:00:00+00:00,135.18499999999997,2,7d
2018-01-09 00:00:00+00:00,126.06842105263159,9,90d
2018-01-10 00:00:00+00:00,137.64651558073655,46,14d
2018-01-10 00:00:00+00:00,125.77189655172415,31,90d
2018-01-11 00:00:00+00:00,143.3264342629482,63,14d
2018-01-11 00:00:00+00:00,126.74220930232558,12,90d
2018-01-12 00:00:00+00:00,141.59901960784313,8,14d
2018-01-12 00:00:00+00:00,142.53906666666666,17,7d
2018-01-12 00:00:00+00:00,125.06070287539937,12,90d
2018-01-13 00:00:00+00:00,140.5387012987013,11,14d
2018-01-13 00:00:00+00:00,143.88761904761904,8,7d
2018-01-13 00:00:00+00:00,127.25769230769231,4,90d
2018-01-14 00:00:00+00:00,131.08836734693875,11,14d
2018-01-14 00:00:00+00:00,130.20538461538462,3,60d
2018-01-14 00:00:00+00:00,139.87551724137933,8,7d
2018-01-15 00:00:00+00:00,126.72125,5,14d
2018-01-15 00:00:00+00:00,126.0742857142857,3,60d
2018-01-15 00:00:00+00:00,130.98850000000002,17,7d
2018-01-16 00:00:00+00:00,127.49126679462572,98,60d
2018-01-16 00:00:00+00:00,144.99324034334765,161,7d
2018-01-17 00:00:00+00:00,134.48689486552567,84,60d
2018-01-17 00:00:00+00:00,178.69932014833125,109,7d
2018-01-18 00:00:00+00:00,132.72470588235294,20,60d
2018-01-18 00:00:00+00:00,140.76354166666667,18,7d
2018-01-19 00:00:00+00:00,130.0376923076923,14,60d
2018-01-19 00:00:00+00:00,140.58691489361703,12,7d
2018-01-20 00:00:00+00:00,124.0637037037037,3,60d
2018-01-20 00:00:00+00:00,148.02909090909088,8,7d
2018-01-21 00:00:00+00:00,129.016,6,60d
2018-01-21 00:00:00+00:00,147.55821428571429,10,7d
2018-01-22 00:00:00+00:00,130.60309210526316,31,60d
2018-01-22 00:00:00+00:00,152.07697674418606,30,7d
2018-01-23 00:00:00+00:00,150.9730434782609,5,30d
2018-01-23 00:00:00+00:00,135.7166956521739,29,60d
2018-01-23 00:00:00+00:00,187.3991666666667,12,7d
2018-01-24 00:00:00+00:00,132.85714285714283,9,60d
2018-01-25 00:00:00+00:00,144.00892857142856,5,30d
2018-01-25 00:00:00+00:00,126.96399339933993,45,60d
2018-01-26 00:00:00+00:00,129.0129357798165,21,30d
2018-01-26 00:00:00+00:00,124.58237623762376,35,60d
2018-01-26 00:00:00+00:00,134.8154347826087,42,7d
2018-01-27 00:00:00+00:00,119.76962962962963,99,60d
2018-01-27 00:00:00+00:00,125.01500000000001,10,7d
2018-01-28 00:00:00+00:00,129.2869565217391,4,30d
2018-01-28 00:00:00+00:00,127.058125,13,60d
2018-01-28 00:00:00+00:00,136.06705479452054,38,7d
2018-01-29 00:00:00+00:00,128.008125,3,30d
2018-01-29 00:00:00+00:00,125.23589743589743,12,60d
2018-01-29 00:00:00+00:00,142.58438356164385,26,7d
2018-01-30 00:00:00+00:00,134.69840579710143,23,30d
2018-01-30 00:00:00+00:00,128.60624390243902,92,60d
2018-01-30 00:00:00+00:00,125.40072289156626,14,7d
2018-01-31 00:00:00+00:00,124.51157894736843,25,30d
2018-01-31 00:00:00+00:00,123.668125,46,60d
2018-02-01 00:00:00+00:00,131.3725069637883,50,30d
2018-02-01 00:00:00+00:00,124.92304147465438,59,60d
2018-02-02 00:00:00+00:00,134.06765957446808,79,14d
2018-02-02 00:00:00+00:00,134.67171397379911,96,30d
2018-02-02 00:00:00+00:00,127.99469284994964,81,60d
2018-02-02 00:00:00+00:00,155.84303846153847,44,7d
2018-02-03 00:00:00+00:00,137.975,7,14d
2018-02-03 00:00:00+00:00,122.39,1,30d
2018-02-03 00:00:00+00:00,134.63279069767444,7,60d
2018-02-03 00:00:00+00:00,146.85789473684213,7,7d
2018-02-04 00:00:00+00:00,146.8190909090909,4,14d
2018-02-04 00:00:00+00:00,139.02833333333334,6,60d
2018-02-04 00:00:00+00:00,149.13315789473685,4,7d
2018-02-05 00:00:00+00:00,132.41534674063803,91,14d
2018-02-05 00:00:00+00:00,124.46885230479775,92,60d
2018-02-05 00:00:00+00:00,178.55803278688524,38,7d
2018-02-06 00:00:00+00:00,135.92274242424241,52,14d
2018-02-06 00:00:00+00:00,121.46820547031353,131,60d
2018-02-06 00:00:00+00:00,222.7979411764706,10,7d
2018-02-07 00:00:00+00:00,137.85613636363635,30,14d
2018-02-07 00:00:00+00:00,115.43837429111531,55,60d
2018-02-08 00:00:00+00:00,127.80200000000002,21,14d
2018-02-08 00:00:00+00:00,120.79959641255606,53,60d
2018-02-09 00:00:00+00:00,133.23115384615386,96,14d
2018-02-09 00:00:00+00:00,117.25932147562581,99,60d
2018-02-09 00:00:00+00:00,136.02526315789473,10,7d
2018-02-10 00:00:00+00:00,147.79,4,14d
2018-02-10 00:00:00+00:00,125.58500000000001,13,60d
2018-02-10 00:00:00+00:00,144.58999999999997,2,7d
2018-02-11 00:00:00+00:00,161.695,7,14d
2018-02-11 00:00:00+00:00,123.98193548387096,4,60d
2018-02-11 00:00:00+00:00,138.22529411764705,7,7d
2018-02-12 00:00:00+00:00,140.59,1,14d
2018-02-12 00:00:00+00:00,118.21,1,60d
2018-02-12 00:00:00+00:00,135.60214285714287,24,7d
2018-02-13 00:00:00+00:00,125.98916666666668,5,60d
2018-02-13 00:00:00+00:00,134.78922222222224,28,7d
2018-02-14 00:00:00+00:00,139.74840255591053,30,7d
2018-02-15 00:00:00+00:00,145.61056466302367,56,7d
2018-02-16 00:00:00+00:00,144.39,31,7d
2018-02-17 00:00:00+00:00,136.51376984126983,39,7d
2018-02-18 00:00:00+00:00,136.20433962264153,8,30d
2018-02-18 00:00:00+00:00,145.5612182741117,80,7d
2018-02-19 00:00:00+00:00,138.98962328767124,26,30d
2018-02-19 00:00:00+00:00,153.6302861445783,105,7d
2018-02-20 00:00:00+00:00,141.3634328358209,24,30d
2018-02-20 00:00:00+00:00,157.99003144654088,60,7d
2018-02-21 00:00:00+00:00,142.91465899753493,63,30d
2018-02-22 00:00:00+00:00,140.30654028436018,27,30d
2018-02-23 00:00:00+00:00,143.60033175355449,33,30d
2018-02-23 00:00:00+00:00,140.0261607142857,57,7d
2018-02-24 00:00:00+00:00,144.8916809116809,30,30d
2018-02-24 00:00:00+00:00,132.87989247311828,29,7d
2018-02-25 00:00:00+00:00,135.8225,2,30d
2018-02-25 00:00:00+00:00,147.01444444444442,8,7d
2018-02-26 00:00:00+00:00,139.598,8,30d
2018-02-26 00:00:00+00:00,136.5013545816733,57,7d
2018-02-27 00:00:00+00:00,138.0239238095238,62,30d
2018-02-27 00:00:00+00:00,138.32,14,7d
2018-02-28 00:00:00+00:00,132.5608770257388,119,30d
2018-03-01 00:00:00+00:00,134.25610281923716,77,30d
2018-03-02 00:00:00+00:00,132.35415730337078,46,30d
2018-03-02 00:00:00+00:00,116.39043795620438,26,7d
2018-03-03 00:00:00+00:00,134.6086859688196,53,30d
2018-03-03 00:00:00+00:00,125.09425742574258,18,7d
2018-03-04 00:00:00+00:00,136.39135135135137,58,30d
2018-03-04 00:00:00+00:00,102.83666666666666,2,7d
2018-03-05 00:00:00+00:00,134.46278820375335,46,30d
2018-03-05 00:00:00+00:00,120.17204379562044,17,7d
2018-03-06 00:00:00+00:00,137.07572727272728,27,30d
2018-03-06 00:00:00+00:00,122.45123287671234,8,7d
2018-03-07 00:00:00+00:00,129.70946740858506,73,30d
2018-03-08 00:00:00+00:00,135.12575923392612,86,30d
2018-03-09 00:00:00+00:00,130.1379190751445,53,14d
2018-03-09 00:00:00+00:00,133.52531779661018,96,30d
2018-03-09 00:00:00+00:00,129.15558823529412,29,7d
2018-03-10 00:00:00+00:00,123.55888571428571,27,14d
2018-03-10 00:00:00+00:00,129.99567567567567,5,30d
2018-03-10 00:00:00+00:00,132.15862068965518,21,7d
2018-03-11 00:00:00+00:00,121.91740206185567,60,14d
2018-03-11 00:00:00+00:00,120.44663265306122,23,7d
2018-03-12 00:00:00+00:00,119.71005701254276,69,14d
2018-03-12 00:00:00+00:00,115.71702875399362,48,7d
2018-03-13 00:00:00+00:00,115.68129411764707,16,14d
2018-03-13 00:00:00+00:00,121.72868421052631,9,7d
2018-03-14 00:00:00+00:00,115.13490797546012,47,14d
2018-03-15 00:00:00+00:00,112.7629461756374,68,14d
2018-03-16 00:00:00+00:00,108.74612831858406,54,14d
2018-03-16 00:00:00+00:00,110.96930612244898,34,7d
2018-03-16 00:00:00+00:00,104.48133333333334,13,90d
2018-03-17 00:00:00+00:00,117.18269430051812,33,14d
2018-03-17 00:00:00+00:00,128.03635135135133,27,7d
2018-03-17 00:00:00+00:00,110.04193548387096,4,90d
2018-03-18 00:00:00+00:00,118.69591304347826,70,14d
2018-03-18 00:00:00+00:00,117.11719626168225,30,7d
2018-03-18 00:00:00+00:00,102.92018633540373,43,90d
2018-03-19 00:00:00+00:00,116.36214285714287,5,14d
2018-03-19 00:00:00+00:00,109.29616104868914,81,7d
2018-03-19 00:00:00+00:00,96.16691190706679,101,90d
2018-03-20 00:00:00+00:00,104.65661111111112,74,7d
2018-03-20 00:00:00+00:00,97.44622077215878,71,90d
2018-03-21 00:00:00+00:00,103.9671551724138,15,7d
2018-03-21 00:00:00+00:00,94.64067226890755,13,90d
2018-03-22 00:00:00+00:00,94.87165384615385,61,7d
2018-03-22 00:00:00+00:00,94.6486567164179,13,90d
2018-03-23 00:00:00+00:00,98.51429942418426,95,7d
2018-03-23 00:00:00+00:00,90.63830246913581,14,90d
2018-03-24 00:00:00+00:00,90.61333333333334,4,30d
2018-03-24 00:00:00+00:00,96.78862559241705,32,7d
2018-03-24 00:00:00+00:00,87.57290322580644,10,90d
2018-03-25 00:00:00+00:00,90.93954314720813,34,30d
2018-03-25 00:00:00+00:00,103.35269604666234,87,7d
2018-03-25 00:00:00+00:00,80.39219607843137,77,90d
2018-03-26 00:00:00+00:00,93.73895238095238,29,30d
2018-03-26 00:00:00+00:00,101.20248243559718,82,7d
2018-03-26 00:00:00+00:00,79.12442598187312,44,90d
2018-03-27 00:00:00+00:00,81.26350877192982,9,30d
2018-03-27 00:00:00+00:00,102.14434782608697,17,7d
2018-03-27 00:00:00+00:00,79.36746478873238,24,90d
2018-03-28 00:00:00+00:00,85.6996261682243,13,30d
2018-03-28 00:00:00+00:00,82.86757894736841,12,90d
2018-03-29 00:00:00+00:00,84.60935897435897,15,30d
2018-03-29 00:00:00+00:00,79.75947916666667,67,90d
2018-03-30 00:00:00+00:00,97.76753583987016,39,30d
2018-03-30 00:00:00+00:00,99.80691729323308,26,7d
2018-03-30 00:00:00+00:00,78.85338733431516,60,90d
2018-03-31 00:00:00+00:00,91.21157894736842,12,30d
2018-03-31 00:00:00+00:00,97.06110266159695,43,7d
2018-03-31 00:00:00+00:00,84.35833333333333,16,90d
2018-04-01 00:00:00+00:00,96.28139534883721,16,30d
2018-04-01 00:00:00+00:00,107.50638686131389,50,7d
2018-04-01 00:00:00+00:00,84.06331797235023,14,90d
2018-04-02 00:00:00+00:00,95.23924528301886,8,30d
2018-04-02 00:00:00+00:00,114.6851401869159,22,7d
2018-04-02 00:00:00+00:00,82.39461538461538,5,90d
2018-04-03 00:00:00+00:00,100.70005917159763,20,30d
2018-04-03 00:00:00+00:00,113.73467889908257,26,7d
2018-04-03 00:00:00+00:00,87.50573283858999,40,90d
2018-04-04 00:00:00+00:00,99.13131578947369,8,30d
2018-04-04 00:00:00+00:00,90.5847857142857,21,90d
2018-04-05 00:00:00+00:00,93.4774,16,30d
2018-04-05 00:00:00+00:00,92.81402135231316,22,90d
2018-04-06 00:00:00+00:00,95.9235135135135,7,14d
2018-04-06 00:00:00+00:00,97.5477358490566,10,30d
2018-04-06 00:00:00+00:00,93.44238993710692,31,7d
2018-04-06 00:00:00+00:00,88.8174193548387,6,90d
2018-04-07 00:00:00+00:00,93.01918032786885,5,14d
2018-04-07 00:00:00+00:00,94.13,1,30d
2018-04-07 00:00:00+00:00,86.38645833333334,26,7d
2018-04-07 00:00:00+00:00,87.39239130434781,7,90d
2018-04-08 00:00:00+00:00,90.56865248226951,6,14d
2018-04-08 00:00:00+00:00,104.99313725490195,8,7d
2018-04-08 00:00:00+00:00,85.06230303030303,10,90d
2018-04-09 00:00:00+00:00,98.02831054687499,18,14d
2018-04-09 00:00:00+00:00,92.12846153846155,49,7d
2018-04-09 00:00:00+00:00,87.07852459016394,17,90d
2018-04-10 00:00:00+00:00,94.32095238095238,3,14d
2018-04-10 00:00:00+00:00,91.03043478260871,6,7d
2018-04-10 00:00:00+00:00,82.10981196581197,21,90d
2018-04-11 00:00:00+00:00,87.685,28,14d
2018-04-11 00:00:00+00:00,82.05888157894738,33,90d
2018-04-12 00:00:00+00:00,82.79149136577708,71,14d
2018-04-12 00:00:00+00:00,80.11749999999999,49,90d
2018-04-13 00:00:00+00:00,88.09513966480448,36,14d
2018-04-13 00:00:00+00:00,81.45406779661018,34,7d
2018-04-13 00:00:00+00:00,80.66372093023256,7,90d
2018-04-14 00:00:00+00:00,81.712,13,14d
2018-04-14 00:00:00+00:00,89.4325,11,7d
2018-04-14 00:00:00+00:00,78.3,1,90d
2018-04-15 00:00:00+00:00,84.31756756756756,9,14d
2018-04-15 00:00:00+00:00,80.19,1,60d
2018-04-15 00:00:00+00:00,80.88297872340425,15,7d
2018-04-15 00:00:00+00:00,80.53,1,90d
2018-04-16 00:00:00+00:00,80.65840909090909,26,14d
2018-04-16 00:00:00+00:00,78.10746559633027,27,60d
2018-04-16 00:00:00+00:00,93.30926091825307,63,7d
2018-04-17 00:00:00+00:00,78.6351282051282,10,60d
2018-04-17 00:00:00+00:00,85.42170068027211,38,7d
2018-04-18 00:00:00+00:00,77.55160000000001,5,60d
2018-04-18 00:00:00+00:00,89.12113043478261,43,7d
2018-04-19 00:00:00+00:00,78.6706726457399,15,60d
2018-04-19 00:00:00+00:00,89.26027972027971,18,7d
2018-04-20 00:00:00+00:00,76.40386324786326,30,60d
2018-04-20 00:00:00+00:00,82.15620437956204,192,7d
2018-04-21 00:00:00+00:00,82.71852173913044,18,60d
2018-04-21 00:00:00+00:00,87.87353383458647,105,7d
2018-04-22 00:00:00+00:00,68.68175810473817,74,60d
2018-04-22 00:00:00+00:00,86.4577760252366,125,7d
2018-04-23 00:00:00+00:00,77.65015151515152,10,60d
2018-04-23 00:00:00+00:00,80.61981566820278,126,7d
2018-04-24 00:00:00+00:00,78.06884615384615,51,60d
2018-04-24 00:00:00+00:00,84.1946052631579,48,7d
2018-04-25 00:00:00+00:00,78.52630541871922,29,60d
2018-04-26 00:00:00+00:00,79.72,1,30d
2018-04-26 00:00:00+00:00,81.12261937244203,35,60d
2018-04-27 00:00:00+00:00,81.91264462809917,19,30d
2018-04-27 00:00:00+00:00,88.14518597236982,35,60d
2018-04-27 00:00:00+00:00,78.2624886877828,112,7d
2018-04-28 00:00:00+00:00,86.10531914893616,19,30d
2018-04-28 00:00:00+00:00,92.25435508345977,33,60d
2018-04-28 00:00:00+00:00,85.96702857142857,58,7d
2018-04-29 00:00:00+00:00,87.95407894736842,16,30d
2018-04-29 00:00:00+00:00,86.58738396624472,41,60d
2018-04-29 00:00:00+00:00,86.03821428571429,19,7d
2018-04-30 00:00:00+00:00,90.43,12,30d
2018-04-30 00:00:00+00:00,93.4807157057654,48,60d
2018-04-30 00:00:00+00:00,88.61276041666667,34,7d
2018-05-01 00:00:00+00:00,91.67884615384615,31,30d
2018-05-01 00:00:00+00:00,96.29079684763572,49,60d
2018-05-01 00:00:00+00:00,100.79823255813953,60,7d
2018-05-02 00:00:00+00:00,89.308625,18,30d
2018-05-02 00:00:00+00:00,92.552,6,60d
2018-05-03 00:00:00+00:00,87.14338345864662,94,30d
2018-05-03 00:00:00+00:00,88.97190336749634,31,60d
2018-05-04 00:00:00+00:00,82.64366834170853,30,14d
2018-05-04 00:00:00+00:00,83.20078189300412,41,30d
2018-05-04 00:00:00+00:00,89.49965299684543,17,60d
2018-05-04 00:00:00+00:00,69.9158947368421,60,7d
2018-05-05 00:00:00+00:00,83.80378048780489,17,14d
2018-05-05 00:00:00+00:00,84.72484848484848,7,30d
2018-05-05 00:00:00+00:00,90.7746273830156,10,60d
2018-05-05 00:00:00+00:00,87.43744152046784,72,7d
2018-05-06 00:00:00+00:00,81.06430379746836,25,14d
2018-05-06 00:00:00+00:00,86.37171296296296,34,60d
2018-05-06 00:00:00+00:00,70.06465945945946,83,7d
2018-05-07 00:00:00+00:00,85.02827845719662,89,14d
2018-05-07 00:00:00+00:00,85.58644736842106,14,60d
2018-05-07 00:00:00+00:00,79.19145342886387,80,7d
2018-05-08 00:00:00+00:00,84.75836206896551,15,14d
2018-05-08 00:00:00+00:00,88.1409756097561,20,60d
2018-05-08 00:00:00+00:00,81.50352941176472,8,7d
2018-05-09 00:00:00+00:00,83.70428571428572,26,14d
2018-05-09 00:00:00+00:00,86.51980392156862,12,60d
2018-05-10 00:00:00+00:00,80.94354166666668,30,14d
2018-05-10 00:00:00+00:00,86.70851851851852,13,60d
2018-05-10 00:00:00+00:00,81.25851851851851,6,7d
2018-05-11 00:00:00+00:00,80.50942257217848,73,14d
2018-05-11 00:00:00+00:00,82.56383411580595,59,60d
2018-05-11 00:00:00+00:00,69.08612794612796,84,7d
2018-05-12 00:00:00+00:00,76.79410041841004,26,14d
2018-05-12 00:00:00+00:00,83.00344086021505,15,60d
2018-05-12 00:00:00+00:00,73.43419999999999,32,7d
2018-05-13 00:00:00+00:00,77.79810408921935,67,14d
2018-05-13 00:00:00+00:00,83.57317073170732,6,60d
2018-05-13 00:00:00+00:00,73.90413636363637,32,7d
2018-05-14 00:00:00+00:00,78.18857142857142,4,14d
2018-05-14 00:00:00+00:00,81.16430107526881,31,60d
2018-05-14 00:00:00+00:00,74.169200968523,221,7d
2018-05-15 00:00:00+00:00,82.1582142857143,9,60d
2018-05-15 00:00:00+00:00,76.4706324110672,59,7d
2018-05-16 00:00:00+00:00,76.22645161290322,43,7d
2018-05-17 00:00:00+00:00,76.00686234817815,116,7d
2018-05-18 00:00:00+00:00,75.0148989412897,166,7d
2018-05-19 00:00:00+00:00,73.73346793349168,75,7d
2018-05-20 00:00:00+00:00,75.34472868217054,37,30d
2018-05-20 00:00:00+00:00,72.190456182473,138,7d
2018-05-21 00:00:00+00:00,74.395,80,30d
2018-05-21 00:00:00+00:00,68.85546047269764,223,7d
2018-05-22 00:00:00+00:00,74.95377777777777,31,30d
2018-05-22 00:00:00+00:00,69.03221186440679,47,7d
2018-05-23 00:00:00+00:00,75.50620652173913,105,30d
2018-05-24 00:00:00+00:00,74.7064459161148,57,30d
2018-05-24 00:00:00+00:00,75.69994011976048,25,7d
2018-05-25 00:00:00+00:00,74.48229398663698,61,30d
2018-05-25 00:00:00+00:00,73.55743421052631,61,7d
2018-05-26 00:00:00+00:00,71.84975806451612,13,30d
2018-05-26 00:00:00+00:00,64.08508054522925,67,7d
2018-05-27 00:00:00+00:00,72.9644,15,30d
2018-05-27 00:00:00+00:00,65.65830409356725,72,7d
2018-05-28 00:00:00+00:00,70.21788819875776,32,30d
2018-05-28 00:00:00+00:00,63.78202282157677,107,7d
2018-05-29 00:00:00+00:00,71.70891719745222,31,30d
2018-05-29 00:00:00+00:00,68.23827586206896,29,7d
2018-05-30 00:00:00+00:00,72.87071052631579,46,30d
2018-05-31 00:00:00+00:00,74.05768558951966,20,30d
2018-05-31 00:00:00+00:00,69.31780303030304,23,7d
2018-06-01 00:00:00+00:00,69.58106617647059,27,30d
2018-06-01 00:00:00+00:00,62.292362204724405,63,7d
2018-06-02 00:00:00+00:00,68.89444444444445,26,30d
2018-06-02 00:00:00+00:00,56.648140243902446,41,7d
2018-06-03 00:00:00+00:00,66.21469696969697,22,30d
2018-06-03 00:00:00+00:00,61.33529411764705,65,7d
2018-06-04 00:00:00+00:00,68.63374429223744,44,30d
2018-06-04 00:00:00+00:00,72.3013953488372,3,60d
2018-06-04 00:00:00+00:00,74.39661222780569,57,7d
2018-06-05 00:00:00+00:00,67.98806593406593,46,30d
2018-06-05 00:00:00+00:00,67.69375,3,60d
2018-06-05 00:00:00+00:00,57.83285714285715,7,7d
2018-06-06 00:00:00+00:00,64.5056,28,30d
2018-06-06 00:00:00+00:00,68.64777777777778,5,60d
2018-06-07 00:00:00+00:00,63.553820224719104,31,30d
2018-06-07 00:00:00+00:00,65.64097826086956,25,60d
2018-06-07 00:00:00+00:00,57.31945454545455,22,7d
2018-06-08 00:00:00+00:00,56.867446043165465,26,14d
2018-06-08 00:00:00+00:00,57.61244736842106,36,30d
2018-06-08 00:00:00+00:00,67.88478723404256,16,60d
2018-06-08 00:00:00+00:00,52.62057391304348,76,7d
2018-06-09 00:00:00+00:00,56.89467213114754,29,14d
2018-06-09 00:00:00+00:00,56.528,2,30d
2018-06-09 00:00:00+00:00,61.44566929133859,11,60d
2018-06-09 00:00:00+00:00,51.31541044776119,32,7d
2018-06-10 00:00:00+00:00,63.08677574590953,90,14d
2018-06-10 00:00:00+00:00,65.79913432835822,34,60d
2018-06-10 00:00:00+00:00,65.83498602050327,127,7d
2018-06-11 00:00:00+00:00,66.16817475728155,56,14d
2018-06-11 00:00:00+00:00,68.83627530364372,19,60d
2018-06-11 00:00:00+00:00,67.57532828282828,86,7d
2018-06-12 00:00:00+00:00,71.26392857142856,86,14d
2018-06-12 00:00:00+00:00,67.41857142857143,4,60d
2018-06-12 00:00:00+00:00,70.80937499999999,3,7d
2018-06-13 00:00:00+00:00,70.35243576567318,112,14d
2018-06-14 00:00:00+00:00,68.4016748768473,74,14d
2018-06-14 00:00:00+00:00,61.5059574468085,31,7d
2018-06-15 00:00:00+00:00,65.7032530120482,30,14d
2018-06-15 00:00:00+00:00,57.34257627118644,46,7d
2018-06-15 00:00:00+00:00,69.44132530120481,3,90d
2018-06-16 00:00:00+00:00,65.9474761904762,26,14d
2018-06-16 00:00:00+00:00,62.474920634920636,46,7d
2018-06-16 00:00:00+00:00,71.05428571428571,3,90d
2018-06-17 00:00:00+00:00,69.33583850931676,29,14d
2018-06-17 00:00:00+00:00,65.07111111111111,6,30d
2018-06-17 00:00:00+00:00,58.72782258064516,34,7d
2018-06-17 00:00:00+00:00,67.65,1,90d
2018-06-18 00:00:00+00:00,70.6372340425532,4,14d
2018-06-18 00:00:00+00:00,63.50111111111111,5,30d
2018-06-18 00:00:00+00:00,61.28545389563975,146,7d
2018-06-18 00:00:00+00:00,70.98857142857143,3,90d
2018-06-19 00:00:00+00:00,63.89631578947369,7,30d
2018-06-19 00:00:00+00:00,63.19389033942558,88,7d
2018-06-19 00:00:00+00:00,69.03,1,90d
2018-06-20 00:00:00+00:00,59.1448148148148,5,30d
2018-06-20 00:00:00+00:00,62.161387283237,55,7d
2018-06-20 00:00:00+00:00,68.804,5,90d
2018-06-21 00:00:00+00:00,60.50246575342466,19,30d
2018-06-21 00:00:00+00:00,63.27938666666666,49,7d
2018-06-21 00:00:00+00:00,68.63499999999999,4,90d
2018-06-22 00:00:00+00:00,62.18422516556291,97,30d
2018-06-22 00:00:00+00:00,59.41634457910252,272,7d
2018-06-22 00:00:00+00:00,64.7377570093458,22,90d
2018-06-23 00:00:00+00:00,66.46242424242425,4,30d
2018-06-23 00:00:00+00:00,66.78101508916323,48,7d
2018-06-23 00:00:00+00:00,67.5283950617284,6,90d
2018-06-24 00:00:00+00:00,67.35249999999999,39,30d
2018-06-24 00:00:00+00:00,73.69828166053598,152,7d
2018-06-24 00:00:00+00:00,71.36529411764707,12,90d
2018-06-25 00:00:00+00:00,68.22,24,30d
2018-06-25 00:00:00+00:00,70.98659722222223,101,7d
2018-06-25 00:00:00+00:00,69.09375,3,90d
2018-06-26 00:00:00+00:00,68.45163265306122,8,30d
2018-06-26 00:00:00+00:00,70.6403125,10,7d
2018-06-26 00:00:00+00:00,66.50603448275862,12,90d
2018-06-27 00:00:00+00:00,69.7769689119171,25,30d
2018-06-27 00:00:00+00:00,65.9563110667996,2,90d
2018-06-28 00:00:00+00:00,65.79710227272727,13,30d
2018-06-28 00:00:00+00:00,69.8365294117647,25,7d
2018-06-28 00:00:00+00:00,65.99981308411215,10,90d
2018-06-29 00:00:00+00:00,66.74147909967844,47,30d
2018-06-29 00:00:00+00:00,60.18766244057052,124,7d
2018-06-29 00:00:00+00:00,66.80486486486487,15,90d
2018-06-30 00:00:00+00:00,65.25368088467614,42,30d
2018-06-30 00:00:00+00:00,62.04586861313869,87,7d
2018-06-30 00:00:00+00:00,67.01695652173913,18,90d
2018-07-01 00:00:00+00:00,66.325,2,30d
2018-07-01 00:00:00+00:00,67.35795986622072,47,7d
2018-07-01 00:00:00+00:00,67.0525,5,90d
2018-07-02 00:00:00+00:00,63.89592063492063,64,30d
2018-07-02 00:00:00+00:00,65.09357768924302,102,7d
2018-07-02 00:00:00+00:00,66.88162790697673,12,90d
2018-07-03 00:00:00+00:00,69.32964169381108,26,30d
2018-07-03 00:00:00+00:00,72.73190476190476,10,7d
2018-07-03 00:00:00+00:00,66.02823529411765,4,90d
2018-07-04 00:00:00+00:00,65.90101899827289,82,30d
2018-07-04 00:00:00+00:00,67.27553990610329,11,90d
2018-07-05 00:00:00+00:00,67.18557142857144,23,30d
2018-07-05 00:00:00+00:00,67.91076923076923,8,7d
2018-07-05 00:00:00+00:00,68.25628205128206,8,90d
2018-07-06 00:00:00+00:00,66.94782258064517,18,14d
2018-07-06 00:00:00+00:00,67.0454347826087,27,30d
2018-07-06 00:00:00+00:00,66.3225,5,60d
2018-07-06 00:00:00+00:00,62.8614802259887,104,7d
2018-07-06 00:00:00+00:00,66.8372972972973,7,90d
2018-07-07 00:00:00+00:00,64.27429602888087,31,14d
2018-07-07 00:00:00+00:00,61.60370370370371,6,30d
2018-07-07 00:00:00+00:00,68.64,2,60d
2018-07-07 00:00:00+00:00,63.01140988372094,48,7d
2018-07-07 00:00:00+00:00,66.94533333333334,8,90d
2018-07-08 00:00:00+00:00,66.9383495145631,26,14d
2018-07-08 00:00:00+00:00,63.11714285714285,3,60d
2018-07-08 00:00:00+00:00,73.32368098159509,19,7d
2018-07-08 00:00:00+00:00,65.92461538461538,3,90d
2018-07-09 00:00:00+00:00,64.83416299559471,71,14d
2018-07-09 00:00:00+00:00,62.69,1,60d
2018-07-09 00:00:00+00:00,59.725112219451375,74,7d
2018-07-10 00:00:00+00:00,65.2842944785276,27,14d
2018-07-10 00:00:00+00:00,64.28937499999999,6,60d
2018-07-10 00:00:00+00:00,70.82931297709924,20,7d
2018-07-10 00:00:00+00:00,66.35552631578948,3,90d
2018-07-11 00:00:00+00:00,72.21036496350365,10,14d
2018-07-11 00:00:00+00:00,65.19222222222223,3,60d
2018-07-12 00:00:00+00:00,63.6423774509804,55,14d
2018-07-12 00:00:00+00:00,66.75363636363635,10,60d
2018-07-12 00:00:00+00:00,65.29568265682656,40,7d
2018-07-12 00:00:00+00:00,68.98741935483872,8,90d
2018-07-13 00:00:00+00:00,62.09477272727272,20,14d
2018-07-13 00:00:00+00:00,72.38923076923076,2,60d
2018-07-13 00:00:00+00:00,58.22396226415094,83,7d
2018-07-13 00:00:00+00:00,69.46512195121952,6,90d
2018-07-14 00:00:00+00:00,61.058852459016386,20,14d
2018-07-14 00:00:00+00:00,64.91,1,60d
2018-07-14 00:00:00+00:00,55.03816513761467,15,7d
2018-07-14 00:00:00+00:00,67.32495575221239,7,90d
2018-07-15 00:00:00+00:00,58.83265536723164,21,14d
2018-07-15 00:00:00+00:00,64.68307692307691,7,60d
2018-07-15 00:00:00+00:00,50.92512195121951,12,7d
2018-07-15 00:00:00+00:00,65.66756097560977,3,90d
2018-07-16 00:00:00+00:00,66.45504166666667,20,60d
2018-07-16 00:00:00+00:00,59.62486387049301,156,7d
2018-07-17 00:00:00+00:00,67.4404,7,60d
2018-07-17 00:00:00+00:00,65.30485555555555,121,7d
2018-07-18 00:00:00+00:00,73.79147887323944,18,60d
2018-07-18 00:00:00+00:00,70.27186575654152,114,7d
2018-07-19 00:00:00+00:00,71.90546666666665,12,60d
2018-07-19 00:00:00+00:00,68.99270462633453,54,7d
2018-07-20 00:00:00+00:00,70.11617021276597,7,60d
2018-07-20 00:00:00+00:00,64.47884523809523,100,7d
2018-07-21 00:00:00+00:00,69.849,4,60d
2018-07-21 00:00:00+00:00,60.29757834757835,59,7d
2018-07-22 00:00:00+00:00,69.72904494382021,17,30d
2018-07-22 00:00:00+00:00,75.58288659793816,5,60d
2018-07-22 00:00:00+00:00,57.3876113360324,50,7d
2018-07-23 00:00:00+00:00,68.34246753246754,35,30d
2018-07-23 00:00:00+00:00,72.14621621621622,9,60d
2018-07-23 00:00:00+00:00,62.379804325437696,111,7d
2018-07-24 00:00:00+00:00,74.04033591731265,54,30d
2018-07-24 00:00:00+00:00,84.60014227642276,44,60d
2018-07-24 00:00:00+00:00,67.0488932806324,90,7d
2018-07-25 00:00:00+00:00,72.25817824377458,55,30d
2018-07-25 00:00:00+00:00,82.36475247524753,19,60d
2018-07-26 00:00:00+00:00,74.22675617615468,108,30d
2018-07-26 00:00:00+00:00,82.5964705882353,23,60d
2018-07-26 00:00:00+00:00,73.37471428571429,17,7d
2018-07-27 00:00:00+00:00,77.11200000000001,52,30d
2018-07-27 00:00:00+00:00,82.32703180212015,36,60d
2018-07-27 00:00:00+00:00,64.03242117117117,77,7d
2018-07-28 00:00:00+00:00,77.07304347826089,7,30d
2018-07-28 00:00:00+00:00,84.11099999999999,3,60d
2018-07-28 00:00:00+00:00,73.74743315508022,19,7d
2018-07-29 00:00:00+00:00,75.80659340659341,11,30d
2018-07-29 00:00:00+00:00,83.15222222222222,5,60d
2018-07-29 00:00:00+00:00,77.52982222222222,46,7d
2018-07-30 00:00:00+00:00,75.97732283464566,38,30d
2018-07-30 00:00:00+00:00,84.47134146341463,29,60d
2018-07-30 00:00:00+00:00,73.32470288624788,117,7d
2018-07-31 00:00:00+00:00,80.87869565217392,76,30d
2018-07-31 00:00:00+00:00,91.26459574468085,36,60d
2018-08-01 00:00:00+00:00,74.40280898876405,35,30d
2018-08-01 00:00:00+00:00,90.39879518072289,7,60d
2018-08-02 00:00:00+00:00,77.9357174392936,48,30d
2018-08-02 00:00:00+00:00,88.33807086614175,22,60d
2018-08-02 00:00:00+00:00,80.0678486997636,60,7d
2018-08-03 00:00:00+00:00,75.38949720670392,30,30d
2018-08-03 00:00:00+00:00,85.88133333333333,8,60d
2018-08-03 00:00:00+00:00,63.249725490196084,106,7d
2018-08-04 00:00:00+00:00,72.27273381294964,25,30d
2018-08-04 00:00:00+00:00,80.6,3,60d
2018-08-04 00:00:00+00:00,70.06545871559632,44,7d
2018-08-05 00:00:00+00:00,70.94333333333333,11,30d
2018-08-05 00:00:00+00:00,81.44126050420168,18,60d
2018-08-05 00:00:00+00:00,71.34757847533632,36,7d
2018-08-06 00:00:00+00:00,69.91636718749999,49,30d
2018-08-06 00:00:00+00:00,81.89924528301887,8,60d
2018-08-06 00:00:00+00:00,69.14291666666665,28,7d
2018-08-07 00:00:00+00:00,71.3583422459893,33,30d
2018-08-07 00:00:00+00:00,82.72498607242339,68,60d
2018-08-07 00:00:00+00:00,65.48298076923076,13,7d
2018-08-08 00:00:00+00:00,70.92172413793104,49,30d
2018-08-08 00:00:00+00:00,77.3958426966292,26,60d
2018-08-09 00:00:00+00:00,71.92817427385891,28,30d
2018-08-09 00:00:00+00:00,78.4880459770115,11,60d
2018-08-09 00:00:00+00:00,64.9326923076923,17,7d
2018-08-10 00:00:00+00:00,75.89521683673468,95,14d
2018-08-10 00:00:00+00:00,75.7643861607143,106,30d
2018-08-10 00:00:00+00:00,83.64257306226175,76,60d
2018-08-10 00:00:00+00:00,65.03286458333334,181,7d
2018-08-11 00:00:00+00:00,74.26546218487395,17,14d
2018-08-11 00:00:00+00:00,66.33978260869566,9,30d
2018-08-11 00:00:00+00:00,82.58681159420289,8,60d
2018-08-11 00:00:00+00:00,77.00961810466761,53,7d
2018-08-12 00:00:00+00:00,79.1355,18,14d
2018-08-12 00:00:00+00:00,80.28066666666666,7,60d
2018-08-12 00:00:00+00:00,69.54413043478262,18,7d
2018-08-13 00:00:00+00:00,78.07458360655738,128,14d
2018-08-13 00:00:00+00:00,79.29706806282722,26,60d
2018-08-13 00:00:00+00:00,70.6685962566845,73,7d
2018-08-14 00:00:00+00:00,78.42629080118694,42,14d
2018-08-14 00:00:00+00:00,79.93225433526011,15,60d
2018-08-14 00:00:00+00:00,75.17036912751676,45,7d
2018-08-15 00:00:00+00:00,79.570203125,60,14d
2018-08-16 00:00:00+00:00,77.10720164609053,26,14d
2018-08-16 00:00:00+00:00,76.8681514084507,40,7d
2018-08-17 00:00:00+00:00,75.10374501992031,29,14d
2018-08-17 00:00:00+00:00,69.70077369439072,73,7d
2018-08-18 00:00:00+00:00,76.154375,14,14d
2018-08-18 00:00:00+00:00,68.15598853868195,40,7d
2018-08-19 00:00:00+00:00,75.32871382636655,62,14d
2018-08-19 00:00:00+00:00,79.4682225433526,30,30d
2018-08-19 00:00:00+00:00,69.75106557377049,58,7d
2018-08-20 00:00:00+00:00,72.59047368421052,11,14d
2018-08-20 00:00:00+00:00,81.04488664987404,31,30d
2018-08-20 00:00:00+00:00,73.19971412235563,158,7d
2018-08-21 00:00:00+00:00,78.6232584269663,10,30d
2018-08-21 00:00:00+00:00,76.53828189300411,63,7d
2018-08-22 00:00:00+00:00,79.06451193058568,58,30d
2018-08-22 00:00:00+00:00,82.44811566657616,183,7d
2018-08-23 00:00:00+00:00,78.94465384615386,21,30d
2018-08-23 00:00:00+00:00,73.94344608879493,61,7d
2018-08-24 00:00:00+00:00,76.67717079530638,62,30d
2018-08-24 00:00:00+00:00,80.13515463917527,20,60d
2018-08-24 00:00:00+00:00,69.21631023405232,194,7d
2018-08-25 00:00:00+00:00,78.92265700483092,26,30d
2018-08-25 00:00:00+00:00,67.66676950998185,99,7d
2018-08-26 00:00:00+00:00,75.8039097744361,25,30d
2018-08-26 00:00:00+00:00,77.96666666666665,3,60d
2018-08-26 00:00:00+00:00,67.06800000000001,56,7d
2018-08-27 00:00:00+00:00,76.84219444444444,40,30d
2018-08-27 00:00:00+00:00,78.59595238095238,15,60d
2018-08-27 00:00:00+00:00,67.21179602888087,128,7d
2018-08-28 00:00:00+00:00,79.45331761006288,65,30d
2018-08-28 00:00:00+00:00,79.81415384615386,18,60d
2018-08-28 00:00:00+00:00,63.72238709677419,39,7d
2018-08-29 00:00:00+00:00,77.72228637413396,49,30d
2018-08-29 00:00:00+00:00,78.11885135135135,12,60d
2018-08-30 00:00:00+00:00,76.54984168865435,37,30d
2018-08-30 00:00:00+00:00,76.80616822429907,13,60d
2018-08-30 00:00:00+00:00,67.78603524229077,108,7d
2018-08-31 00:00:00+00:00,75.74844311377245,41,30d
2018-08-31 00:00:00+00:00,77.92622641509435,6,60d
2018-08-31 00:00:00+00:00,66.60870994940979,139,7d
2018-09-01 00:00:00+00:00,75.22119266055046,21,30d
2018-09-01 00:00:00+00:00,77.78038216560509,17,60d
2018-09-01 00:00:00+00:00,65.54170433145009,118,7d
2018-09-02 00:00:00+00:00,76.07035714285713,12,30d
2018-09-02 00:00:00+00:00,78.30692307692307,13,60d
2018-09-02 00:00:00+00:00,67.8528870292887,76,7d
2018-09-03 00:00:00+00:00,78.63487804878048,23,30d
2018-09-03 00:00:00+00:00,76.45363636363635,6,60d
2018-09-03 00:00:00+00:00,65.44801536491677,87,7d
2018-09-04 00:00:00+00:00,73.75552208835342,39,30d
2018-09-04 00:00:00+00:00,75.96672316384182,15,60d
2018-09-04 00:00:00+00:00,63.55797872340425,35,7d
2018-09-05 00:00:00+00:00,76.71399879372738,183,30d
2018-09-05 00:00:00+00:00,77.46305194805196,38,60d
2018-09-06 00:00:00+00:00,78.14402347024308,139,30d
2018-09-06 00:00:00+00:00,77.06924242424242,27,60d
2018-09-06 00:00:00+00:00,67.30480144404332,47,7d
2018-09-07 00:00:00+00:00,72.47702422145328,34,14d
2018-09-07 00:00:00+00:00,72.84148876404494,43,30d
2018-09-07 00:00:00+00:00,78.29896988906498,12,60d
2018-09-07 00:00:00+00:00,62.13380368098159,87,7d
2018-09-08 00:00:00+00:00,75.78951690821256,23,14d
2018-09-08 00:00:00+00:00,71.19428571428571,3,30d
2018-09-08 00:00:00+00:00,75.16813333333333,7,60d
2018-09-08 00:00:00+00:00,73.99563367252543,100,7d
2018-09-09 00:00:00+00:00,78.14631868131869,17,14d
2018-09-09 00:00:00+00:00,77.10166666666667,2,60d
2018-09-09 00:00:00+00:00,81.7282044198895,103,7d
2018-09-10 00:00:00+00:00,79.02095100864553,35,14d
2018-09-10 00:00:00+00:00,76.57843137254903,7,60d
2018-09-10 00:00:00+00:00,69.5057251908397,48,7d
2018-09-11 00:00:00+00:00,74.00252358490566,29,14d
2018-09-11 00:00:00+00:00,75.46,1,60d
2018-09-11 00:00:00+00:00,72.49366666666667,11,7d
2018-09-12 00:00:00+00:00,73.07897142857144,42,14d
2018-09-13 00:00:00+00:00,68.24359493670886,61,14d
2018-09-13 00:00:00+00:00,61.10123989218328,56,7d
2018-09-14 00:00:00+00:00,65.85227958697378,67,14d
2018-09-14 00:00:00+00:00,61.35610491803279,129,7d
2018-09-14 00:00:00+00:00,75.35999999999999,2,90d
2018-09-15 00:00:00+00:00,64.23603333333332,28,14d
2018-09-15 00:00:00+00:00,57.73611439842209,49,7d
2018-09-15 00:00:00+00:00,67.575,2,90d
2018-09-16 00:00:00+00:00,66.26274647887324,14,14d
2018-09-16 00:00:00+00:00,64.6,1,30d
2018-09-16 00:00:00+00:00,59.21340425531915,37,7d
2018-09-16 00:00:00+00:00,69.54666666666667,3,90d
2018-09-17 00:00:00+00:00,63.413134328358204,6,14d
2018-09-17 00:00:00+00:00,63.59539877300614,34,30d
2018-09-17 00:00:00+00:00,59.982779906343126,215,7d
2018-09-17 00:00:00+00:00,66.37511111111112,6,90d
2018-09-18 00:00:00+00:00,65.44130341880343,36,30d
2018-09-18 00:00:00+00:00,62.02556451612903,79,7d
2018-09-18 00:00:00+00:00,67.88464367816091,20,90d
2018-09-19 00:00:00+00:00,64.95732743362832,48,30d
2018-09-19 00:00:00+00:00,60.74593892137751,120,7d
2018-09-19 00:00:00+00:00,67.18522388059702,17,90d
2018-09-20 00:00:00+00:00,66.39422413793105,29,30d
2018-09-20 00:00:00+00:00,60.040901287553645,53,7d
2018-09-20 00:00:00+00:00,65.94166666666666,3,90d
2018-09-21 00:00:00+00:00,65.33509554140127,85,30d
2018-09-21 00:00:00+00:00,59.6466582278481,153,7d
2018-09-21 00:00:00+00:00,67.25288961038962,19,90d
2018-09-22 00:00:00+00:00,64.1720807453416,24,30d
2018-09-22 00:00:00+00:00,58.88912213740459,62,7d
2018-09-22 00:00:00+00:00,67.46608695652175,4,90d
2018-09-23 00:00:00+00:00,64.3624907063197,25,30d
2018-09-23 00:00:00+00:00,59.90440654843111,50,7d
2018-09-23 00:00:00+00:00,67.08733333333333,6,90d
2018-09-24 00:00:00+00:00,62.53941176470588,47,30d
2018-09-24 00:00:00+00:00,57.96089743589744,119,7d
2018-09-24 00:00:00+00:00,62.799831460674156,19,90d
2018-09-25 00:00:00+00:00,59.57758364312267,63,30d
2018-09-25 00:00:00+00:00,57.46405541561712,68,7d
2018-09-25 00:00:00+00:00,59.791666666666664,4,90d
2018-09-26 00:00:00+00:00,55.08958213256484,63,30d
2018-09-26 00:00:00+00:00,57.465047619047624,13,90d
2018-09-27 00:00:00+00:00,53.385814467145224,94,30d
2018-09-27 00:00:00+00:00,47.79498910675382,112,7d
2018-09-27 00:00:00+00:00,53.661004273504275,19,90d
2018-09-28 00:00:00+00:00,53.553895652173914,92,30d
2018-09-28 00:00:00+00:00,47.50657085020243,161,7d
2018-09-28 00:00:00+00:00,57.049932341001345,45,90d
2018-09-29 00:00:00+00:00,56.04088709677419,20,30d
2018-09-29 00:00:00+00:00,50.716796949475686,81,7d
2018-09-29 00:00:00+00:00,56.88,4,90d
2018-09-30 00:00:00+00:00,57.511892744479496,45,30d
2018-09-30 00:00:00+00:00,54.49099270072993,81,7d
2018-09-30 00:00:00+00:00,59.152241379310354,9,90d
2018-10-01 00:00:00+00:00,56.37112903225807,40,30d
2018-10-01 00:00:00+00:00,51.90554027504912,57,7d
2018-10-01 00:00:00+00:00,59.144000000000005,7,90d
2018-10-02 00:00:00+00:00,55.8736268829664,64,30d
2018-10-02 00:00:00+00:00,44.898,3,7d
2018-10-02 00:00:00+00:00,59.3754961832061,5,90d
2018-10-03 00:00:00+00:00,55.76253571428571,28,30d
2018-10-03 00:00:00+00:00,59.2579187817259,14,90d
2018-10-04 00:00:00+00:00,54.835608899297426,62,30d
2018-10-04 00:00:00+00:00,47.37641791044776,46,7d
2018-10-04 00:00:00+00:00,56.75281081081081,41,90d
2018-10-05 00:00:00+00:00,50.71667556742323,59,14d
2018-10-05 00:00:00+00:00,50.51275974025974,73,30d
2018-10-05 00:00:00+00:00,44.039218749999996,145,7d
2018-10-05 00:00:00+00:00,55.07422680412372,16,90d
2018-10-06 00:00:00+00:00,50.7343817204301,27,14d
2018-10-06 00:00:00+00:00,53.985867768595035,8,30d
2018-10-06 00:00:00+00:00,45.31260638297873,69,7d
2018-10-06 00:00:00+00:00,56.36911764705883,6,90d
2018-10-07 00:00:00+00:00,53.23613924050633,29,14d
2018-10-07 00:00:00+00:00,50.15249554367201,48,7d
2018-10-07 00:00:00+00:00,57.82272727272727,4,90d
2018-10-08 00:00:00+00:00,53.57829299363057,89,14d
2018-10-08 00:00:00+00:00,49.618707414829665,58,7d
2018-10-08 00:00:00+00:00,57.69618556701032,39,90d
2018-10-09 00:00:00+00:00,49.76027900146843,25,14d
2018-10-09 00:00:00+00:00,53.00913357400722,35,7d
2018-10-09 00:00:00+00:00,54.8695652173913,17,90d
2018-10-10 00:00:00+00:00,48.56749185667752,85,14d
2018-10-10 00:00:00+00:00,53.99554140127389,10,90d
2018-10-11 00:00:00+00:00,53.617728,189,14d
2018-10-11 00:00:00+00:00,57.857634194831014,64,7d
2018-10-11 00:00:00+00:00,56.69837837837838,78,90d
2018-10-12 00:00:00+00:00,52.68319540229885,31,14d
2018-10-12 00:00:00+00:00,50.89087483176313,90,7d
2018-10-12 00:00:00+00:00,58.95444444444444,9,90d
2018-10-13 00:00:00+00:00,53.76418772563177,23,14d
2018-10-13 00:00:00+00:00,53.875933333333336,23,7d
2018-10-13 00:00:00+00:00,58.285714285714285,4,90d
2018-10-14 00:00:00+00:00,49.724756756756754,22,14d
2018-10-14 00:00:00+00:00,60.80865671641791,13,60d
2018-10-14 00:00:00+00:00,50.794988179669026,54,7d
2018-10-14 00:00:00+00:00,56.64023255813954,4,90d
2018-10-15 00:00:00+00:00,60.02120643431636,133,14d
2018-10-15 00:00:00+00:00,62.882485065710874,75,60d
2018-10-15 00:00:00+00:00,63.46765306122449,316,7d
2018-10-16 00:00:00+00:00,61.73477064220183,25,60d
2018-10-16 00:00:00+00:00,62.237065217391304,56,7d
2018-10-17 00:00:00+00:00,60.6219638242894,30,60d
2018-10-17 00:00:00+00:00,59.83400735294118,71,7d
2018-10-18 00:00:00+00:00,56.64431472081218,22,60d
2018-10-18 00:00:00+00:00,53.79981818181818,60,7d
2018-10-19 00:00:00+00:00,52.751061224489796,35,60d
2018-10-19 00:00:00+00:00,52.207738876732314,145,7d
2018-10-20 00:00:00+00:00,52.193301886792455,11,60d
2018-10-20 00:00:00+00:00,52.38580171358629,71,7d
2018-10-21 00:00:00+00:00,50.50919270833333,20,30d
2018-10-21 00:00:00+00:00,52.730681818181814,9,60d
2018-10-21 00:00:00+00:00,51.27614112458655,63,7d
2018-10-22 00:00:00+00:00,50.64904211395541,44,30d
2018-10-22 00:00:00+00:00,50.59383783783784,14,60d
2018-10-22 00:00:00+00:00,48.79478260869565,35,7d
2018-10-23 00:00:00+00:00,46.759554621848736,64,30d
2018-10-23 00:00:00+00:00,48.83238683127572,25,60d
2018-10-23 00:00:00+00:00,44.35596330275229,13,7d
2018-10-24 00:00:00+00:00,46.81032911392405,52,30d
2018-10-24 00:00:00+00:00,48.78651485148515,34,60d
2018-10-25 00:00:00+00:00,46.47694864048338,49,30d
2018-10-25 00:00:00+00:00,48.3978021978022,16,60d
2018-10-25 00:00:00+00:00,44.309441287878784,85,7d
2018-10-26 00:00:00+00:00,45.23851617995265,66,30d
2018-10-26 00:00:00+00:00,47.295402298850576,23,60d
2018-10-26 00:00:00+00:00,42.417334288785376,263,7d
2018-10-27 00:00:00+00:00,44.68825301204819,34,30d
2018-10-27 00:00:00+00:00,46.80542857142857,6,60d
2018-10-27 00:00:00+00:00,44.53052631578947,83,7d
2018-10-28 00:00:00+00:00,44.29145833333333,35,30d
2018-10-28 00:00:00+00:00,45.24297619047619,42,60d
2018-10-28 00:00:00+00:00,41.25679319371727,94,7d
2018-10-29 00:00:00+00:00,43.52621987951807,81,30d
2018-10-29 00:00:00+00:00,44.64579069767442,43,60d
2018-10-29 00:00:00+00:00,39.40723619631902,142,7d
2018-10-30 00:00:00+00:00,41.70551181102362,33,30d
2018-10-30 00:00:00+00:00,44.92781818181818,23,60d
2018-10-30 00:00:00+00:00,46.22916083916083,11,7d
2018-10-31 00:00:00+00:00,40.844545454545454,31,30d
2018-10-31 00:00:00+00:00,47.10252873563218,10,60d
2018-11-01 00:00:00+00:00,40.99622504537205,31,30d
2018-11-01 00:00:00+00:00,39.167015451341825,45,60d
2018-11-01 00:00:00+00:00,35.90049639711769,98,7d
2018-11-02 00:00:00+00:00,37.90550539744848,82,30d
2018-11-02 00:00:00+00:00,39.893230240549826,35,60d
2018-11-02 00:00:00+00:00,33.258979987088445,124,7d
2018-11-03 00:00:00+00:00,35.7614,22,30d
2018-11-03 00:00:00+00:00,39.494193548387095,3,60d
2018-11-03 00:00:00+00:00,32.01959523809524,52,7d
2018-11-04 00:00:00+00:00,36.6630101010101,77,30d
2018-11-04 00:00:00+00:00,43.58524324324324,26,60d
2018-11-04 00:00:00+00:00,36.70134094151213,96,7d
2018-11-05 00:00:00+00:00,37.333211678832114,29,30d
2018-11-05 00:00:00+00:00,43.19435897435897,16,60d
2018-11-05 00:00:00+00:00,40.45233112582781,61,7d
2018-11-06 00:00:00+00:00,41.8951223967848,89,30d
2018-11-06 00:00:00+00:00,44.68507407407407,40,60d
2018-11-06 00:00:00+00:00,47.844838709677425,37,7d
2018-11-07 00:00:00+00:00,41.95829,61,30d
2018-11-07 00:00:00+00:00,43.941809523809525,25,60d
2018-11-08 00:00:00+00:00,45.680082568807336,103,30d
2018-11-08 00:00:00+00:00,44.55066666666667,11,60d
2018-11-08 00:00:00+00:00,38.25118203309693,37,7d
2018-11-09 00:00:00+00:00,40.829464988198275,72,14d
2018-11-09 00:00:00+00:00,40.84837858220211,77,30d
2018-11-09 00:00:00+00:00,41.59216954824316,69,60d
2018-11-09 00:00:00+00:00,32.124933388842635,173,7d
2018-11-10 00:00:00+00:00,40.00464065708419,34,14d
2018-11-10 00:00:00+00:00,40.71837209302325,5,30d
2018-11-10 00:00:00+00:00,42.87095808383234,13,60d
2018-11-10 00:00:00+00:00,34.42921465968586,47,7d
2018-11-11 00:00:00+00:00,39.0732268370607,90,14d
2018-11-11 00:00:00+00:00,41.50586387434555,17,60d
2018-11-11 00:00:00+00:00,37.603887640449436,75,7d
2018-11-12 00:00:00+00:00,39.101464174454826,42,14d
2018-11-12 00:00:00+00:00,40.41277372262774,13,60d
2018-11-12 00:00:00+00:00,35.8829197080292,37,7d
2018-11-13 00:00:00+00:00,38.91216981132075,65,14d
2018-11-13 00:00:00+00:00,40.92459183673469,14,60d
2018-11-13 00:00:00+00:00,34.900945121951224,22,7d
2018-11-14 00:00:00+00:00,62.8436692563818,356,14d
2018-11-15 00:00:00+00:00,74.47829207920793,47,14d
2018-11-15 00:00:00+00:00,70.54133333333333,3,7d
2018-11-16 00:00:00+00:00,62.90577352472089,51,14d
2018-11-16 00:00:00+00:00,66.6879914833215,103,7d
2018-11-17 00:00:00+00:00,53.01078125,12,14d
2018-11-17 00:00:00+00:00,63.83903225806452,26,7d
2018-11-18 00:00:00+00:00,60.68712802768166,79,14d
2018-11-18 00:00:00+00:00,48.3795,6,30d
2018-11-18 00:00:00+00:00,71.01737414965986,151,7d
2018-11-19 00:00:00+00:00,60.5033,9,14d
2018-11-19 00:00:00+00:00,61.325251116071435,127,30d
2018-11-19 00:00:00+00:00,71.78960615052603,293,7d
2018-11-20 00:00:00+00:00,74.11738932291668,109,30d
2018-11-20 00:00:00+00:00,108.20680337756333,279,7d
2018-11-21 00:00:00+00:00,81.65434972677595,57,30d
2018-11-21 00:00:00+00:00,101.2243080939948,76,7d
2018-11-22 00:00:00+00:00,70.60785714285714,38,30d
2018-11-22 00:00:00+00:00,87.44609571788413,61,7d
2018-11-23 00:00:00+00:00,79.59038759689922,45,30d
2018-11-23 00:00:00+00:00,91.41407580720636,157,7d
2018-11-24 00:00:00+00:00,81.45909684439607,73,30d
2018-11-24 00:00:00+00:00,127.99492424242423,192,7d
2018-11-25 00:00:00+00:00,97.25319023569024,96,30d
2018-11-25 00:00:00+00:00,124.8188069241012,260,7d
2018-11-26 00:00:00+00:00,106.83391592920354,73,30d
2018-11-26 00:00:00+00:00,152.29839777296627,235,7d
2018-11-27 00:00:00+00:00,103.5942258064516,51,30d
2018-11-27 00:00:00+00:00,142.01841807909605,21,7d
2018-11-28 00:00:00+00:00,96.55174459176551,66,30d
2018-11-29 00:00:00+00:00,91.52348600508907,30,30d
2018-11-29 00:00:00+00:00,105.95995283018867,95,7d
2018-11-30 00:00:00+00:00,93.48252873563217,78,30d
2018-11-30 00:00:00+00:00,89.51,1,60d
2018-11-30 00:00:00+00:00,106.3168576979116,183,7d
2018-12-01 00:00:00+00:00,96.38703703703703,37,30d
2018-12-01 00:00:00+00:00,89.7775,3,60d
2018-12-01 00:00:00+00:00,96.18365036231883,94,7d
2018-12-02 00:00:00+00:00,91.81048192771084,13,30d
2018-12-02 00:00:00+00:00,85.92,3,60d
2018-12-02 00:00:00+00:00,103.24651583710407,80,7d
2018-12-03 00:00:00+00:00,91.82581993569131,48,30d
2018-12-03 00:00:00+00:00,86.04333333333334,11,60d
2018-12-03 00:00:00+00:00,106.16968826907299,195,7d
2018-12-04 00:00:00+00:00,92.99203216374268,69,30d
2018-12-04 00:00:00+00:00,87.51411764705882,18,60d
2018-12-04 00:00:00+00:00,99.66718750000001,46,7d
2018-12-05 00:00:00+00:00,91.0127515151515,105,30d
2018-12-05 00:00:00+00:00,85.04678571428572,34,60d
2018-12-06 00:00:00+00:00,98.04884459459458,97,30d
2018-12-06 00:00:00+00:00,91.93616564417178,15,60d
2018-12-06 00:00:00+00:00,109.83871674491394,60,7d
2018-12-07 00:00:00+00:00,109.20796482412061,47,14d
2018-12-07 00:00:00+00:00,109.4759790491539,107,30d
2018-12-07 00:00:00+00:00,99.21884012539186,31,60d
2018-12-07 00:00:00+00:00,122.9447895100069,210,7d
2018-12-08 00:00:00+00:00,111.59660550458716,27,14d
2018-12-08 00:00:00+00:00,114.98,1,30d
2018-12-08 00:00:00+00:00,101.42879518072289,14,60d
2018-12-08 00:00:00+00:00,125.69062893081761,32,7d
2018-12-09 00:00:00+00:00,114.46884658454647,34,14d
2018-12-09 00:00:00+00:00,104.96545454545453,2,60d
2018-12-09 00:00:00+00:00,121.25873035066505,68,7d
2018-12-10 00:00:00+00:00,108.71257955314829,51,14d
2018-12-10 00:00:00+00:00,101.73860215053764,41,60d
2018-12-10 00:00:00+00:00,115.43311688311688,64,7d
2018-12-11 00:00:00+00:00,104.60954574132492,49,14d
2018-12-11 00:00:00+00:00,102.6,1,60d
2018-12-11 00:00:00+00:00,119.31532608695653,11,7d
2018-12-12 00:00:00+00:00,102.42975308641975,24,14d
2018-12-13 00:00:00+00:00,97.60149355057705,59,14d
2018-12-13 00:00:00+00:00,92.90941104294478,65,7d
2018-12-14 00:00:00+00:00,93.71300751879699,40,14d
2018-12-14 00:00:00+00:00,93.1133066502463,153,7d
2018-12-14 00:00:00+00:00,84.25210937499999,6,90d
2018-12-15 00:00:00+00:00,92.96570945945945,23,14d
2018-12-15 00:00:00+00:00,86.91726371447454,106,7d
2018-12-15 00:00:00+00:00,86.48009259259258,10,90d
2018-12-16 00:00:00+00:00,86.67043478260868,37,14d
2018-12-16 00:00:00+00:00,87.66321428571429,11,30d
2018-12-16 00:00:00+00:00,81.20529761904761,91,7d
2018-12-16 00:00:00+00:00,81.22814814814815,6,90d
2018-12-17 00:00:00+00:00,86.07033898305086,5,14d
2018-12-17 00:00:00+00:00,90.24938023450586,37,30d
2018-12-17 00:00:00+00:00,90.17962479429512,410,7d
2018-12-17 00:00:00+00:00,79.99799313893654,19,90d
2018-12-18 00:00:00+00:00,91.9160103626943,19,30d
2018-12-18 00:00:00+00:00,101.36541493775934,118,7d
2018-12-18 00:00:00+00:00,81.761875,4,90d
2018-12-19 00:00:00+00:00,91.37753628582063,56,30d
2018-12-19 00:00:00+00:00,102.26327538247567,183,7d
2018-12-19 00:00:00+00:00,84.83718309859157,8,90d
2018-12-20 00:00:00+00:00,91.47790865384614,57,30d
2018-12-20 00:00:00+00:00,102.85675781249999,248,7d
2018-12-20 00:00:00+00:00,83.02778846153846,9,90d
2018-12-21 00:00:00+00:00,92.19923200000001,53,30d
2018-12-21 00:00:00+00:00,105.22901299951853,272,7d
2018-12-21 00:00:00+00:00,85.26016393442623,9,90d
2018-12-22 00:00:00+00:00,94.42422077922078,39,30d
2018-12-22 00:00:00+00:00,100.56391246684349,66,7d
2018-12-22 00:00:00+00:00,84.59241071428572,11,90d
2018-12-23 00:00:00+00:00,95.12345013477088,97,30d
2018-12-23 00:00:00+00:00,109.92803602811951,118,7d
2018-12-23 00:00:00+00:00,88.75,2,90d
2018-12-24 00:00:00+00:00,102.65969696969697,32,30d
2018-12-24 00:00:00+00:00,119.25916504012145,221,7d
2018-12-24 00:00:00+00:00,87.77189300411523,12,90d
2018-12-25 00:00:00+00:00,100.9061390186916,133,30d
2018-12-25 00:00:00+00:00,120.6767498699948,120,7d
2018-12-25 00:00:00+00:00,89.18344017094017,46,90d
2018-12-26 00:00:00+00:00,99.8765637065637,35,30d
2018-12-26 00:00:00+00:00,88.57,4,90d
2018-12-27 00:00:00+00:00,99.72860354223435,32,30d
2018-12-27 00:00:00+00:00,100.40666666666667,36,7d
2018-12-27 00:00:00+00:00,86.344251497006,9,90d
2018-12-28 00:00:00+00:00,93.10208666666666,77,30d
2018-12-28 00:00:00+00:00,88.77879089949572,425,7d
2018-12-28 00:00:00+00:00,81.75896103896103,9,90d
2018-12-29 00:00:00+00:00,96.58946646341465,43,30d
2018-12-29 00:00:00+00:00,108.51427994616421,63,7d
2018-12-29 00:00:00+00:00,84.32166666666667,3,90d
2018-12-30 00:00:00+00:00,97.73793281653747,38,30d
2018-12-30 00:00:00+00:00,110.6297384806974,93,7d
2018-12-30 00:00:00+00:00,85.58666666666666,6,90d
2018-12-31 00:00:00+00:00,98.15410729991204,35,30d
2018-12-31 00:00:00+00:00,99.44545831414095,118,7d
2018-12-31 00:00:00+00:00,84.99778846153846,18,90d
2019-01-01 00:00:00+00:00,98.45715953307393,32,30d
2019-01-01 00:00:00+00:00,95.56292682926829,13,7d
2019-01-01 00:00:00+00:00,86.13793103448276,7,90d
2019-01-02 00:00:00+00:00,89.96497819767443,74,30d
2019-01-02 00:00:00+00:00,81.53338775510204,30,90d
2019-01-03 00:00:00+00:00,88.7686515071391,95,30d
2019-01-03 00:00:00+00:00,82.57561044460128,70,7d
2019-01-03 00:00:00+00:00,81.86076923076924,13,90d
2019-01-04 00:00:00+00:00,79.62165291878172,129,14d
2019-01-04 00:00:00+00:00,80.23212473888391,146,30d
2019-01-04 00:00:00+00:00,71.37182719241542,232,7d
2019-01-04 00:00:00+00:00,76.77800366300366,28,90d
2019-01-05 00:00:00+00:00,77.45991858887382,57,14d
2019-01-05 00:00:00+00:00,73.97290666666666,13,30d
2019-01-05 00:00:00+00:00,71.23021929824561,79,7d
2019-01-05 00:00:00+00:00,74.22521739130435,3,90d
2019-01-06 00:00:00+00:00,78.56634130146082,105,14d
2019-01-06 00:00:00+00:00,70.90880147510757,179,7d
2019-01-06 00:00:00+00:00,72.82168141592919,10,90d
2019-01-07 00:00:00+00:00,76.92127023661271,68,14d
2019-01-07 00:00:00+00:00,75.61963569381908,116,7d
2019-01-07 00:00:00+00:00,71.00670378619154,71,90d
2019-01-08 00:00:00+00:00,73.90740490278951,91,14d
2019-01-08 00:00:00+00:00,71.34962343096235,21,7d
2019-01-08 00:00:00+00:00,70.23804195804196,10,90d
2019-01-09 00:00:00+00:00,72.99919161676648,65,14d
2019-01-09 00:00:00+00:00,69.86243512974052,32,90d
2019-01-10 00:00:00+00:00,72.66877472431298,253,14d
2019-01-10 00:00:00+00:00,73.39466431095406,52,7d
2019-01-10 00:00:00+00:00,69.80007672634271,60,90d
2019-01-11 00:00:00+00:00,71.63267159450896,49,14d
2019-01-11 00:00:00+00:00,64.12194029850747,98,7d
2019-01-11 00:00:00+00:00,71.06727168949772,37,90d
2019-01-12 00:00:00+00:00,71.39785454545455,35,14d
2019-01-12 00:00:00+00:00,76.34885454545454,58,7d
2019-01-12 00:00:00+00:00,71.57880597014925,10,90d
2019-01-13 00:00:00+00:00,78.42640926640927,84,14d
2019-01-13 00:00:00+00:00,73.45319935691317,25,60d
2019-01-13 00:00:00+00:00,80.66220512820513,78,7d
2019-01-13 00:00:00+00:00,73.32,1,90d
2019-01-14 00:00:00+00:00,78.53227722772277,7,14d
2019-01-14 00:00:00+00:00,74.19927027027028,21,60d
2019-01-14 00:00:00+00:00,79.90812535940195,128,7d
2019-01-15 00:00:00+00:00,72.49422535211268,10,60d
2019-01-15 00:00:00+00:00,74.09405770964834,68,7d
2019-01-16 00:00:00+00:00,71.90031331592691,42,60d
2019-01-16 00:00:00+00:00,74.83639382239382,63,7d
2019-01-17 00:00:00+00:00,71.60398550724638,37,60d
2019-01-17 00:00:00+00:00,74.29286986831914,118,7d
2019-01-18 00:00:00+00:00,65.0673417721519,23,30d
2019-01-18 00:00:00+00:00,69.9096,10,60d
2019-01-18 00:00:00+00:00,66.7154217603912,132,7d
2019-01-19 00:00:00+00:00,66.07211849192102,36,30d
2019-01-19 00:00:00+00:00,68.17955223880597,17,60d
2019-01-19 00:00:00+00:00,66.35920737327189,113,7d
2019-01-20 00:00:00+00:00,70.79273148148148,39,30d
2019-01-20 00:00:00+00:00,68.75645885286782,26,60d
2019-01-20 00:00:00+00:00,69.42355458515284,110,7d
2019-01-21 00:00:00+00:00,64.81998862343572,55,30d
2019-01-21 00:00:00+00:00,66.9147014925373,25,60d
2019-01-21 00:00:00+00:00,65.0928888888889,146,7d
2019-01-22 00:00:00+00:00,69.29355864084765,146,30d
2019-01-22 00:00:00+00:00,67.51857923497268,14,60d
2019-01-22 00:00:00+00:00,63.7505361930295,23,7d
2019-01-23 00:00:00+00:00,68.728000896459,76,30d
2019-01-23 00:00:00+00:00,67.1888,12,60d
2019-01-24 00:00:00+00:00,65.53771050800279,78,30d
2019-01-24 00:00:00+00:00,65.5026,17,60d
2019-01-24 00:00:00+00:00,55.42986301369863,88,7d
2019-01-25 00:00:00+00:00,64.32446516730664,92,30d
2019-01-25 00:00:00+00:00,63.44758480325643,37,60d
2019-01-25 00:00:00+00:00,56.270773032121426,132,7d
2019-01-26 00:00:00+00:00,62.37109600679693,66,30d
2019-01-26 00:00:00+00:00,62.73964809384164,40,60d
2019-01-26 00:00:00+00:00,53.18039455143259,101,7d
2019-01-27 00:00:00+00:00,60.803333333333335,45,30d
2019-01-27 00:00:00+00:00,60.65412280701755,24,60d
2019-01-27 00:00:00+00:00,59.35624011857707,99,7d
2019-01-28 00:00:00+00:00,63.77507838283828,121,30d
2019-01-28 00:00:00+00:00,61.58787415730337,70,60d
2019-01-28 00:00:00+00:00,65.71676691729323,186,7d
2019-01-29 00:00:00+00:00,64.73168117519042,89,30d
2019-01-29 00:00:00+00:00,62.677801418439714,33,60d
2019-01-29 00:00:00+00:00,65.7335446313066,26,7d
2019-01-30 00:00:00+00:00,62.60066,97,30d
2019-01-30 00:00:00+00:00,61.22686868686868,9,60d
2019-01-31 00:00:00+00:00,61.36716071428572,84,30d
2019-01-31 00:00:00+00:00,60.761459854014596,23,60d
2019-01-31 00:00:00+00:00,59.42614855570839,71,7d
2019-02-01 00:00:00+00:00,57.44079931972789,32,14d
2019-02-01 00:00:00+00:00,58.640783912747104,800,30d
2019-02-01 00:00:00+00:00,58.19104602510461,13,60d
2019-02-01 00:00:00+00:00,49.4336498010233,170,7d
2019-02-02 00:00:00+00:00,59.65225806451613,16,14d
2019-02-02 00:00:00+00:00,57.05029411764706,8,30d
2019-02-02 00:00:00+00:00,57.25454545454545,6,60d
2019-02-02 00:00:00+00:00,48.62554334554334,81,7d
2019-02-03 00:00:00+00:00,59.44595995288574,43,14d
2019-02-03 00:00:00+00:00,59.86177223288548,41,60d
2019-02-03 00:00:00+00:00,53.67924479166667,58,7d
2019-02-04 00:00:00+00:00,56.85679498657117,32,14d
2019-02-04 00:00:00+00:00,59.99010113780025,32,60d
2019-02-04 00:00:00+00:00,56.43868691817736,59,7d
2019-02-05 00:00:00+00:00,57.408539823008844,15,14d
2019-02-05 00:00:00+00:00,59.1811433447099,13,60d
2019-02-05 00:00:00+00:00,56.720551724137934,14,7d
2019-02-06 00:00:00+00:00,58.873361086765996,104,14d
2019-02-06 00:00:00+00:00,59.10634816753927,44,60d
2019-02-07 00:00:00+00:00,56.476200000000006,37,14d
2019-02-07 00:00:00+00:00,58.59027687296417,28,60d
2019-02-07 00:00:00+00:00,47.961088691796014,119,7d
2019-02-08 00:00:00+00:00,53.77873846153847,376,14d
2019-02-08 00:00:00+00:00,57.62873998219057,85,60d
2019-02-08 00:00:00+00:00,50.564583965040576,457,7d
2019-02-09 00:00:00+00:00,54.39498924731182,43,14d
2019-02-09 00:00:00+00:00,58.08507299270073,26,60d
2019-02-09 00:00:00+00:00,55.645480643758155,131,7d
2019-02-10 00:00:00+00:00,53.980548494983275,48,14d
2019-02-10 00:00:00+00:00,58.798225806451605,4,60d
2019-02-10 00:00:00+00:00,57.48391871550426,109,7d
2019-02-11 00:00:00+00:00,54.93688191881919,42,14d
2019-02-11 00:00:00+00:00,57.77447665056361,34,60d
2019-02-11 00:00:00+00:00,53.91834840968777,170,7d
2019-02-12 00:00:00+00:00,56.49540880503144,7,60d
2019-02-12 00:00:00+00:00,56.145017355632696,134,7d
2019-02-13 00:00:00+00:00,50.78298241444867,76,7d
2019-02-14 00:00:00+00:00,50.800036172311735,153,7d
2019-02-15 00:00:00+00:00,49.43764366944655,230,7d
2019-02-16 00:00:00+00:00,57.300937499999996,18,60d
2019-02-16 00:00:00+00:00,54.05839333080713,90,7d
2019-02-17 00:00:00+00:00,54.85426356589147,70,30d
2019-02-17 00:00:00+00:00,56.313333333333325,10,60d
2019-02-17 00:00:00+00:00,52.28151715039577,139,7d
2019-02-18 00:00:00+00:00,55.11619692144373,411,30d
2019-02-18 00:00:00+00:00,55.5529534883721,21,60d
2019-02-18 00:00:00+00:00,57.52161707126078,813,7d
2019-02-19 00:00:00+00:00,59.60921728971962,250,30d
2019-02-19 00:00:00+00:00,59.26607526881721,9,60d
2019-02-19 00:00:00+00:00,70.70573997833152,187,7d
2019-02-20 00:00:00+00:00,56.913216195569134,113,30d
2019-02-20 00:00:00+00:00,57.39536791314837,22,60d
2019-02-21 00:00:00+00:00,58.32593625498008,69,30d
2019-02-21 00:00:00+00:00,58.043584905660374,5,60d
2019-02-21 00:00:00+00:00,56.50807146610615,126,7d
2019-02-22 00:00:00+00:00,57.766223776223775,120,30d
2019-02-22 00:00:00+00:00,56.57324110671936,23,60d
2019-02-22 00:00:00+00:00,52.07827901063338,275,7d
2019-02-23 00:00:00+00:00,60.188488335925356,115,30d
2019-02-23 00:00:00+00:00,59.021809145129225,22,60d
2019-02-23 00:00:00+00:00,54.939951134930645,257,7d
2019-02-24 00:00:00+00:00,62.22308968377398,124,30d
2019-02-24 00:00:00+00:00,59.48261160714286,37,60d
2019-02-24 00:00:00+00:00,63.406808482956016,366,7d
2019-02-25 00:00:00+00:00,60.57318306546453,122,30d
2019-02-25 00:00:00+00:00,60.42387234042553,15,60d
2019-02-25 00:00:00+00:00,67.55414125200642,164,7d
2019-02-26 00:00:00+00:00,57.898164601030494,136,30d
2019-02-26 00:00:00+00:00,59.496793587174345,11,60d
2019-02-26 00:00:00+00:00,62.364452296819785,28,7d
2019-02-27 00:00:00+00:00,58.11989355525449,274,30d
2019-02-27 00:00:00+00:00,57.91462719298246,11,60d
2019-02-28 00:00:00+00:00,57.268462532299736,117,30d
2019-02-28 00:00:00+00:00,57.44804347826087,8,60d
2019-02-28 00:00:00+00:00,53.83876775685498,147,7d
2019-03-01 00:00:00+00:00,49.80751190476191,38,14d
2019-03-01 00:00:00+00:00,55.00198601973685,39,30d
2019-03-01 00:00:00+00:00,56.71552371541502,7,60d
2019-03-01 00:00:00+00:00,47.26930168299422,160,7d
2019-03-02 00:00:00+00:00,50.611000000000004,20,14d
2019-03-02 00:00:00+00:00,55.69956284153005,37,30d
2019-03-02 00:00:00+00:00,56.435,2,60d
2019-03-02 00:00:00+00:00,44.732045123726344,89,7d
2019-03-03 00:00:00+00:00,51.26182707993475,21,14d
2019-03-03 00:00:00+00:00,56.091023676880226,50,30d
2019-03-03 00:00:00+00:00,55.75812499999999,3,60d
2019-03-03 00:00:00+00:00,48.91319787985866,89,7d
2019-03-04 00:00:00+00:00,50.858697123519455,30,14d
2019-03-04 00:00:00+00:00,54.60590254706534,147,30d
2019-03-04 00:00:00+00:00,55.911645569620255,14,60d
2019-03-04 00:00:00+00:00,51.72403483004616,259,7d
2019-03-05 00:00:00+00:00,53.30165111940299,163,30d
2019-03-05 00:00:00+00:00,55.3464870259481,19,60d
2019-03-05 00:00:00+00:00,51.2999729625338,229,7d
2019-03-06 00:00:00+00:00,52.122499999999995,135,30d
2019-03-06 00:00:00+00:00,54.746249999999996,5,60d
2019-03-06 00:00:00+00:00,51.08503225806452,70,7d
2019-03-07 00:00:00+00:00,49.85220447284345,114,30d
2019-03-07 00:00:00+00:00,52.285384615384615,5,60d
2019-03-07 00:00:00+00:00,47.090552763819105,78,7d
2019-03-08 00:00:00+00:00,47.0323629081947,175,14d
2019-03-08 00:00:00+00:00,48.719783616692425,210,30d
2019-03-08 00:00:00+00:00,52.17921960072596,19,60d
2019-03-08 00:00:00+00:00,44.41739251390997,273,7d
2019-03-09 00:00:00+00:00,46.2715792966158,130,14d
2019-03-09 00:00:00+00:00,48.27539130434783,27,30d
2019-03-09 00:00:00+00:00,52.07571428571429,3,60d
2019-03-09 00:00:00+00:00,43.99545763993949,109,7d
2019-03-10 00:00:00+00:00,47.60804979253112,60,14d
2019-03-10 00:00:00+00:00,52.52466666666667,4,60d
2019-03-10 00:00:00+00:00,44.215825801150366,66,7d
2019-03-11 00:00:00+00:00,47.41526495726496,40,14d
2019-03-11 00:00:00+00:00,50.96513888888889,12,60d
2019-03-11 00:00:00+00:00,43.970868686868684,181,7d
2019-03-12 00:00:00+00:00,48.73875,63,14d
2019-03-12 00:00:00+00:00,45.80593306288033,121,7d
2019-03-13 00:00:00+00:00,48.09368421052631,44,14d
2019-03-13 00:00:00+00:00,47.67729903536978,59,7d
2019-03-14 00:00:00+00:00,47.82572958500669,65,14d
2019-03-14 00:00:00+00:00,47.75457859174964,98,7d
2019-03-15 00:00:00+00:00,47.3272383857344,123,14d
2019-03-15 00:00:00+00:00,44.045593806621646,249,7d
2019-03-15 00:00:00+00:00,54.96406976744186,4,90d
2019-03-16 00:00:00+00:00,51.55958882020962,201,14d
2019-03-16 00:00:00+00:00,48.96165780141844,220,7d
2019-03-16 00:00:00+00:00,54.92707602339181,6,90d
2019-03-17 00:00:00+00:00,47.6708108108108,132,14d
2019-03-17 00:00:00+00:00,47.11982182628062,19,30d
2019-03-17 00:00:00+00:00,45.35433004926109,86,7d
2019-03-17 00:00:00+00:00,54.571081081081076,4,90d
2019-03-18 00:00:00+00:00,45.939017857142865,56,14d
2019-03-18 00:00:00+00:00,46.66884542586751,53,30d
2019-03-18 00:00:00+00:00,44.552857414689846,164,7d
2019-03-18 00:00:00+00:00,52.512610619469015,9,90d
2019-03-19 00:00:00+00:00,47.051596638655454,18,30d
2019-03-19 00:00:00+00:00,44.39114803625378,120,7d
2019-03-19 00:00:00+00:00,52.542435424354245,8,90d
2019-03-20 00:00:00+00:00,47.91458415841584,76,30d
2019-03-20 00:00:00+00:00,44.6777435804043,121,7d
2019-03-20 00:00:00+00:00,52.841562499999995,14,90d
2019-03-21 00:00:00+00:00,46.594510638297876,49,30d
2019-03-21 00:00:00+00:00,43.192950781968726,242,7d
2019-03-21 00:00:00+00:00,52.12464285714286,6,90d
2019-03-22 00:00:00+00:00,42.289274336283185,28,14d
2019-03-22 00:00:00+00:00,45.73038499506417,60,30d
2019-03-22 00:00:00+00:00,40.706478125442445,318,7d
2019-03-22 00:00:00+00:00,52.56,1,90d
2019-03-23 00:00:00+00:00,41.85563852813852,31,14d
2019-03-23 00:00:00+00:00,46.85454545454545,29,30d
2019-03-23 00:00:00+00:00,42.13910172272354,139,7d
2019-03-23 00:00:00+00:00,53.12285714285714,4,90d
2019-03-24 00:00:00+00:00,43.20272222222222,14,14d
2019-03-24 00:00:00+00:00,45.53403465346535,26,30d
2019-03-24 00:00:00+00:00,44.655075396825396,97,7d
2019-03-24 00:00:00+00:00,51.35,1,90d
2019-03-25 00:00:00+00:00,43.16778947368421,11,14d
2019-03-25 00:00:00+00:00,45.22365226337449,92,30d
2019-03-25 00:00:00+00:00,44.39511880920163,492,7d
2019-03-25 00:00:00+00:00,51.46894736842105,6,90d
2019-03-26 00:00:00+00:00,45.58629598893499,131,30d
2019-03-26 00:00:00+00:00,45.96630631139212,168,7d
2019-03-26 00:00:00+00:00,51.51672566371682,7,90d
2019-03-27 00:00:00+00:00,44.37165883265641,244,30d
2019-03-27 00:00:00+00:00,44.24035426305354,181,7d
2019-03-27 00:00:00+00:00,51.21938775510205,14,90d
2019-03-28 00:00:00+00:00,44.4284899451554,100,30d
2019-03-28 00:00:00+00:00,42.12354861603974,71,7d
2019-03-28 00:00:00+00:00,52.2868431372549,14,90d
2019-03-29 00:00:00+00:00,40.99806748466258,32,14d
2019-03-29 00:00:00+00:00,44.051027010050255,229,30d
2019-03-29 00:00:00+00:00,43.003486861529375,292,7d
2019-03-29 00:00:00+00:00,50.62062595419847,14,90d
2019-03-30 00:00:00+00:00,43.69182842830307,42,14d
2019-03-30 00:00:00+00:00,42.60271805273834,73,30d
2019-03-30 00:00:00+00:00,43.049493910690124,327,7d
2019-03-30 00:00:00+00:00,50.664634146341456,4,90d
2019-03-31 00:00:00+00:00,43.84580188679245,19,14d
2019-03-31 00:00:00+00:00,42.92953846153846,15,30d
2019-03-31 00:00:00+00:00,43.91584969532837,119,7d
2019-03-31 00:00:00+00:00,51.76655502392345,8,90d
2019-04-01 00:00:00+00:00,42.185540540540536,14,14d
2019-04-01 00:00:00+00:00,44.89911651021535,82,30d
2019-04-01 00:00:00+00:00,41.310788426374096,242,7d
2019-04-01 00:00:00+00:00,51.33721759809751,16,90d
2019-04-02 00:00:00+00:00,52.22067253441661,744,30d
2019-04-02 00:00:00+00:00,52.26879414865578,716,7d
2019-04-02 00:00:00+00:00,55.255672870436655,102,90d
2019-04-03 00:00:00+00:00,73.83748443157133,250,30d
2019-04-03 00:00:00+00:00,80.78204328561691,245,7d
2019-04-03 00:00:00+00:00,65.25849083215797,96,90d
2019-04-04 00:00:00+00:00,70.86723152022316,106,30d
2019-04-04 00:00:00+00:00,81.21888920134982,156,7d
2019-04-04 00:00:00+00:00,67.04779069767442,13,90d
2019-04-05 00:00:00+00:00,71.50235384615385,37,14d
2019-04-05 00:00:00+00:00,71.66504032258065,33,30d
2019-04-05 00:00:00+00:00,78.96683541017654,234,7d
2019-04-05 00:00:00+00:00,63.75465977605513,24,90d
2019-04-06 00:00:00+00:00,72.63207696506551,91,14d
2019-04-06 00:00:00+00:00,74.50370356612184,150,7d
2019-04-06 00:00:00+00:00,65.54364672364672,15,90d
2019-04-07 00:00:00+00:00,70.11722222222222,159,14d
2019-04-07 00:00:00+00:00,78.50484466019417,147,7d
2019-04-07 00:00:00+00:00,63.59781071835804,23,90d
2019-04-08 00:00:00+00:00,68.80954404603807,79,14d
2019-04-08 00:00:00+00:00,81.07178747534516,218,7d
2019-04-08 00:00:00+00:00,65.26936382536383,15,90d
2019-04-09 00:00:00+00:00,64.666362631288,23,14d
2019-04-09 00:00:00+00:00,64.43199999999999,3,60d
2019-04-09 00:00:00+00:00,71.9295280050346,82,7d
2019-04-09 00:00:00+00:00,63.72943037974684,11,90d
2019-04-10 00:00:00+00:00,58.92746521559444,134,14d
2019-04-10 00:00:00+00:00,63.843884204609324,51,60d
2019-04-10 00:00:00+00:00,58.80914866172202,106,7d
2019-04-10 00:00:00+00:00,63.286927949327,30,90d
2019-04-11 00:00:00+00:00,63.41953732264035,68,14d
2019-04-11 00:00:00+00:00,62.39657370517928,23,60d
2019-04-11 00:00:00+00:00,59.65107024336283,212,7d
2019-04-11 00:00:00+00:00,61.60078571428572,47,90d
2019-04-12 00:00:00+00:00,60.18930283224401,39,14d
2019-04-12 00:00:00+00:00,58.659821428571426,19,60d
2019-04-12 00:00:00+00:00,53.15814177136653,246,7d
2019-04-12 00:00:00+00:00,59.73346596858639,41,90d
2019-04-13 00:00:00+00:00,53.8700417710944,36,14d
2019-04-13 00:00:00+00:00,54.635393258426966,10,60d
2019-04-13 00:00:00+00:00,48.46029025570145,102,7d
2019-04-13 00:00:00+00:00,58.27285714285715,4,90d
2019-04-14 00:00:00+00:00,53.16045112781955,44,14d
2019-04-14 00:00:00+00:00,55.627272727272725,22,60d
2019-04-14 00:00:00+00:00,50.58755571531273,82,7d
2019-04-14 00:00:00+00:00,56.105,2,90d
2019-04-15 00:00:00+00:00,53.564375,12,14d
2019-04-15 00:00:00+00:00,56.85464028776978,14,60d
2019-04-15 00:00:00+00:00,52.69262963469695,204,7d
2019-04-16 00:00:00+00:00,56.64502664298402,35,60d
2019-04-16 00:00:00+00:00,49.444374335342076,273,7d
2019-04-17 00:00:00+00:00,56.7203125,6,60d
2019-04-17 00:00:00+00:00,49.45963577932512,76,7d
2019-04-18 00:00:00+00:00,55.893586956521744,15,60d
2019-04-18 00:00:00+00:00,51.30971761817065,95,7d
2019-04-19 00:00:00+00:00,52.52789346246974,23,14d
2019-04-19 00:00:00+00:00,54.470027548209366,19,60d
2019-04-19 00:00:00+00:00,48.76565464067501,268,7d
2019-04-20 00:00:00+00:00,52.65768929503917,18,14d
2019-04-20 00:00:00+00:00,54.15635555555556,11,60d
2019-04-20 00:00:00+00:00,50.865260703688,96,7d
2019-04-21 00:00:00+00:00,48.75965217391304,10,14d
2019-04-21 00:00:00+00:00,51.67556786703601,10,30d
2019-04-21 00:00:00+00:00,53.54880794701987,8,60d
2019-04-21 00:00:00+00:00,49.97131796433232,110,7d
2019-04-22 00:00:00+00:00,49.62,1,14d
2019-04-22 00:00:00+00:00,50.31634218289086,26,30d
2019-04-22 00:00:00+00:00,56.18267477203648,24,60d
2019-04-22 00:00:00+00:00,52.44466801058334,265,7d
2019-04-23 00:00:00+00:00,57.546664742109314,137,30d
2019-04-23 00:00:00+00:00,58.67990797546012,17,60d
2019-04-23 00:00:00+00:00,56.18858917898711,185,7d
2019-04-24 00:00:00+00:00,59.66403280067283,101,30d
2019-04-24 00:00:00+00:00,58.843612040133785,21,60d
2019-04-24 00:00:00+00:00,58.4688251826869,105,7d
2019-04-25 00:00:00+00:00,58.075339840925515,76,30d
2019-04-25 00:00:00+00:00,56.68978277734678,20,60d
2019-04-25 00:00:00+00:00,56.369320945945944,129,7d
2019-04-26 00:00:00+00:00,55.88861795774648,28,14d
2019-04-26 00:00:00+00:00,59.06444237050863,133,30d
2019-04-26 00:00:00+00:00,58.244871244635185,30,60d
2019-04-26 00:00:00+00:00,57.580403602627484,640,7d
2019-04-27 00:00:00+00:00,53.525802337938366,28,14d
2019-04-27 00:00:00+00:00,56.85747228381374,42,30d
2019-04-27 00:00:00+00:00,56.75251655629139,8,60d
2019-04-27 00:00:00+00:00,51.828632812500004,114,7d
2019-04-28 00:00:00+00:00,54.28618034447822,29,14d
2019-04-28 00:00:00+00:00,56.42707567964732,46,30d
2019-04-28 00:00:00+00:00,56.76792079207921,9,60d
2019-04-28 00:00:00+00:00,53.41620751341683,148,7d
2019-04-29 00:00:00+00:00,60.225437881873724,6,14d
2019-04-29 00:00:00+00:00,56.73388589881592,22,30d
2019-04-29 00:00:00+00:00,57.27253776435045,21,60d
2019-04-29 00:00:00+00:00,63.53314909544604,235,7d
2019-04-30 00:00:00+00:00,58.63509510869565,95,30d
2019-04-30 00:00:00+00:00,56.424503311258285,15,60d
2019-04-30 00:00:00+00:00,58.72332502078138,85,7d
2019-05-01 00:00:00+00:00,57.50265765765765,84,30d
2019-05-01 00:00:00+00:00,58.0643,8,60d
2019-05-01 00:00:00+00:00,56.639710478697154,123,7d
2019-05-02 00:00:00+00:00,56.349915611814346,51,30d
2019-05-02 00:00:00+00:00,57.95785826771654,32,60d
2019-05-02 00:00:00+00:00,57.30510638297873,156,7d
2019-05-03 00:00:00+00:00,60.574394079555965,53,14d
2019-05-03 00:00:00+00:00,58.24771730798712,170,30d
2019-05-03 00:00:00+00:00,59.04026315789474,46,60d
2019-05-03 00:00:00+00:00,56.73406516202687,420,7d
2019-05-04 00:00:00+00:00,60.06203895565686,70,14d
2019-05-04 00:00:00+00:00,57.717266576454655,266,30d
2019-05-04 00:00:00+00:00,59.33897058823529,29,60d
2019-05-04 00:00:00+00:00,58.311389839431435,204,7d
2019-05-05 00:00:00+00:00,60.41330769230769,12,14d
2019-05-05 00:00:00+00:00,59.35332842415316,53,30d
2019-05-05 00:00:00+00:00,60.225057471264385,11,60d
2019-05-05 00:00:00+00:00,58.694080188679244,61,7d
2019-05-06 00:00:00+00:00,68.04877605917956,43,14d
2019-05-06 00:00:00+00:00,62.586420824295004,98,30d
2019-05-06 00:00:00+00:00,60.829621749408986,26,60d
2019-05-06 00:00:00+00:00,66.05313819261214,228,7d
2019-05-07 00:00:00+00:00,63.4240879596251,57,30d
2019-05-07 00:00:00+00:00,61.71998691099476,39,60d
2019-05-07 00:00:00+00:00,68.41519938387815,217,7d
2019-05-08 00:00:00+00:00,62.729599471830994,65,30d
2019-05-08 00:00:00+00:00,62.052565217391304,20,60d
2019-05-08 00:00:00+00:00,64.63667901234568,98,7d
2019-05-09 00:00:00+00:00,61.31002310536044,114,30d
2019-05-09 00:00:00+00:00,61.772683033757126,65,60d
2019-05-09 00:00:00+00:00,61.61910862434884,185,7d
2019-05-10 00:00:00+00:00,61.7812175066313,156,14d
2019-05-10 00:00:00+00:00,59.85916984006093,188,30d
2019-05-10 00:00:00+00:00,62.049529356943154,77,60d
2019-05-10 00:00:00+00:00,62.25874800049219,597,7d
2019-05-11 00:00:00+00:00,74.39386967492949,392,14d
2019-05-11 00:00:00+00:00,64.33872403560831,134,30d
2019-05-11 00:00:00+00:00,75.10857972245822,186,60d
2019-05-11 00:00:00+00:00,79.51323804573803,1035,7d
2019-05-12 00:00:00+00:00,91.37026433509557,247,14d
2019-05-12 00:00:00+00:00,77.76342857142858,100,60d
2019-05-12 00:00:00+00:00,95.44160561660561,623,7d
2019-05-13 00:00:00+00:00,93.97910122699388,218,14d
2019-05-13 00:00:00+00:00,84.94137209302326,119,60d
2019-05-13 00:00:00+00:00,102.09024430505117,761,7d
2019-05-14 00:00:00+00:00,105.79954270342974,86,14d
2019-05-14 00:00:00+00:00,97.83294570135746,43,60d
2019-05-14 00:00:00+00:00,112.09966898954704,221,7d
2019-05-15 00:00:00+00:00,109.00468358347517,144,14d
2019-05-15 00:00:00+00:00,102.36578613022763,56,7d
2019-05-16 00:00:00+00:00,104.31533676703644,81,14d
2019-05-16 00:00:00+00:00,103.32340837460605,106,7d
2019-05-17 00:00:00+00:00,97.65042662554613,179,14d
2019-05-17 00:00:00+00:00,98.86640111420613,283,7d
2019-05-18 00:00:00+00:00,105.75025252525252,37,14d
2019-05-18 00:00:00+00:00,98.7002,61,7d
2019-05-19 00:00:00+00:00,100.02582354547937,111,14d
2019-05-19 00:00:00+00:00,99.24267616785433,47,30d
2019-05-19 00:00:00+00:00,106.0012147887324,208,7d
2019-05-20 00:00:00+00:00,100.93659793814435,28,14d
2019-05-20 00:00:00+00:00,99.04083135391924,73,30d
2019-05-20 00:00:00+00:00,102.77985414585415,349,7d
2019-05-21 00:00:00+00:00,95.12133116883116,40,30d
2019-05-21 00:00:00+00:00,94.1580299145299,96,7d
2019-05-22 00:00:00+00:00,91.65869680851064,19,30d
2019-05-22 00:00:00+00:00,95.10435382308846,89,7d
2019-05-23 00:00:00+00:00,89.42206845238094,46,30d
2019-05-23 00:00:00+00:00,86.15869548286604,113,7d
2019-05-24 00:00:00+00:00,86.69708561643836,58,14d
2019-05-24 00:00:00+00:00,88.9443670212766,61,30d
2019-05-24 00:00:00+00:00,86.32082653616095,239,7d
2019-05-25 00:00:00+00:00,80.8363043478261,18,14d
2019-05-25 00:00:00+00:00,86.63777777777777,13,30d
2019-05-25 00:00:00+00:00,84.82592592592593,103,7d
2019-05-26 00:00:00+00:00,91.6685682074408,88,14d
2019-05-26 00:00:00+00:00,83.89016514806379,80,30d
2019-05-26 00:00:00+00:00,92.71446592317226,366,7d
2019-05-27 00:00:00+00:00,95.41730088495575,25,14d
2019-05-27 00:00:00+00:00,94.56983462350458,77,30d
2019-05-27 00:00:00+00:00,104.31224541659104,360,7d
2019-05-28 00:00:00+00:00,91.0508679245283,33,30d
2019-05-28 00:00:00+00:00,98.03726016260163,53,7d
2019-05-29 00:00:00+00:00,90.39840637450199,53,30d
2019-05-29 00:00:00+00:00,91.60099230769231,61,7d
2019-05-30 00:00:00+00:00,90.45712807706028,102,30d
2019-05-30 00:00:00+00:00,90.86898661567878,237,7d
2019-05-31 00:00:00+00:00,81.56142635658914,35,14d
2019-05-31 00:00:00+00:00,87.89052803483942,78,30d
2019-05-31 00:00:00+00:00,86.72413177762526,294,7d
2019-06-01 00:00:00+00:00,85.73072948328269,21,14d
2019-06-01 00:00:00+00:00,86.62200750469043,24,30d
2019-06-01 00:00:00+00:00,81.25178010471204,83,7d
2019-06-02 00:00:00+00:00,82.69399305555555,26,14d
2019-06-02 00:00:00+00:00,87.12709190096515,69,30d
2019-06-02 00:00:00+00:00,80.27017099430019,121,7d
2019-06-03 00:00:00+00:00,79.39412234042553,17,14d
2019-06-03 00:00:00+00:00,84.97783742331288,66,30d
2019-06-03 00:00:00+00:00,79.55620682210707,222,7d
2019-06-04 00:00:00+00:00,85.04761431411531,112,30d
2019-06-04 00:00:00+00:00,93.90558325299544,324,7d
2019-06-05 00:00:00+00:00,85.21210950080514,23,30d
2019-06-05 00:00:00+00:00,86.98640410958905,39,7d
2019-06-06 00:00:00+00:00,79.19500420521446,75,30d
2019-06-06 00:00:00+00:00,74.87131447587355,78,7d
2019-06-07 00:00:00+00:00,73.44461016949153,98,14d
2019-06-07 00:00:00+00:00,75.26720029784065,78,30d
2019-06-07 00:00:00+00:00,68.4782685769791,359,7d
2019-06-08 00:00:00+00:00,70.94783561643835,48,14d
2019-06-08 00:00:00+00:00,71.17560606060606,11,30d
2019-06-08 00:00:00+00:00,68.11543764523626,96,7d
2019-06-09 00:00:00+00:00,71.6481243523316,86,14d
2019-06-09 00:00:00+00:00,76.09830320699709,106,7d
2019-06-10 00:00:00+00:00,72.31429543245869,117,14d
2019-06-10 00:00:00+00:00,73.44195323488046,268,7d
2019-06-11 00:00:00+00:00,73.3262,43,14d
2019-06-11 00:00:00+00:00,70.9457217847769,84,7d
2019-06-12 00:00:00+00:00,71.62649941656942,91,14d
2019-06-12 00:00:00+00:00,70.29104278074867,71,7d
2019-06-13 00:00:00+00:00,72.32903829787234,49,14d
2019-06-13 00:00:00+00:00,70.52518364928909,116,7d
2019-06-14 00:00:00+00:00,72.54423322332234,141,14d
2019-06-14 00:00:00+00:00,70.94954753994621,311,7d
2019-06-14 00:00:00+00:00,70.98669106881405,22,90d
2019-06-15 00:00:00+00:00,75.04510805500982,121,14d
2019-06-15 00:00:00+00:00,72.3211565538049,157,7d
2019-06-15 00:00:00+00:00,71.46000000000001,5,90d
2019-06-16 00:00:00+00:00,87.45455674518202,279,14d
2019-06-16 00:00:00+00:00,74.48418390804598,22,30d
2019-06-16 00:00:00+00:00,87.8090143291359,358,7d
2019-06-16 00:00:00+00:00,77.5731941031941,27,90d
2019-06-17 00:00:00+00:00,86.99265060240963,10,14d
2019-06-17 00:00:00+00:00,81.70901423877328,40,30d
2019-06-17 00:00:00+00:00,95.51341610414659,397,7d
2019-06-17 00:00:00+00:00,79.52862824675324,28,90d
2019-06-18 00:00:00+00:00,83.69050877192983,43,30d
2019-06-18 00:00:00+00:00,98.64573952288845,234,7d
2019-06-18 00:00:00+00:00,81.43877192982457,13,90d
2019-06-19 00:00:00+00:00,84.49900000000001,8,30d
2019-06-19 00:00:00+00:00,89.74538689217759,76,7d
2019-06-19 00:00:00+00:00,80.239,4,90d
2019-06-20 00:00:00+00:00,81.12179378531073,44,30d
2019-06-20 00:00:00+00:00,87.03666529435982,178,7d
2019-06-20 00:00:00+00:00,80.93306930693069,19,90d
2019-06-21 00:00:00+00:00,90.62153465346535,48,14d
2019-06-21 00:00:00+00:00,91.48903743315509,53,30d
2019-06-21 00:00:00+00:00,92.88896561577292,509,7d
2019-06-21 00:00:00+00:00,84.10481835564053,34,90d
2019-06-22 00:00:00+00:00,110.15569749216301,72,14d
2019-06-22 00:00:00+00:00,103.51764501891552,100,30d
2019-06-22 00:00:00+00:00,105.91722639314793,650,7d
2019-06-22 00:00:00+00:00,100.32610339506174,97,90d
2019-06-23 00:00:00+00:00,106.16899109792284,42,14d
2019-06-23 00:00:00+00:00,97.00857280617166,44,30d
2019-06-23 00:00:00+00:00,97.03052055525895,225,7d
2019-06-23 00:00:00+00:00,99.33772881355932,49,90d
2019-06-24 00:00:00+00:00,101.14975845410629,23,14d
2019-06-24 00:00:00+00:00,95.09986344537815,40,30d
2019-06-24 00:00:00+00:00,91.73374511506731,267,7d
2019-06-24 00:00:00+00:00,96.48883333333335,29,90d
2019-06-25 00:00:00+00:00,94.27901709401709,83,30d
2019-06-25 00:00:00+00:00,98.7259185167114,240,7d
2019-06-25 00:00:00+00:00,93.60102639296187,24,90d
2019-06-26 00:00:00+00:00,105.07480748470674,198,30d
2019-06-26 00:00:00+00:00,118.94599461460788,318,7d
2019-06-26 00:00:00+00:00,100.90689357622244,59,90d
2019-06-27 00:00:00+00:00,128.22242379023663,148,30d
2019-06-27 00:00:00+00:00,129.05594047619047,265,7d
2019-06-27 00:00:00+00:00,112.50212809917356,22,90d
2019-06-28 00:00:00+00:00,120.96948502994013,38,14d
2019-06-28 00:00:00+00:00,116.3930494623656,175,30d
2019-06-28 00:00:00+00:00,124.10388377262625,242,7d
2019-06-28 00:00:00+00:00,104.04496792587314,26,90d
2019-06-29 00:00:00+00:00,99.49609427609428,21,14d
2019-06-29 00:00:00+00:00,102.85747734138972,59,30d
2019-06-29 00:00:00+00:00,111.48274573517466,95,7d
2019-06-29 00:00:00+00:00,97.94044397463001,25,90d
2019-06-30 00:00:00+00:00,104.80450306748465,29,14d
2019-06-30 00:00:00+00:00,98.7732262210797,66,30d
2019-06-30 00:00:00+00:00,99.14323711340207,112,7d
2019-06-30 00:00:00+00:00,96.48326923076924,8,90d
2019-07-01 00:00:00+00:00,105.93350877192982,9,14d
2019-07-01 00:00:00+00:00,100.61596062457569,115,30d
2019-07-01 00:00:00+00:00,105.45746576329825,289,7d
2019-07-01 00:00:00+00:00,100.81693154034231,28,90d
2019-07-02 00:00:00+00:00,104.02063139931741,129,30d
2019-07-02 00:00:00+00:00,104.25552570634552,198,7d
2019-07-02 00:00:00+00:00,101.49336442371752,57,90d
2019-07-03 00:00:00+00:00,105.52742545454547,59,30d
2019-07-03 00:00:00+00:00,104.84852578475335,95,7d
2019-07-03 00:00:00+00:00,97.16128326996197,19,90d
2019-07-04 00:00:00+00:00,105.32326968973747,47,30d
2019-07-04 00:00:00+00:00,105.6252654155496,103,7d
2019-07-04 00:00:00+00:00,98.54413306451612,21,90d
2019-07-05 00:00:00+00:00,97.52624325236168,89,14d
2019-07-05 00:00:00+00:00,97.94958256804141,92,30d
2019-07-05 00:00:00+00:00,101.83918451400329,143,7d
2019-07-05 00:00:00+00:00,98.64184615384615,6,90d
2019-07-06 00:00:00+00:00,93.29667553191489,75,14d
2019-07-06 00:00:00+00:00,100.49,4,30d
2019-07-06 00:00:00+00:00,96.75467376830893,88,7d
2019-07-06 00:00:00+00:00,98.1625,5,90d
2019-07-07 00:00:00+00:00,94.3501081081081,40,14d
2019-07-07 00:00:00+00:00,97.30828393135727,90,7d
2019-07-07 00:00:00+00:00,95.40433333333333,10,90d
2019-07-08 00:00:00+00:00,95.5385122254455,93,14d
2019-07-08 00:00:00+00:00,97.52878425435277,264,7d
2019-07-08 00:00:00+00:00,95.63441400304413,15,90d
2019-07-09 00:00:00+00:00,100.4453927203065,88,14d
2019-07-09 00:00:00+00:00,98.49285594091802,612,7d
2019-07-09 00:00:00+00:00,98.654192139738,27,90d
2019-07-10 00:00:00+00:00,104.31187393526405,98,14d
2019-07-10 00:00:00+00:00,105.16739191919191,171,7d
2019-07-10 00:00:00+00:00,100.88637209302327,49,90d
2019-07-11 00:00:00+00:00,106.60789903110658,111,14d
2019-07-11 00:00:00+00:00,111.23048712206047,112,7d
2019-07-11 00:00:00+00:00,100.26952941176471,93,90d
2019-07-12 00:00:00+00:00,102.9645085296507,51,14d
2019-07-12 00:00:00+00:00,103.56739145658263,237,7d
2019-07-12 00:00:00+00:00,98.90368421052631,49,90d
2019-07-13 00:00:00+00:00,97.80117288135594,88,14d
2019-07-13 00:00:00+00:00,100.84687071498531,190,7d
2019-07-13 00:00:00+00:00,95.94951923076924,31,90d
2019-07-14 00:00:00+00:00,105.99766936299291,184,14d
2019-07-14 00:00:00+00:00,98.29266226622661,42,60d
2019-07-14 00:00:00+00:00,101.03319743233867,320,7d
2019-07-14 00:00:00+00:00,98.5228,7,90d
2019-07-15 00:00:00+00:00,111.37970963172806,85,14d
2019-07-15 00:00:00+00:00,101.77473265073947,45,60d
2019-07-15 00:00:00+00:00,121.66065530661618,418,7d
2019-07-16 00:00:00+00:00,104.71419945105215,57,60d
2019-07-16 00:00:00+00:00,132.41078358208955,411,7d
2019-07-17 00:00:00+00:00,107.04810615989516,54,60d
2019-07-17 00:00:00+00:00,129.75204023668638,223,7d
2019-07-18 00:00:00+00:00,103.51003021148037,29,60d
2019-07-18 00:00:00+00:00,125.75496905393459,237,7d
2019-07-19 00:00:00+00:00,120.88952308856926,49,14d
2019-07-19 00:00:00+00:00,106.24517802644965,36,60d
2019-07-19 00:00:00+00:00,125.676953762466,347,7d
2019-07-20 00:00:00+00:00,116.39977142857144,42,14d
2019-07-20 00:00:00+00:00,101.46735191637632,33,60d
2019-07-20 00:00:00+00:00,124.55136714443219,262,7d
2019-07-21 00:00:00+00:00,116.08685106382978,29,14d
2019-07-21 00:00:00+00:00,105.85,7,30d
2019-07-21 00:00:00+00:00,101.51115,7,60d
2019-07-21 00:00:00+00:00,126.86415688696727,149,7d
2019-07-22 00:00:00+00:00,109.84571428571428,2,14d
2019-07-22 00:00:00+00:00,103.51741794310722,20,30d
2019-07-22 00:00:00+00:00,100.2429648241206,9,60d
2019-07-22 00:00:00+00:00,118.87755575493462,342,7d
2019-07-23 00:00:00+00:00,105.64621875,19,30d
2019-07-23 00:00:00+00:00,103.63035398230087,44,60d
2019-07-23 00:00:00+00:00,113.71540442837777,139,7d
2019-07-24 00:00:00+00:00,104.74946043165467,27,30d
2019-07-24 00:00:00+00:00,103.74493055555554,30,60d
2019-07-24 00:00:00+00:00,111.51982426303853,100,7d
2019-07-25 00:00:00+00:00,104.38365609348915,18,30d
2019-07-25 00:00:00+00:00,104.41714285714286,2,60d
2019-07-25 00:00:00+00:00,110.42260162601626,83,7d
2019-07-26 00:00:00+00:00,99.71704851752021,23,14d
2019-07-26 00:00:00+00:00,100.54850415512465,28,30d
2019-07-26 00:00:00+00:00,98.00583657587549,10,60d
2019-07-26 00:00:00+00:00,101.04326213228404,272,7d
2019-07-27 00:00:00+00:00,99.15517780938835,59,14d
2019-07-27 00:00:00+00:00,93.98642960812771,38,30d
2019-07-27 00:00:00+00:00,94.56559414990859,18,60d
2019-07-27 00:00:00+00:00,105.45177757520511,420,7d
2019-07-28 00:00:00+00:00,102.5849016100179,64,14d
2019-07-28 00:00:00+00:00,96.68289556962026,27,30d
2019-07-28 00:00:00+00:00,97.19182432432433,9,60d
2019-07-28 00:00:00+00:00,102.0854933126575,522,7d
2019-07-29 00:00:00+00:00,96.44710280373832,15,14d
2019-07-29 00:00:00+00:00,95.18536312849163,14,30d
2019-07-29 00:00:00+00:00,96.18087378640776,15,60d
2019-07-29 00:00:00+00:00,105.03956796023705,381,7d
2019-07-30 00:00:00+00:00,96.32896678966789,47,30d
2019-07-30 00:00:00+00:00,93.86072443181817,20,60d
2019-07-30 00:00:00+00:00,97.53798644067797,196,7d
2019-07-31 00:00:00+00:00,97.67100814663951,44,30d
2019-07-31 00:00:00+00:00,94.53088607594935,11,60d
2019-07-31 00:00:00+00:00,100.70377797672337,91,7d
2019-08-01 00:00:00+00:00,97.56190744920994,47,30d
2019-08-01 00:00:00+00:00,92.624,9,60d
2019-08-01 00:00:00+00:00,96.76137421919364,161,7d
2019-08-02 00:00:00+00:00,93.45874285714285,25,14d
2019-08-02 00:00:00+00:00,98.2629392971246,34,30d
2019-08-02 00:00:00+00:00,95.47439189189188,16,60d
2019-08-02 00:00:00+00:00,95.03235975721904,324,7d
2019-08-03 00:00:00+00:00,89.68103559870552,24,14d
2019-08-03 00:00:00+00:00,94.77650000000001,25,30d
2019-08-03 00:00:00+00:00,93.16809798270894,23,60d
2019-08-03 00:00:00+00:00,92.08707024557395,207,7d
2019-08-04 00:00:00+00:00,91.88065727699531,35,14d
2019-08-04 00:00:00+00:00,95.30948872180451,21,30d
2019-08-04 00:00:00+00:00,93.19267857142859,8,60d
2019-08-04 00:00:00+00:00,97.21491520290733,302,7d
2019-08-05 00:00:00+00:00,100.54452793834297,34,14d
2019-08-05 00:00:00+00:00,101.76193985599322,101,30d
2019-08-05 00:00:00+00:00,98.47910714285713,33,60d
2019-08-05 00:00:00+00:00,108.98245664267014,611,7d
2019-08-06 00:00:00+00:00,102.94214788732394,41,30d
2019-08-06 00:00:00+00:00,101.74533757961784,43,60d
2019-08-06 00:00:00+00:00,106.55371762835075,320,7d
2019-08-07 00:00:00+00:00,100.54935393258425,23,30d
2019-08-07 00:00:00+00:00,98.85271844660194,15,60d
2019-08-07 00:00:00+00:00,101.86434942287514,87,7d
2019-08-08 00:00:00+00:00,97.3417250996016,55,30d
2019-08-08 00:00:00+00:00,94.95297052154196,14,60d
2019-08-08 00:00:00+00:00,97.91211258278145,102,7d
2019-08-09 00:00:00+00:00,94.68624196376389,50,14d
2019-08-09 00:00:00+00:00,96.06738175675676,19,30d
2019-08-09 00:00:00+00:00,94.82293103448276,12,60d
2019-08-09 00:00:00+00:00,90.50085458217622,448,7d
2019-08-10 00:00:00+00:00,89.1992230576441,60,14d
2019-08-10 00:00:00+00:00,99.03123076923079,4,30d
2019-08-10 00:00:00+00:00,98.11613861386138,22,60d
2019-08-10 00:00:00+00:00,89.07888947786905,314,7d
2019-08-11 00:00:00+00:00,88.03666666666668,29,14d
2019-08-11 00:00:00+00:00,94.31805128205129,11,60d
2019-08-11 00:00:00+00:00,82.17151927437642,165,7d
2019-08-12 00:00:00+00:00,88.43804819277109,22,14d
2019-08-12 00:00:00+00:00,90.9629268292683,19,60d
2019-08-12 00:00:00+00:00,86.03552715654953,192,7d
2019-08-13 00:00:00+00:00,88.61965753424657,23,14d
2019-08-13 00:00:00+00:00,90.60506849315068,6,60d
2019-08-13 00:00:00+00:00,83.1116136218969,142,7d
2019-08-14 00:00:00+00:00,87.40231381055675,79,14d
2019-08-14 00:00:00+00:00,86.3751180358829,188,7d
2019-08-15 00:00:00+00:00,92.98928912907918,157,14d
2019-08-15 00:00:00+00:00,96.84125945855052,301,7d
2019-08-16 00:00:00+00:00,88.83678324896457,93,14d
2019-08-16 00:00:00+00:00,88.90807785434905,440,7d
2019-08-17 00:00:00+00:00,100.82808578008061,91,14d
2019-08-17 00:00:00+00:00,93.4399890510949,180,7d
2019-08-18 00:00:00+00:00,99.99483394833948,29,14d
2019-08-18 00:00:00+00:00,91.97710937500001,10,30d
2019-08-18 00:00:00+00:00,90.91368250539958,136,7d
2019-08-19 00:00:00+00:00,96.49713230769231,48,14d
2019-08-19 00:00:00+00:00,91.45067757009346,15,30d
2019-08-19 00:00:00+00:00,88.21865021171126,393,7d
2019-08-20 00:00:00+00:00,88.67170100058858,38,30d
2019-08-20 00:00:00+00:00,85.21347714101738,152,7d
2019-08-21 00:00:00+00:00,89.61393246187363,38,30d
2019-08-21 00:00:00+00:00,87.85242060515128,181,7d
2019-08-22 00:00:00+00:00,87.21811059907834,34,30d
2019-08-22 00:00:00+00:00,84.5650724637681,138,7d
2019-08-23 00:00:00+00:00,78.41545977011495,16,14d
2019-08-23 00:00:00+00:00,84.57116666666667,21,30d
2019-08-23 00:00:00+00:00,80.75512511778871,375,7d
2019-08-24 00:00:00+00:00,82.63346379647749,44,14d
2019-08-24 00:00:00+00:00,87.62106145251397,25,30d
2019-08-24 00:00:00+00:00,79.7563990167964,192,7d
2019-08-25 00:00:00+00:00,85.38310782241015,31,14d
2019-08-25 00:00:00+00:00,84.24666666666667,7,30d
2019-08-25 00:00:00+00:00,90.53260808080809,185,7d
2019-08-26 00:00:00+00:00,86.17443747694577,66,14d
2019-08-26 00:00:00+00:00,84.60598198198197,31,30d
2019-08-26 00:00:00+00:00,89.05143522960931,267,7d
2019-08-27 00:00:00+00:00,85.38256032171581,30,30d
2019-08-27 00:00:00+00:00,81.49325046040515,119,7d
2019-08-28 00:00:00+00:00,83.25543560606059,38,30d
2019-08-28 00:00:00+00:00,82.9104089456869,123,7d
2019-08-29 00:00:00+00:00,84.32847862886162,169,30d
2019-08-29 00:00:00+00:00,81.22013522500554,279,7d
2019-08-30 00:00:00+00:00,75.376,34,14d
2019-08-30 00:00:00+00:00,81.67519236249645,98,30d
2019-08-30 00:00:00+00:00,79.95,3,60d
2019-08-30 00:00:00+00:00,77.01832642545087,376,7d
2019-08-31 00:00:00+00:00,77.40373015873016,22,14d
2019-08-31 00:00:00+00:00,83.5034073441503,38,30d
2019-08-31 00:00:00+00:00,80.47816901408451,4,60d
2019-08-31 00:00:00+00:00,77.91821446895844,105,7d
2019-09-01 00:00:00+00:00,77.05666666666666,20,14d
2019-09-01 00:00:00+00:00,82.07534328358209,17,30d
2019-09-01 00:00:00+00:00,77.50251612903226,10,60d
2019-09-01 00:00:00+00:00,78.23564666666667,114,7d
2019-09-02 00:00:00+00:00,76.558125,6,14d
2019-09-02 00:00:00+00:00,83.95576761904762,78,30d
2019-09-02 00:00:00+00:00,79.01264367816093,6,60d
2019-09-02 00:00:00+00:00,77.79643308080809,505,7d
2019-09-03 00:00:00+00:00,84.30764172335601,141,30d
2019-09-03 00:00:00+00:00,80.24103070175438,28,60d
2019-09-03 00:00:00+00:00,81.10027027027027,278,7d
2019-09-04 00:00:00+00:00,79.27798691860465,54,30d
2019-09-04 00:00:00+00:00,79.04585461689588,14,60d
2019-09-04 00:00:00+00:00,78.093811329699,140,7d
2019-09-05 00:00:00+00:00,80.03833504624872,24,30d
2019-09-05 00:00:00+00:00,77.98359756097562,13,60d
2019-09-05 00:00:00+00:00,75.34180974477958,106,7d
2019-09-06 00:00:00+00:00,78.64937246331564,130,14d
2019-09-06 00:00:00+00:00,78.95567609254499,132,30d
2019-09-06 00:00:00+00:00,78.08964028776978,14,60d
2019-09-06 00:00:00+00:00,75.86615251038127,733,7d
2019-09-07 00:00:00+00:00,73.65906384645514,73,14d
2019-09-07 00:00:00+00:00,76.80417582417583,11,30d
2019-09-07 00:00:00+00:00,75.44220512820513,8,60d
2019-09-07 00:00:00+00:00,73.30277472527473,171,7d
2019-09-08 00:00:00+00:00,70.66651351351352,73,14d
2019-09-08 00:00:00+00:00,74.03396226415094,3,60d
2019-09-08 00:00:00+00:00,70.12388563049853,194,7d
2019-09-09 00:00:00+00:00,70.92711508951406,83,14d
2019-09-09 00:00:00+00:00,73.87867021276595,12,60d
2019-09-09 00:00:00+00:00,68.42054725472548,361,7d
2019-09-10 00:00:00+00:00,69.1690876101607,59,14d
2019-09-10 00:00:00+00:00,73.86272727272726,2,60d
2019-09-10 00:00:00+00:00,68.6476209977662,150,7d
2019-09-11 00:00:00+00:00,70.28385302197802,52,14d
2019-09-11 00:00:00+00:00,66.61052230685527,129,7d
2019-09-12 00:00:00+00:00,70.0717512437811,53,14d
2019-09-12 00:00:00+00:00,65.50473848285418,260,7d
2019-09-13 00:00:00+00:00,66.88304937601735,88,14d
2019-09-13 00:00:00+00:00,61.12148857319333,484,7d
2019-09-13 00:00:00+00:00,73.74559440559439,8,90d
2019-09-14 00:00:00+00:00,66.0745929473226,100,14d
2019-09-14 00:00:00+00:00,58.32641383687717,237,7d
2019-09-14 00:00:00+00:00,73.2041129032258,8,90d
2019-09-15 00:00:00+00:00,67.02050233039877,103,14d
2019-09-15 00:00:00+00:00,70.28,2,30d
2019-09-15 00:00:00+00:00,58.99947855340623,146,7d
2019-09-15 00:00:00+00:00,75.40494285714286,8,90d
2019-09-16 00:00:00+00:00,66.99374691865242,62,14d
2019-09-16 00:00:00+00:00,69.47019851116626,17,30d
2019-09-16 00:00:00+00:00,66.92809248554913,523,7d
2019-09-16 00:00:00+00:00,73.70050602409638,19,90d
2019-09-17 00:00:00+00:00,68.84961977186312,18,30d
2019-09-17 00:00:00+00:00,69.77107155404615,206,7d
2019-09-17 00:00:00+00:00,72.7582251082251,26,90d
2019-09-18 00:00:00+00:00,68.9786976744186,26,30d
2019-09-18 00:00:00+00:00,68.85515579826534,164,7d
2019-09-18 00:00:00+00:00,72.74213983050848,12,90d
2019-09-19 00:00:00+00:00,70.31768250289687,54,30d
2019-09-19 00:00:00+00:00,69.68807241469133,479,7d
2019-09-19 00:00:00+00:00,72.86869318181817,13,90d
2019-09-20 00:00:00+00:00,62.49123809523809,41,14d
2019-09-20 00:00:00+00:00,68.69341701534171,34,30d
2019-09-20 00:00:00+00:00,63.52094025661587,518,7d
2019-09-20 00:00:00+00:00,71.73862745098039,8,90d
2019-09-21 00:00:00+00:00,59.102301255230124,27,14d
2019-09-21 00:00:00+00:00,65.49280487804879,16,30d
2019-09-21 00:00:00+00:00,57.46248433468485,289,7d
2019-09-21 00:00:00+00:00,68.50111111111111,2,90d
2019-09-22 00:00:00+00:00,59.94535842293907,71,14d
2019-09-22 00:00:00+00:00,65.83396226415094,14,30d
2019-09-22 00:00:00+00:00,63.01617222498756,343,7d
2019-09-22 00:00:00+00:00,72.08758620689656,7,90d
2019-09-23 00:00:00+00:00,64.58530253025302,35,14d
2019-09-23 00:00:00+00:00,70.166784765279,32,30d
2019-09-23 00:00:00+00:00,69.33477103086544,507,7d
2019-09-23 00:00:00+00:00,73.47298387096774,15,90d
2019-09-24 00:00:00+00:00,77.79348596193705,280,30d
2019-09-24 00:00:00+00:00,74.8157677045177,418,7d
2019-09-24 00:00:00+00:00,76.6209243697479,64,90d
2019-09-25 00:00:00+00:00,82.22065599173554,98,30d
2019-09-25 00:00:00+00:00,86.79245929945733,249,7d
2019-09-25 00:00:00+00:00,79.5991017964072,18,90d
2019-09-26 00:00:00+00:00,88.48929772046972,127,30d
2019-09-26 00:00:00+00:00,92.20740719424461,219,7d
2019-09-26 00:00:00+00:00,81.9801066098081,40,90d
2019-09-27 00:00:00+00:00,91.78773175542406,43,14d
2019-09-27 00:00:00+00:00,93.65521085880144,137,30d
2019-09-27 00:00:00+00:00,90.49883977900552,3,60d
2019-09-27 00:00:00+00:00,94.66518428933425,438,7d
2019-09-27 00:00:00+00:00,88.17309143686502,32,90d
2019-09-28 00:00:00+00:00,86.01719101123595,15,14d
2019-09-28 00:00:00+00:00,91.66051565377533,21,30d
2019-09-28 00:00:00+00:00,86.26129406706794,132,7d
2019-09-28 00:00:00+00:00,88.01007812499999,8,90d
2019-09-29 00:00:00+00:00,93.83723101265822,50,14d
2019-09-29 00:00:00+00:00,89.31457593688361,20,30d
2019-09-29 00:00:00+00:00,88.88,1,60d
2019-09-29 00:00:00+00:00,88.76276235294118,196,7d
2019-09-29 00:00:00+00:00,89.56091397849463,7,90d
2019-09-30 00:00:00+00:00,94.11683823529411,37,14d
2019-09-30 00:00:00+00:00,90.00382252559727,75,30d
2019-09-30 00:00:00+00:00,88.52527777777777,7,60d
2019-09-30 00:00:00+00:00,90.8690955148264,504,7d
2019-09-30 00:00:00+00:00,88.42828358208955,22,90d
2019-10-01 00:00:00+00:00,83.15238062283737,78,30d
2019-10-01 00:00:00+00:00,87.36244791666667,7,60d
2019-10-01 00:00:00+00:00,84.5400642543118,221,7d
2019-10-01 00:00:00+00:00,89.17039215686275,6,90d
2019-10-02 00:00:00+00:00,83.09315677966102,45,30d
2019-10-02 00:00:00+00:00,86.32541871921183,2,60d
2019-10-02 00:00:00+00:00,81.17751884852638,97,7d
2019-10-02 00:00:00+00:00,87.89554744525547,7,90d
2019-10-03 00:00:00+00:00,79.24659159159161,56,30d
2019-10-03 00:00:00+00:00,83.79030456852792,18,60d
2019-10-03 00:00:00+00:00,74.77827213822894,161,7d
2019-10-03 00:00:00+00:00,86.12159744408946,13,90d
2019-10-04 00:00:00+00:00,72.92627802690583,45,14d
2019-10-04 00:00:00+00:00,78.10971962616823,68,30d
2019-10-04 00:00:00+00:00,81.70122171945702,10,60d
2019-10-04 00:00:00+00:00,69.38081910896403,394,7d
2019-10-04 00:00:00+00:00,84.5347587511826,18,90d
2019-10-05 00:00:00+00:00,69.83645796064401,36,14d
2019-10-05 00:00:00+00:00,72.06356435643565,4,30d
2019-10-05 00:00:00+00:00,78.85814814814815,2,60d
2019-10-05 00:00:00+00:00,68.78997696913865,193,7d
2019-10-05 00:00:00+00:00,81.63999999999999,1,90d
2019-10-06 00:00:00+00:00,75.68950384122921,137,14d
2019-10-06 00:00:00+00:00,78.362,5,60d
2019-10-06 00:00:00+00:00,71.67715763680914,332,7d
2019-10-06 00:00:00+00:00,83.638272,15,90d
2019-10-07 00:00:00+00:00,73.46457603686636,117,14d
2019-10-07 00:00:00+00:00,78.62372727272727,12,60d
2019-10-07 00:00:00+00:00,69.916842754006,407,7d
2019-10-07 00:00:00+00:00,83.93310897435897,20,90d
2019-10-08 00:00:00+00:00,71.84790452572845,39,14d
2019-10-08 00:00:00+00:00,76.7254814814815,10,60d
2019-10-08 00:00:00+00:00,68.50737976782753,128,7d
2019-10-08 00:00:00+00:00,82.05995169082126,19,90d
2019-10-09 00:00:00+00:00,69.47100798782807,138,14d
2019-10-09 00:00:00+00:00,75.81184634448574,25,60d
2019-10-09 00:00:00+00:00,66.54254905088531,215,7d
2019-10-09 00:00:00+00:00,81.76897371714644,33,90d
2019-10-10 00:00:00+00:00,68.47908716136631,71,14d
2019-10-10 00:00:00+00:00,75.16993277310924,23,60d
2019-10-10 00:00:00+00:00,63.81689374185137,150,7d
2019-10-10 00:00:00+00:00,80.56193103448277,15,90d
2019-10-11 00:00:00+00:00,67.09204690831557,90,14d
2019-10-11 00:00:00+00:00,75.5176735632184,43,60d
2019-10-11 00:00:00+00:00,62.550092837134855,623,7d
2019-10-11 00:00:00+00:00,81.17027777777778,23,90d
2019-10-12 00:00:00+00:00,70.02636864269518,59,14d
2019-10-12 00:00:00+00:00,75.01198380566802,10,60d
2019-10-12 00:00:00+00:00,58.175344320188344,223,7d
2019-10-12 00:00:00+00:00,78.74827586206897,4,90d
2019-10-13 00:00:00+00:00,67.25345814977973,115,14d
2019-10-13 00:00:00+00:00,75.0050599078341,44,60d
2019-10-13 00:00:00+00:00,60.041077755905505,262,7d
2019-10-13 00:00:00+00:00,78.67,1,90d
2019-10-14 00:00:00+00:00,62.65164004914004,40,14d
2019-10-14 00:00:00+00:00,73.79641438032166,44,60d
2019-10-14 00:00:00+00:00,62.167462630792215,286,7d
2019-10-15 00:00:00+00:00,70.52824945295404,17,60d
2019-10-15 00:00:00+00:00,63.19049391553329,177,7d
2019-10-16 00:00:00+00:00,74.10668831168832,8,60d
2019-10-16 00:00:00+00:00,62.81184202033241,296,7d
2019-10-17 00:00:00+00:00,73.74262195121952,13,60d
2019-10-17 00:00:00+00:00,62.87511119212541,249,7d
2019-10-18 00:00:00+00:00,57.15435723951284,90,14d
2019-10-18 00:00:00+00:00,72.22419354838709,13,60d
2019-10-18 00:00:00+00:00,57.37350777472887,527,7d
2019-10-19 00:00:00+00:00,56.863816793893136,43,14d
2019-10-19 00:00:00+00:00,71.30096774193548,6,60d
2019-10-19 00:00:00+00:00,53.79880777396702,314,7d
2019-10-20 00:00:00+00:00,54.27201601164483,108,14d
2019-10-20 00:00:00+00:00,64.89104218362283,21,30d
2019-10-20 00:00:00+00:00,71.15680327868851,19,60d
2019-10-20 00:00:00+00:00,55.69881868131868,341,7d
2019-10-21 00:00:00+00:00,58.02371316306484,84,14d
2019-10-21 00:00:00+00:00,65.88529702970297,18,30d
2019-10-21 00:00:00+00:00,71.63354166666667,7,60d
2019-10-21 00:00:00+00:00,58.099501753360606,332,7d
2019-10-22 00:00:00+00:00,64.30725571725571,16,30d
2019-10-22 00:00:00+00:00,70.06142857142858,8,60d
2019-10-22 00:00:00+00:00,56.29784510577269,179,7d
2019-10-23 00:00:00+00:00,67.08166338582677,119,30d
2019-10-23 00:00:00+00:00,70.10793545325107,102,60d
2019-10-23 00:00:00+00:00,60.55776193177215,460,7d
2019-10-24 00:00:00+00:00,57.52515151515152,18,14d
2019-10-24 00:00:00+00:00,65.70923821039904,62,30d
2019-10-24 00:00:00+00:00,69.10037374658158,26,60d
2019-10-24 00:00:00+00:00,58.428312196941434,223,7d
2019-10-25 00:00:00+00:00,57.4319888790394,369,14d
2019-10-25 00:00:00+00:00,60.63822138336849,212,30d
2019-10-25 00:00:00+00:00,67.40889052981355,72,60d
2019-10-25 00:00:00+00:00,58.97454091841019,1409,7d
2019-10-26 00:00:00+00:00,86.60858053097344,176,14d
2019-10-26 00:00:00+00:00,82.07157112146184,215,30d
2019-10-26 00:00:00+00:00,85.00743902439024,100,60d
2019-10-26 00:00:00+00:00,90.3498418786166,820,7d
2019-10-27 00:00:00+00:00,85.45806451612903,116,14d
2019-10-27 00:00:00+00:00,88.65318681318682,35,30d
2019-10-27 00:00:00+00:00,85.97884920634921,43,60d
2019-10-27 00:00:00+00:00,86.24841138848774,482,7d
2019-10-28 00:00:00+00:00,89.26146031746032,58,14d
2019-10-28 00:00:00+00:00,84.67557326793379,49,30d
2019-10-28 00:00:00+00:00,84.28147331786543,30,60d
2019-10-28 00:00:00+00:00,87.2823800702028,414,7d
2019-10-29 00:00:00+00:00,76.94346583850931,34,30d
2019-10-29 00:00:00+00:00,79.19737614678898,25,60d
2019-10-29 00:00:00+00:00,76.27913602941176,267,7d
2019-10-30 00:00:00+00:00,73.77607778510219,41,30d
2019-10-30 00:00:00+00:00,74.81866556836903,11,60d
2019-10-30 00:00:00+00:00,73.88319603960396,204,7d
2019-10-31 00:00:00+00:00,64.32228395061729,17,14d
2019-10-31 00:00:00+00:00,71.88950819672131,49,30d
2019-10-31 00:00:00+00:00,98.95391304347827,12,60d
2019-10-31 00:00:00+00:00,68.34220100943604,481,7d
2019-11-01 00:00:00+00:00,63.17590497737556,53,14d
2019-11-01 00:00:00+00:00,69.3038032166509,72,30d
2019-11-01 00:00:00+00:00,72.13817073170732,16,60d
2019-11-01 00:00:00+00:00,67.78039931038319,602,7d
2019-11-02 00:00:00+00:00,60.665406006674075,31,14d
2019-11-02 00:00:00+00:00,66.69636363636364,25,30d
2019-11-02 00:00:00+00:00,68.91175438596491,16,60d
2019-11-02 00:00:00+00:00,58.38544627299129,367,7d
2019-11-03 00:00:00+00:00,59.11153392330384,34,14d
2019-11-03 00:00:00+00:00,65.1991823899371,19,30d
2019-11-03 00:00:00+00:00,70.98818181818181,2,60d
2019-11-03 00:00:00+00:00,58.56442356959863,280,7d
2019-11-04 00:00:00+00:00,58.60688888888889,14,14d
2019-11-04 00:00:00+00:00,63.971097560975615,26,30d
2019-11-04 00:00:00+00:00,68.78880149812734,31,60d
2019-11-04 00:00:00+00:00,59.2585301689461,539,7d
2019-11-05 00:00:00+00:00,63.77594594594594,27,30d
2019-11-05 00:00:00+00:00,68.6866544117647,19,60d
2019-11-05 00:00:00+00:00,63.060613038277516,192,7d
2019-11-06 00:00:00+00:00,62.47220183486238,39,30d
2019-11-06 00:00:00+00:00,67.58286549707603,23,60d
2019-11-06 00:00:00+00:00,59.691932584269665,126,7d
2019-11-07 00:00:00+00:00,54.46977797126687,49,14d
2019-11-07 00:00:00+00:00,59.92490066225165,63,30d
2019-11-07 00:00:00+00:00,63.50081632653062,27,60d
2019-11-07 00:00:00+00:00,55.293437996119245,256,7d
2019-11-08 00:00:00+00:00,54.30754724471971,268,14d
2019-11-08 00:00:00+00:00,55.832644165863066,122,30d
2019-11-08 00:00:00+00:00,62.77042796005707,26,60d
2019-11-08 00:00:00+00:00,54.416362468652515,700,7d
2019-11-09 00:00:00+00:00,52.38140202702703,53,14d
2019-11-09 00:00:00+00:00,54.26696,6,30d
2019-11-09 00:00:00+00:00,60.92284552845529,7,60d
2019-11-09 00:00:00+00:00,55.51133631395926,152,7d
2019-11-10 00:00:00+00:00,47.64006831534363,155,14d
2019-11-10 00:00:00+00:00,59.83186616399623,22,60d
2019-11-10 00:00:00+00:00,52.42668691922802,303,7d
2019-11-11 00:00:00+00:00,55.810406681191,96,14d
2019-11-11 00:00:00+00:00,61.908548199767715,36,60d
2019-11-11 00:00:00+00:00,51.04540586341298,347,7d
2019-11-12 00:00:00+00:00,55.13391959798995,36,14d
2019-11-12 00:00:00+00:00,60.71616511318242,7,60d
2019-11-12 00:00:00+00:00,50.47608122941822,153,7d
2019-11-13 00:00:00+00:00,55.264475675675676,24,14d
2019-11-13 00:00:00+00:00,50.47794642857143,134,7d
2019-11-14 00:00:00+00:00,54.40346469622332,58,14d
2019-11-14 00:00:00+00:00,49.54841651705566,297,7d
2019-11-15 00:00:00+00:00,49.76265371306894,358,14d
2019-11-15 00:00:00+00:00,48.01626979172578,731,7d
2019-11-16 00:00:00+00:00,48.21908067127926,240,14d
2019-11-16 00:00:00+00:00,53.65740281571759,552,7d
2019-11-17 00:00:00+00:00,49.415492508766334,103,14d
2019-11-17 00:00:00+00:00,58.45415263748597,45,30d
2019-11-17 00:00:00+00:00,54.341035179262754,259,7d
2019-11-18 00:00:00+00:00,50.409652087475145,46,14d
2019-11-18 00:00:00+00:00,59.183768564356434,57,30d
2019-11-18 00:00:00+00:00,48.84480516898608,834,7d
2019-11-19 00:00:00+00:00,58.75009478672987,41,30d
2019-11-19 00:00:00+00:00,52.174835751052875,384,7d
2019-11-20 00:00:00+00:00,60.664823600973236,31,30d
2019-11-20 00:00:00+00:00,54.723733038496334,236,7d
2019-11-21 00:00:00+00:00,60.79088183421516,55,14d
2019-11-21 00:00:00+00:00,62.071924217462936,143,30d
2019-11-21 00:00:00+00:00,59.15738479749725,586,7d
2019-11-22 00:00:00+00:00,73.26668114682883,174,14d
2019-11-22 00:00:00+00:00,74.46242340656093,311,30d
2019-11-22 00:00:00+00:00,77.200011854824,1469,7d
2019-11-23 00:00:00+00:00,61.59904123036648,83,14d
2019-11-23 00:00:00+00:00,65.21737267080745,79,30d
2019-11-23 00:00:00+00:00,56.52415446819662,554,7d
2019-11-24 00:00:00+00:00,64.60141705842847,115,14d
2019-11-24 00:00:00+00:00,65.82998004987532,218,30d
2019-11-24 00:00:00+00:00,63.248174613657376,514,7d
2019-11-25 00:00:00+00:00,73.90550955414012,81,14d
2019-11-25 00:00:00+00:00,70.52374729632301,176,30d
2019-11-25 00:00:00+00:00,72.92932665801848,1207,7d
2019-11-26 00:00:00+00:00,70.36977433913604,68,30d
2019-11-26 00:00:00+00:00,67.80232229012546,199,7d
2019-11-27 00:00:00+00:00,71.5943689745837,138,30d
2019-11-27 00:00:00+00:00,69.03061538461539,320,7d
2019-11-28 00:00:00+00:00,62.90427193828351,36,14d
2019-11-28 00:00:00+00:00,68.4421372141372,65,30d
2019-11-28 00:00:00+00:00,63.78680015040422,220,7d
2019-11-29 00:00:00+00:00,56.56021195957328,165,14d
2019-11-29 00:00:00+00:00,62.12988551065281,255,30d
2019-11-29 00:00:00+00:00,65.63777376654633,22,60d
2019-11-29 00:00:00+00:00,56.9653121577218,697,7d
2019-11-30 00:00:00+00:00,54.17127962085307,52,14d
2019-11-30 00:00:00+00:00,61.464198895027614,29,30d
2019-11-30 00:00:00+00:00,64.43521739130435,5,60d
2019-11-30 00:00:00+00:00,56.36668459383754,428,7d
2019-12-01 00:00:00+00:00,58.46692139737991,77,14d
2019-12-01 00:00:00+00:00,62.738328,48,30d
2019-12-01 00:00:00+00:00,63.728068965517245,15,60d
2019-12-01 00:00:00+00:00,62.62362753654811,544,7d
2019-12-02 00:00:00+00:00,58.077716582316164,63,14d
2019-12-02 00:00:00+00:00,62.859079550187424,72,30d
2019-12-02 00:00:00+00:00,66.78489270386267,23,60d
2019-12-02 00:00:00+00:00,57.21749354150287,595,7d
2019-12-03 00:00:00+00:00,61.659465954606134,47,30d
2019-12-03 00:00:00+00:00,64.26024390243903,4,60d
2019-12-03 00:00:00+00:00,57.37722122624597,134,7d
2019-12-04 00:00:00+00:00,62.924100850546786,128,30d
2019-12-04 00:00:00+00:00,66.00083529411765,36,60d
2019-12-04 00:00:00+00:00,60.564486596645246,355,7d
2019-12-05 00:00:00+00:00,58.8898,14,14d
2019-12-05 00:00:00+00:00,62.324062256809334,76,30d
2019-12-05 00:00:00+00:00,65.49784905660377,13,60d
2019-12-05 00:00:00+00:00,58.46956061078218,230,7d
2019-12-06 00:00:00+00:00,54.718554196105465,204,14d
2019-12-06 00:00:00+00:00,57.2499405940594,104,30d
2019-12-06 00:00:00+00:00,63.034432989690735,15,60d
2019-12-06 00:00:00+00:00,51.55269057561615,683,7d
2019-12-07 00:00:00+00:00,56.905498392282965,153,14d
2019-12-07 00:00:00+00:00,58.604623233908946,44,30d
2019-12-07 00:00:00+00:00,62.50679824561403,7,60d
2019-12-07 00:00:00+00:00,52.706153846153846,241,7d
2019-12-08 00:00:00+00:00,56.30984009840098,122,14d
2019-12-08 00:00:00+00:00,62.09058510638298,14,60d
2019-12-08 00:00:00+00:00,56.683328933861276,261,7d
2019-12-09 00:00:00+00:00,56.71398822435699,151,14d
2019-12-09 00:00:00+00:00,62.24821243523316,18,60d
2019-12-09 00:00:00+00:00,55.02537303058388,585,7d
2019-12-10 00:00:00+00:00,58.50702064896756,100,14d
2019-12-10 00:00:00+00:00,60.961171875,25,60d
2019-12-10 00:00:00+00:00,54.391775306748464,213,7d
2019-12-11 00:00:00+00:00,58.36291605301914,45,14d
2019-12-11 00:00:00+00:00,61.07426065162908,22,60d
2019-12-11 00:00:00+00:00,54.63612555633638,218,7d
2019-12-12 00:00:00+00:00,59.05785146402947,156,14d
2019-12-12 00:00:00+00:00,61.682437619961604,32,60d
2019-12-12 00:00:00+00:00,51.92151584139632,245,7d
2019-12-13 00:00:00+00:00,53.30616753353409,198,14d
2019-12-13 00:00:00+00:00,60.35086956521738,18,60d
2019-12-13 00:00:00+00:00,48.946952726296,538,7d
2019-12-13 00:00:00+00:00,66.23,1,90d
2019-12-14 00:00:00+00:00,51.895626522327476,201,14d
2019-12-14 00:00:00+00:00,59.08497023809524,34,60d
2019-12-14 00:00:00+00:00,48.60683973834833,320,7d
2019-12-14 00:00:00+00:00,65.2594871794872,11,90d
2019-12-15 00:00:00+00:00,54.054587982832615,162,14d
2019-12-15 00:00:00+00:00,59.45851351351351,13,60d
2019-12-15 00:00:00+00:00,40.58473154052306,355,7d
2019-12-16 00:00:00+00:00,53.84616747181964,56,14d
2019-12-16 00:00:00+00:00,60.84974951830444,70,60d
2019-12-16 00:00:00+00:00,53.563062946899535,775,7d
2019-12-16 00:00:00+00:00,66.38208695652175,12,90d
2019-12-17 00:00:00+00:00,64.55043478260869,12,60d
2019-12-17 00:00:00+00:00,67.36707332427687,1034,7d
2019-12-17 00:00:00+00:00,69.43528941001303,27,90d
2019-12-18 00:00:00+00:00,61.69886540155336,1195,7d
2019-12-18 00:00:00+00:00,69.84383084577115,15,90d
2019-12-19 00:00:00+00:00,61.656076817558294,36,14d
2019-12-19 00:00:00+00:00,59.996355052776906,884,7d
2019-12-19 00:00:00+00:00,67.86166666666666,18,90d
2019-12-20 00:00:00+00:00,58.08231947483589,66,14d
2019-12-20 00:00:00+00:00,56.902894823066845,439,7d
2019-12-20 00:00:00+00:00,66.62068965517241,6,90d
2019-12-21 00:00:00+00:00,53.629402985074634,62,14d
2019-12-21 00:00:00+00:00,53.85873256767842,252,7d
2019-12-21 00:00:00+00:00,67.17,1,90d
2019-12-22 00:00:00+00:00,47.78099460552932,175,14d
2019-12-22 00:00:00+00:00,57.49692466460268,52,30d
2019-12-22 00:00:00+00:00,51.14469898134371,807,7d
2019-12-22 00:00:00+00:00,65.06658333333333,21,90d
2019-12-23 00:00:00+00:00,48.84982766798419,112,14d
2019-12-23 00:00:00+00:00,57.42787915046365,101,30d
2019-12-23 00:00:00+00:00,53.28807542521062,1058,7d
2019-12-23 00:00:00+00:00,66.43905923344947,34,90d
2019-12-24 00:00:00+00:00,57.13094182825485,36,30d
2019-12-24 00:00:00+00:00,48.59465815572906,257,7d
2019-12-24 00:00:00+00:00,65.96222222222224,8,90d
2019-12-25 00:00:00+00:00,55.24165931642778,59,30d
2019-12-25 00:00:00+00:00,51.56374247894104,137,7d
2019-12-25 00:00:00+00:00,66.94426751592356,8,90d
2019-12-26 00:00:00+00:00,52.821129032258064,42,14d
2019-12-26 00:00:00+00:00,58.84031227305737,51,30d
2019-12-26 00:00:00+00:00,61.14608695652174,4,60d
2019-12-26 00:00:00+00:00,55.70099623151995,295,7d
2019-12-26 00:00:00+00:00,66.42826086956522,8,90d
2019-12-27 00:00:00+00:00,53.530103636363634,213,14d
2019-12-27 00:00:00+00:00,55.6593050397878,84,30d
2019-12-27 00:00:00+00:00,60.59346534653466,7,60d
2019-12-27 00:00:00+00:00,50.61905133755992,439,7d
2019-12-27 00:00:00+00:00,66.78761904761906,13,90d
2019-12-28 00:00:00+00:00,51.774064102564104,72,14d
2019-12-28 00:00:00+00:00,55.46154411764706,28,30d
2019-12-28 00:00:00+00:00,58.96572463768115,8,60d
2019-12-28 00:00:00+00:00,47.063131930300976,309,7d
2019-12-28 00:00:00+00:00,67.78554913294798,6,90d
2019-12-29 00:00:00+00:00,48.28752994630318,94,14d
2019-12-29 00:00:00+00:00,53.63452813852814,60,30d
2019-12-29 00:00:00+00:00,58.57717647058823,9,60d
2019-12-29 00:00:00+00:00,48.9889872090585,379,7d
2019-12-29 00:00:00+00:00,66.71032738095238,14,90d
2019-12-30 00:00:00+00:00,44.02386414029429,91,14d
2019-12-30 00:00:00+00:00,51.03872749342504,83,30d
2019-12-30 00:00:00+00:00,60.859520958083834,11,60d
2019-12-30 00:00:00+00:00,45.64067287307586,454,7d
2019-12-30 00:00:00+00:00,67.64145873320537,15,90d
2019-12-31 00:00:00+00:00,56.9657360581919,74,30d
2019-12-31 00:00:00+00:00,61.46454545454546,7,60d
2019-12-31 00:00:00+00:00,48.335760701392466,214,7d
2019-12-31 00:00:00+00:00,68.40457142857143,4,90d
2020-01-01 00:00:00+00:00,56.79345945945946,13,30d
2020-01-01 00:00:00+00:00,62.54176470588235,4,60d
2020-01-01 00:00:00+00:00,49.31530274059911,99,7d
2020-01-01 00:00:00+00:00,68.9104255319149,9,90d
2020-01-02 00:00:00+00:00,54.594800104520516,56,14d
2020-01-02 00:00:00+00:00,58.44323600973236,91,30d
2020-01-02 00:00:00+00:00,62.28230088495575,24,60d
2020-01-02 00:00:00+00:00,48.53113934100834,323,7d
2020-01-02 00:00:00+00:00,68.43114074074074,25,90d
2020-01-03 00:00:00+00:00,49.83440670770537,235,14d
2020-01-03 00:00:00+00:00,55.77427446015333,224,30d
2020-01-03 00:00:00+00:00,62.505588547189824,31,60d
2020-01-03 00:00:00+00:00,47.791001928594945,845,7d
2020-01-03 00:00:00+00:00,68.09526548672565,10,90d
2020-01-04 00:00:00+00:00,47.23746212121212,55,14d
2020-01-04 00:00:00+00:00,54.86769881556683,35,30d
2020-01-04 00:00:00+00:00,61.36367521367522,15,60d
2020-01-04 00:00:00+00:00,45.21663481705895,348,7d
2020-01-04 00:00:00+00:00,69.02666666666667,2,90d
2020-01-05 00:00:00+00:00,47.6462351543943,125,14d
2020-01-05 00:00:00+00:00,54.13701219512195,95,30d
2020-01-05 00:00:00+00:00,62.80756756756758,14,60d
2020-01-05 00:00:00+00:00,48.882971589454826,338,7d
2020-01-05 00:00:00+00:00,69.91335719968178,28,90d
2020-01-06 00:00:00+00:00,46.65721161432855,80,14d
2020-01-06 00:00:00+00:00,54.27618260320135,176,30d
2020-01-06 00:00:00+00:00,61.65114942528736,26,60d
2020-01-06 00:00:00+00:00,51.99649830158027,875,7d
2020-01-06 00:00:00+00:00,70.00171091445428,41,90d
2020-01-07 00:00:00+00:00,57.84824322048172,183,30d
2020-01-07 00:00:00+00:00,63.84811274509804,50,60d
2020-01-07 00:00:00+00:00,57.48821053858709,668,7d
2020-01-07 00:00:00+00:00,72.1815466499687,42,90d
2020-01-08 00:00:00+00:00,65.16484006865346,226,30d
2020-01-08 00:00:00+00:00,68.20141196013289,34,60d
2020-01-08 00:00:00+00:00,65.93706213100928,490,7d
2020-01-08 00:00:00+00:00,73.8646106840134,196,90d
2020-01-09 00:00:00+00:00,56.726362839614374,30,14d
2020-01-09 00:00:00+00:00,60.13655321782178,77,30d
2020-01-09 00:00:00+00:00,65.8997544642857,36,60d
2020-01-09 00:00:00+00:00,55.272987962376334,408,7d
2020-01-09 00:00:00+00:00,72.50596581196581,166,90d
2020-01-10 00:00:00+00:00,53.95727227722772,291,14d
2020-01-10 00:00:00+00:00,56.35718723037101,125,30d
2020-01-10 00:00:00+00:00,64.11010395010395,27,60d
2020-01-10 00:00:00+00:00,52.489078835955254,1023,7d
2020-01-10 00:00:00+00:00,70.124913957935,77,90d
2020-01-11 00:00:00+00:00,54.319236988377966,115,14d
2020-01-11 00:00:00+00:00,54.03769230769231,19,30d
2020-01-11 00:00:00+00:00,63.21678294573643,11,60d
2020-01-11 00:00:00+00:00,53.46384747460295,502,7d
2020-01-11 00:00:00+00:00,68.84995901639346,25,90d
2020-01-12 00:00:00+00:00,55.97202259089304,123,14d
2020-01-12 00:00:00+00:00,65.23116666666667,34,60d
2020-01-12 00:00:00+00:00,55.67972972972973,299,7d
2020-01-13 00:00:00+00:00,56.72108765830643,90,14d
2020-01-13 00:00:00+00:00,66.00039568345323,47,60d
2020-01-13 00:00:00+00:00,55.47613603886825,419,7d
2020-01-14 00:00:00+00:00,59.34911157024793,450,14d
2020-01-14 00:00:00+00:00,66.08515052221995,187,60d
2020-01-14 00:00:00+00:00,58.01174250307446,956,7d
2020-01-15 00:00:00+00:00,63.37998441760811,117,14d
2020-01-15 00:00:00+00:00,66.04591455273697,83,60d
2020-01-15 00:00:00+00:00,63.142251172485665,223,7d
2020-01-16 00:00:00+00:00,59.921469387755096,81,14d
2020-01-16 00:00:00+00:00,66.52124378109454,20,60d
2020-01-16 00:00:00+00:00,59.47059616169865,212,7d
2020-01-17 00:00:00+00:00,59.79326048082655,280,14d
2020-01-17 00:00:00+00:00,66.51414575289574,63,60d
2020-01-17 00:00:00+00:00,59.15926639476226,827,7d
2020-01-18 00:00:00+00:00,58.50188201438849,108,14d
2020-01-18 00:00:00+00:00,66.35170854271357,15,60d
2020-01-18 00:00:00+00:00,57.792051096997696,314,7d
2020-01-19 00:00:00+00:00,58.91513132430191,399,14d
2020-01-19 00:00:00+00:00,60.87536299765808,45,30d
2020-01-19 00:00:00+00:00,66.97937743190661,57,60d
2020-01-19 00:00:00+00:00,59.795918283403026,813,7d
2020-01-20 00:00:00+00:00,57.01507246376812,37,14d
2020-01-20 00:00:00+00:00,60.14963756177925,17,30d
2020-01-20 00:00:00+00:00,65.17702127659574,49,60d
2020-01-20 00:00:00+00:00,54.37519292929293,482,7d
2020-01-21 00:00:00+00:00,56.803421052631585,49,30d
2020-01-21 00:00:00+00:00,63.37330508474575,27,60d
2020-01-21 00:00:00+00:00,52.70753128911139,199,7d
2020-01-22 00:00:00+00:00,58.66310924369748,26,30d
2020-01-22 00:00:00+00:00,63.824666666666666,6,60d
2020-01-22 00:00:00+00:00,52.18053680634202,153,7d
2020-01-23 00:00:00+00:00,49.40455547391624,116,14d
2020-01-23 00:00:00+00:00,54.94655666410847,118,30d
2020-01-23 00:00:00+00:00,61.84979298447384,106,60d
2020-01-23 00:00:00+00:00,48.4729918762089,762,7d
2020-01-24 00:00:00+00:00,49.947825594563994,91,14d
2020-01-24 00:00:00+00:00,56.11123851525174,44,30d
2020-01-24 00:00:00+00:00,61.28752380952381,62,60d
2020-01-24 00:00:00+00:00,48.05429645905519,589,7d
2020-01-25 00:00:00+00:00,48.63588424437299,81,14d
2020-01-25 00:00:00+00:00,54.486369426751594,16,30d
2020-01-25 00:00:00+00:00,62.30191721132898,31,60d
2020-01-25 00:00:00+00:00,46.38390330378727,348,7d
2020-01-26 00:00:00+00:00,49.030443151298115,133,14d
2020-01-26 00:00:00+00:00,54.774172535211264,34,30d
2020-01-26 00:00:00+00:00,61.39315280464216,90,60d
2020-01-26 00:00:00+00:00,47.77893268001704,487,7d
2020-01-27 00:00:00+00:00,47.80349480021894,75,14d
2020-01-27 00:00:00+00:00,56.324293820933164,64,30d
2020-01-27 00:00:00+00:00,61.36667267808837,144,60d
2020-01-27 00:00:00+00:00,50.270496415034025,1041,7d
2020-01-28 00:00:00+00:00,58.42450711382113,133,30d
2020-01-28 00:00:00+00:00,63.96143701951509,183,60d
2020-01-28 00:00:00+00:00,55.80137207425343,944,7d
2020-01-29 00:00:00+00:00,58.56700864553314,136,30d
2020-01-29 00:00:00+00:00,63.14475189524466,212,60d
2020-01-29 00:00:00+00:00,54.77676655731892,318,7d
2020-01-30 00:00:00+00:00,54.701809248554916,94,14d
2020-01-30 00:00:00+00:00,58.96543639475185,86,30d
2020-01-30 00:00:00+00:00,63.197710885544275,197,60d
2020-01-30 00:00:00+00:00,58.40281744731958,413,7d
2020-01-31 00:00:00+00:00,53.23434876000781,223,14d
2020-01-31 00:00:00+00:00,58.87054763690923,169,30d
2020-01-31 00:00:00+00:00,61.95227398950941,298,60d
2020-01-31 00:00:00+00:00,55.14874573758339,848,7d
2020-02-01 00:00:00+00:00,50.65562740781509,543,14d
2020-02-01 00:00:00+00:00,55.135292056074775,58,30d
2020-02-01 00:00:00+00:00,60.3160701616082,235,60d
2020-02-01 00:00:00+00:00,53.10010088532016,277,7d
2020-02-02 00:00:00+00:00,51.14764026402641,244,14d
2020-02-02 00:00:00+00:00,55.25751202749141,111,30d
2020-02-02 00:00:00+00:00,60.93763948497855,251,60d
2020-02-02 00:00:00+00:00,52.87060248447205,455,7d
2020-02-03 00:00:00+00:00,53.513636363636365,71,14d
2020-02-03 00:00:00+00:00,55.57989929506546,52,30d
2020-02-03 00:00:00+00:00,60.01192653480606,199,60d
2020-02-03 00:00:00+00:00,53.40882244097403,497,7d
2020-02-04 00:00:00+00:00,54.67858987427795,72,30d
2020-02-04 00:00:00+00:00,59.222926829268296,147,60d
2020-02-04 00:00:00+00:00,51.027814016172506,506,7d
2020-02-05 00:00:00+00:00,56.49300040766409,180,30d
2020-02-05 00:00:00+00:00,62.22691074291823,328,60d
2020-02-05 00:00:00+00:00,50.90344646248235,757,7d
2020-02-06 00:00:00+00:00,55.6928764278297,51,14d
2020-02-06 00:00:00+00:00,59.21103738500684,118,30d
2020-02-06 00:00:00+00:00,62.544112670986316,279,60d
2020-02-06 00:00:00+00:00,54.24684572833436,400,7d
2020-02-07 00:00:00+00:00,54.57346040515654,167,14d
2020-02-07 00:00:00+00:00,58.034312997347484,53,30d
2020-02-07 00:00:00+00:00,62.07210609659541,270,60d
2020-02-07 00:00:00+00:00,54.20434327110616,659,7d
2020-02-08 00:00:00+00:00,53.226309587573645,123,14d
2020-02-08 00:00:00+00:00,57.384431818181824,8,30d
2020-02-08 00:00:00+00:00,61.29533066132265,248,60d
2020-02-08 00:00:00+00:00,52.182400171013256,513,7d
2020-02-09 00:00:00+00:00,54.783262168001016,350,14d
2020-02-09 00:00:00+00:00,61.441715,192,60d
2020-02-09 00:00:00+00:00,52.26469465020576,533,7d
2020-02-10 00:00:00+00:00,52.93083513513513,402,14d
2020-02-10 00:00:00+00:00,61.190783549783546,537,60d
2020-02-10 00:00:00+00:00,50.8879412938159,823,7d
2020-02-11 00:00:00+00:00,54.17393134450348,208,14d
2020-02-11 00:00:00+00:00,60.58195426195425,77,60d
2020-02-11 00:00:00+00:00,51.30792085935225,724,7d
2020-02-12 00:00:00+00:00,59.244870295396616,199,14d
2020-02-12 00:00:00+00:00,54.9372825168919,397,7d
2020-02-13 00:00:00+00:00,59.36899218280217,256,14d
2020-02-13 00:00:00+00:00,57.732153013485004,505,7d
2020-02-14 00:00:00+00:00,59.09441991419378,249,14d
2020-02-14 00:00:00+00:00,56.215968907563024,551,7d
2020-02-15 00:00:00+00:00,58.99392467248908,172,14d
2020-02-15 00:00:00+00:00,54.95654311588396,564,7d
2020-02-16 00:00:00+00:00,58.57210315912637,189,14d
2020-02-16 00:00:00+00:00,62.98958988380042,61,30d
2020-02-16 00:00:00+00:00,57.44273579777113,508,7d
2020-02-17 00:00:00+00:00,58.72866111467008,48,14d
2020-02-17 00:00:00+00:00,61.572175995211005,110,30d
2020-02-17 00:00:00+00:00,55.35506518202855,971,7d
2020-02-18 00:00:00+00:00,60.24660403299725,159,30d
2020-02-18 00:00:00+00:00,54.224955037516466,510,7d
2020-02-19 00:00:00+00:00,60.74377456049638,203,30d
2020-02-19 00:00:00+00:00,59.92961644327429,433,7d
2020-02-20 00:00:00+00:00,58.00385609323537,77,14d
2020-02-20 00:00:00+00:00,61.67455531453363,121,30d
2020-02-20 00:00:00+00:00,59.579649667880865,364,7d
2020-02-21 00:00:00+00:00,53.83810286677909,148,14d
2020-02-21 00:00:00+00:00,59.41650490449149,69,30d
2020-02-21 00:00:00+00:00,51.58193083326182,465,7d
2020-02-22 00:00:00+00:00,49.54909866017052,64,14d
2020-02-22 00:00:00+00:00,57.406040054619936,88,30d
2020-02-22 00:00:00+00:00,48.778527936544975,379,7d
2020-02-23 00:00:00+00:00,49.474924634420695,275,14d
2020-02-23 00:00:00+00:00,55.61890929965558,102,30d
2020-02-23 00:00:00+00:00,47.79544010917437,414,7d
2020-02-24 00:00:00+00:00,50.606322580645156,66,14d
2020-02-24 00:00:00+00:00,56.73178384660082,86,30d
2020-02-24 00:00:00+00:00,50.910404928650415,531,7d
2020-02-25 00:00:00+00:00,57.026543486375516,176,30d
2020-02-25 00:00:00+00:00,53.3944626858884,518,7d
2020-02-26 00:00:00+00:00,58.87666780180487,229,30d
2020-02-26 00:00:00+00:00,58.99306861499365,464,7d
2020-02-27 00:00:00+00:00,58.229329427083336,50,14d
2020-02-27 00:00:00+00:00,59.94819242676828,147,30d
2020-02-27 00:00:00+00:00,61.14655487804878,25,60d
2020-02-27 00:00:00+00:00,59.465444296098504,375,7d
2020-02-28 00:00:00+00:00,57.92036110231232,164,14d
2020-02-28 00:00:00+00:00,60.02908594319009,219,30d
2020-02-28 00:00:00+00:00,62.3809214092141,34,60d
2020-02-28 00:00:00+00:00,58.45913870049549,774,7d
2020-02-29 00:00:00+00:00,54.14992211838006,32,14d
2020-02-29 00:00:00+00:00,55.91520107238607,25,30d
2020-02-29 00:00:00+00:00,60.34581288343558,9,60d
2020-02-29 00:00:00+00:00,51.35086612094006,239,7d
2020-03-01 00:00:00+00:00,54.8852299298519,158,14d
2020-03-01 00:00:00+00:00,57.11728591160221,139,30d
2020-03-01 00:00:00+00:00,61.23192429022082,18,60d
2020-03-01 00:00:00+00:00,57.02223161230688,362,7d
2020-03-02 00:00:00+00:00,54.95690677966102,46,14d
2020-03-02 00:00:00+00:00,57.1381447368421,95,30d
2020-03-02 00:00:00+00:00,61.347258064516126,9,60d
2020-03-02 00:00:00+00:00,55.076658800666294,369,7d
2020-03-03 00:00:00+00:00,54.977277822257804,95,30d
2020-03-03 00:00:00+00:00,58.70366096866097,22,60d
2020-03-03 00:00:00+00:00,51.800493348115296,246,7d
2020-03-04 00:00:00+00:00,54.155157894736845,53,30d
2020-03-04 00:00:00+00:00,59.71255033557047,23,60d
2020-03-04 00:00:00+00:00,51.02201483157365,218,7d
2020-03-05 00:00:00+00:00,49.96778183831672,82,14d
2020-03-05 00:00:00+00:00,52.7831198478123,186,30d
2020-03-05 00:00:00+00:00,56.645017018379846,30,60d
2020-03-05 00:00:00+00:00,49.85102516654331,369,7d
2020-03-06 00:00:00+00:00,49.488517687661776,167,14d
2020-03-06 00:00:00+00:00,51.146772805507744,75,30d
2020-03-06 00:00:00+00:00,56.556283783783776,15,60d
2020-03-06 00:00:00+00:00,47.94517825370676,375,7d
2020-03-07 00:00:00+00:00,51.043168786901205,227,14d
2020-03-07 00:00:00+00:00,49.35452229299363,7,30d
2020-03-07 00:00:00+00:00,56.430333033303334,31,60d
2020-03-07 00:00:00+00:00,47.245705237138885,252,7d
2020-03-08 00:00:00+00:00,52.59004283626468,629,14d
2020-03-08 00:00:00+00:00,58.350880195599025,103,60d
2020-03-08 00:00:00+00:00,53.379813135339845,667,7d
2020-03-09 00:00:00+00:00,62.5517326160189,575,14d
2020-03-09 00:00:00+00:00,61.800550872968095,109,60d
2020-03-09 00:00:00+00:00,68.17817808611525,970,7d
2020-03-10 00:00:00+00:00,61.66656173862197,207,14d
2020-03-10 00:00:00+00:00,64.57682352941177,11,60d
2020-03-10 00:00:00+00:00,63.28716275908936,424,7d
2020-03-11 00:00:00+00:00,60.94250175438597,128,14d
2020-03-11 00:00:00+00:00,61.202011331444766,262,7d
2020-03-12 00:00:00+00:00,98.72402909197766,851,14d
2020-03-12 00:00:00+00:00,97.62524717157886,656,7d
2020-03-13 00:00:00+00:00,146.6354587840358,312,14d
2020-03-13 00:00:00+00:00,177.4401489163675,285,7d
2020-03-13 00:00:00+00:00,111.86995451591943,27,90d
2020-03-14 00:00:00+00:00,150.77324494949494,101,14d
2020-03-14 00:00:00+00:00,157.12059526545622,220,7d
2020-03-14 00:00:00+00:00,104.26282352941178,24,90d
2020-03-15 00:00:00+00:00,167.6616053277252,79,14d
2020-03-15 00:00:00+00:00,138.68506900878293,27,30d
2020-03-15 00:00:00+00:00,171.20893377483443,211,7d
2020-03-15 00:00:00+00:00,107.18935483870966,10,90d
2020-03-16 00:00:00+00:00,176.7408,23,14d
2020-03-16 00:00:00+00:00,160.0879874750925,65,30d
2020-03-16 00:00:00+00:00,223.67626566037737,388,7d
2020-03-16 00:00:00+00:00,131.93604761904763,18,90d
2020-03-17 00:00:00+00:00,145.8613324099723,76,30d
2020-03-17 00:00:00+00:00,164.7387513354701,142,7d
2020-03-17 00:00:00+00:00,124.94807339449541,14,90d
2020-03-18 00:00:00+00:00,137.86848236775816,33,30d
2020-03-18 00:00:00+00:00,152.61595847750866,154,7d
2020-03-18 00:00:00+00:00,122.08137055837565,11,90d
2020-03-19 00:00:00+00:00,134.3420981595092,60,14d
2020-03-19 00:00:00+00:00,119.37288238878733,67,30d
2020-03-19 00:00:00+00:00,133.92208662900188,295,7d
2020-03-19 00:00:00+00:00,115.90513157894736,28,90d
2020-03-20 00:00:00+00:00,139.03109318996417,77,14d
2020-03-20 00:00:00+00:00,128.15140359168242,53,30d
2020-03-20 00:00:00+00:00,155.42070604026844,324,7d
2020-03-20 00:00:00+00:00,113.50338645418326,17,90d
2020-03-21 00:00:00+00:00,129.3714573643411,57,14d
2020-03-21 00:00:00+00:00,127.20691233947515,41,30d
2020-03-21 00:00:00+00:00,136.5202953661125,201,7d
2020-03-21 00:00:00+00:00,117.70653846153847,4,90d
2020-03-22 00:00:00+00:00,132.6834375,27,14d
2020-03-22 00:00:00+00:00,126.63296836982967,25,30d
2020-03-22 00:00:00+00:00,143.2884449594438,112,7d
2020-03-22 00:00:00+00:00,114.4286046511628,7,90d
2020-03-23 00:00:00+00:00,134.64428571428573,10,14d
2020-03-23 00:00:00+00:00,131.80268330733227,39,30d
2020-03-23 00:00:00+00:00,147.23297745052923,297,7d
2020-03-23 00:00:00+00:00,118.27845804988661,24,90d
2020-03-24 00:00:00+00:00,122.91294736842106,38,30d
2020-03-24 00:00:00+00:00,129.5168654874537,157,7d
2020-03-24 00:00:00+00:00,115.90647540983608,20,90d
2020-03-25 00:00:00+00:00,120.8211931330472,31,30d
2020-03-25 00:00:00+00:00,127.59883250825082,87,7d
2020-03-25 00:00:00+00:00,112.76317460317459,14,90d
2020-03-26 00:00:00+00:00,119.2203557312253,23,14d
2020-03-26 00:00:00+00:00,121.76375218150088,33,30d
2020-03-26 00:00:00+00:00,113.17582781456954,3,60d
2020-03-26 00:00:00+00:00,119.12099158919877,91,7d
2020-03-26 00:00:00+00:00,112.35449438202247,10,90d
2020-03-27 00:00:00+00:00,97.86576683644597,169,14d
2020-03-27 00:00:00+00:00,102.56788732394367,132,30d
2020-03-27 00:00:00+00:00,104.03576704545455,11,60d
2020-03-27 00:00:00+00:00,101.38477029578351,393,7d
2020-03-27 00:00:00+00:00,99.86542016806723,13,90d
2020-03-28 00:00:00+00:00,99.97181244364292,58,14d
2020-03-28 00:00:00+00:00,102.87448796866256,67,30d
2020-03-28 00:00:00+00:00,103.90979238754325,10,60d
2020-03-28 00:00:00+00:00,102.0331181988743,296,7d
2020-03-28 00:00:00+00:00,102.57526479750778,20,90d
2020-03-29 00:00:00+00:00,106.83019607843138,57,14d
2020-03-29 00:00:00+00:00,107.53115979381444,31,30d
2020-03-29 00:00:00+00:00,100.92758620689655,4,60d
2020-03-29 00:00:00+00:00,105.22421621621622,253,7d
2020-03-29 00:00:00+00:00,105.20846153846153,3,90d
2020-03-30 00:00:00+00:00,101.76775390625,19,14d
2020-03-30 00:00:00+00:00,101.84120911214954,47,30d
2020-03-30 00:00:00+00:00,101.63817543859649,9,60d
2020-03-30 00:00:00+00:00,95.92312285223369,365,7d
2020-03-30 00:00:00+00:00,106.35722222222222,5,90d
2020-03-31 00:00:00+00:00,92.66102882483369,33,30d
2020-03-31 00:00:00+00:00,98.96793594306048,14,60d
2020-03-31 00:00:00+00:00,87.7128840625998,133,7d
2020-03-31 00:00:00+00:00,97.98479500891266,9,90d
2020-04-01 00:00:00+00:00,93.59708041958042,47,30d
2020-04-01 00:00:00+00:00,94.30994444444444,13,60d
2020-04-01 00:00:00+00:00,83.2247458640622,290,7d
2020-04-01 00:00:00+00:00,94.53,5,90d
2020-04-02 00:00:00+00:00,86.17174721189592,28,14d
2020-04-02 00:00:00+00:00,92.24190758293838,87,30d
2020-04-02 00:00:00+00:00,96.07668749999999,17,60d
2020-04-02 00:00:00+00:00,84.96958723058152,386,7d
2020-04-02 00:00:00+00:00,97.67920152091253,18,90d
2020-04-03 00:00:00+00:00,94.1438597097443,141,14d
2020-04-03 00:00:00+00:00,96.18732838589982,87,30d
2020-04-03 00:00:00+00:00,99.31532530120482,29,60d
2020-04-03 00:00:00+00:00,87.64968729208249,515,7d
2020-04-03 00:00:00+00:00,96.91219696969698,21,90d
2020-04-04 00:00:00+00:00,84.94225533249686,124,14d
2020-04-04 00:00:00+00:00,86.16586092715231,8,30d
2020-04-04 00:00:00+00:00,95.09945674044266,14,60d
2020-04-04 00:00:00+00:00,78.96298402555911,358,7d
2020-04-04 00:00:00+00:00,96.19989130434783,11,90d
2020-04-05 00:00:00+00:00,82.01281300813008,148,14d
2020-04-05 00:00:00+00:00,94.86818897637795,15,60d
2020-04-05 00:00:00+00:00,80.5453466872111,231,7d
2020-04-05 00:00:00+00:00,96.15016427104722,16,90d
2020-04-06 00:00:00+00:00,81.96312694569353,140,14d
2020-04-06 00:00:00+00:00,91.70282003710575,34,60d
2020-04-06 00:00:00+00:00,82.20500981803902,583,7d
2020-04-06 00:00:00+00:00,95.62244360902257,26,90d
2020-04-07 00:00:00+00:00,84.67698338037003,116,14d
2020-04-07 00:00:00+00:00,91.69068825910932,26,60d
2020-04-07 00:00:00+00:00,81.43304292249731,347,7d
2020-04-07 00:00:00+00:00,94.98370588235295,28,90d
2020-04-08 00:00:00+00:00,86.26113909774436,68,14d
2020-04-08 00:00:00+00:00,92.67912280701754,16,60d
2020-04-08 00:00:00+00:00,83.68292267365662,142,7d
2020-04-08 00:00:00+00:00,98.76665071770334,17,90d
2020-04-09 00:00:00+00:00,81.49676499508357,70,14d
2020-04-09 00:00:00+00:00,91.41966019417474,22,60d
2020-04-09 00:00:00+00:00,76.75208333333333,178,7d
2020-04-09 00:00:00+00:00,94.98156862745098,6,90d
2020-04-10 00:00:00+00:00,77.88172079134006,141,14d
2020-04-10 00:00:00+00:00,92.2126441631505,55,60d
2020-04-10 00:00:00+00:00,80.15503827710944,527,7d
2020-04-10 00:00:00+00:00,94.96970588235294,22,90d
2020-04-11 00:00:00+00:00,72.71487849779086,83,14d
2020-04-11 00:00:00+00:00,90.11306501547986,29,60d
2020-04-11 00:00:00+00:00,70.3086298642534,285,7d
2020-04-11 00:00:00+00:00,94.37664562289562,40,90d
2020-04-12 00:00:00+00:00,72.87841091016898,164,14d
2020-04-12 00:00:00+00:00,93.11772857964347,51,60d
2020-04-12 00:00:00+00:00,71.52739625167335,389,7d
2020-04-12 00:00:00+00:00,94.98,1,90d
2020-04-13 00:00:00+00:00,79.95182474226803,49,14d
2020-04-13 00:00:00+00:00,91.51137980085349,79,60d
2020-04-13 00:00:00+00:00,76.28224551386623,619,7d
2020-04-14 00:00:00+00:00,91.11401374570447,38,60d
2020-04-14 00:00:00+00:00,75.23437480511382,145,7d
2020-04-15 00:00:00+00:00,88.6292702214189,44,60d
2020-04-15 00:00:00+00:00,73.61925361766946,168,7d
2020-04-16 00:00:00+00:00,73.8301754385965,43,14d
2020-04-16 00:00:00+00:00,86.61540153780436,103,60d
2020-04-16 00:00:00+00:00,70.25495601834449,433,7d
2020-04-17 00:00:00+00:00,64.9886121919585,111,14d
2020-04-17 00:00:00+00:00,88.04833333333333,10,60d
2020-04-17 00:00:00+00:00,65.4732603406326,358,7d
2020-04-18 00:00:00+00:00,67.46215880893301,53,14d
2020-04-18 00:00:00+00:00,84.48702797202797,9,60d
2020-04-18 00:00:00+00:00,65.35635392271662,279,7d
2020-04-19 00:00:00+00:00,67.50471875,67,14d
2020-04-19 00:00:00+00:00,76.98121951219514,18,30d
2020-04-19 00:00:00+00:00,83.91993164730006,22,60d
2020-04-19 00:00:00+00:00,65.4283606557377,159,7d
2020-04-20 00:00:00+00:00,65.55211111111112,17,14d
2020-04-20 00:00:00+00:00,80.52066959385292,76,30d
2020-04-20 00:00:00+00:00,80.26891061452511,30,60d
2020-04-20 00:00:00+00:00,72.09830205150588,542,7d
2020-04-21 00:00:00+00:00,79.73863067292645,67,30d
2020-04-21 00:00:00+00:00,81.88163101604279,41,60d
2020-04-21 00:00:00+00:00,70.75195578231292,180,7d
2020-04-22 00:00:00+00:00,77.26024896265561,47,30d
2020-04-22 00:00:00+00:00,82.31978571428571,14,60d
2020-04-22 00:00:00+00:00,62.75063398692811,231,7d
2020-04-23 00:00:00+00:00,66.93712246431255,90,14d
2020-04-23 00:00:00+00:00,76.58898512685916,147,30d
2020-04-23 00:00:00+00:00,80.50820083682008,79,60d
2020-04-23 00:00:00+00:00,64.7489001108511,450,7d
2020-04-24 00:00:00+00:00,68.68839339752407,143,14d
2020-04-24 00:00:00+00:00,74.2457925223802,90,30d
2020-04-24 00:00:00+00:00,79.49690875232776,52,60d
2020-04-24 00:00:00+00:00,62.833091435970154,508,7d
2020-04-25 00:00:00+00:00,62.053276477588255,98,14d
2020-04-25 00:00:00+00:00,69.21186375321336,29,30d
2020-04-25 00:00:00+00:00,76.28666666666668,11,60d
2020-04-25 00:00:00+00:00,57.13484981598006,325,7d
2020-04-26 00:00:00+00:00,60.88217095075875,88,14d
2020-04-26 00:00:00+00:00,68.293203125,34,30d
2020-04-26 00:00:00+00:00,74.44752525252525,36,60d
2020-04-26 00:00:00+00:00,57.782414593390264,317,7d
2020-04-27 00:00:00+00:00,61.64652857142857,25,14d
2020-04-27 00:00:00+00:00,68.90353462603878,57,30d
2020-04-27 00:00:00+00:00,75.71831672203766,98,60d
2020-04-27 00:00:00+00:00,61.73039543642003,457,7d
2020-04-28 00:00:00+00:00,70.76847376788552,60,30d
2020-04-28 00:00:00+00:00,74.95116147308782,14,60d
2020-04-28 00:00:00+00:00,65.24783804577804,191,7d
2020-04-29 00:00:00+00:00,72.94462325581395,348,30d
2020-04-29 00:00:00+00:00,77.69292184368737,111,60d
2020-04-29 00:00:00+00:00,73.22359310959311,788,7d
2020-04-30 00:00:00+00:00,91.07924964936886,36,14d
2020-04-30 00:00:00+00:00,81.54531554160125,279,30d
2020-04-30 00:00:00+00:00,81.17307908669756,317,60d
2020-04-30 00:00:00+00:00,81.0834483534281,719,7d
2020-05-01 00:00:00+00:00,75.44956728860659,94,14d
2020-05-01 00:00:00+00:00,77.30523186682521,48,30d
2020-05-01 00:00:00+00:00,78.18135159817352,88,60d
2020-05-01 00:00:00+00:00,71.49468584020794,526,7d
2020-05-02 00:00:00+00:00,73.52356651376147,47,14d
2020-05-02 00:00:00+00:00,74.08254237288135,26,30d
2020-05-02 00:00:00+00:00,77.09538152610442,37,60d
2020-05-02 00:00:00+00:00,67.05056034874218,337,7d
2020-05-03 00:00:00+00:00,73.07562790697675,54,14d
2020-05-03 00:00:00+00:00,71.9916811594203,77,30d
2020-05-03 00:00:00+00:00,76.8044978165939,37,60d
2020-05-03 00:00:00+00:00,68.81475570032573,344,7d
2020-05-04 00:00:00+00:00,77.1224712643678,32,14d
2020-05-04 00:00:00+00:00,77.01175897578625,86,30d
2020-05-04 00:00:00+00:00,79.90927966101694,30,60d
2020-05-04 00:00:00+00:00,71.96327903758119,391,7d
2020-05-05 00:00:00+00:00,74.79725063474791,90,30d
2020-05-05 00:00:00+00:00,76.52243346007604,22,60d
2020-05-05 00:00:00+00:00,71.95844337680165,233,7d
2020-05-06 00:00:00+00:00,78.64674335010784,114,30d
2020-05-06 00:00:00+00:00,79.29182926829267,40,60d
2020-05-06 00:00:00+00:00,80.03393581327498,222,7d
2020-05-07 00:00:00+00:00,80.8379872543813,79,14d
2020-05-07 00:00:00+00:00,80.27224945806236,175,30d
2020-05-07 00:00:00+00:00,81.63332243563548,134,60d
2020-05-07 00:00:00+00:00,83.68836820083683,375,7d
2020-05-08 00:00:00+00:00,81.03111371286404,200,14d
2020-05-08 00:00:00+00:00,81.37400587920898,136,30d
2020-05-08 00:00:00+00:00,80.37380392156864,91,60d
2020-05-08 00:00:00+00:00,81.27819255787259,591,7d
2020-05-09 00:00:00+00:00,79.39215577190542,104,14d
2020-05-09 00:00:00+00:00,79.96012269938649,14,30d
2020-05-09 00:00:00+00:00,81.32513409961685,34,60d
2020-05-09 00:00:00+00:00,78.41544036984799,360,7d
2020-05-10 00:00:00+00:00,100.17471835483458,462,14d
2020-05-10 00:00:00+00:00,90.90780442804429,185,60d
2020-05-10 00:00:00+00:00,110.31986417385747,1090,7d
2020-05-11 00:00:00+00:00,99.9192728918389,257,14d
2020-05-11 00:00:00+00:00,92.81767027371102,83,60d
2020-05-11 00:00:00+00:00,107.49417970721856,620,7d
2020-05-12 00:00:00+00:00,79.13830211239537,140,14d
2020-05-12 00:00:00+00:00,81.06732876712329,35,60d
2020-05-12 00:00:00+00:00,78.49219817219817,351,7d
2020-05-13 00:00:00+00:00,78.87029045643153,126,14d
2020-05-13 00:00:00+00:00,76.50179447589639,347,7d
2020-05-14 00:00:00+00:00,82.70434551886792,357,14d
2020-05-14 00:00:00+00:00,83.53927345722981,430,7d
2020-05-15 00:00:00+00:00,86.72562340684917,213,14d
2020-05-15 00:00:00+00:00,83.35160690111134,583,7d
2020-05-16 00:00:00+00:00,78.98867126375812,165,14d
2020-05-16 00:00:00+00:00,81.22570821033672,415,7d
2020-05-17 00:00:00+00:00,76.3431011638317,255,14d
2020-05-17 00:00:00+00:00,87.24302637889687,129,30d
2020-05-17 00:00:00+00:00,75.6350467348347,453,7d
2020-05-18 00:00:00+00:00,84.018785942492,65,14d
2020-05-18 00:00:00+00:00,90.07066912669127,152,30d
2020-05-18 00:00:00+00:00,81.89001229303523,570,7d
2020-05-19 00:00:00+00:00,84.33272818455366,64,30d
2020-05-19 00:00:00+00:00,77.5497673297167,352,7d
2020-05-20 00:00:00+00:00,85.45985609397944,104,30d
2020-05-20 00:00:00+00:00,78.23002367315769,362,7d
2020-05-21 00:00:00+00:00,79.04986425339366,51,14d
2020-05-21 00:00:00+00:00,81.33815671838023,135,30d
2020-05-21 00:00:00+00:00,72.08024569491526,570,7d
2020-05-22 00:00:00+00:00,72.80366008911521,90,14d
2020-05-22 00:00:00+00:00,78.09745659526494,126,30d
2020-05-22 00:00:00+00:00,67.52910177783903,566,7d
2020-05-23 00:00:00+00:00,66.40164911308204,94,14d
2020-05-23 00:00:00+00:00,74.93114265181458,61,30d
2020-05-23 00:00:00+00:00,65.74158987743985,293,7d
2020-05-24 00:00:00+00:00,66.99119359814887,123,14d
2020-05-24 00:00:00+00:00,72.92410334811191,142,30d
2020-05-24 00:00:00+00:00,71.0946160457382,596,7d
2020-05-25 00:00:00+00:00,72.52947154471545,15,14d
2020-05-25 00:00:00+00:00,75.61750095675468,63,30d
2020-05-25 00:00:00+00:00,72.43866720845185,519,7d
2020-05-26 00:00:00+00:00,73.77172246696036,82,30d
2020-05-26 00:00:00+00:00,70.92118308441013,200,7d
2020-05-27 00:00:00+00:00,72.2006223922114,104,30d
2020-05-27 00:00:00+00:00,68.17151584749656,172,7d
2020-05-28 00:00:00+00:00,61.82554307116104,51,14d
2020-05-28 00:00:00+00:00,64.85150385772198,224,30d
2020-05-28 00:00:00+00:00,69.28919545255795,13,60d
2020-05-28 00:00:00+00:00,61.47887520798668,307,7d
2020-05-29 00:00:00+00:00,60.16005220279997,122,14d
2020-05-29 00:00:00+00:00,61.40285393573733,299,30d
2020-05-29 00:00:00+00:00,66.07918139534884,78,60d
2020-05-29 00:00:00+00:00,59.653613501483676,469,7d
2020-05-30 00:00:00+00:00,62.05194170685679,205,14d
2020-05-30 00:00:00+00:00,65.01101389766266,151,30d
2020-05-30 00:00:00+00:00,68.80171503957784,14,60d
2020-05-30 00:00:00+00:00,62.29148306478131,333,7d
2020-05-31 00:00:00+00:00,66.79894634525661,101,14d
2020-05-31 00:00:00+00:00,70.45683908045977,126,30d
2020-05-31 00:00:00+00:00,72.11125,13,60d
2020-05-31 00:00:00+00:00,65.12718717896034,244,7d
2020-06-01 00:00:00+00:00,64.68220930232559,22,14d
2020-06-01 00:00:00+00:00,70.17412494953574,311,30d
2020-06-01 00:00:00+00:00,68.19424028268551,34,60d
2020-06-01 00:00:00+00:00,68.83552329635499,987,7d
2020-06-02 00:00:00+00:00,75.32123143044006,370,30d
2020-06-02 00:00:00+00:00,70.3761744966443,88,60d
2020-06-02 00:00:00+00:00,82.02371541963349,779,7d
2020-06-03 00:00:00+00:00,71.39596123417722,152,30d
2020-06-03 00:00:00+00:00,69.42303370786516,34,60d
2020-06-03 00:00:00+00:00,68.99615928771802,169,7d
2020-06-04 00:00:00+00:00,62.48492206442675,43,14d
2020-06-04 00:00:00+00:00,66.47835359116021,179,30d
2020-06-04 00:00:00+00:00,66.8798319327731,30,60d
2020-06-04 00:00:00+00:00,65.01310938500961,306,7d
2020-06-05 00:00:00+00:00,63.058251683612845,249,14d
2020-06-05 00:00:00+00:00,64.37745901639344,194,30d
2020-06-05 00:00:00+00:00,65.52729957805907,19,60d
2020-06-05 00:00:00+00:00,58.3083320958488,522,7d
2020-06-06 00:00:00+00:00,62.830110137672094,137,14d
2020-06-06 00:00:00+00:00,63.97488439306358,42,30d
2020-06-06 00:00:00+00:00,64.48007067137809,20,60d
2020-06-06 00:00:00+00:00,58.93392295484057,291,7d
2020-06-07 00:00:00+00:00,62.874161799065426,194,14d
2020-06-07 00:00:00+00:00,65.57032258064515,32,60d
2020-06-07 00:00:00+00:00,65.62808415227555,332,7d
2020-06-08 00:00:00+00:00,62.33213219616205,107,14d
2020-06-08 00:00:00+00:00,66.58707792207792,37,60d
2020-06-08 00:00:00+00:00,58.43089672121321,407,7d
2020-06-09 00:00:00+00:00,65.0537388215117,202,14d
2020-06-09 00:00:00+00:00,65.73819354838709,45,60d
2020-06-09 00:00:00+00:00,64.1755727398466,241,7d
2020-06-10 00:00:00+00:00,64.39849659507595,195,14d
2020-06-10 00:00:00+00:00,66.55219274977895,65,60d
2020-06-10 00:00:00+00:00,64.92945703422053,215,7d
2020-06-11 00:00:00+00:00,67.79937692075927,287,14d
2020-06-11 00:00:00+00:00,67.98059233449477,122,60d
2020-06-11 00:00:00+00:00,67.01705597416577,422,7d
2020-06-12 00:00:00+00:00,60.90337557443253,293,14d
2020-06-12 00:00:00+00:00,64.35115927910374,56,60d
2020-06-12 00:00:00+00:00,57.81922932811037,448,7d
2020-06-12 00:00:00+00:00,68.42112903225807,16,90d
2020-06-13 00:00:00+00:00,58.18995893872393,171,14d
2020-06-13 00:00:00+00:00,63.01990654205608,39,60d
2020-06-13 00:00:00+00:00,55.03202805376972,179,7d
2020-06-13 00:00:00+00:00,67.7536320754717,33,90d
2020-06-14 00:00:00+00:00,64.22413885610044,181,14d
2020-06-14 00:00:00+00:00,66.53210359408034,40,60d
2020-06-14 00:00:00+00:00,60.04747863247863,181,7d
2020-06-14 00:00:00+00:00,70.70302134646963,48,90d
2020-06-15 00:00:00+00:00,66.27633790358249,121,14d
2020-06-15 00:00:00+00:00,67.36555875102712,98,60d
2020-06-15 00:00:00+00:00,65.04253772835584,785,7d
2020-06-15 00:00:00+00:00,71.2516189811584,70,90d
2020-06-16 00:00:00+00:00,68.56078711985688,12,60d
2020-06-16 00:00:00+00:00,59.689175382837334,390,7d
2020-06-16 00:00:00+00:00,70.35707450030284,100,90d
2020-06-17 00:00:00+00:00,59.17488565932892,225,7d
2020-06-17 00:00:00+00:00,70.39224944320713,21,90d
2020-06-18 00:00:00+00:00,55.58421598272138,61,14d
2020-06-18 00:00:00+00:00,54.936962058901564,331,7d
2020-06-18 00:00:00+00:00,69.03173382173381,20,90d
2020-06-19 00:00:00+00:00,53.869092558983674,128,14d
2020-06-19 00:00:00+00:00,52.94034203060695,813,7d
2020-06-19 00:00:00+00:00,69.54035519125684,41,90d
2020-06-20 00:00:00+00:00,54.073827586206896,129,14d
2020-06-20 00:00:00+00:00,50.12426426426426,397,7d
2020-06-20 00:00:00+00:00,68.04666666666667,19,90d
2020-06-21 00:00:00+00:00,55.60423006134969,91,14d
2020-06-21 00:00:00+00:00,62.55600122850122,47,30d
2020-06-21 00:00:00+00:00,54.300260802203475,350,7d
2020-06-21 00:00:00+00:00,69.13171052631579,18,90d
2020-06-22 00:00:00+00:00,54.37377459016393,47,14d
2020-06-22 00:00:00+00:00,60.52943181818183,107,30d
2020-06-22 00:00:00+00:00,51.53051919058931,1111,7d
2020-06-22 00:00:00+00:00,68.3186909090909,48,90d
2020-06-23 00:00:00+00:00,59.544710724902814,145,30d
2020-06-23 00:00:00+00:00,53.863887170604976,257,7d
2020-06-23 00:00:00+00:00,68.92425438596491,36,90d
2020-06-24 00:00:00+00:00,60.05264836601307,172,30d
2020-06-24 00:00:00+00:00,59.897671482335795,348,7d
2020-06-24 00:00:00+00:00,68.65794188861986,35,90d
2020-06-25 00:00:00+00:00,54.17001940491591,49,14d
2020-06-25 00:00:00+00:00,59.54861027190332,106,30d
2020-06-25 00:00:00+00:00,63.1310310612597,8,60d
2020-06-25 00:00:00+00:00,53.630397834571326,329,7d
2020-06-25 00:00:00+00:00,69.40920000000001,9,90d
2020-06-26 00:00:00+00:00,48.74439934035266,192,14d
2020-06-26 00:00:00+00:00,56.605858394292426,202,30d
2020-06-26 00:00:00+00:00,64.15561657032757,53,60d
2020-06-26 00:00:00+00:00,49.12391714735186,711,7d
2020-06-26 00:00:00+00:00,67.29133428981349,43,90d
2020-06-27 00:00:00+00:00,51.07685714285714,113,14d
2020-06-27 00:00:00+00:00,52.73625218150087,167,30d
2020-06-27 00:00:00+00:00,57.610399181166834,36,60d
2020-06-27 00:00:00+00:00,47.76708965269676,422,7d
2020-06-27 00:00:00+00:00,65.00025252525252,45,90d
2020-06-28 00:00:00+00:00,51.79727430744161,148,14d
2020-06-28 00:00:00+00:00,55.16328384450088,111,30d
2020-06-28 00:00:00+00:00,60.06350427350427,9,60d
2020-06-28 00:00:00+00:00,52.61120901431326,351,7d
2020-06-28 00:00:00+00:00,66.28976744186046,9,90d
2020-06-29 00:00:00+00:00,49.47973180076628,43,14d
2020-06-29 00:00:00+00:00,52.22990397805212,84,30d
2020-06-29 00:00:00+00:00,57.588935128518976,10,60d
2020-06-29 00:00:00+00:00,49.89219817219818,418,7d
2020-06-29 00:00:00+00:00,65.26696132596685,20,90d
2020-06-30 00:00:00+00:00,51.74520102105935,60,30d
2020-06-30 00:00:00+00:00,59.80450777202072,14,60d
2020-06-30 00:00:00+00:00,47.41088519177038,221,7d
2020-06-30 00:00:00+00:00,65.16155619596542,87,90d
2020-07-01 00:00:00+00:00,49.32289397590362,139,30d
2020-07-01 00:00:00+00:00,56.999025270758125,15,60d
2020-07-01 00:00:00+00:00,45.582710981959075,208,7d
2020-07-01 00:00:00+00:00,63.64206002143623,11,90d
2020-07-02 00:00:00+00:00,44.91981340118744,42,14d
2020-07-02 00:00:00+00:00,46.10328196257274,160,30d
2020-07-02 00:00:00+00:00,54.16590361445783,24,60d
2020-07-02 00:00:00+00:00,43.79463910969793,295,7d
2020-07-02 00:00:00+00:00,62.11574616457461,22,90d
2020-07-03 00:00:00+00:00,40.11481856198571,227,14d
2020-07-03 00:00:00+00:00,46.203341049382715,183,30d
2020-07-03 00:00:00+00:00,53.406588655295515,46,60d
2020-07-03 00:00:00+00:00,40.511123762376236,642,7d
2020-07-03 00:00:00+00:00,60.60859698681733,28,90d
2020-07-04 00:00:00+00:00,41.400836431226764,78,14d
2020-07-04 00:00:00+00:00,48.65310075740188,116,30d
2020-07-04 00:00:00+00:00,54.53301526717557,10,60d
2020-07-04 00:00:00+00:00,39.555693565189515,361,7d
2020-07-04 00:00:00+00:00,61.39565315315315,11,90d
2020-07-05 00:00:00+00:00,42.94888157894737,105,14d
2020-07-05 00:00:00+00:00,48.827964765878534,83,30d
2020-07-05 00:00:00+00:00,54.22976897689769,13,60d
2020-07-05 00:00:00+00:00,44.47981790003874,333,7d
2020-07-05 00:00:00+00:00,61.46056737588653,16,90d
2020-07-06 00:00:00+00:00,45.09274468085106,47,14d
2020-07-06 00:00:00+00:00,49.511789757412394,247,30d
2020-07-06 00:00:00+00:00,55.23896499238965,44,60d
2020-07-06 00:00:00+00:00,44.03954613261729,784,7d
2020-07-06 00:00:00+00:00,61.35184795321637,53,90d
2020-07-07 00:00:00+00:00,51.257259246633716,137,30d
2020-07-07 00:00:00+00:00,57.679086559373644,18,60d
2020-07-07 00:00:00+00:00,50.09354632341606,305,7d
2020-07-07 00:00:00+00:00,63.64484060814124,35,90d
2020-07-08 00:00:00+00:00,51.32017672363679,216,30d
2020-07-08 00:00:00+00:00,58.730939024390246,33,60d
2020-07-08 00:00:00+00:00,45.43612292591727,328,7d
2020-07-08 00:00:00+00:00,62.74600809716599,24,90d
2020-07-09 00:00:00+00:00,46.30122125040493,76,14d
2020-07-09 00:00:00+00:00,52.48025438005391,158,30d
2020-07-09 00:00:00+00:00,59.38141411378556,80,60d
2020-07-09 00:00:00+00:00,43.551734078010995,275,7d
2020-07-09 00:00:00+00:00,65.37977062374246,55,90d
2020-07-10 00:00:00+00:00,43.247477510556266,232,14d
2020-07-10 00:00:00+00:00,47.12321361940298,147,30d
2020-07-10 00:00:00+00:00,57.51044444444444,16,60d
2020-07-10 00:00:00+00:00,38.42160439288221,642,7d
2020-07-10 00:00:00+00:00,63.077360000000006,9,90d
2020-07-11 00:00:00+00:00,45.299351145038166,98,14d
2020-07-11 00:00:00+00:00,48.30029250457038,16,30d
2020-07-11 00:00:00+00:00,56.87109756097561,6,60d
2020-07-11 00:00:00+00:00,40.18618374558304,205,7d
2020-07-11 00:00:00+00:00,63.840839160839145,6,90d
2020-07-12 00:00:00+00:00,46.911344759393536,158,14d
2020-07-12 00:00:00+00:00,58.65639999999999,26,60d
2020-07-12 00:00:00+00:00,42.60994062765055,256,7d
2020-07-12 00:00:00+00:00,63.01222222222223,2,90d
2020-07-13 00:00:00+00:00,46.74338382844777,177,14d
2020-07-13 00:00:00+00:00,58.372614379084965,43,60d
2020-07-13 00:00:00+00:00,41.47254619525681,360,7d
2020-07-14 00:00:00+00:00,47.79315217391305,141,14d
2020-07-14 00:00:00+00:00,58.02127463863338,26,60d
2020-07-14 00:00:00+00:00,44.1926457183977,176,7d
2020-07-15 00:00:00+00:00,45.67889243258916,88,14d
2020-07-15 00:00:00+00:00,62.11669811320755,3,60d
2020-07-15 00:00:00+00:00,42.45512271341463,169,7d
2020-07-16 00:00:00+00:00,48.487450396825395,205,14d
2020-07-16 00:00:00+00:00,62.9408064516129,5,60d
2020-07-16 00:00:00+00:00,45.40327384435342,242,7d
2020-07-17 00:00:00+00:00,45.69449626968776,324,14d
2020-07-17 00:00:00+00:00,59.17942275042445,23,60d
2020-07-17 00:00:00+00:00,40.86068904057641,645,7d
2020-07-18 00:00:00+00:00,41.63669885954999,157,14d
2020-07-18 00:00:00+00:00,56.36492693110647,21,60d
2020-07-18 00:00:00+00:00,38.688025163439,245,7d
2020-07-19 00:00:00+00:00,43.24589074208364,133,14d
2020-07-19 00:00:00+00:00,50.87776603773585,30,30d
2020-07-19 00:00:00+00:00,58.39501123595505,21,60d
2020-07-19 00:00:00+00:00,38.720962573538614,296,7d
2020-07-20 00:00:00+00:00,42.31511051212938,53,14d
2020-07-20 00:00:00+00:00,51.756221122112215,44,30d
2020-07-20 00:00:00+00:00,56.38426944971537,26,60d
2020-07-20 00:00:00+00:00,38.738190655121706,420,7d
2020-07-21 00:00:00+00:00,51.09989606868505,78,30d
2020-07-21 00:00:00+00:00,56.42436700600365,105,60d
2020-07-21 00:00:00+00:00,42.30698142535168,567,7d
2020-07-22 00:00:00+00:00,51.160543283582086,81,30d
2020-07-22 00:00:00+00:00,56.323860729512084,66,60d
2020-07-22 00:00:00+00:00,45.3221021021021,322,7d
2020-07-23 00:00:00+00:00,46.69876705141658,83,14d
2020-07-23 00:00:00+00:00,52.490232104121475,136,30d
2020-07-23 00:00:00+00:00,56.18407407407408,69,60d
2020-07-23 00:00:00+00:00,44.16773920231453,531,7d
2020-07-24 00:00:00+00:00,42.21380757853219,191,14d
2020-07-24 00:00:00+00:00,50.14339257768835,121,30d
2020-07-24 00:00:00+00:00,54.66736100234925,49,60d
2020-07-24 00:00:00+00:00,38.90429515870734,820,7d
2020-07-25 00:00:00+00:00,42.588267942583734,132,14d
2020-07-25 00:00:00+00:00,47.55502240812668,86,30d
2020-07-25 00:00:00+00:00,55.022341628959275,58,60d
2020-07-25 00:00:00+00:00,39.93597385973186,505,7d
2020-07-26 00:00:00+00:00,51.20413045601016,282,14d
2020-07-26 00:00:00+00:00,53.219358974358975,173,30d
2020-07-26 00:00:00+00:00,56.184831717056475,64,60d
2020-07-26 00:00:00+00:00,52.82906614785992,1166,7d
2020-07-27 00:00:00+00:00,60.474824818946956,143,14d
2020-07-27 00:00:00+00:00,69.71247764503897,547,30d
2020-07-27 00:00:00+00:00,68.72482970407593,375,60d
2020-07-27 00:00:00+00:00,79.99866481223923,2659,7d
2020-07-28 00:00:00+00:00,71.6859269804053,252,30d
2020-07-28 00:00:00+00:00,70.79583125091872,139,60d
2020-07-28 00:00:00+00:00,79.35850237359656,652,7d
2020-07-29 00:00:00+00:00,61.656157198192375,254,30d
2020-07-29 00:00:00+00:00,64.76417195207893,46,60d
2020-07-29 00:00:00+00:00,61.772073875652055,359,7d
2020-07-30 00:00:00+00:00,51.1305276760715,184,14d
2020-07-30 00:00:00+00:00,56.34996214272194,216,30d
2020-07-30 00:00:00+00:00,61.34842957746479,60,60d
2020-07-30 00:00:00+00:00,53.6234165801152,593,7d
2020-07-31 00:00:00+00:00,53.50879162117904,403,14d
2020-07-31 00:00:00+00:00,56.51749948293692,256,30d
2020-07-31 00:00:00+00:00,61.23446502427621,121,60d
2020-07-31 00:00:00+00:00,55.93428661022264,756,7d
2020-08-01 00:00:00+00:00,61.74078091987649,395,14d
2020-08-01 00:00:00+00:00,61.24443171708185,328,30d
2020-08-01 00:00:00+00:00,67.17644825646794,113,60d
2020-08-01 00:00:00+00:00,63.90391908919089,840,7d
2020-08-02 00:00:00+00:00,72.16435216652506,377,14d
2020-08-02 00:00:00+00:00,71.94566529492455,425,30d
2020-08-02 00:00:00+00:00,70.56720193861067,205,60d
2020-08-02 00:00:00+00:00,72.91628725335207,845,7d
2020-08-03 00:00:00+00:00,65.91888624787777,57,14d
2020-08-03 00:00:00+00:00,65.92767835838701,164,30d
2020-08-03 00:00:00+00:00,67.0667560728745,99,60d
2020-08-03 00:00:00+00:00,66.216640388114,520,7d
2020-08-04 00:00:00+00:00,63.20544004611837,135,30d
2020-08-04 00:00:00+00:00,66.02281033564199,99,60d
2020-08-04 00:00:00+00:00,62.55085817524842,314,7d
2020-08-05 00:00:00+00:00,62.10978818443804,143,30d
2020-08-05 00:00:00+00:00,67.56737522441651,87,60d
2020-08-05 00:00:00+00:00,59.9274357601713,389,7d
2020-08-06 00:00:00+00:00,52.39171026653504,68,14d
2020-08-06 00:00:00+00:00,56.67381223560039,119,30d
2020-08-06 00:00:00+00:00,64.12324145150033,66,60d
2020-08-06 00:00:00+00:00,55.168320399539,584,7d
2020-08-07 00:00:00+00:00,56.69198933333333,349,14d
2020-08-07 00:00:00+00:00,58.64393196781273,174,30d
2020-08-07 00:00:00+00:00,64.45621020497164,67,60d
2020-08-07 00:00:00+00:00,49.72583538748272,607,7d
2020-08-08 00:00:00+00:00,52.6180629095675,194,14d
2020-08-08 00:00:00+00:00,57.81279379157428,15,30d
2020-08-08 00:00:00+00:00,63.72322802197802,44,60d
2020-08-08 00:00:00+00:00,50.117148148148146,413,7d
2020-08-09 00:00:00+00:00,50.437731840066995,212,14d
2020-08-09 00:00:00+00:00,63.813975352112685,58,60d
2020-08-09 00:00:00+00:00,45.87031813206859,394,7d
2020-08-10 00:00:00+00:00,50.665346220884174,344,14d
2020-08-10 00:00:00+00:00,63.95412596401028,62,60d
2020-08-10 00:00:00+00:00,49.73499769178547,882,7d
2020-08-11 00:00:00+00:00,54.21674435542608,254,14d
2020-08-11 00:00:00+00:00,63.065652173913044,20,60d
2020-08-11 00:00:00+00:00,51.60250619927862,547,7d
2020-08-12 00:00:00+00:00,53.34152918578594,330,14d
2020-08-12 00:00:00+00:00,49.058953018707484,325,7d
2020-08-13 00:00:00+00:00,49.8360052371254,189,14d
2020-08-13 00:00:00+00:00,44.90630968218773,347,7d
2020-08-14 00:00:00+00:00,51.33802843708016,239,14d
2020-08-14 00:00:00+00:00,49.46396497508587,573,7d
2020-08-15 00:00:00+00:00,53.35436277358125,198,14d
2020-08-15 00:00:00+00:00,50.518199283620966,430,7d
2020-08-16 00:00:00+00:00,58.00159810126582,182,14d
2020-08-16 00:00:00+00:00,74.10215779202676,91,30d
2020-08-16 00:00:00+00:00,54.24123544303798,330,7d
2020-08-17 00:00:00+00:00,57.77406739811912,49,14d
2020-08-17 00:00:00+00:00,71.09727683372769,224,30d
2020-08-17 00:00:00+00:00,58.983925565010516,1284,7d
2020-08-18 00:00:00+00:00,72.61124396782841,99,30d
2020-08-18 00:00:00+00:00,61.338744485917886,403,7d
2020-08-19 00:00:00+00:00,66.30626880155265,117,30d
2020-08-19 00:00:00+00:00,52.37645568924785,484,7d
2020-08-20 00:00:00+00:00,49.05613488463813,136,14d
2020-08-20 00:00:00+00:00,63.9547619047619,53,30d
2020-08-20 00:00:00+00:00,49.44669078818698,273,7d
2020-08-21 00:00:00+00:00,47.240731319554854,354,14d
2020-08-21 00:00:00+00:00,61.084317431743166,138,30d
2020-08-21 00:00:00+00:00,43.52844367316488,812,7d
2020-08-22 00:00:00+00:00,46.344754302818664,163,14d
2020-08-22 00:00:00+00:00,61.1376211031175,91,30d
2020-08-22 00:00:00+00:00,42.83883453676396,329,7d
2020-08-23 00:00:00+00:00,42.49453829634932,108,14d
2020-08-23 00:00:00+00:00,59.293363446838086,62,30d
2020-08-23 00:00:00+00:00,41.28499426441067,246,7d
2020-08-24 00:00:00+00:00,44.316438146304094,111,14d
2020-08-24 00:00:00+00:00,56.213169478123355,149,30d
2020-08-24 00:00:00+00:00,45.24298392373119,523,7d
2020-08-25 00:00:00+00:00,55.08864402557503,271,30d
2020-08-25 00:00:00+00:00,43.29211310643099,465,7d
2020-08-26 00:00:00+00:00,53.756478174603174,121,30d
2020-08-26 00:00:00+00:00,42.203060029282575,229,7d
2020-08-27 00:00:00+00:00,46.280214732650734,106,14d
2020-08-27 00:00:00+00:00,55.258877360603115,190,30d
2020-08-27 00:00:00+00:00,63.25718631178707,13,60d
2020-08-27 00:00:00+00:00,45.85888751724639,262,7d
2020-08-28 00:00:00+00:00,44.18391530568001,169,14d
2020-08-28 00:00:00+00:00,53.366090357739296,377,30d
2020-08-28 00:00:00+00:00,59.282856006364355,73,60d
2020-08-28 00:00:00+00:00,38.406426103345375,441,7d
2020-08-29 00:00:00+00:00,40.79919536984754,125,14d
2020-08-29 00:00:00+00:00,52.150801487296015,121,30d
2020-08-29 00:00:00+00:00,59.04255555555556,13,60d
2020-08-29 00:00:00+00:00,40.301696199437856,265,7d
2020-08-30 00:00:00+00:00,42.46888253843122,165,14d
2020-08-30 00:00:00+00:00,52.35022150189088,131,30d
2020-08-30 00:00:00+00:00,59.64860215053763,31,60d
2020-08-30 00:00:00+00:00,42.080876619293164,275,7d
2020-08-31 00:00:00+00:00,45.003609972677594,74,14d
2020-08-31 00:00:00+00:00,52.34889398482978,174,30d
2020-08-31 00:00:00+00:00,59.498501702610675,31,60d
2020-08-31 00:00:00+00:00,41.42999461168187,594,7d
2020-08-31 00:00:00+00:00,63.905,2,90d
2020-09-01 00:00:00+00:00,47.57200977869274,114,14d
2020-09-01 00:00:00+00:00,53.42086389850058,253,30d
2020-09-01 00:00:00+00:00,59.83691991786447,26,60d
2020-09-01 00:00:00+00:00,45.07075554441799,577,7d
2020-09-01 00:00:00+00:00,66.31828125,12,90d
2020-09-02 00:00:00+00:00,46.2067521844209,116,14d
2020-09-02 00:00:00+00:00,52.10340488916149,362,30d
2020-09-02 00:00:00+00:00,59.92655697243933,91,60d
2020-09-02 00:00:00+00:00,43.629215920635865,743,7d
2020-09-02 00:00:00+00:00,66.22583855254003,16,90d
2020-09-03 00:00:00+00:00,50.53481829487357,174,14d
2020-09-03 00:00:00+00:00,54.426737828507015,337,30d
2020-09-03 00:00:00+00:00,59.817297360429805,128,60d
2020-09-03 00:00:00+00:00,52.192715618910874,627,7d
2020-09-03 00:00:00+00:00,65.81250000000001,41,90d
2020-09-04 00:00:00+00:00,57.48146804591185,325,14d
2020-09-04 00:00:00+00:00,58.82797247124876,346,30d
2020-09-04 00:00:00+00:00,62.51461811722913,82,60d
2020-09-04 00:00:00+00:00,57.17968736220125,497,7d
2020-09-04 00:00:00+00:00,67.89758338577721,54,90d
2020-09-05 00:00:00+00:00,63.295861963190184,263,14d
2020-09-05 00:00:00+00:00,57.52008298755188,12,30d
2020-09-05 00:00:00+00:00,65.08765765765766,65,60d
2020-09-05 00:00:00+00:00,60.22511791356877,376,7d
2020-09-05 00:00:00+00:00,69.73652173913044,14,90d
2020-09-06 00:00:00+00:00,67.261125,100,14d
2020-09-06 00:00:00+00:00,69.53850797266514,27,60d
2020-09-06 00:00:00+00:00,67.45065125583463,249,7d
2020-09-06 00:00:00+00:00,74.10522471910113,2,90d
2020-09-07 00:00:00+00:00,65.50669718854785,195,14d
2020-09-07 00:00:00+00:00,68.10323924731183,17,60d
2020-09-07 00:00:00+00:00,59.39600985935915,564,7d
2020-09-07 00:00:00+00:00,73.80018918918918,9,90d
2020-09-08 00:00:00+00:00,70.32322949117342,249,14d
2020-09-08 00:00:00+00:00,70.19522586780789,30,60d
2020-09-08 00:00:00+00:00,64.54073627287853,253,7d
2020-09-08 00:00:00+00:00,76.38451428571429,8,90d
2020-09-09 00:00:00+00:00,71.07182235195997,138,14d
2020-09-09 00:00:00+00:00,69.62444113263786,31,60d
2020-09-09 00:00:00+00:00,67.94170803782505,80,7d
2020-09-09 00:00:00+00:00,75.4323595505618,10,90d
2020-09-10 00:00:00+00:00,61.58766440624507,98,14d
2020-09-10 00:00:00+00:00,61.51654618473896,4,30d
2020-09-10 00:00:00+00:00,67.04843434343434,12,60d
2020-09-10 00:00:00+00:00,58.96355854566275,182,7d
2020-09-10 00:00:00+00:00,72.29444711538463,6,90d
2020-09-11 00:00:00+00:00,57.68748088824172,203,14d
2020-09-11 00:00:00+00:00,60.72105103969754,35,30d
2020-09-11 00:00:00+00:00,62.90421162444114,37,60d
2020-09-11 00:00:00+00:00,44.04097437382365,256,7d
2020-09-11 00:00:00+00:00,73.40801418439716,15,90d
2020-09-12 00:00:00+00:00,52.74469960249858,129,14d
2020-09-12 00:00:00+00:00,53.98433147632312,9,30d
2020-09-12 00:00:00+00:00,60.0313676012461,41,60d
2020-09-12 00:00:00+00:00,49.744161696487744,234,7d
2020-09-12 00:00:00+00:00,70.50250000000001,16,90d
2020-09-13 00:00:00+00:00,51.20291860553818,227,14d
2020-09-13 00:00:00+00:00,59.42066773504274,28,60d
2020-09-13 00:00:00+00:00,48.66425034178946,257,7d
2020-09-13 00:00:00+00:00,74.22578231292519,19,90d
2020-09-14 00:00:00+00:00,51.719829545454544,131,14d
2020-09-14 00:00:00+00:00,56.4878312537136,85,60d
2020-09-14 00:00:00+00:00,47.39273861059575,591,7d
2020-09-14 00:00:00+00:00,71.3613,22,90d
2020-09-15 00:00:00+00:00,53.34755595344673,49,14d
2020-09-15 00:00:00+00:00,63.477342137845646,40,60d
2020-09-15 00:00:00+00:00,51.52429289710361,404,7d
2020-09-15 00:00:00+00:00,68.51601511879049,35,90d
2020-09-16 00:00:00+00:00,53.424206216577545,80,14d
2020-09-16 00:00:00+00:00,64.67402439024391,6,60d
2020-09-16 00:00:00+00:00,52.40398117730623,348,7d
2020-09-16 00:00:00+00:00,69.25570570570572,10,90d
2020-09-17 00:00:00+00:00,48.369786468330126,83,14d
2020-09-17 00:00:00+00:00,51.667875647668396,11,30d
2020-09-17 00:00:00+00:00,63.96861313868614,10,60d
2020-09-17 00:00:00+00:00,49.18176061493411,279,7d
2020-09-17 00:00:00+00:00,69.00884353741496,15,90d
2020-09-18 00:00:00+00:00,44.996318042813456,233,14d
2020-09-18 00:00:00+00:00,46.42344672995781,71,30d
2020-09-18 00:00:00+00:00,60.3579381443299,4,60d
2020-09-18 00:00:00+00:00,44.36348166658657,377,7d
2020-09-18 00:00:00+00:00,65.15247863247865,5,90d
2020-09-19 00:00:00+00:00,43.43461804954097,161,14d
2020-09-19 00:00:00+00:00,44.547798833819236,53,30d
2020-09-19 00:00:00+00:00,60.30352334748334,12,60d
2020-09-19 00:00:00+00:00,48.236004513295924,325,7d
2020-09-19 00:00:00+00:00,64.77535714285715,12,90d
2020-09-20 00:00:00+00:00,42.946189944134076,128,14d
2020-09-20 00:00:00+00:00,47.46105221203666,75,30d
2020-09-20 00:00:00+00:00,57.36333333333334,6,60d
2020-09-20 00:00:00+00:00,43.46213995733847,303,7d
2020-09-20 00:00:00+00:00,62.90596307385229,28,90d
2020-09-21 00:00:00+00:00,46.40078846153846,127,14d
2020-09-21 00:00:00+00:00,48.43292494042891,168,30d
2020-09-21 00:00:00+00:00,58.562352024922106,26,60d
2020-09-21 00:00:00+00:00,46.69705150589262,1002,7d
2020-09-21 00:00:00+00:00,62.608834080717486,32,90d
2020-09-22 00:00:00+00:00,36.6208474167069,42,14d
2020-09-22 00:00:00+00:00,50.49347239263803,72,30d
2020-09-22 00:00:00+00:00,59.65854838709677,5,60d
2020-09-22 00:00:00+00:00,45.47221282831699,200,7d
2020-09-22 00:00:00+00:00,62.802499999999995,39,90d
2020-09-23 00:00:00+00:00,44.51542053522665,100,14d
2020-09-23 00:00:00+00:00,48.540621642363774,99,30d
2020-09-23 00:00:00+00:00,58.20543874172185,24,60d
2020-09-23 00:00:00+00:00,44.6293587962963,181,7d
2020-09-23 00:00:00+00:00,63.333600000000004,21,90d
2020-09-24 00:00:00+00:00,43.24904972507769,150,14d
2020-09-24 00:00:00+00:00,48.757405355493994,126,30d
2020-09-24 00:00:00+00:00,58.62167492394612,27,60d
2020-09-24 00:00:00+00:00,46.34235180590019,264,7d
2020-09-24 00:00:00+00:00,65.28109986504724,29,90d
2020-09-25 00:00:00+00:00,41.91513528236789,168,14d
2020-09-25 00:00:00+00:00,46.757192588050955,233,30d
2020-09-25 00:00:00+00:00,56.841502841858905,37,60d
2020-09-25 00:00:00+00:00,41.887821321321326,337,7d
2020-09-25 00:00:00+00:00,62.812940074906365,97,90d
2020-09-26 00:00:00+00:00,39.078946633571206,112,14d
2020-09-26 00:00:00+00:00,43.310062354988396,98,30d
2020-09-26 00:00:00+00:00,54.95667896678967,6,60d
2020-09-26 00:00:00+00:00,39.448690963985335,174,7d
2020-09-26 00:00:00+00:00,61.55478070175439,18,90d
2020-09-27 00:00:00+00:00,38.15495985401459,91,14d
2020-09-27 00:00:00+00:00,46.872030696576154,58,30d
2020-09-27 00:00:00+00:00,57.01148148148148,8,60d
2020-09-27 00:00:00+00:00,39.2994765733725,271,7d
2020-09-27 00:00:00+00:00,61.25405895691609,5,90d
2020-09-28 00:00:00+00:00,39.81432714322055,135,14d
2020-09-28 00:00:00+00:00,46.774057855626324,117,30d
2020-09-28 00:00:00+00:00,56.617243464052294,26,60d
2020-09-28 00:00:00+00:00,38.597664649341404,398,7d
2020-09-28 00:00:00+00:00,60.650863730213345,26,90d
2020-09-29 00:00:00+00:00,40.856863616170585,53,14d
2020-09-29 00:00:00+00:00,46.174616963064295,115,30d
2020-09-29 00:00:00+00:00,55.668830188679244,19,60d
2020-09-29 00:00:00+00:00,40.21322810489856,175,7d
2020-09-29 00:00:00+00:00,58.7988874712937,45,90d
2020-09-30 00:00:00+00:00,48.087183708838815,30,14d
2020-09-30 00:00:00+00:00,47.35738689547581,100,30d
2020-09-30 00:00:00+00:00,55.30581120943953,17,60d
2020-09-30 00:00:00+00:00,44.479169555885754,97,7d
2020-09-30 00:00:00+00:00,58.352827225130895,64,90d
2020-10-01 00:00:00+00:00,45.99913368391918,80,14d
2020-10-01 00:00:00+00:00,47.90206607613119,233,30d
2020-10-01 00:00:00+00:00,56.62581794195251,29,60d
2020-10-01 00:00:00+00:00,49.30609531397839,424,7d
2020-10-01 00:00:00+00:00,59.31015492957746,21,90d
2020-10-02 00:00:00+00:00,46.06266531285696,141,14d
2020-10-02 00:00:00+00:00,47.88725782414307,165,30d
2020-10-02 00:00:00+00:00,55.22004761904763,12,60d
2020-10-02 00:00:00+00:00,47.78389414311759,385,7d
2020-10-02 00:00:00+00:00,59.955122494432075,23,90d
2020-10-03 00:00:00+00:00,42.13375026864388,61,14d
2020-10-03 00:00:00+00:00,47.25581506849315,50,30d
2020-10-03 00:00:00+00:00,55.03,3,60d
2020-10-03 00:00:00+00:00,39.25780833333333,175,7d
2020-10-03 00:00:00+00:00,60.203638418079095,23,90d
2020-10-04 00:00:00+00:00,41.832690582959636,65,14d
2020-10-04 00:00:00+00:00,49.0250923872875,41,30d
2020-10-04 00:00:00+00:00,56.226176470588236,9,60d
2020-10-04 00:00:00+00:00,42.03496881496881,167,7d
2020-10-04 00:00:00+00:00,62.067639827904124,50,90d
2020-10-05 00:00:00+00:00,43.45164970540975,47,14d
2020-10-05 00:00:00+00:00,49.33094009983361,177,30d
2020-10-05 00:00:00+00:00,60.01479476502083,36,60d
2020-10-05 00:00:00+00:00,41.02091105266707,271,7d
2020-10-05 00:00:00+00:00,62.86932263814617,83,90d
2020-10-06 00:00:00+00:00,41.62553283458022,80,14d
2020-10-06 00:00:00+00:00,47.05244769179674,233,30d
2020-10-06 00:00:00+00:00,57.89753059559423,70,60d
2020-10-06 00:00:00+00:00,39.46264258555133,180,7d
2020-10-06 00:00:00+00:00,62.21525373134329,48,90d
2020-10-07 00:00:00+00:00,44.65972541507024,52,14d
2020-10-07 00:00:00+00:00,47.681154458598726,172,30d
2020-10-07 00:00:00+00:00,59.779086802194264,28,60d
2020-10-07 00:00:00+00:00,38.897512696800405,133,7d
2020-10-07 00:00:00+00:00,62.209666666666664,19,90d
2020-10-08 00:00:00+00:00,41.02403162055336,163,14d
2020-10-08 00:00:00+00:00,48.00732577238952,380,30d
2020-10-08 00:00:00+00:00,58.32701949860725,55,60d
2020-10-08 00:00:00+00:00,40.50333674289472,337,7d
2020-10-08 00:00:00+00:00,62.95037950664137,33,90d
2020-10-09 00:00:00+00:00,41.75973960834534,419,14d
2020-10-09 00:00:00+00:00,43.154463920922566,318,30d
2020-10-09 00:00:00+00:00,53.65822091886608,19,60d
2020-10-09 00:00:00+00:00,35.501858044702274,432,7d
2020-10-09 00:00:00+00:00,58.7770947368421,17,90d
2020-10-10 00:00:00+00:00,42.043392516092524,431,14d
2020-10-10 00:00:00+00:00,44.11451948824754,99,30d
2020-10-10 00:00:00+00:00,55.70669397308367,62,60d
2020-10-10 00:00:00+00:00,37.42422941259464,638,7d
2020-10-10 00:00:00+00:00,59.630339366515834,84,90d
2020-10-11 00:00:00+00:00,41.925494219653174,255,14d
2020-10-11 00:00:00+00:00,55.692647362978285,63,60d
2020-10-11 00:00:00+00:00,37.9617807302619,338,7d
2020-10-11 00:00:00+00:00,59.17090909090909,5,90d
2020-10-12 00:00:00+00:00,40.96791597319059,559,14d
2020-10-12 00:00:00+00:00,59.363583579675385,188,60d
2020-10-12 00:00:00+00:00,38.41936920525935,1188,7d
2020-10-13 00:00:00+00:00,41.335982312065696,185,14d
2020-10-13 00:00:00+00:00,57.221275362318835,44,60d
2020-10-13 00:00:00+00:00,39.020035366293754,285,7d
2020-10-14 00:00:00+00:00,38.580688972480694,244,14d
2020-10-14 00:00:00+00:00,59.04747107438016,67,60d
2020-10-14 00:00:00+00:00,34.07518972448279,123,7d
2020-10-15 00:00:00+00:00,38.059933713376644,290,14d
2020-10-15 00:00:00+00:00,45.0970353683262,79,30d
2020-10-15 00:00:00+00:00,57.41989785495402,25,60d
2020-10-15 00:00:00+00:00,36.637358590682375,182,7d
2020-10-16 00:00:00+00:00,40.31928647573022,464,14d
2020-10-16 00:00:00+00:00,43.389876847290644,154,30d
2020-10-16 00:00:00+00:00,55.669963579604584,72,60d
2020-10-16 00:00:00+00:00,34.80892377701934,587,7d
2020-10-17 00:00:00+00:00,39.45150481494373,421,14d
2020-10-17 00:00:00+00:00,53.67013382899628,92,60d
2020-10-17 00:00:00+00:00,34.404726426076834,187,7d
2020-10-18 00:00:00+00:00,38.079322488584474,409,14d
2020-10-18 00:00:00+00:00,48.86780297661234,102,30d
2020-10-18 00:00:00+00:00,52.73744078947368,52,60d
2020-10-18 00:00:00+00:00,34.776221341636,247,7d
2020-10-19 00:00:00+00:00,43.322201357466064,201,14d
2020-10-19 00:00:00+00:00,49.4686552828175,90,30d
2020-10-19 00:00:00+00:00,51.639696569920844,56,60d
2020-10-19 00:00:00+00:00,35.96720681590377,885,7d
2020-10-20 00:00:00+00:00,46.35725701943844,157,14d
2020-10-20 00:00:00+00:00,50.24510406342913,136,30d
2020-10-20 00:00:00+00:00,52.44872369314324,59,60d
2020-10-20 00:00:00+00:00,37.46675181567743,1002,7d
2020-10-21 00:00:00+00:00,51.63705951978356,274,14d
2020-10-21 00:00:00+00:00,57.17561155469664,304,30d
2020-10-21 00:00:00+00:00,57.8701441362743,174,60d
2020-10-21 00:00:00+00:00,47.355112575208956,1482,7d
2020-10-22 00:00:00+00:00,54.16888888888889,136,14d
2020-10-22 00:00:00+00:00,57.008585278276485,202,30d
2020-10-22 00:00:00+00:00,60.4790631653655,47,60d
2020-10-22 00:00:00+00:00,51.73825849323687,730,7d
2020-10-23 00:00:00+00:00,51.002812500000005,200,14d
2020-10-23 00:00:00+00:00,55.24651189935802,319,30d
2020-10-23 00:00:00+00:00,59.37793218085107,85,60d
2020-10-23 00:00:00+00:00,45.03874224497407,818,7d
2020-10-24 00:00:00+00:00,48.724586173320354,113,14d
2020-10-24 00:00:00+00:00,52.61489158716392,133,30d
2020-10-24 00:00:00+00:00,56.18593548387096,81,60d
2020-10-24 00:00:00+00:00,45.4114172347136,423,7d
2020-10-25 00:00:00+00:00,49.64938584412007,161,14d
2020-10-25 00:00:00+00:00,53.11752147239264,120,30d
2020-10-25 00:00:00+00:00,57.576472491909385,25,60d
2020-10-25 00:00:00+00:00,42.79538430256202,622,7d
2020-10-26 00:00:00+00:00,46.24274858069749,157,14d
2020-10-26 00:00:00+00:00,50.667149676099555,140,30d
2020-10-26 00:00:00+00:00,55.772881698685545,73,60d
2020-10-26 00:00:00+00:00,42.761582630773745,882,7d
2020-10-27 00:00:00+00:00,48.11007203213742,164,14d
2020-10-27 00:00:00+00:00,52.490270156627766,379,30d
2020-10-27 00:00:00+00:00,56.676917542888766,225,60d
2020-10-27 00:00:00+00:00,44.947485541865724,529,7d
2020-10-28 00:00:00+00:00,50.034176446223945,179,14d
2020-10-28 00:00:00+00:00,53.8359396646008,379,30d
2020-10-28 00:00:00+00:00,57.88456975772765,224,60d
2020-10-28 00:00:00+00:00,49.90548297846746,427,7d
2020-10-29 00:00:00+00:00,46.3530017713585,130,14d
2020-10-29 00:00:00+00:00,51.402110056340206,321,30d
2020-10-29 00:00:00+00:00,56.68830478229836,189,60d
2020-10-29 00:00:00+00:00,48.30124255278586,358,7d
2020-10-29 00:00:00+00:00,59.39350574712645,21,90d
2020-10-30 00:00:00+00:00,45.417616625745346,578,14d
2020-10-30 00:00:00+00:00,49.8572192513369,514,30d
2020-10-30 00:00:00+00:00,54.646434294871796,226,60d
2020-10-30 00:00:00+00:00,46.00458384710234,854,7d
2020-10-30 00:00:00+00:00,55.96965406790519,45,90d
2020-10-31 00:00:00+00:00,53.5292237479165,631,14d
2020-10-31 00:00:00+00:00,56.69794108836744,383,30d
2020-10-31 00:00:00+00:00,58.190632111251574,211,60d
2020-10-31 00:00:00+00:00,56.53618352387561,1794,7d
2020-10-31 00:00:00+00:00,58.476603773584905,7,90d
2020-11-01 00:00:00+00:00,55.26471818504076,278,14d
2020-11-01 00:00:00+00:00,59.10580344535442,96,30d
2020-11-01 00:00:00+00:00,60.539795417348614,91,60d
2020-11-01 00:00:00+00:00,59.159431720584024,520,7d
2020-11-01 00:00:00+00:00,59.48936877076412,28,90d
2020-11-02 00:00:00+00:00,57.556457804120804,197,14d
2020-11-02 00:00:00+00:00,60.29788418149913,245,30d
2020-11-02 00:00:00+00:00,62.55069828722002,79,60d
2020-11-02 00:00:00+00:00,61.839187000178846,1122,7d
2020-11-02 00:00:00+00:00,61.49394250513347,20,90d
2020-11-03 00:00:00+00:00,57.968896073903004,167,14d
2020-11-03 00:00:00+00:00,59.851248874887496,299,30d
2020-11-03 00:00:00+00:00,62.46774733637748,151,60d
2020-11-03 00:00:00+00:00,61.80233868623747,727,7d
2020-11-03 00:00:00+00:00,62.038784530386735,20,90d
2020-11-04 00:00:00+00:00,55.66111409997758,435,14d
2020-11-04 00:00:00+00:00,58.11929132809378,228,30d
2020-11-04 00:00:00+00:00,60.023782657477156,379,60d
2020-11-04 00:00:00+00:00,53.511083089272155,753,7d
2020-11-04 00:00:00+00:00,60.85698384201077,30,90d
2020-11-05 00:00:00+00:00,55.099889165767856,1269,14d
2020-11-05 00:00:00+00:00,59.66108514840469,992,30d
2020-11-05 00:00:00+00:00,61.62247200839747,781,60d
2020-11-05 00:00:00+00:00,53.86593223217043,2497,7d
2020-11-05 00:00:00+00:00,60.27881355932203,84,90d
2020-11-06 00:00:00+00:00,62.74276738150526,773,14d
2020-11-06 00:00:00+00:00,62.70227783957483,444,30d
2020-11-06 00:00:00+00:00,61.42693781359282,497,60d
2020-11-06 00:00:00+00:00,63.61181881738235,1285,7d
2020-11-06 00:00:00+00:00,61.29284916201118,11,90d
2020-11-07 00:00:00+00:00,54.79238056880847,1045,14d
2020-11-07 00:00:00+00:00,59.87792207792208,29,30d
2020-11-07 00:00:00+00:00,57.42189976798144,485,60d
2020-11-07 00:00:00+00:00,55.191153993894424,1903,7d
2020-11-07 00:00:00+00:00,60.43229007633588,24,90d
2020-11-08 00:00:00+00:00,55.65208416220352,416,14d
2020-11-08 00:00:00+00:00,55.61442581936452,295,60d
2020-11-08 00:00:00+00:00,55.14121329090815,898,7d
2020-11-08 00:00:00+00:00,58.56403846153846,3,90d
2020-11-09 00:00:00+00:00,56.706678919316296,397,14d
2020-11-09 00:00:00+00:00,58.0768116359447,242,60d
2020-11-09 00:00:00+00:00,58.58049458295759,1886,7d
2020-11-09 00:00:00+00:00,60.14153846153847,18,90d
2020-11-10 00:00:00+00:00,54.08204452852153,135,14d
2020-11-10 00:00:00+00:00,56.93199170124481,43,60d
2020-11-10 00:00:00+00:00,53.55483139722491,258,7d
2020-11-10 00:00:00+00:00,59.22647311827957,10,90d
2020-11-11 00:00:00+00:00,49.83829719787101,337,14d
2020-11-11 00:00:00+00:00,46.3755569202922,585,7d
2020-11-11 00:00:00+00:00,58.33461538461539,5,90d
2020-11-12 00:00:00+00:00,55.6308411621749,581,14d
2020-11-12 00:00:00+00:00,56.88670170827858,230,30d
2020-11-12 00:00:00+00:00,54.49241600973494,920,7d
2020-11-12 00:00:00+00:00,56.590120481927705,18,90d
2020-11-13 00:00:00+00:00,55.5060767694218,531,14d
2020-11-13 00:00:00+00:00,56.68344589937974,129,30d
2020-11-13 00:00:00+00:00,55.27068261525955,1161,7d
2020-11-13 00:00:00+00:00,59.12935837245696,22,90d
2020-11-14 00:00:00+00:00,55.154031588810064,307,14d
2020-11-14 00:00:00+00:00,55.81231132075471,9,30d
2020-11-14 00:00:00+00:00,54.011229415105056,627,7d
2020-11-14 00:00:00+00:00,59.02892045454544,13,90d
2020-11-15 00:00:00+00:00,56.759386438291884,170,14d
2020-11-15 00:00:00+00:00,57.65608294930876,46,30d
2020-11-15 00:00:00+00:00,58.71772277227724,2,60d
2020-11-15 00:00:00+00:00,55.11550517772179,303,7d
2020-11-16 00:00:00+00:00,51.959726434730904,394,14d
2020-11-16 00:00:00+00:00,56.52987733534629,337,30d
2020-11-16 00:00:00+00:00,58.899159402241594,20,60d
2020-11-16 00:00:00+00:00,51.42806475935157,1591,7d
2020-11-17 00:00:00+00:00,60.311921262012184,511,14d
2020-11-17 00:00:00+00:00,61.86045956058717,498,30d
2020-11-17 00:00:00+00:00,64.34652338811632,44,60d
2020-11-17 00:00:00+00:00,55.660836992844274,1461,7d
2020-11-18 00:00:00+00:00,70.36601514629949,587,14d
2020-11-18 00:00:00+00:00,67.83497189748202,544,30d
2020-11-18 00:00:00+00:00,70.09788235294117,48,60d
2020-11-18 00:00:00+00:00,68.12489982589716,1261,7d
2020-11-19 00:00:00+00:00,63.08793003385458,694,14d
2020-11-19 00:00:00+00:00,61.58528104054682,701,30d
2020-11-19 00:00:00+00:00,65.56965147453083,36,60d
2020-11-19 00:00:00+00:00,63.89466940993169,820,7d
2020-11-20 00:00:00+00:00,61.2609564551718,1670,14d
2020-11-20 00:00:00+00:00,63.598021705070884,1421,30d
2020-11-20 00:00:00+00:00,67.72448132780083,142,60d
2020-11-20 00:00:00+00:00,64.41161766926756,1410,7d
2020-11-21 00:00:00+00:00,73.65912137460396,536,14d
2020-11-21 00:00:00+00:00,73.3555036976171,347,30d
2020-11-21 00:00:00+00:00,72.71298676748582,40,60d
2020-11-21 00:00:00+00:00,75.53413000055485,1100,7d
2020-11-22 00:00:00+00:00,71.1255643092708,475,14d
2020-11-22 00:00:00+00:00,70.57194094226942,216,30d
2020-11-22 00:00:00+00:00,71.74285171102662,31,60d
2020-11-22 00:00:00+00:00,72.08995258692397,918,7d
2020-11-23 00:00:00+00:00,75.30323240818615,213,14d
2020-11-23 00:00:00+00:00,76.63612413528055,243,30d
2020-11-23 00:00:00+00:00,77.5003624104509,44,60d
2020-11-23 00:00:00+00:00,79.17215195649695,1110,7d
2020-11-24 00:00:00+00:00,76.06183742088606,191,14d
2020-11-24 00:00:00+00:00,76.97793452974412,534,30d
2020-11-24 00:00:00+00:00,78.28040116703137,86,60d
2020-11-24 00:00:00+00:00,77.63151513853796,889,7d
2020-11-25 00:00:00+00:00,77.1799811023622,244,14d
2020-11-25 00:00:00+00:00,66.47826870832304,358,30d
2020-11-25 00:00:00+00:00,77.51258664805768,66,60d
2020-11-25 00:00:00+00:00,75.2236321344926,1023,7d
2020-11-26 00:00:00+00:00,72.73118525406116,691,14d
2020-11-26 00:00:00+00:00,74.17330091786945,1154,30d
2020-11-26 00:00:00+00:00,72.70571742167232,89,60d
2020-11-26 00:00:00+00:00,75.261488720019,2569,7d
2020-11-26 00:00:00+00:00,70.38624857468642,12,90d
2020-11-27 00:00:00+00:00,71.08133716547304,351,14d
2020-11-27 00:00:00+00:00,72.12928363472342,1272,30d
2020-11-27 00:00:00+00:00,71.94248543689321,211,60d
2020-11-27 00:00:00+00:00,73.7396289309871,1339,7d
2020-11-27 00:00:00+00:00,69.62334123222749,39,90d
2020-11-28 00:00:00+00:00,59.890683054165756,422,14d
2020-11-28 00:00:00+00:00,63.14363185123042,550,30d
2020-11-28 00:00:00+00:00,65.1004440275172,103,60d
2020-11-28 00:00:00+00:00,63.134642318709496,815,7d
2020-11-28 00:00:00+00:00,67.09188129899216,24,90d
2020-11-29 00:00:00+00:00,62.135168042010505,603,14d
2020-11-29 00:00:00+00:00,61.98287195671776,473,30d
2020-11-29 00:00:00+00:00,64.952197640118,57,60d
2020-11-29 00:00:00+00:00,64.97724271777962,896,7d
2020-11-29 00:00:00+00:00,66.63891129032258,8,90d
2020-11-30 00:00:00+00:00,73.20623906449202,428,14d
2020-11-30 00:00:00+00:00,78.69489783875488,777,30d
2020-11-30 00:00:00+00:00,74.67405898331394,149,60d
2020-11-30 00:00:00+00:00,83.45955362151835,2515,7d
2020-11-30 00:00:00+00:00,73.82406593406593,8,90d
2020-12-01 00:00:00+00:00,86.6862574420037,267,14d
2020-12-01 00:00:00+00:00,88.82877749214511,547,30d
2020-12-01 00:00:00+00:00,81.07292943692087,104,60d
2020-12-01 00:00:00+00:00,92.97366220092863,964,7d
2020-12-01 00:00:00+00:00,76.24551724137932,16,90d
2020-12-02 00:00:00+00:00,69.0059832705288,289,14d
2020-12-02 00:00:00+00:00,71.25124283305227,507,30d
2020-12-02 00:00:00+00:00,75.1499177631579,131,60d
2020-12-02 00:00:00+00:00,70.86229400787892,657,7d
2020-12-02 00:00:00+00:00,73.66551521623065,20,90d
2020-12-03 00:00:00+00:00,60.88765949342982,203,14d
2020-12-03 00:00:00+00:00,67.63854304635761,322,30d
2020-12-03 00:00:00+00:00,70.33493083003953,49,60d
2020-12-03 00:00:00+00:00,62.62679800447973,780,7d
2020-12-03 00:00:00+00:00,72.23600174978128,52,90d
2020-12-04 00:00:00+00:00,66.2816735094609,574,14d
2020-12-04 00:00:00+00:00,69.01405181567212,364,30d
2020-12-04 00:00:00+00:00,72.89343634116192,61,60d
2020-12-04 00:00:00+00:00,61.71559688239937,1063,7d
2020-12-04 00:00:00+00:00,72.93366972477064,22,90d
2020-12-05 00:00:00+00:00,65.74619337390129,289,14d
2020-12-05 00:00:00+00:00,70.10914163090128,30,30d
2020-12-05 00:00:00+00:00,70.00727272727272,14,60d
2020-12-05 00:00:00+00:00,61.66303081282096,418,7d
2020-12-05 00:00:00+00:00,71.10658040665434,10,90d
2020-12-06 00:00:00+00:00,65.13212051282052,246,14d
2020-12-06 00:00:00+00:00,71.84561440677966,24,60d
2020-12-06 00:00:00+00:00,69.56088001900689,979,7d
2020-12-06 00:00:00+00:00,72.88999999999999,2,90d
2020-12-07 00:00:00+00:00,66.7221233432513,315,14d
2020-12-07 00:00:00+00:00,71.60644995722839,33,60d
2020-12-07 00:00:00+00:00,65.64454495614035,899,7d
2020-12-07 00:00:00+00:00,71.14644873699852,24,90d
2020-12-08 00:00:00+00:00,66.1435540108132,342,14d
2020-12-08 00:00:00+00:00,68.8360013860014,48,60d
2020-12-08 00:00:00+00:00,63.25001050972149,445,7d
2020-12-08 00:00:00+00:00,70.05657074340527,13,90d
2020-12-09 00:00:00+00:00,64.65168786127168,659,14d
2020-12-09 00:00:00+00:00,67.11403554626241,190,60d
2020-12-09 00:00:00+00:00,61.01925789101972,518,7d
2020-12-09 00:00:00+00:00,68.42164705882352,28,90d
2020-12-10 00:00:00+00:00,61.86950496402222,350,14d
2020-12-10 00:00:00+00:00,63.69837377049179,18,30d
2020-12-10 00:00:00+00:00,65.5733986435569,92,60d
2020-12-10 00:00:00+00:00,59.92259814310223,529,7d
2020-12-10 00:00:00+00:00,65.34,1,90d
2020-12-11 00:00:00+00:00,62.24858540618756,651,14d
2020-12-11 00:00:00+00:00,63.24761561306746,87,30d
2020-12-11 00:00:00+00:00,66.1530909090909,96,60d
2020-12-11 00:00:00+00:00,60.14017269250482,685,7d
2020-12-11 00:00:00+00:00,68.93033665835411,38,90d
2020-12-12 00:00:00+00:00,61.10766163141994,319,14d
2020-12-12 00:00:00+00:00,62.4685641025641,23,30d
2020-12-12 00:00:00+00:00,64.35326536235878,163,60d
2020-12-12 00:00:00+00:00,57.75309567271556,439,7d
2020-12-12 00:00:00+00:00,67.623125,26,90d
2020-12-13 00:00:00+00:00,55.07905719847965,1039,14d
2020-12-13 00:00:00+00:00,64.74495406600886,224,60d
2020-12-13 00:00:00+00:00,48.720506237698075,1277,7d
2020-12-13 00:00:00+00:00,71.91896331738435,49,90d
2020-12-14 00:00:00+00:00,57.84030830536912,139,14d
2020-12-14 00:00:00+00:00,67.4490401293547,113,60d
2020-12-14 00:00:00+00:00,61.22620417647599,503,7d
2020-12-14 00:00:00+00:00,72.9863463430633,20,90d
2020-12-15 00:00:00+00:00,61.063566176470594,54,14d
2020-12-15 00:00:00+00:00,66.38472429210135,60,60d
2020-12-15 00:00:00+00:00,60.2324575445729,901,7d
2020-12-15 00:00:00+00:00,72.45817204301075,15,90d
2020-12-16 00:00:00+00:00,67.20784855195173,428,14d
2020-12-16 00:00:00+00:00,74.82003730349054,69,60d
2020-12-16 00:00:00+00:00,67.31086430949661,2726,7d
2020-12-16 00:00:00+00:00,73.73410209662717,120,90d
2020-12-17 00:00:00+00:00,75.7498279555496,396,14d
2020-12-17 00:00:00+00:00,82.78013303769401,111,30d
2020-12-17 00:00:00+00:00,79.19904290429044,200,60d
2020-12-17 00:00:00+00:00,80.41742225198432,2290,7d
2020-12-17 00:00:00+00:00,82.75722098214285,234,90d
2020-12-18 00:00:00+00:00,74.23495815899581,221,14d
2020-12-18 00:00:00+00:00,75.05804827586206,53,30d
2020-12-18 00:00:00+00:00,78.62824480369515,88,60d
2020-12-18 00:00:00+00:00,75.09411850564726,1088,7d
2020-12-18 00:00:00+00:00,80.57967402733965,141,90d
2020-12-19 00:00:00+00:00,74.98390513639715,422,14d
2020-12-19 00:00:00+00:00,67.2934726688103,22,30d
2020-12-19 00:00:00+00:00,83.1083404255319,79,60d
2020-12-19 00:00:00+00:00,78.27634309157918,1196,7d
2020-12-19 00:00:00+00:00,81.29448095593726,114,90d
2020-12-20 00:00:00+00:00,81.71043238660448,210,14d
2020-12-20 00:00:00+00:00,86.22630343671418,127,30d
2020-12-20 00:00:00+00:00,81.30005555555556,71,60d
2020-12-20 00:00:00+00:00,80.28992755226191,722,7d
2020-12-20 00:00:00+00:00,83.2088888888889,26,90d
2020-12-21 00:00:00+00:00,77.06265275846083,208,14d
2020-12-21 00:00:00+00:00,83.46219328993489,394,30d
2020-12-21 00:00:00+00:00,86.91135474860336,138,60d
2020-12-21 00:00:00+00:00,77.84638547309319,1761,7d
2020-12-21 00:00:00+00:00,83.83031053459119,167,90d
2020-12-22 00:00:00+00:00,76.64649601063829,174,14d
2020-12-22 00:00:00+00:00,84.74518934911242,288,30d
2020-12-22 00:00:00+00:00,87.68721943048575,85,60d
2020-12-22 00:00:00+00:00,80.33291477306263,644,7d
2020-12-22 00:00:00+00:00,86.81009433962265,99,90d
2020-12-23 00:00:00+00:00,77.5227339674747,155,14d
2020-12-23 00:00:00+00:00,85.42603866721514,277,30d
2020-12-23 00:00:00+00:00,88.33741407528642,48,60d
2020-12-23 00:00:00+00:00,79.08444433526579,381,7d
2020-12-23 00:00:00+00:00,87.58338000651253,138,90d
2020-12-24 00:00:00+00:00,76.65986258588383,128,14d
2020-12-24 00:00:00+00:00,82.45825464251887,350,30d
2020-12-24 00:00:00+00:00,82.1243780930386,48,60d
2020-12-24 00:00:00+00:00,78.52897056414179,428,7d
2020-12-24 00:00:00+00:00,86.36902369668248,85,90d
2020-12-25 00:00:00+00:00,74.57411591982638,496,14d
2020-12-25 00:00:00+00:00,77.95303592671901,589,30d
2020-12-25 00:00:00+00:00,82.3740635451505,194,60d
2020-12-25 00:00:00+00:00,78.20477008955464,1071,7d
2020-12-25 00:00:00+00:00,85.11295921696573,237,90d
2020-12-26 00:00:00+00:00,77.37277433657168,741,14d
2020-12-26 00:00:00+00:00,81.73118162692846,649,30d
2020-12-26 00:00:00+00:00,85.96459764474974,200,60d
2020-12-26 00:00:00+00:00,82.00705831865203,990,7d
2020-12-26 00:00:00+00:00,89.7927607025247,228,90d
2020-12-27 00:00:00+00:00,80.99376599419105,1146,14d
2020-12-27 00:00:00+00:00,86.5506088875514,783,30d
2020-12-27 00:00:00+00:00,87.65256970260224,304,60d
2020-12-27 00:00:00+00:00,82.87394670206751,1514,7d
2020-12-27 00:00:00+00:00,90.72908445440956,262,90d
2020-12-28 00:00:00+00:00,75.77649439210408,204,14d
2020-12-28 00:00:00+00:00,82.09628413793104,275,30d
2020-12-28 00:00:00+00:00,83.87895147313691,80,60d
2020-12-28 00:00:00+00:00,85.30841711732894,717,7d
2020-12-28 00:00:00+00:00,86.42460227272727,132,90d
2020-12-29 00:00:00+00:00,80.92526775320138,54,14d
2020-12-29 00:00:00+00:00,82.70686068482418,251,30d
2020-12-29 00:00:00+00:00,82.98703443429375,154,60d
2020-12-29 00:00:00+00:00,84.3360069424016,749,7d
2020-12-29 00:00:00+00:00,84.9430303030303,57,90d
2020-12-30 00:00:00+00:00,80.65140392732611,342,14d
2020-12-30 00:00:00+00:00,84.68180141601005,677,30d
2020-12-30 00:00:00+00:00,87.13889523809524,205,60d
2020-12-30 00:00:00+00:00,80.97561405354232,779,7d
2020-12-30 00:00:00+00:00,86.0473424068768,126,90d
2020-12-31 00:00:00+00:00,90.78921706710854,222,14d
2020-12-31 00:00:00+00:00,92.47500089110675,426,30d
2020-12-31 00:00:00+00:00,91.68624161073825,46,60d
2020-12-31 00:00:00+00:00,91.02411023855386,734,7d
2020-12-31 00:00:00+00:00,90.33014173228347,58,90d
2021-01-01 00:00:00+00:00,83.29710096778854,436,14d
2021-01-01 00:00:00+00:00,83.15896711870705,397,30d
2021-01-01 00:00:00+00:00,84.53236339697169,110,60d
2021-01-01 00:00:00+00:00,80.57320661459606,1054,7d
2021-01-01 00:00:00+00:00,84.96415904936013,96,90d
2021-01-02 00:00:00+00:00,83.30818323599682,1231,14d
2021-01-02 00:00:00+00:00,86.07584932861025,1157,30d
2021-01-02 00:00:00+00:00,87.85884542884072,346,60d
2021-01-02 00:00:00+00:00,85.4865897039591,2115,7d
2021-01-02 00:00:00+00:00,86.5788398544131,524,90d
2021-01-03 00:00:00+00:00,100.32476387034114,976,14d
2021-01-03 00:00:00+00:00,98.33133606885508,599,30d
2021-01-03 00:00:00+00:00,95.12426739023186,264,60d
2021-01-03 00:00:00+00:00,111.39915003563793,1090,7d
2021-01-03 00:00:00+00:00,93.84638860630723,320,90d
2021-01-04 00:00:00+00:00,103.67776382823871,470,14d
2021-01-04 00:00:00+00:00,102.60425686378035,546,30d
2021-01-04 00:00:00+00:00,100.824740966478,602,60d
2021-01-04 00:00:00+00:00,109.80431567247129,2435,7d
2021-01-04 00:00:00+00:00,96.77273111332009,289,90d
2021-01-05 00:00:00+00:00,100.22746976914621,390,14d
2021-01-05 00:00:00+00:00,102.22322505045244,801,30d
2021-01-05 00:00:00+00:00,101.70490968485781,174,60d
2021-01-05 00:00:00+00:00,100.4520258592684,1552,7d
2021-01-05 00:00:00+00:00,101.49563430613462,216,90d
2021-01-06 00:00:00+00:00,109.01814675446848,643,14d
2021-01-06 00:00:00+00:00,108.85195163641848,1092,30d
2021-01-06 00:00:00+00:00,104.81297345132742,285,60d
2021-01-06 00:00:00+00:00,114.11600351670434,761,7d
2021-01-06 00:00:00+00:00,107.05568843430369,290,90d
2021-01-07 00:00:00+00:00,129.4481018898932,429,14d
2021-01-07 00:00:00+00:00,131.99412818096135,931,30d
2021-01-07 00:00:00+00:00,114.84187815656566,427,60d
2021-01-07 00:00:00+00:00,137.92236504318618,1129,7d
2021-01-07 00:00:00+00:00,113.71411917098446,536,90d
2021-01-08 00:00:00+00:00,133.13639547206165,1092,14d
2021-01-08 00:00:00+00:00,131.24107015706807,945,30d
2021-01-08 00:00:00+00:00,118.69869374634716,287,60d
2021-01-08 00:00:00+00:00,148.04075739752062,1334,7d
2021-01-08 00:00:00+00:00,116.91014423076922,201,90d
2021-01-09 00:00:00+00:00,135.665390103218,551,14d
2021-01-09 00:00:00+00:00,126.63815830721002,187,30d
2021-01-09 00:00:00+00:00,122.4699660441426,52,60d
2021-01-09 00:00:00+00:00,152.5991381578947,591,7d
2021-01-09 00:00:00+00:00,114.48151315789472,144,90d
2021-01-10 00:00:00+00:00,150.28230229058684,1413,14d
2021-01-10 00:00:00+00:00,127.57350168350169,302,60d
2021-01-10 00:00:00+00:00,160.99663492603298,989,7d
2021-01-10 00:00:00+00:00,123.73153846153846,12,90d
2021-01-11 00:00:00+00:00,132.5563852517935,1801,14d
2021-01-11 00:00:00+00:00,118.0897555312756,542,60d
2021-01-11 00:00:00+00:00,149.88941607154925,2918,7d
2021-01-12 00:00:00+00:00,139.54926143233058,1010,14d
2021-01-12 00:00:00+00:00,120.5737017472572,220,60d
2021-01-12 00:00:00+00:00,139.63335568065506,1406,7d
2021-01-13 00:00:00+00:00,136.54064846857085,1090,14d
2021-01-13 00:00:00+00:00,119.47459582198003,259,60d
2021-01-13 00:00:00+00:00,135.19386310904872,442,7d
2021-01-14 00:00:00+00:00,157.8168938436195,943,14d
2021-01-14 00:00:00+00:00,139.1310262089332,111,30d
2021-01-14 00:00:00+00:00,124.96363475177304,468,60d
2021-01-14 00:00:00+00:00,143.47064408222843,877,7d
2021-01-15 00:00:00+00:00,148.90617427546766,1150,14d
2021-01-15 00:00:00+00:00,147.82535732647816,91,30d
2021-01-15 00:00:00+00:00,127.088224852071,244,60d
2021-01-15 00:00:00+00:00,149.45625640087783,1455,7d
2021-01-16 00:00:00+00:00,145.53126598622725,789,14d
2021-01-16 00:00:00+00:00,149.51169491525425,7,30d
2021-01-16 00:00:00+00:00,133.79787022900763,194,60d
2021-01-16 00:00:00+00:00,143.1328346587144,580,7d
2021-01-17 00:00:00+00:00,131.91593521421106,673,14d
2021-01-17 00:00:00+00:00,125.39734065934064,111,30d
2021-01-17 00:00:00+00:00,125.87690763052208,118,60d
2021-01-17 00:00:00+00:00,128.59679779099406,634,7d
2021-01-18 00:00:00+00:00,122.3558688203622,151,14d
2021-01-18 00:00:00+00:00,125.2057912345266,156,30d
2021-01-18 00:00:00+00:00,124.45278232405892,62,60d
2021-01-18 00:00:00+00:00,120.09382102962601,728,7d
2021-01-19 00:00:00+00:00,127.39846364883401,123,14d
2021-01-19 00:00:00+00:00,130.10523880076695,275,30d
2021-01-19 00:00:00+00:00,122.34881838074398,112,60d
2021-01-19 00:00:00+00:00,124.01229282631809,794,7d
2021-01-20 00:00:00+00:00,116.39214528593507,202,14d
2021-01-20 00:00:00+00:00,122.01522677510167,293,30d
2021-01-20 00:00:00+00:00,116.34902416356879,174,60d
2021-01-20 00:00:00+00:00,114.15198369162343,994,7d
2021-01-21 00:00:00+00:00,109.04844353281855,416,14d
2021-01-21 00:00:00+00:00,111.41658811228184,468,30d
2021-01-21 00:00:00+00:00,108.78465477370334,356,60d
2021-01-21 00:00:00+00:00,108.96420496601844,1962,7d
2021-01-22 00:00:00+00:00,118.89820630247519,528,14d
2021-01-22 00:00:00+00:00,113.97360824742269,407,30d
2021-01-22 00:00:00+00:00,109.21181119648739,249,60d
2021-01-22 00:00:00+00:00,117.32128840140949,1509,7d
2021-01-23 00:00:00+00:00,105.66141959140911,129,14d
2021-01-23 00:00:00+00:00,105.86484057971015,50,30d
2021-01-23 00:00:00+00:00,104.64074324324324,52,60d
2021-01-23 00:00:00+00:00,105.31008270972823,349,7d
2021-01-24 00:00:00+00:00,111.78286861732644,121,14d
2021-01-24 00:00:00+00:00,110.30880990415335,92,30d
2021-01-24 00:00:00+00:00,105.73935483870967,18,60d
2021-01-24 00:00:00+00:00,111.50942630597014,462,7d
2021-01-25 00:00:00+00:00,105.48084205218709,133,14d
2021-01-25 00:00:00+00:00,106.94233818078129,216,30d
2021-01-25 00:00:00+00:00,105.85709271523179,154,60d
2021-01-25 00:00:00+00:00,99.37340614035088,1351,7d
2021-01-26 00:00:00+00:00,99.8022850678733,20,14d
2021-01-26 00:00:00+00:00,104.36010387157697,174,30d
2021-01-26 00:00:00+00:00,103.79905735003297,157,60d
2021-01-26 00:00:00+00:00,102.77239699006428,739,7d
2021-01-27 00:00:00+00:00,106.46897654584221,54,14d
2021-01-27 00:00:00+00:00,111.05318417333962,422,30d
2021-01-27 00:00:00+00:00,109.28800623052959,111,60d
2021-01-27 00:00:00+00:00,109.77723055052986,481,7d
2021-01-28 00:00:00+00:00,116.18646971935006,46,14d
2021-01-28 00:00:00+00:00,115.8300283286119,162,30d
2021-01-28 00:00:00+00:00,111.3890894794779,180,60d
2021-01-28 00:00:00+00:00,116.17688640275387,432,7d
2021-01-29 00:00:00+00:00,126.20826297577854,384,14d
2021-01-29 00:00:00+00:00,120.14942020411182,1394,30d
2021-01-29 00:00:00+00:00,117.33663274745605,565,60d
2021-01-29 00:00:00+00:00,127.06271473601261,2248,7d
2021-01-29 00:00:00+00:00,115.56358784893268,19,90d
2021-01-30 00:00:00+00:00,112.53714285714287,147,14d
2021-01-30 00:00:00+00:00,113.47171336206897,249,30d
2021-01-30 00:00:00+00:00,111.35147963424772,187,60d
2021-01-30 00:00:00+00:00,111.8941775294848,303,7d
2021-01-30 00:00:00+00:00,108.37990543735224,29,90d
2021-01-31 00:00:00+00:00,107.11413323782236,87,14d
2021-01-31 00:00:00+00:00,111.51509821836454,150,30d
2021-01-31 00:00:00+00:00,111.95554585152838,102,60d
2021-01-31 00:00:00+00:00,104.54792564178224,422,7d
2021-01-31 00:00:00+00:00,109.18833333333333,6,90d
2021-02-01 00:00:00+00:00,109.21893704006543,74,14d
2021-02-01 00:00:00+00:00,108.91087112171837,240,30d
2021-02-01 00:00:00+00:00,111.71523499999999,127,60d
2021-02-01 00:00:00+00:00,107.98657382091592,394,7d
2021-02-01 00:00:00+00:00,110.82077586206897,13,90d
2021-02-02 00:00:00+00:00,103.38139554434636,52,14d
2021-02-02 00:00:00+00:00,102.21767850604174,272,30d
2021-02-02 00:00:00+00:00,103.81163576881134,106,60d
2021-02-02 00:00:00+00:00,98.1590381319623,318,7d
2021-02-02 00:00:00+00:00,105.36459259259259,10,90d
2021-02-03 00:00:00+00:00,99.59524968314322,98,14d
2021-02-03 00:00:00+00:00,102.57189620117711,358,30d
2021-02-03 00:00:00+00:00,103.88342379958247,244,60d
2021-02-03 00:00:00+00:00,100.5748262763937,335,7d
2021-02-03 00:00:00+00:00,103.4922151898734,5,90d
2021-02-04 00:00:00+00:00,96.62728912319645,133,14d
2021-02-04 00:00:00+00:00,100.8438186656529,543,30d
2021-02-04 00:00:00+00:00,104.04246652572233,189,60d
2021-02-04 00:00:00+00:00,97.83215885524679,460,7d
2021-02-04 00:00:00+00:00,104.06205128205129,20,90d
2021-02-05 00:00:00+00:00,100.33076234891026,398,14d
2021-02-05 00:00:00+00:00,100.93942270509162,383,30d
2021-02-05 00:00:00+00:00,101.37249545454544,337,60d
2021-02-05 00:00:00+00:00,94.47856973645247,530,7d
2021-02-05 00:00:00+00:00,98.45988644428672,19,90d
2021-02-06 00:00:00+00:00,100.87653708361917,700,14d
2021-02-06 00:00:00+00:00,102.42638588791357,164,30d
2021-02-06 00:00:00+00:00,100.29093050647822,159,60d
2021-02-06 00:00:00+00:00,97.77502459437635,677,7d
2021-02-06 00:00:00+00:00,98.79579710144927,11,90d
2021-02-07 00:00:00+00:00,104.72623151252218,561,14d
2021-02-07 00:00:00+00:00,103.58366325369741,110,60d
2021-02-07 00:00:00+00:00,103.00473217452998,713,7d
2021-02-07 00:00:00+00:00,100.39412268188303,38,90d
2021-02-08 00:00:00+00:00,127.72465615685711,1107,14d
2021-02-08 00:00:00+00:00,113.1437166382737,345,60d
2021-02-08 00:00:00+00:00,129.88148713793802,1907,7d
2021-02-08 00:00:00+00:00,110.58085245901638,40,90d
2021-02-09 00:00:00+00:00,136.37031687351467,620,14d
2021-02-09 00:00:00+00:00,125.302373081464,103,60d
2021-02-09 00:00:00+00:00,140.19964292905564,801,7d
2021-02-09 00:00:00+00:00,114.78697896749522,49,90d
2021-02-10 00:00:00+00:00,121.11437881659297,482,14d
2021-02-10 00:00:00+00:00,116.70260090654004,381,7d
2021-02-10 00:00:00+00:00,110.62636771300447,21,90d
2021-02-11 00:00:00+00:00,117.23825682893994,452,14d
2021-02-11 00:00:00+00:00,115.04621818181819,43,30d
2021-02-11 00:00:00+00:00,117.33820151774357,726,7d
2021-02-11 00:00:00+00:00,112.75115384615385,16,90d
2021-02-12 00:00:00+00:00,109.9287725140003,328,14d
2021-02-12 00:00:00+00:00,113.67371559633027,37,30d
2021-02-12 00:00:00+00:00,113.03754906098334,486,7d
2021-02-12 00:00:00+00:00,108.88044776119403,11,90d
2021-02-13 00:00:00+00:00,107.98036548223351,220,14d
2021-02-13 00:00:00+00:00,108.07046153846154,9,30d
2021-02-13 00:00:00+00:00,108.79732641221375,486,7d
2021-02-13 00:00:00+00:00,107.77,4,90d
2021-02-14 00:00:00+00:00,112.10533559898045,351,14d
2021-02-14 00:00:00+00:00,109.86345100864553,89,30d
2021-02-14 00:00:00+00:00,106.68265822784811,21,60d
2021-02-14 00:00:00+00:00,116.24991610507494,497,7d
2021-02-14 00:00:00+00:00,105.36666666666665,3,90d
2021-02-15 00:00:00+00:00,110.2980225522552,281,14d
2021-02-15 00:00:00+00:00,108.44509746588695,119,30d
2021-02-15 00:00:00+00:00,103.28344827586206,13,60d
2021-02-15 00:00:00+00:00,106.30683361668886,702,7d
2021-02-16 00:00:00+00:00,111.68519793459552,88,14d
2021-02-16 00:00:00+00:00,112.8075910032554,219,30d
2021-02-16 00:00:00+00:00,105.71996483001173,25,60d
2021-02-16 00:00:00+00:00,117.56294244863632,1044,7d
2021-02-17 00:00:00+00:00,112.72398738272402,147,14d
2021-02-17 00:00:00+00:00,110.31328009503696,315,30d
2021-02-17 00:00:00+00:00,101.01403171953255,45,60d
2021-02-17 00:00:00+00:00,113.1896096795291,1177,7d
2021-02-18 00:00:00+00:00,107.38174145299146,85,14d
2021-02-18 00:00:00+00:00,110.69690133037695,218,30d
2021-02-18 00:00:00+00:00,105.04482653061224,35,60d
2021-02-18 00:00:00+00:00,106.4481683520866,526,7d
2021-02-19 00:00:00+00:00,95.8651632970451,327,14d
2021-02-19 00:00:00+00:00,99.84647305514781,856,30d
2021-02-19 00:00:00+00:00,99.6877749523204,38,60d
2021-02-19 00:00:00+00:00,96.64899982877037,2327,7d
2021-02-20 00:00:00+00:00,99.51565857247977,308,14d
2021-02-20 00:00:00+00:00,99.95573464912279,413,30d
2021-02-20 00:00:00+00:00,95.25467908902691,42,60d
2021-02-20 00:00:00+00:00,101.63581194459614,1302,7d
2021-02-21 00:00:00+00:00,101.79445752302968,263,14d
2021-02-21 00:00:00+00:00,100.78636403127716,176,30d
2021-02-21 00:00:00+00:00,94.23310344827587,14,60d
2021-02-21 00:00:00+00:00,99.81804664723032,611,7d
2021-02-22 00:00:00+00:00,105.01216144975288,500,14d
2021-02-22 00:00:00+00:00,103.86803873764053,747,30d
2021-02-22 00:00:00+00:00,98.92595533498758,47,60d
2021-02-22 00:00:00+00:00,108.88402586566541,2418,7d
2021-02-23 00:00:00+00:00,126.14382997630331,407,14d
2021-02-23 00:00:00+00:00,118.71452373878422,761,30d
2021-02-23 00:00:00+00:00,110.16160990712076,80,60d
2021-02-23 00:00:00+00:00,139.25867192586065,1843,7d
2021-02-24 00:00:00+00:00,120.05062542488103,135,14d
2021-02-24 00:00:00+00:00,112.48599697885197,288,30d
2021-02-24 00:00:00+00:00,108.05263719512197,64,60d
2021-02-24 00:00:00+00:00,111.34605864060418,418,7d
2021-02-25 00:00:00+00:00,106.90135891517599,288,14d
2021-02-25 00:00:00+00:00,109.09725777511963,237,30d
2021-02-25 00:00:00+00:00,102.1672553619303,148,60d
2021-02-25 00:00:00+00:00,105.77407446647494,661,7d
2021-02-25 00:00:00+00:00,98.93058823529411,12,90d
2021-02-26 00:00:00+00:00,109.4599906911799,314,14d
2021-02-26 00:00:00+00:00,105.31232869581679,902,30d
2021-02-26 00:00:00+00:00,100.67458490566038,189,60d
2021-02-26 00:00:00+00:00,119.5892699357669,1032,7d
2021-02-26 00:00:00+00:00,97.21090000000001,67,90d
2021-02-27 00:00:00+00:00,100.13505086774386,187,14d
2021-02-27 00:00:00+00:00,101.53008586875862,346,30d
2021-02-27 00:00:00+00:00,106.53679830747531,30,60d
2021-02-27 00:00:00+00:00,102.53592813559322,472,7d
2021-02-27 00:00:00+00:00,93.48700000000001,38,90d
2021-02-28 00:00:00+00:00,105.09905336601923,373,14d
2021-02-28 00:00:00+00:00,105.37954326030449,348,30d
2021-02-28 00:00:00+00:00,99.9350337837838,82,60d
2021-02-28 00:00:00+00:00,112.06883488681756,941,7d
2021-02-28 00:00:00+00:00,95.58977272727273,19,90d
2021-03-01 00:00:00+00:00,102.82597302504817,177,14d
2021-03-01 00:00:00+00:00,102.9230405485282,315,30d
2021-03-01 00:00:00+00:00,102.15637244348761,63,60d
2021-03-01 00:00:00+00:00,97.40183431290232,1246,7d
2021-03-01 00:00:00+00:00,99.56582338902149,85,90d
2021-03-02 00:00:00+00:00,94.11472004479283,143,14d
2021-03-02 00:00:00+00:00,96.50418172341905,667,30d
2021-03-02 00:00:00+00:00,98.98358620689655,135,60d
2021-03-02 00:00:00+00:00,91.64612077243146,556,7d
2021-03-02 00:00:00+00:00,97.0516129032258,4,90d
2021-03-03 00:00:00+00:00,91.11432907348242,156,14d
2021-03-03 00:00:00+00:00,94.3574330943423,771,30d
2021-03-03 00:00:00+00:00,95.22975576662144,154,60d
2021-03-03 00:00:00+00:00,89.62339556847076,372,7d
2021-03-03 00:00:00+00:00,97.52083333333334,33,90d
2021-03-04 00:00:00+00:00,93.17837226015092,229,14d
2021-03-04 00:00:00+00:00,94.15332298136646,460,30d
2021-03-04 00:00:00+00:00,97.09991575817641,159,60d
2021-03-04 00:00:00+00:00,88.40122932696559,696,7d
2021-03-04 00:00:00+00:00,98.15124401913876,32,90d
2021-03-05 00:00:00+00:00,97.97757007283161,659,14d
2021-03-05 00:00:00+00:00,98.11661826794357,865,30d
2021-03-05 00:00:00+00:00,99.35279549718574,188,60d
2021-03-05 00:00:00+00:00,91.09764365284158,622,7d
2021-03-05 00:00:00+00:00,100.14310734463277,46,90d
2021-03-06 00:00:00+00:00,94.3732427184466,335,14d
2021-03-06 00:00:00+00:00,97.57825167037862,98,30d
2021-03-06 00:00:00+00:00,100.5394170984456,54,60d
2021-03-06 00:00:00+00:00,87.68601851851852,221,7d
2021-03-06 00:00:00+00:00,102.78100775193802,10,90d
2021-03-07 00:00:00+00:00,93.474329422955,382,14d
2021-03-07 00:00:00+00:00,99.02448698315467,67,60d
2021-03-07 00:00:00+00:00,85.19553117206982,295,7d
2021-03-07 00:00:00+00:00,99.50787878787878,13,90d
2021-03-08 00:00:00+00:00,93.02394991321597,500,14d
2021-03-08 00:00:00+00:00,95.5254421148587,74,60d
2021-03-08 00:00:00+00:00,88.13560118003508,920,7d
2021-03-08 00:00:00+00:00,97.2995652173913,5,90d
2021-03-09 00:00:00+00:00,92.82114166981489,793,14d
2021-03-09 00:00:00+00:00,96.0600668709947,113,60d
2021-03-09 00:00:00+00:00,88.78827824484625,773,7d
2021-03-09 00:00:00+00:00,96.12440000000001,35,90d
2021-03-10 00:00:00+00:00,92.17727107375815,1171,14d
2021-03-10 00:00:00+00:00,95.12893797790993,223,60d
2021-03-10 00:00:00+00:00,87.68846039309112,992,7d
2021-03-10 00:00:00+00:00,93.54588748019017,69,90d
2021-03-11 00:00:00+00:00,96.25736587255473,881,14d
2021-03-11 00:00:00+00:00,96.04504171632897,51,30d
2021-03-11 00:00:00+00:00,94.8849059481444,126,60d
2021-03-11 00:00:00+00:00,94.24168592057762,594,7d
2021-03-11 00:00:00+00:00,94.84432790224032,37,90d
2021-03-12 00:00:00+00:00,94.32415137180699,863,14d
2021-03-12 00:00:00+00:00,94.80813170551238,164,30d
2021-03-12 00:00:00+00:00,95.10493543758967,75,60d
2021-03-12 00:00:00+00:00,93.58697111457637,930,7d
2021-03-12 00:00:00+00:00,95.50790849673201,44,90d
2021-03-13 00:00:00+00:00,99.18530991735538,895,14d
2021-03-13 00:00:00+00:00,93.13357326478148,6,30d
2021-03-13 00:00:00+00:00,98.7225845737483,261,60d
2021-03-13 00:00:00+00:00,101.6188426158986,921,7d
2021-03-13 00:00:00+00:00,98.64639951426837,231,90d
2021-03-14 00:00:00+00:00,95.82343485813549,495,14d
2021-03-14 00:00:00+00:00,100.46394366197183,135,60d
2021-03-14 00:00:00+00:00,95.01940815035692,447,7d
2021-03-14 00:00:00+00:00,99.46990634755463,100,90d
2021-03-15 00:00:00+00:00,95.39029258777633,875,14d
2021-03-15 00:00:00+00:00,97.99170184344109,249,60d
2021-03-15 00:00:00+00:00,97.95770586741173,2544,7d
2021-03-15 00:00:00+00:00,100.12870179948587,72,90d
2021-03-16 00:00:00+00:00,92.77278465346535,135,14d
2021-03-16 00:00:00+00:00,94.45364754098361,72,60d
2021-03-16 00:00:00+00:00,94.14418930899609,1361,7d
2021-03-16 00:00:00+00:00,96.48131367292227,86,90d
2021-03-17 00:00:00+00:00,95.07051504874947,564,14d
2021-03-17 00:00:00+00:00,97.64051446945336,10,60d
2021-03-17 00:00:00+00:00,95.20569351404683,1056,7d
2021-03-17 00:00:00+00:00,97.21206773618538,127,90d
2021-03-18 00:00:00+00:00,90.26881856540084,284,14d
2021-03-18 00:00:00+00:00,89.55437057991513,59,30d
2021-03-18 00:00:00+00:00,97.29973214285715,8,60d
2021-03-18 00:00:00+00:00,87.68161385223166,749,7d
2021-03-18 00:00:00+00:00,97.28881578947367,60,90d
2021-03-19 00:00:00+00:00,83.92083148878838,731,14d
2021-03-19 00:00:00+00:00,84.01812605514914,157,30d
2021-03-19 00:00:00+00:00,93.82074866310161,22,60d
2021-03-19 00:00:00+00:00,82.3980912961211,918,7d
2021-03-19 00:00:00+00:00,95.11724299065422,42,90d
2021-03-20 00:00:00+00:00,80.21391414141414,397,14d
2021-03-20 00:00:00+00:00,80.34228373702423,17,30d
2021-03-20 00:00:00+00:00,90.62590163934425,22,60d
2021-03-20 00:00:00+00:00,78.30163738530479,996,7d
2021-03-20 00:00:00+00:00,91.50849557522123,41,90d
2021-03-21 00:00:00+00:00,74.92019284516488,472,14d
2021-03-21 00:00:00+00:00,81.0636075625958,166,30d
2021-03-21 00:00:00+00:00,86.04305507745266,42,60d
2021-03-21 00:00:00+00:00,69.22797667580856,1353,7d
2021-03-21 00:00:00+00:00,88.3306648199446,67,90d
2021-03-22 00:00:00+00:00,72.1234706479445,474,14d
2021-03-22 00:00:00+00:00,77.55460396957892,340,30d
2021-03-22 00:00:00+00:00,83.01573353293414,40,60d
2021-03-22 00:00:00+00:00,69.86710510124175,1910,7d
2021-03-22 00:00:00+00:00,86.43745454545454,284,90d
2021-03-23 00:00:00+00:00,72.40935397039031,449,14d
2021-03-23 00:00:00+00:00,73.71559617665527,636,30d
2021-03-23 00:00:00+00:00,78.89717265353418,95,60d
2021-03-23 00:00:00+00:00,72.05532610475973,1694,7d
2021-03-23 00:00:00+00:00,84.56057281161758,182,90d
2021-03-24 00:00:00+00:00,74.17894125130103,1110,14d
2021-03-24 00:00:00+00:00,75.38177051671734,879,30d
2021-03-24 00:00:00+00:00,76.38074357192495,183,60d
2021-03-24 00:00:00+00:00,73.17248124521562,1198,7d
2021-03-24 00:00:00+00:00,82.03062396006655,155,90d
2021-03-25 00:00:00+00:00,79.80634099181073,828,14d
2021-03-25 00:00:00+00:00,77.84354687994933,1090,30d
2021-03-25 00:00:00+00:00,80.08751639344263,126,60d
2021-03-25 00:00:00+00:00,81.22648639644642,1270,7d
2021-03-25 00:00:00+00:00,84.36830102622577,327,90d
2021-03-26 00:00:00+00:00,69.54847227722772,1272,14d
2021-03-26 00:00:00+00:00,70.69522982963677,1667,30d
2021-03-26 00:00:00+00:00,76.31984769816546,204,60d
2021-03-26 00:00:00+00:00,71.63233461194893,1216,7d
2021-03-26 00:00:00+00:00,78.85240217145441,119,90d
2021-03-27 00:00:00+00:00,66.44821509433962,355,14d
2021-03-27 00:00:00+00:00,68.46256942642097,236,30d
2021-03-27 00:00:00+00:00,71.63669117647059,44,60d
2021-03-27 00:00:00+00:00,67.95360146998775,606,7d
2021-03-27 00:00:00+00:00,77.32244618395303,203,90d
2021-03-28 00:00:00+00:00,64.36138918221283,406,14d
2021-03-28 00:00:00+00:00,66.20329886992066,276,30d
2021-03-28 00:00:00+00:00,69.49083465818761,46,60d
2021-03-28 00:00:00+00:00,68.7169200252457,994,7d
2021-03-28 00:00:00+00:00,76.78938030560272,66,90d
2021-03-29 00:00:00+00:00,66.8934931808183,341,14d
2021-03-29 00:00:00+00:00,69.2221330548926,409,30d
2021-03-29 00:00:00+00:00,69.919168814433,215,60d
2021-03-29 00:00:00+00:00,67.90125250850711,2116,7d
2021-03-29 00:00:00+00:00,76.41297163120566,80,90d
2021-03-30 00:00:00+00:00,71.76133631118557,180,14d
2021-03-30 00:00:00+00:00,73.64479222626007,417,30d
2021-03-30 00:00:00+00:00,73.50917355371901,68,60d
2021-03-30 00:00:00+00:00,72.3618209124858,843,7d
2021-03-30 00:00:00+00:00,77.85064742589704,92,90d
2021-03-31 00:00:00+00:00,72.22992585269401,291,14d
2021-03-31 00:00:00+00:00,75.13737456668491,469,30d
2021-03-31 00:00:00+00:00,76.14759585492227,95,60d
2021-03-31 00:00:00+00:00,72.14812453300125,618,7d
2021-03-31 00:00:00+00:00,79.16420484388678,92,90d
2021-04-01 00:00:00+00:00,70.17828237718997,191,14d
2021-04-01 00:00:00+00:00,72.58694382022472,201,30d
2021-04-01 00:00:00+00:00,74.97703245749614,33,60d
2021-04-01 00:00:00+00:00,68.29786313103699,650,7d
2021-04-01 00:00:00+00:00,78.36888888888889,73,90d
2021-04-02 00:00:00+00:00,68.27267671034981,983,14d
2021-04-02 00:00:00+00:00,68.53381366459628,583,30d
2021-04-02 00:00:00+00:00,74.10572866344606,78,60d
2021-04-02 00:00:00+00:00,70.04300962552742,1127,7d
2021-04-02 00:00:00+00:00,78.31294527363184,138,90d
2021-04-03 00:00:00+00:00,70.51220786963435,492,14d
2021-04-03 00:00:00+00:00,71.73060731132075,134,30d
2021-04-03 00:00:00+00:00,74.84592841163311,73,60d
2021-04-03 00:00:00+00:00,72.71379586713017,649,7d
2021-04-03 00:00:00+00:00,78.64281329923274,70,90d
2021-04-04 00:00:00+00:00,69.32050046339204,573,14d
2021-04-04 00:00:00+00:00,71.17847832865606,103,30d
2021-04-04 00:00:00+00:00,74.16658778205833,129,60d
2021-04-04 00:00:00+00:00,67.94590484234234,743,7d
2021-04-04 00:00:00+00:00,77.82231884057971,84,90d
2021-04-05 00:00:00+00:00,68.24897162609822,331,14d
2021-04-05 00:00:00+00:00,70.88063016079965,272,30d
2021-04-05 00:00:00+00:00,73.68139852786541,117,60d
2021-04-05 00:00:00+00:00,67.58704664570232,1144,7d
2021-04-05 00:00:00+00:00,78.14027126099707,69,90d
2021-04-06 00:00:00+00:00,67.74537100849989,204,14d
2021-04-06 00:00:00+00:00,71.57382056892779,257,30d
2021-04-06 00:00:00+00:00,75.83076178010471,161,60d
2021-04-06 00:00:00+00:00,66.83194596969031,563,7d
2021-04-06 00:00:00+00:00,79.3040769675926,226,90d
2021-04-07 00:00:00+00:00,66.87425394779245,452,14d
2021-04-07 00:00:00+00:00,69.28456713570236,585,30d
2021-04-07 00:00:00+00:00,75.02069946195235,346,60d
2021-04-07 00:00:00+00:00,66.60313586606567,956,7d
2021-04-07 00:00:00+00:00,79.27122302158274,108,90d
2021-04-08 00:00:00+00:00,57.229456319246985,645,14d
2021-04-08 00:00:00+00:00,60.38512672550351,522,30d
2021-04-08 00:00:00+00:00,71.0742487046632,176,60d
2021-04-08 00:00:00+00:00,56.04384154566373,1286,7d
2021-04-08 00:00:00+00:00,76.20331196581198,35,90d
2021-04-09 00:00:00+00:00,60.86519418613737,1615,14d
2021-04-09 00:00:00+00:00,61.85584586141351,618,30d
2021-04-09 00:00:00+00:00,69.32610250297974,212,60d
2021-04-09 00:00:00+00:00,58.1255542157052,1324,7d
2021-04-09 00:00:00+00:00,76.24594594594593,60,90d
2021-04-10 00:00:00+00:00,66.62990302369927,1783,14d
2021-04-10 00:00:00+00:00,67.71295126661366,498,30d
2021-04-10 00:00:00+00:00,74.54313956753721,160,60d
2021-04-10 00:00:00+00:00,66.23920171376366,1205,7d
2021-04-10 00:00:00+00:00,78.73880826271186,140,90d
2021-04-11 00:00:00+00:00,67.44225406330196,899,14d
2021-04-11 00:00:00+00:00,78.09537590809258,110,60d
2021-04-11 00:00:00+00:00,66.26335616,761,7d
2021-04-11 00:00:00+00:00,80.25140425531916,19,90d
2021-04-12 00:00:00+00:00,67.73680598120768,941,14d
2021-04-12 00:00:00+00:00,76.83117570001637,290,60d
2021-04-12 00:00:00+00:00,68.77621570099937,1638,7d
2021-04-13 00:00:00+00:00,76.81590281132259,1021,14d
2021-04-13 00:00:00+00:00,81.2495918367347,332,60d
2021-04-13 00:00:00+00:00,72.67782574194572,1085,7d
2021-04-14 00:00:00+00:00,73.20014931414437,1598,14d
2021-04-14 00:00:00+00:00,79.36956195244053,338,60d
2021-04-14 00:00:00+00:00,70.47975277867386,1523,7d
2021-04-15 00:00:00+00:00,67.72216993095674,494,14d
2021-04-15 00:00:00+00:00,66.17065101387406,101,30d
2021-04-15 00:00:00+00:00,72.89480907581628,82,60d
2021-04-15 00:00:00+00:00,60.06823487179487,532,7d
2021-04-16 00:00:00+00:00,62.77263442145007,1514,14d
2021-04-16 00:00:00+00:00,62.83042506934552,640,30d
2021-04-16 00:00:00+00:00,71.25263653483992,221,60d
2021-04-16 00:00:00+00:00,57.30424613195803,1771,7d
2021-04-17 00:00:00+00:00,60.51542830618617,1111,14d
2021-04-17 00:00:00+00:00,61.86411591355599,61,30d
2021-04-17 00:00:00+00:00,69.35372793354102,115,60d
2021-04-17 00:00:00+00:00,58.249963520291836,827,7d
2021-04-18 00:00:00+00:00,75.40171014136448,4012,14d
2021-04-18 00:00:00+00:00,79.60673171936759,380,30d
2021-04-18 00:00:00+00:00,77.04109326744904,617,60d
2021-04-18 00:00:00+00:00,76.89025734505684,2177,7d
2021-04-19 00:00:00+00:00,72.56871603983372,818,14d
2021-04-19 00:00:00+00:00,78.34498931623932,340,30d
2021-04-19 00:00:00+00:00,80.37524396507447,210,60d
2021-04-19 00:00:00+00:00,64.30934230864004,2807,7d
2021-04-20 00:00:00+00:00,69.93313065610859,431,14d
2021-04-20 00:00:00+00:00,74.17426841923209,194,30d
2021-04-20 00:00:00+00:00,77.42718387631143,174,60d
2021-04-20 00:00:00+00:00,68.2372054810541,2361,7d
2021-04-21 00:00:00+00:00,65.34415831663327,651,14d
2021-04-21 00:00:00+00:00,73.40684702738811,250,30d
2021-04-21 00:00:00+00:00,77.55026772793055,226,60d
2021-04-21 00:00:00+00:00,64.95747283796966,1382,7d
2021-04-22 00:00:00+00:00,68.59669444444445,1063,14d
2021-04-22 00:00:00+00:00,75.37425120090423,1219,30d
2021-04-22 00:00:00+00:00,78.01576307650934,914,60d
2021-04-22 00:00:00+00:00,69.8050095351609,3244,7d
2021-04-23 00:00:00+00:00,87.39130570297364,1082,14d
2021-04-23 00:00:00+00:00,84.9258815343133,1486,30d
2021-04-23 00:00:00+00:00,86.56627627946486,1282,60d
2021-04-23 00:00:00+00:00,88.80508934715533,2689,7d
2021-04-24 00:00:00+00:00,83.62214983713355,336,14d
2021-04-24 00:00:00+00:00,82.36074875207987,405,30d
2021-04-24 00:00:00+00:00,85.15980999080601,299,60d
2021-04-24 00:00:00+00:00,84.19496552349845,755,7d
2021-04-25 00:00:00+00:00,81.91512428298279,452,14d
2021-04-25 00:00:00+00:00,85.63551984198241,381,30d
2021-04-25 00:00:00+00:00,88.53517139479906,187,60d
2021-04-25 00:00:00+00:00,76.5051355541135,1056,7d
2021-04-26 00:00:00+00:00,73.54091188327895,508,14d
2021-04-26 00:00:00+00:00,73.23570983810708,675,30d
2021-04-26 00:00:00+00:00,79.10696424923393,370,60d
2021-04-26 00:00:00+00:00,71.13377943890734,1962,7d
2021-04-27 00:00:00+00:00,67.05819371727749,221,14d
2021-04-27 00:00:00+00:00,67.06445977716446,704,30d
2021-04-27 00:00:00+00:00,75.62022184300342,122,60d
2021-04-27 00:00:00+00:00,67.32832861738827,901,7d
2021-04-28 00:00:00+00:00,66.59528340979723,340,14d
2021-04-28 00:00:00+00:00,66.26241224489796,585,30d
2021-04-28 00:00:00+00:00,71.77701984732823,218,60d
2021-04-28 00:00:00+00:00,68.69419918246005,338,7d
2021-04-29 00:00:00+00:00,65.04707139643017,326,14d
2021-04-29 00:00:00+00:00,65.83492360309141,755,30d
2021-04-29 00:00:00+00:00,69.39332184191086,326,60d
2021-04-29 00:00:00+00:00,66.04581564245811,823,7d
2021-04-29 00:00:00+00:00,68.33557142857143,55,90d
2021-04-30 00:00:00+00:00,64.78876308741174,823,14d
2021-04-30 00:00:00+00:00,64.96789532663733,1557,30d
2021-04-30 00:00:00+00:00,67.008971124194,684,60d
2021-04-30 00:00:00+00:00,65.0534252081539,1438,7d
2021-04-30 00:00:00+00:00,67.1743508583691,107,90d
2021-05-01 00:00:00+00:00,65.90488632305677,332,14d
2021-05-01 00:00:00+00:00,66.40235294117649,222,30d
2021-05-01 00:00:00+00:00,66.81260321100918,161,60d
2021-05-01 00:00:00+00:00,67.78239300021083,649,7d
2021-05-01 00:00:00+00:00,65.96170923379174,34,90d
2021-05-02 00:00:00+00:00,69.43784090909092,185,14d
2021-05-02 00:00:00+00:00,69.32532131147542,221,30d
2021-05-02 00:00:00+00:00,68.73570776255708,115,60d
2021-05-02 00:00:00+00:00,70.30504305043051,394,7d
2021-05-02 00:00:00+00:00,66.7285616438356,51,90d
2021-05-03 00:00:00+00:00,68.98962659247329,231,14d
2021-05-03 00:00:00+00:00,68.40411157951385,553,30d
2021-05-03 00:00:00+00:00,69.53225085910653,176,60d
2021-05-03 00:00:00+00:00,72.66557574667148,1342,7d
2021-05-03 00:00:00+00:00,68.1046278317152,96,90d
2021-05-04 00:00:00+00:00,74.28132809430255,152,14d
2021-05-04 00:00:00+00:00,74.1384948024948,786,30d
2021-05-04 00:00:00+00:00,75.55423034330012,426,60d
2021-05-04 00:00:00+00:00,76.90536879169755,928,7d
2021-05-04 00:00:00+00:00,72.59485697606537,142,90d
2021-05-05 00:00:00+00:00,73.75235630132094,195,14d
2021-05-05 00:00:00+00:00,73.63963216145834,346,30d
2021-05-05 00:00:00+00:00,74.73311447811447,90,60d
2021-05-05 00:00:00+00:00,72.48529967159277,565,7d
2021-05-05 00:00:00+00:00,71.90495086569958,52,90d
2021-05-06 00:00:00+00:00,70.98045235223161,233,14d
2021-05-06 00:00:00+00:00,69.7211164188304,655,30d
2021-05-06 00:00:00+00:00,73.79593233674272,180,60d
2021-05-06 00:00:00+00:00,71.0477340551961,614,7d
2021-05-06 00:00:00+00:00,74.1994495412844,14,90d
2021-05-07 00:00:00+00:00,65.78756718653625,1033,14d
2021-05-07 00:00:00+00:00,66.60017721243749,716,30d
2021-05-07 00:00:00+00:00,70.72340398608036,215,60d
2021-05-07 00:00:00+00:00,66.60436951163149,1450,7d
2021-05-07 00:00:00+00:00,72.09926850258175,103,90d
2021-05-08 00:00:00+00:00,69.15627576335878,1012,14d
2021-05-08 00:00:00+00:00,67.46785834738617,129,30d
2021-05-08 00:00:00+00:00,73.50954968944099,309,60d
2021-05-08 00:00:00+00:00,67.99848137831425,762,7d
2021-05-08 00:00:00+00:00,74.0503950617284,69,90d
2021-05-09 00:00:00+00:00,71.90555497745405,575,14d
2021-05-09 00:00:00+00:00,75.70667061611374,160,60d
2021-05-09 00:00:00+00:00,70.2430315908769,433,7d
2021-05-09 00:00:00+00:00,73.91078171091445,70,90d
2021-05-10 00:00:00+00:00,77.51574717490301,1143,14d
2021-05-10 00:00:00+00:00,79.93181189777964,415,60d
2021-05-10 00:00:00+00:00,78.84995798135424,1479,7d
2021-05-10 00:00:00+00:00,78.14982822788434,246,90d
2021-05-11 00:00:00+00:00,74.03009814323607,584,14d
2021-05-11 00:00:00+00:00,79.2907222566646,121,60d
2021-05-11 00:00:00+00:00,76.62574779042228,697,7d
2021-05-11 00:00:00+00:00,77.4295280105867,51,90d
2021-05-12 00:00:00+00:00,77.1527738179647,1560,14d
2021-05-12 00:00:00+00:00,73.2546971330028,1123,7d
2021-05-12 00:00:00+00:00,74.96246753246753,82,90d
2021-05-13 00:00:00+00:00,85.20796185034243,2296,14d
2021-05-13 00:00:00+00:00,78.7303699167075,126,30d
2021-05-13 00:00:00+00:00,83.65927528168035,1653,7d
2021-05-13 00:00:00+00:00,82.8146349745331,181,90d
2021-05-14 00:00:00+00:00,80.31501426923309,945,14d
2021-05-14 00:00:00+00:00,79.93382423843961,300,30d
2021-05-14 00:00:00+00:00,79.80904474871264,1367,7d
2021-05-14 00:00:00+00:00,83.59644253322908,50,90d
2021-05-15 00:00:00+00:00,94.98320819805194,867,14d
2021-05-15 00:00:00+00:00,89.55973727422004,13,30d
2021-05-15 00:00:00+00:00,91.13529128196748,1142,7d
2021-05-15 00:00:00+00:00,89.2739630681818,75,90d
2021-05-16 00:00:00+00:00,100.15218850363766,1295,14d
2021-05-16 00:00:00+00:00,95.05326029567054,419,30d
2021-05-16 00:00:00+00:00,93.28489247311829,37,60d
2021-05-16 00:00:00+00:00,99.89484079294658,1553,7d
2021-05-16 00:00:00+00:00,89.30379310344827,47,90d
2021-05-17 00:00:00+00:00,144.54094249201276,1864,14d
2021-05-17 00:00:00+00:00,124.90246312784613,658,30d
2021-05-17 00:00:00+00:00,116.09741444151939,438,60d
2021-05-17 00:00:00+00:00,137.9025965986158,3330,7d
2021-05-18 00:00:00+00:00,104.19838748137109,217,14d
2021-05-18 00:00:00+00:00,103.91424352187238,204,30d
2021-05-18 00:00:00+00:00,103.43660714285714,128,60d
2021-05-18 00:00:00+00:00,103.10860281563095,1239,7d
2021-05-19 00:00:00+00:00,121.61057546818803,380,14d
2021-05-19 00:00:00+00:00,120.33922319474836,1054,30d
2021-05-19 00:00:00+00:00,115.03213995626366,181,60d
2021-05-19 00:00:00+00:00,132.6343694368189,1535,7d
2021-05-20 00:00:00+00:00,111.45284924260639,351,14d
2021-05-20 00:00:00+00:00,102.90318713028422,392,30d
2021-05-20 00:00:00+00:00,99.90847725614205,195,60d
2021-05-20 00:00:00+00:00,117.67462093296746,1006,7d
2021-05-21 00:00:00+00:00,110.01077391904325,859,14d
2021-05-21 00:00:00+00:00,108.28612520642547,561,30d
2021-05-21 00:00:00+00:00,105.54586120996441,159,60d
2021-05-21 00:00:00+00:00,112.45236636918742,1115,7d
2021-05-22 00:00:00+00:00,128.0654238410596,206,14d
2021-05-22 00:00:00+00:00,123.01176337603619,151,30d
2021-05-22 00:00:00+00:00,118.14208624708625,241,60d
2021-05-22 00:00:00+00:00,143.33464894342194,391,7d
2021-05-23 00:00:00+00:00,151.07593435164122,310,14d
2021-05-23 00:00:00+00:00,138.7980877931449,183,30d
2021-05-23 00:00:00+00:00,125.40452339688042,151,60d
2021-05-23 00:00:00+00:00,167.9145631957165,703,7d
2021-05-24 00:00:00+00:00,126.31194606028556,219,14d
2021-05-24 00:00:00+00:00,115.50987167341314,349,30d
2021-05-24 00:00:00+00:00,118.23950656167979,137,60d
2021-05-24 00:00:00+00:00,133.46628303598428,1066,7d
2021-05-25 00:00:00+00:00,114.00096837944665,235,14d
2021-05-25 00:00:00+00:00,111.72295219638242,136,30d
2021-05-25 00:00:00+00:00,107.98830287206268,50,60d
2021-05-25 00:00:00+00:00,120.93685631162114,432,7d
2021-05-26 00:00:00+00:00,107.50151963421195,258,14d
2021-05-26 00:00:00+00:00,104.03016666666667,120,30d
2021-05-26 00:00:00+00:00,105.96397360703811,142,60d
2021-05-26 00:00:00+00:00,108.07392996108949,341,7d
2021-05-27 00:00:00+00:00,95.39648675171738,353,14d
2021-05-27 00:00:00+00:00,95.60459422283357,173,30d
2021-05-27 00:00:00+00:00,98.3494132231405,162,60d
2021-05-27 00:00:00+00:00,96.22934321636329,471,7d
2021-05-27 00:00:00+00:00,97.12238095238095,2,90d
2021-05-28 00:00:00+00:00,102.0485409859355,915,14d
2021-05-28 00:00:00+00:00,98.59856581532416,707,30d
2021-05-28 00:00:00+00:00,101.347216374269,425,60d
2021-05-28 00:00:00+00:00,104.05676389209131,944,7d
2021-05-28 00:00:00+00:00,101.40112582781457,67,90d
2021-05-29 00:00:00+00:00,114.64540838176814,293,14d
2021-05-29 00:00:00+00:00,109.64282504012843,136,30d
2021-05-29 00:00:00+00:00,107.42131639722864,135,60d
2021-05-29 00:00:00+00:00,120.52318301903982,855,7d
2021-05-29 00:00:00+00:00,101.91780711825487,53,90d
2021-05-30 00:00:00+00:00,114.50273314866114,219,14d
2021-05-30 00:00:00+00:00,111.50419058553386,133,30d
2021-05-30 00:00:00+00:00,107.14276978417266,55,60d
2021-05-30 00:00:00+00:00,121.81555209953343,256,7d
2021-05-30 00:00:00+00:00,104.62619565217392,32,90d
2021-05-31 00:00:00+00:00,105.6697666195191,262,14d
2021-05-31 00:00:00+00:00,100.75849616122841,244,30d
2021-05-31 00:00:00+00:00,102.23890694239292,26,60d
2021-05-31 00:00:00+00:00,105.98932085561496,717,7d
2021-05-31 00:00:00+00:00,99.74890410958903,14,90d
2021-06-01 00:00:00+00:00,95.9450518754988,280,14d
2021-06-01 00:00:00+00:00,95.30578189300411,196,30d
2021-06-01 00:00:00+00:00,96.20399527186761,42,60d
2021-06-01 00:00:00+00:00,96.8226169217687,466,7d
2021-06-01 00:00:00+00:00,97.47086553323028,29,90d
2021-06-02 00:00:00+00:00,90.5897874720358,212,14d
2021-06-02 00:00:00+00:00,91.9715958416925,277,30d
2021-06-02 00:00:00+00:00,95.9169113648722,73,60d
2021-06-02 00:00:00+00:00,87.96559041868753,405,7d
2021-06-02 00:00:00+00:00,95.91296833773087,44,90d
2021-06-03 00:00:00+00:00,82.2800898652022,225,14d
2021-06-03 00:00:00+00:00,86.13495900819836,200,30d
2021-06-03 00:00:00+00:00,90.31366666666666,110,60d
2021-06-03 00:00:00+00:00,82.30182082753385,397,7d
2021-06-03 00:00:00+00:00,91.79425742574259,56,90d
2021-06-04 00:00:00+00:00,90.22793735297758,616,14d
2021-06-04 00:00:00+00:00,89.70244766146993,262,30d
2021-06-04 00:00:00+00:00,91.69452167928424,85,60d
2021-06-04 00:00:00+00:00,92.39471942217637,763,7d
2021-06-04 00:00:00+00:00,92.96267584097859,66,90d
2021-06-05 00:00:00+00:00,93.56144550958628,392,14d
2021-06-05 00:00:00+00:00,90.68904,48,30d
2021-06-05 00:00:00+00:00,93.11094098883571,130,60d
2021-06-05 00:00:00+00:00,96.70956954358643,382,7d
2021-06-05 00:00:00+00:00,94.54406504065041,67,90d
2021-06-06 00:00:00+00:00,94.0553972868217,123,14d
2021-06-06 00:00:00+00:00,95.2814440433213,37,60d
2021-06-06 00:00:00+00:00,94.28199557522123,192,7d
2021-06-06 00:00:00+00:00,96.5010989010989,38,90d
2021-06-07 00:00:00+00:00,89.89856502242152,306,14d
2021-06-07 00:00:00+00:00,91.86435569755058,122,60d
2021-06-07 00:00:00+00:00,90.68560717104522,1118,7d
2021-06-07 00:00:00+00:00,94.15152173913043,79,90d
2021-06-08 00:00:00+00:00,102.48862627571684,532,14d
2021-06-08 00:00:00+00:00,99.79826577970297,325,60d
2021-06-08 00:00:00+00:00,107.64304309696817,963,7d
2021-06-08 00:00:00+00:00,102.31507097405778,195,90d
2021-06-09 00:00:00+00:00,94.97261786758165,637,14d
2021-06-09 00:00:00+00:00,95.78669413233459,453,60d
2021-06-09 00:00:00+00:00,95.21943592336648,770,7d
2021-06-09 00:00:00+00:00,97.16751308900523,95,90d
2021-06-10 00:00:00+00:00,88.29165028825996,615,14d
2021-06-10 00:00:00+00:00,89.33497997329772,116,30d
2021-06-10 00:00:00+00:00,91.24130121989366,204,60d
2021-06-10 00:00:00+00:00,88.48321136827774,732,7d
2021-06-10 00:00:00+00:00,94.52750830564784,35,90d
2021-06-11 00:00:00+00:00,85.85185261707989,516,14d
2021-06-11 00:00:00+00:00,86.21990678404971,323,30d
2021-06-11 00:00:00+00:00,87.17905109489051,95,60d
2021-06-11 00:00:00+00:00,86.0,501,7d
2021-06-11 00:00:00+00:00,90.51058510638298,53,90d
2021-06-12 00:00:00+00:00,87.2292680011951,671,14d
2021-06-12 00:00:00+00:00,88.02632750397456,291,30d
2021-06-12 00:00:00+00:00,89.73064583333333,84,60d
2021-06-12 00:00:00+00:00,89.14333597883599,345,7d
2021-06-12 00:00:00+00:00,93.50428994082841,77,90d
2021-06-13 00:00:00+00:00,88.65396807758358,691,14d
2021-06-13 00:00:00+00:00,90.14869118228549,199,60d
2021-06-13 00:00:00+00:00,92.16760403950727,632,7d
2021-06-13 00:00:00+00:00,95.14276595744681,45,90d
2021-06-14 00:00:00+00:00,93.57749569071657,356,14d
2021-06-14 00:00:00+00:00,92.89235632183909,187,60d
2021-06-14 00:00:00+00:00,97.92675170128622,1190,7d
2021-06-14 00:00:00+00:00,95.41449375866853,208,90d
2021-06-15 00:00:00+00:00,86.63438709677419,138,14d
2021-06-15 00:00:00+00:00,90.06913235294118,39,60d
2021-06-15 00:00:00+00:00,88.04851014040561,416,7d
2021-06-15 00:00:00+00:00,93.07134517766498,22,90d
2021-06-16 00:00:00+00:00,85.52417604235606,176,14d
2021-06-16 00:00:00+00:00,89.32427325581396,53,60d
2021-06-16 00:00:00+00:00,86.87324683072335,372,7d
2021-06-16 00:00:00+00:00,91.09148760330578,24,90d
2021-06-17 00:00:00+00:00,80.9159532446594,236,14d
2021-06-17 00:00:00+00:00,82.34902964959568,33,30d
2021-06-17 00:00:00+00:00,88.47987234042553,50,60d
2021-06-17 00:00:00+00:00,82.75382498656958,643,7d
2021-06-17 00:00:00+00:00,91.59660000000001,25,90d
2021-06-18 00:00:00+00:00,86.17352649438789,496,14d
2021-06-18 00:00:00+00:00,85.65189054726369,264,30d
2021-06-18 00:00:00+00:00,88.99383018867924,74,60d
2021-06-18 00:00:00+00:00,87.83249173137763,956,7d
2021-06-18 00:00:00+00:00,92.17792857142857,31,90d
2021-06-19 00:00:00+00:00,82.79304140885293,285,14d
2021-06-19 00:00:00+00:00,83.43833795013849,126,30d
2021-06-19 00:00:00+00:00,84.04111506524319,44,60d
2021-06-19 00:00:00+00:00,82.55481824301582,534,7d
2021-06-19 00:00:00+00:00,86.80859374999999,21,90d
2021-06-20 00:00:00+00:00,87.35935802469136,438,14d
2021-06-20 00:00:00+00:00,85.69782696177063,151,30d
2021-06-20 00:00:00+00:00,84.81508607198748,80,60d
2021-06-20 00:00:00+00:00,92.35669088385008,788,7d
2021-06-20 00:00:00+00:00,87.97209523809524,39,90d
2021-06-21 00:00:00+00:00,95.32553992740472,449,14d
2021-06-21 00:00:00+00:00,92.44729882459313,336,30d
2021-06-21 00:00:00+00:00,89.24814639905549,96,60d
2021-06-21 00:00:00+00:00,105.82955732095427,1928,7d
2021-06-21 00:00:00+00:00,92.25605068637803,63,90d
2021-06-22 00:00:00+00:00,103.06710116731519,239,14d
2021-06-22 00:00:00+00:00,99.23561675635749,454,30d
2021-06-22 00:00:00+00:00,101.13170335541781,178,60d
2021-06-22 00:00:00+00:00,112.8080896846255,673,7d
2021-06-22 00:00:00+00:00,99.67334429824562,74,90d
2021-06-23 00:00:00+00:00,94.00350869167428,76,14d
2021-06-23 00:00:00+00:00,93.4156734496124,212,30d
2021-06-23 00:00:00+00:00,95.39948538011696,68,60d
2021-06-23 00:00:00+00:00,95.57373061321881,259,7d
2021-06-23 00:00:00+00:00,95.6049347826087,43,90d
2021-06-24 00:00:00+00:00,89.27339123242349,135,14d
2021-06-24 00:00:00+00:00,92.71188038060716,176,30d
2021-06-24 00:00:00+00:00,93.4888963963964,31,60d
2021-06-24 00:00:00+00:00,88.73977932539017,329,7d
2021-06-24 00:00:00+00:00,95.13998087954111,38,90d
2021-06-25 00:00:00+00:00,90.15507164790174,628,14d
2021-06-25 00:00:00+00:00,91.89216121308858,1005,30d
2021-06-25 00:00:00+00:00,96.5656530214425,128,60d
2021-06-25 00:00:00+00:00,92.49770234510447,638,7d
2021-06-25 00:00:00+00:00,95.59374764595104,155,90d
2021-06-26 00:00:00+00:00,98.6431667769689,518,14d
2021-06-26 00:00:00+00:00,99.01258495821727,429,30d
2021-06-26 00:00:00+00:00,99.93374015748033,166,60d
2021-06-26 00:00:00+00:00,105.56888140780413,521,7d
2021-06-26 00:00:00+00:00,97.70057598039216,166,90d
2021-06-27 00:00:00+00:00,95.69842557251908,439,14d
2021-06-27 00:00:00+00:00,93.84896214896214,307,30d
2021-06-27 00:00:00+00:00,90.9993481095176,121,60d
2021-06-27 00:00:00+00:00,98.54009221740952,549,7d
2021-06-27 00:00:00+00:00,95.776,9,90d
2021-06-28 00:00:00+00:00,97.43277923784495,152,14d
2021-06-28 00:00:00+00:00,95.9297247706422,185,30d
2021-06-28 00:00:00+00:00,96.15783295711063,41,60d
2021-06-28 00:00:00+00:00,98.26184745256239,583,7d
2021-06-28 00:00:00+00:00,95.81046309696093,63,90d
2021-06-29 00:00:00+00:00,92.41154173764906,89,14d
2021-06-29 00:00:00+00:00,91.70320579710145,307,30d
2021-06-29 00:00:00+00:00,92.6817193426043,40,60d
2021-06-29 00:00:00+00:00,99.63492896058114,496,7d
2021-06-29 00:00:00+00:00,93.43629186602872,47,90d
2021-06-30 00:00:00+00:00,96.46125077017868,143,14d
2021-06-30 00:00:00+00:00,93.70365870077414,294,30d
2021-06-30 00:00:00+00:00,92.9479534883721,41,60d
2021-06-30 00:00:00+00:00,94.9965466101695,177,7d
2021-06-30 00:00:00+00:00,94.42072948328268,12,90d
2021-07-01 00:00:00+00:00,92.47044676098288,158,14d
2021-07-01 00:00:00+00:00,89.40433291207799,373,30d
2021-07-01 00:00:00+00:00,92.7928275862069,63,60d
2021-07-01 00:00:00+00:00,86.92528758429195,383,7d
2021-07-01 00:00:00+00:00,94.8534036939314,27,90d
2021-07-02 00:00:00+00:00,88.74767253044655,217,14d
2021-07-02 00:00:00+00:00,89.27278661365143,307,30d
2021-07-02 00:00:00+00:00,91.3556179775281,32,60d
2021-07-02 00:00:00+00:00,92.70119488977957,572,7d
2021-07-02 00:00:00+00:00,93.87561290322581,162,90d
2021-07-03 00:00:00+00:00,85.14051876379692,105,14d
2021-07-03 00:00:00+00:00,87.09980561555076,164,30d
2021-07-03 00:00:00+00:00,90.22992753623188,6,60d
2021-07-03 00:00:00+00:00,83.17275675675675,429,7d
2021-07-03 00:00:00+00:00,92.15016990291261,95,90d
2021-07-04 00:00:00+00:00,82.02082810539524,192,14d
2021-07-04 00:00:00+00:00,85.26508555989192,268,30d
2021-07-04 00:00:00+00:00,89.1848611111111,39,60d
2021-07-04 00:00:00+00:00,85.10425673137132,313,7d
2021-07-04 00:00:00+00:00,89.63335294117645,8,90d
2021-07-05 00:00:00+00:00,83.456541218638,139,14d
2021-07-05 00:00:00+00:00,85.56722531497216,481,30d
2021-07-05 00:00:00+00:00,88.35433593750001,52,60d
2021-07-05 00:00:00+00:00,82.55406572835057,821,7d
2021-07-05 00:00:00+00:00,91.17071038251366,54,90d
2021-07-06 00:00:00+00:00,84.55811475409836,40,14d
2021-07-06 00:00:00+00:00,85.02994778067885,481,30d
2021-07-06 00:00:00+00:00,87.70887624466573,75,60d
2021-07-06 00:00:00+00:00,83.5895575221239,439,7d
2021-07-06 00:00:00+00:00,90.48352941176469,53,90d
2021-07-07 00:00:00+00:00,82.2325,24,14d
2021-07-07 00:00:00+00:00,82.99728937728938,255,30d
2021-07-07 00:00:00+00:00,86.38243902439024,39,60d
2021-07-07 00:00:00+00:00,79.92942034548945,157,7d
2021-07-07 00:00:00+00:00,91.6041225626741,19,90d
2021-07-08 00:00:00+00:00,79.97198140615922,64,14d
2021-07-08 00:00:00+00:00,81.61920340866989,332,30d
2021-07-08 00:00:00+00:00,85.82703071672356,49,60d
2021-07-08 00:00:00+00:00,81.99466202242299,450,7d
2021-07-08 00:00:00+00:00,90.70094950603733,197,90d
2021-07-09 00:00:00+00:00,79.55973029045643,312,14d
2021-07-09 00:00:00+00:00,79.94141061891297,238,30d
2021-07-09 00:00:00+00:00,83.76496332518339,72,60d
2021-07-09 00:00:00+00:00,74.86158845650752,580,7d
2021-07-09 00:00:00+00:00,87.3256746031746,30,90d
2021-07-10 00:00:00+00:00,75.41602469135803,281,14d
2021-07-10 00:00:00+00:00,77.90921875,53,30d
2021-07-10 00:00:00+00:00,81.61929804372842,50,60d
2021-07-10 00:00:00+00:00,74.9243057722309,275,7d
2021-07-10 00:00:00+00:00,85.82072840790843,111,90d
2021-07-11 00:00:00+00:00,75.3294449116905,246,14d
2021-07-11 00:00:00+00:00,82.1354171301446,118,60d
2021-07-11 00:00:00+00:00,74.77427870090634,264,7d
2021-07-11 00:00:00+00:00,85.03250000000001,2,90d
2021-07-12 00:00:00+00:00,75.46237367021276,191,14d
2021-07-12 00:00:00+00:00,82.46041975308641,117,60d
2021-07-12 00:00:00+00:00,73.49744296497329,496,7d
2021-07-13 00:00:00+00:00,77.37459088555153,245,14d
2021-07-13 00:00:00+00:00,81.75261484098941,41,60d
2021-07-13 00:00:00+00:00,72.97457029845378,255,7d
2021-07-14 00:00:00+00:00,80.33598028936885,359,14d
2021-07-14 00:00:00+00:00,84.79939024390244,24,60d
2021-07-14 00:00:00+00:00,76.4745197438634,162,7d
2021-07-15 00:00:00+00:00,75.67592075975664,400,14d
2021-07-15 00:00:00+00:00,76.24266055045872,47,30d
2021-07-15 00:00:00+00:00,81.50392207792208,55,60d
2021-07-15 00:00:00+00:00,71.44834800146683,414,7d
2021-07-16 00:00:00+00:00,74.9253818568203,603,14d
2021-07-16 00:00:00+00:00,75.90841628959276,44,30d
2021-07-16 00:00:00+00:00,80.9994465648855,78,60d
2021-07-16 00:00:00+00:00,70.82729192444116,842,7d
2021-07-17 00:00:00+00:00,71.4737946540095,304,14d
2021-07-17 00:00:00+00:00,73.834,8,30d
2021-07-17 00:00:00+00:00,79.2248275862069,9,60d
2021-07-17 00:00:00+00:00,71.74561705426358,460,7d
2021-07-18 00:00:00+00:00,69.12463586137619,345,14d
2021-07-18 00:00:00+00:00,76.1638053097345,36,30d
2021-07-18 00:00:00+00:00,79.18625,21,60d
2021-07-18 00:00:00+00:00,68.15131122833459,230,7d
2021-07-19 00:00:00+00:00,71.55708542713568,250,14d
2021-07-19 00:00:00+00:00,77.80464953271029,160,30d
2021-07-19 00:00:00+00:00,81.4430138888889,75,60d
2021-07-19 00:00:00+00:00,78.75478222172777,846,7d
2021-07-20 00:00:00+00:00,85.10821378340366,133,14d
2021-07-20 00:00:00+00:00,83.20329766151407,243,30d
2021-07-20 00:00:00+00:00,83.12062453531598,120,60d
2021-07-20 00:00:00+00:00,90.12784281356541,1222,7d
2021-07-21 00:00:00+00:00,79.57356376638856,221,14d
2021-07-21 00:00:00+00:00,78.97984402079723,178,30d
2021-07-21 00:00:00+00:00,81.13723188405797,126,60d
2021-07-21 00:00:00+00:00,80.1772846339752,869,7d
2021-07-22 00:00:00+00:00,75.1079605263158,99,14d
2021-07-22 00:00:00+00:00,78.18266816143498,117,30d
2021-07-22 00:00:00+00:00,77.04384164222874,42,60d
2021-07-22 00:00:00+00:00,75.51351762390411,258,7d
2021-07-23 00:00:00+00:00,67.92153874349388,248,14d
2021-07-23 00:00:00+00:00,73.12490039840637,129,30d
2021-07-23 00:00:00+00:00,77.14491063829787,31,60d
2021-07-23 00:00:00+00:00,68.58038613755481,683,7d
2021-07-24 00:00:00+00:00,68.4173929845422,391,14d
2021-07-24 00:00:00+00:00,71.86175655616032,121,30d
2021-07-24 00:00:00+00:00,76.10386478304743,78,60d
2021-07-24 00:00:00+00:00,68.54341119221411,607,7d
2021-07-25 00:00:00+00:00,70.78643347280335,326,14d
2021-07-25 00:00:00+00:00,74.46229281767955,93,30d
2021-07-25 00:00:00+00:00,78.25762499999999,87,60d
2021-07-25 00:00:00+00:00,70.14749496252115,684,7d
2021-07-26 00:00:00+00:00,77.26929772158933,724,14d
2021-07-26 00:00:00+00:00,77.31270931688987,593,30d
2021-07-26 00:00:00+00:00,80.25320856516608,310,60d
2021-07-26 00:00:00+00:00,84.61774081214784,2835,7d
2021-07-27 00:00:00+00:00,80.17894084855993,138,14d
2021-07-27 00:00:00+00:00,78.0374721996203,220,30d
2021-07-27 00:00:00+00:00,80.29709193245779,264,60d
2021-07-27 00:00:00+00:00,80.77536371671214,647,7d
2021-07-28 00:00:00+00:00,85.51994721607356,180,14d
2021-07-28 00:00:00+00:00,84.63758001561281,322,30d
2021-07-28 00:00:00+00:00,84.63009170208007,238,60d
2021-07-28 00:00:00+00:00,86.75952793578226,738,7d
2021-07-29 00:00:00+00:00,82.73082432432432,134,14d
2021-07-29 00:00:00+00:00,83.75642160278746,175,30d
2021-07-29 00:00:00+00:00,85.02553398058254,117,60d
2021-07-29 00:00:00+00:00,82.6471560771922,352,7d
2021-07-29 00:00:00+00:00,84.21333333333334,4,90d
2021-07-30 00:00:00+00:00,80.54699456761122,567,14d
2021-07-30 00:00:00+00:00,80.74354910301462,369,30d
2021-07-30 00:00:00+00:00,83.6858850226929,121,60d
2021-07-30 00:00:00+00:00,81.27768976312835,952,7d
2021-07-30 00:00:00+00:00,83.37618784530387,27,90d
2021-07-31 00:00:00+00:00,81.25812030075188,188,14d
2021-07-31 00:00:00+00:00,81.60558182661103,185,30d
2021-07-31 00:00:00+00:00,83.23874649859945,41,60d
2021-07-31 00:00:00+00:00,82.85373651618058,556,7d
2021-07-31 00:00:00+00:00,83.54489583333333,45,90d
2021-08-01 00:00:00+00:00,81.06235447437011,325,14d
2021-08-01 00:00:00+00:00,81.17034643008027,353,30d
2021-08-01 00:00:00+00:00,81.39649411764707,142,60d
2021-08-01 00:00:00+00:00,82.04239443436177,670,7d
2021-08-01 00:00:00+00:00,82.78608766233765,7,90d
2021-08-02 00:00:00+00:00,81.80732542819499,127,14d
2021-08-02 00:00:00+00:00,80.60810017271157,153,30d
2021-08-02 00:00:00+00:00,81.38652173913043,112,60d
2021-08-02 00:00:00+00:00,80.8362962962963,743,7d
2021-08-02 00:00:00+00:00,82.85650000000001,15,90d
2021-08-03 00:00:00+00:00,80.22958818263206,114,14d
2021-08-03 00:00:00+00:00,80.3548051052087,223,30d
2021-08-03 00:00:00+00:00,82.37290666666667,116,60d
2021-08-03 00:00:00+00:00,80.56027990669777,637,7d
2021-08-03 00:00:00+00:00,83.15681462140992,18,90d
2021-08-04 00:00:00+00:00,80.79289539227895,82,14d
2021-08-04 00:00:00+00:00,81.5502776957164,257,30d
2021-08-04 00:00:00+00:00,84.82600938967137,102,60d
2021-08-04 00:00:00+00:00,81.37463273676362,413,7d
2021-08-04 00:00:00+00:00,84.20047619047618,3,90d
2021-08-05 00:00:00+00:00,83.79489021956087,78,14d
2021-08-05 00:00:00+00:00,84.63070358601907,474,30d
2021-08-05 00:00:00+00:00,88.46853422931542,116,60d
2021-08-05 00:00:00+00:00,84.5880867380669,734,7d
2021-08-05 00:00:00+00:00,86.80678571428572,31,90d
2021-08-06 00:00:00+00:00,83.02156731608025,696,14d
2021-08-06 00:00:00+00:00,83.70992409867172,494,30d
2021-08-06 00:00:00+00:00,85.72896097560975,294,60d
2021-08-06 00:00:00+00:00,85.23683674684449,1147,7d
2021-08-06 00:00:00+00:00,85.72113259668508,64,90d
2021-08-07 00:00:00+00:00,85.43735101148168,842,14d
2021-08-07 00:00:00+00:00,84.15903494176374,212,30d
2021-08-07 00:00:00+00:00,85.2497525865947,337,60d
2021-08-07 00:00:00+00:00,88.82654397865007,976,7d
2021-08-07 00:00:00+00:00,86.88731707317073,33,90d
2021-08-08 00:00:00+00:00,85.83907194994786,545,14d
2021-08-08 00:00:00+00:00,87.61117154811716,322,60d
2021-08-08 00:00:00+00:00,87.22496570844886,908,7d
2021-08-08 00:00:00+00:00,88.48501976284584,129,90d
2021-08-09 00:00:00+00:00,92.7894216529918,396,14d
2021-08-09 00:00:00+00:00,95.45790678318768,296,60d
2021-08-09 00:00:00+00:00,91.80604728402557,1672,7d
2021-08-09 00:00:00+00:00,95.86527593818985,70,90d
2021-08-10 00:00:00+00:00,93.07113539445629,272,14d
2021-08-10 00:00:00+00:00,100.40956607495069,19,60d
2021-08-10 00:00:00+00:00,88.896900607346,640,7d
2021-08-10 00:00:00+00:00,100.31164461247637,63,90d
2021-08-11 00:00:00+00:00,85.22146121351767,391,14d
2021-08-11 00:00:00+00:00,83.5569459623558,282,7d
2021-08-11 00:00:00+00:00,99.07414096916301,75,90d
2021-08-12 00:00:00+00:00,82.673207695947,602,14d
2021-08-12 00:00:00+00:00,86.64473420260782,51,30d
2021-08-12 00:00:00+00:00,82.09513681895919,533,7d
2021-08-12 00:00:00+00:00,95.99089385474858,40,90d
2021-08-13 00:00:00+00:00,82.54129362456678,739,14d
2021-08-13 00:00:00+00:00,84.34394961977186,111,30d
2021-08-13 00:00:00+00:00,80.4286939746063,900,7d
2021-08-13 00:00:00+00:00,95.12077727952166,92,90d
2021-08-14 00:00:00+00:00,85.38476340694007,382,14d
2021-08-14 00:00:00+00:00,86.95102941176472,18,30d
2021-08-14 00:00:00+00:00,84.1698199527745,349,7d
2021-08-14 00:00:00+00:00,95.57717391304348,14,90d
2021-08-15 00:00:00+00:00,82.91659948816378,498,14d
2021-08-15 00:00:00+00:00,89.94660550458715,155,30d
2021-08-15 00:00:00+00:00,93.23187122736418,122,60d
2021-08-15 00:00:00+00:00,81.02599054255847,409,7d
2021-08-15 00:00:00+00:00,94.51727272727271,2,90d
2021-08-16 00:00:00+00:00,83.79720577069098,176,14d
2021-08-16 00:00:00+00:00,90.93557611438183,245,30d
2021-08-16 00:00:00+00:00,93.73611587982832,22,60d
2021-08-16 00:00:00+00:00,81.12890034592868,760,7d
2021-08-17 00:00:00+00:00,82.65189792663477,85,14d
2021-08-17 00:00:00+00:00,89.27152079956781,268,30d
2021-08-17 00:00:00+00:00,92.08254926108374,74,60d
2021-08-17 00:00:00+00:00,79.79595865261814,573,7d
2021-08-18 00:00:00+00:00,80.76117647058824,49,14d
2021-08-18 00:00:00+00:00,87.99425000000001,146,30d
2021-08-18 00:00:00+00:00,90.24918158567775,51,60d
2021-08-18 00:00:00+00:00,79.10315416509611,661,7d
2021-08-19 00:00:00+00:00,80.74749509483321,160,14d
2021-08-19 00:00:00+00:00,85.16060951105156,181,30d
2021-08-19 00:00:00+00:00,89.99835403726708,27,60d
2021-08-19 00:00:00+00:00,78.18317658349328,749,7d
2021-08-20 00:00:00+00:00,79.70305113579506,353,14d
2021-08-20 00:00:00+00:00,83.71394853183767,319,30d
2021-08-20 00:00:00+00:00,90.35779125528914,51,60d
2021-08-20 00:00:00+00:00,77.4954735095164,1352,7d
2021-08-21 00:00:00+00:00,79.77944817828087,182,14d
2021-08-21 00:00:00+00:00,84.49287810383747,131,30d
2021-08-21 00:00:00+00:00,87.9814899713467,13,60d
2021-08-21 00:00:00+00:00,76.84137417417418,423,7d
2021-08-22 00:00:00+00:00,80.12907972557369,189,14d
2021-08-22 00:00:00+00:00,83.81842067480257,109,30d
2021-08-22 00:00:00+00:00,88.02794212218649,20,60d
2021-08-22 00:00:00+00:00,83.84209737098345,466,7d
2021-08-23 00:00:00+00:00,82.929432422845,149,14d
2021-08-23 00:00:00+00:00,85.0155358032896,256,30d
2021-08-23 00:00:00+00:00,87.79191812865497,53,60d
2021-08-23 00:00:00+00:00,81.2044383507005,862,7d
2021-08-24 00:00:00+00:00,79.1947032967033,63,14d
2021-08-24 00:00:00+00:00,83.49175164473684,271,30d
2021-08-24 00:00:00+00:00,88.03717536813922,47,60d
2021-08-24 00:00:00+00:00,77.56282686807948,524,7d
2021-08-25 00:00:00+00:00,80.17428269596451,127,14d
2021-08-25 00:00:00+00:00,83.09555191445327,225,30d
2021-08-25 00:00:00+00:00,86.48259325044405,43,60d
2021-08-25 00:00:00+00:00,79.00912857441035,354,7d
2021-08-26 00:00:00+00:00,81.5666364472474,315,14d
2021-08-26 00:00:00+00:00,81.39525004967874,338,30d
2021-08-26 00:00:00+00:00,86.17380612244898,111,60d
2021-08-26 00:00:00+00:00,78.6105536118543,548,7d
2021-08-26 00:00:00+00:00,90.0792857142857,7,90d
2021-08-27 00:00:00+00:00,82.46870254019727,532,14d
2021-08-27 00:00:00+00:00,83.84758921306522,294,30d
2021-08-27 00:00:00+00:00,86.85093827160495,79,60d
2021-08-27 00:00:00+00:00,79.92746728522035,892,7d
2021-08-27 00:00:00+00:00,89.04135135135134,16,90d
2021-08-28 00:00:00+00:00,80.80830175187701,121,14d
2021-08-28 00:00:00+00:00,83.1285325697924,112,30d
2021-08-28 00:00:00+00:00,85.87692307692308,7,60d
2021-08-28 00:00:00+00:00,77.55807838179518,228,7d
2021-08-28 00:00:00+00:00,88.54,1,90d
2021-08-29 00:00:00+00:00,80.3422912301706,314,14d
2021-08-29 00:00:00+00:00,82.32454143646409,131,30d
2021-08-29 00:00:00+00:00,86.4918125,22,60d
2021-08-29 00:00:00+00:00,77.31581978319782,373,7d
2021-08-29 00:00:00+00:00,88.06416342412452,13,90d
2021-08-30 00:00:00+00:00,82.00224907063198,86,14d
2021-08-30 00:00:00+00:00,81.87366004112405,203,30d
2021-08-30 00:00:00+00:00,85.50144827586206,22,60d
2021-08-30 00:00:00+00:00,78.493765944645,709,7d
2021-08-30 00:00:00+00:00,88.04228865979383,31,90d
2021-08-31 00:00:00+00:00,80.12285561497326,37,14d
2021-08-31 00:00:00+00:00,82.43512212541064,191,30d
2021-08-31 00:00:00+00:00,86.6716,48,60d
2021-08-31 00:00:00+00:00,78.40056361474436,459,7d
2021-08-31 00:00:00+00:00,88.6950925925926,6,90d
2021-09-01 00:00:00+00:00,81.445168997669,74,14d
2021-09-01 00:00:00+00:00,84.69764984007787,223,30d
2021-09-01 00:00:00+00:00,87.21923273657289,68,60d
2021-09-01 00:00:00+00:00,80.82214433326082,456,7d
2021-09-01 00:00:00+00:00,88.84059523809523,14,90d
2021-09-02 00:00:00+00:00,82.52290023201854,121,14d
2021-09-02 00:00:00+00:00,85.88740523067881,197,30d
2021-09-02 00:00:00+00:00,90.0349870298314,46,60d
2021-09-02 00:00:00+00:00,82.61966161745828,682,7d
2021-09-02 00:00:00+00:00,92.58666146645865,29,90d
2021-09-03 00:00:00+00:00,79.14422518159806,597,14d
2021-09-03 00:00:00+00:00,80.93017214397497,296,30d
2021-09-03 00:00:00+00:00,86.84045405405405,53,60d
2021-09-03 00:00:00+00:00,77.37982861425174,1019,7d
2021-09-03 00:00:00+00:00,89.37219567690556,19,90d
2021-09-04 00:00:00+00:00,77.36041138155639,170,14d
2021-09-04 00:00:00+00:00,79.93328205128205,19,30d
2021-09-04 00:00:00+00:00,86.74260869565217,5,60d
2021-09-04 00:00:00+00:00,74.54443665059185,347,7d
2021-09-04 00:00:00+00:00,89.22375,2,90d
2021-09-05 00:00:00+00:00,78.97618457726851,291,14d
2021-09-05 00:00:00+00:00,87.9779274611399,14,60d
2021-09-05 00:00:00+00:00,76.53443091833117,378,7d
2021-09-05 00:00:00+00:00,90.51173719376392,19,90d
2021-09-06 00:00:00+00:00,79.70042031807854,303,14d
2021-09-06 00:00:00+00:00,86.78653377630121,57,60d
2021-09-06 00:00:00+00:00,75.90065426329248,916,7d
2021-09-06 00:00:00+00:00,90.86027777777778,27,90d
2021-09-07 00:00:00+00:00,83.09206926915175,807,14d
2021-09-07 00:00:00+00:00,87.8714822928076,187,60d
2021-09-07 00:00:00+00:00,75.12152417379131,979,7d
2021-09-07 00:00:00+00:00,90.0219525959368,59,90d
2021-09-08 00:00:00+00:00,82.24636617749826,440,14d
2021-09-08 00:00:00+00:00,87.76611227482196,107,60d
2021-09-08 00:00:00+00:00,83.97817181475544,720,7d
2021-09-08 00:00:00+00:00,91.20993103448275,21,90d
2021-09-09 00:00:00+00:00,80.70914152082076,220,14d
2021-09-09 00:00:00+00:00,82.81372093023255,30,30d
2021-09-09 00:00:00+00:00,85.39101147028154,44,60d
2021-09-09 00:00:00+00:00,79.44041687695568,415,7d
2021-09-09 00:00:00+00:00,88.06710691823899,19,90d
2021-09-10 00:00:00+00:00,78.41754670666849,501,14d
2021-09-10 00:00:00+00:00,80.62047087980173,64,30d
2021-09-10 00:00:00+00:00,85.80509955752213,104,60d
2021-09-10 00:00:00+00:00,75.84921374129318,1010,7d
2021-09-10 00:00:00+00:00,88.20680597014925,44,90d
2021-09-11 00:00:00+00:00,76.44480153133185,253,14d
2021-09-11 00:00:00+00:00,81.48524590163935,5,30d
2021-09-11 00:00:00+00:00,85.68921824104234,13,60d
2021-09-11 00:00:00+00:00,74.05518496770405,361,7d
2021-09-11 00:00:00+00:00,87.67,1,90d
2021-09-12 00:00:00+00:00,76.36711915354094,267,14d
2021-09-12 00:00:00+00:00,86.16474226804124,28,60d
2021-09-12 00:00:00+00:00,74.0616030534351,380,7d
2021-09-12 00:00:00+00:00,87.16,1,90d
2021-09-13 00:00:00+00:00,80.90526989706251,168,14d
2021-09-13 00:00:00+00:00,87.40832740213523,75,60d
2021-09-13 00:00:00+00:00,78.56735327811069,1132,7d
2021-09-14 00:00:00+00:00,79.4228025682183,148,14d
2021-09-14 00:00:00+00:00,86.3448861283644,53,60d
2021-09-14 00:00:00+00:00,76.47647768670309,503,7d
2021-09-15 00:00:00+00:00,76.04567691763874,266,14d
2021-09-15 00:00:00+00:00,88.06356275303644,32,60d
2021-09-15 00:00:00+00:00,73.91756061527767,527,7d
2021-09-16 00:00:00+00:00,73.32066087930552,194,14d
2021-09-16 00:00:00+00:00,74.02658805031447,47,30d
2021-09-16 00:00:00+00:00,86.99859154929577,40,60d
2021-09-16 00:00:00+00:00,67.31326795714916,741,7d
2021-09-17 00:00:00+00:00,71.16949060782545,476,14d
2021-09-17 00:00:00+00:00,71.55271619404735,141,30d
2021-09-17 00:00:00+00:00,84.24828282828283,25,60d
2021-09-17 00:00:00+00:00,66.62871224352013,1103,7d
2021-09-17 00:00:00+00:00,88.46506493506494,37,90d
2021-09-18 00:00:00+00:00,71.09776916451335,204,14d
2021-09-18 00:00:00+00:00,72.7592125984252,29,30d
2021-09-18 00:00:00+00:00,83.20132653061225,27,60d
2021-09-18 00:00:00+00:00,66.05749721913237,389,7d
2021-09-18 00:00:00+00:00,88.75630630630631,36,90d
2021-09-19 00:00:00+00:00,70.19923692992214,161,14d
2021-09-19 00:00:00+00:00,79.06411371237459,111,30d
2021-09-19 00:00:00+00:00,83.65905555555555,11,60d
2021-09-19 00:00:00+00:00,65.81643595505618,239,7d
2021-09-19 00:00:00+00:00,88.28205387205387,25,90d
2021-09-20 00:00:00+00:00,75.69831916902739,410,14d
2021-09-20 00:00:00+00:00,81.5451512455516,127,30d
2021-09-20 00:00:00+00:00,86.22083582089553,73,60d
2021-09-20 00:00:00+00:00,80.11301628946889,2356,7d
2021-09-20 00:00:00+00:00,91.03510536398467,120,90d
2021-09-21 00:00:00+00:00,85.14017758369722,198,14d
2021-09-21 00:00:00+00:00,83.92006764374295,217,30d
2021-09-21 00:00:00+00:00,88.03598780487805,63,60d
2021-09-21 00:00:00+00:00,88.18124814490658,1330,7d
2021-09-21 00:00:00+00:00,91.75816129032259,170,90d
2021-09-22 00:00:00+00:00,84.34840284213779,130,14d
2021-09-22 00:00:00+00:00,84.91857183418513,143,30d
2021-09-22 00:00:00+00:00,85.56445945945947,36,60d
2021-09-22 00:00:00+00:00,84.61394559541856,391,7d
2021-09-22 00:00:00+00:00,90.76290965141095,85,90d
2021-09-23 00:00:00+00:00,74.07416107382551,134,14d
2021-09-23 00:00:00+00:00,77.73111888111889,197,30d
2021-09-23 00:00:00+00:00,82.37927648578813,14,60d
2021-09-23 00:00:00+00:00,71.80962447001818,393,7d
2021-09-23 00:00:00+00:00,87.12963114754098,33,90d
2021-09-24 00:00:00+00:00,76.81019777031155,556,14d
2021-09-24 00:00:00+00:00,78.9344568286521,580,30d
2021-09-24 00:00:00+00:00,83.0086618705036,46,60d
2021-09-24 00:00:00+00:00,79.24040435845384,1220,7d
2021-09-24 00:00:00+00:00,86.33847707423581,146,90d
2021-09-25 00:00:00+00:00,71.84592495062542,95,14d
2021-09-25 00:00:00+00:00,78.05363684489147,81,30d
2021-09-25 00:00:00+00:00,82.4425,11,60d
2021-09-25 00:00:00+00:00,71.24046992844711,252,7d
2021-09-25 00:00:00+00:00,85.42841432225065,45,90d
2021-09-26 00:00:00+00:00,73.7479014694306,454,14d
2021-09-26 00:00:00+00:00,78.7086569465863,172,30d
2021-09-26 00:00:00+00:00,81.95837696335077,24,60d
2021-09-26 00:00:00+00:00,74.29262179012999,662,7d
2021-09-26 00:00:00+00:00,83.98365703150374,62,90d
2021-09-27 00:00:00+00:00,75.09353582554517,141,14d
2021-09-27 00:00:00+00:00,81.38032213845098,71,30d
2021-09-27 00:00:00+00:00,83.95329588014981,16,60d
2021-09-27 00:00:00+00:00,75.51625110678236,911,7d
2021-09-27 00:00:00+00:00,87.0912955465587,32,90d
2021-09-28 00:00:00+00:00,79.03209905660378,126,14d
2021-09-28 00:00:00+00:00,83.43505502063275,242,30d
2021-09-28 00:00:00+00:00,86.02014005602241,42,60d
2021-09-28 00:00:00+00:00,75.61363887355053,585,7d
2021-09-28 00:00:00+00:00,87.93509843856076,163,90d
2021-09-29 00:00:00+00:00,77.91545156761816,106,14d
2021-09-29 00:00:00+00:00,82.76771754636233,81,30d
2021-09-29 00:00:00+00:00,85.26333333333334,21,60d
2021-09-29 00:00:00+00:00,76.23791487532245,288,7d
2021-09-29 00:00:00+00:00,87.49901440485215,103,90d
2021-09-30 00:00:00+00:00,75.02346234509055,178,14d
2021-09-30 00:00:00+00:00,82.83064097814007,163,30d
2021-09-30 00:00:00+00:00,85.83857142857143,12,60d
2021-09-30 00:00:00+00:00,73.42027057286808,575,7d
2021-09-30 00:00:00+00:00,87.69657766990291,65,90d
2021-10-01 00:00:00+00:00,74.73002047463937,555,14d
2021-10-01 00:00:00+00:00,79.33059938220268,544,30d
2021-10-01 00:00:00+00:00,84.52498109640833,80,60d
2021-10-01 00:00:00+00:00,71.83975720435946,1460,7d
2021-10-01 00:00:00+00:00,87.91673015236567,157,90d
2021-10-02 00:00:00+00:00,72.04483704974271,113,14d
2021-10-02 00:00:00+00:00,75.64139618138425,60,30d
2021-10-02 00:00:00+00:00,82.80444968553459,45,60d
2021-10-02 00:00:00+00:00,67.59708496455401,326,7d
2021-10-02 00:00:00+00:00,86.36833810888253,30,90d
2021-10-03 00:00:00+00:00,73.3827139874739,234,14d
2021-10-03 00:00:00+00:00,76.65673141326188,79,30d
2021-10-03 00:00:00+00:00,83.42612208258528,36,60d
2021-10-03 00:00:00+00:00,69.95494181433483,456,7d
2021-10-03 00:00:00+00:00,86.65039603960396,38,90d
2021-10-04 00:00:00+00:00,74.46349589570256,282,14d
2021-10-04 00:00:00+00:00,80.29551148225471,178,30d
2021-10-04 00:00:00+00:00,85.13231168831169,35,60d
2021-10-04 00:00:00+00:00,73.66456983701258,1145,7d
2021-10-04 00:00:00+00:00,89.80189375307427,115,90d
2021-10-05 00:00:00+00:00,81.27459057767807,171,14d
2021-10-05 00:00:00+00:00,84.5187105816398,224,30d
2021-10-05 00:00:00+00:00,88.09058823529412,100,60d
2021-10-05 00:00:00+00:00,75.00875260541928,496,7d
2021-10-05 00:00:00+00:00,90.25199208443271,120,90d
2021-10-06 00:00:00+00:00,79.86214856902357,225,14d
2021-10-06 00:00:00+00:00,81.80124360886238,320,30d
2021-10-06 00:00:00+00:00,87.34953956834532,140,60d
2021-10-06 00:00:00+00:00,74.58597604390715,1088,7d
2021-10-06 00:00:00+00:00,90.31634671079851,139,90d
2021-10-07 00:00:00+00:00,78.94691772885284,156,14d
2021-10-07 00:00:00+00:00,81.8338403834132,162,30d
2021-10-07 00:00:00+00:00,85.4378304742684,73,60d
2021-10-07 00:00:00+00:00,76.4336614579202,625,7d
2021-10-07 00:00:00+00:00,87.9088,23,90d
2021-10-08 00:00:00+00:00,78.13270721086427,576,14d
2021-10-08 00:00:00+00:00,78.77840358271865,198,30d
2021-10-08 00:00:00+00:00,83.42616666666666,91,60d
2021-10-08 00:00:00+00:00,74.85815081053326,802,7d
2021-10-08 00:00:00+00:00,87.7857142857143,71,90d
2021-10-09 00:00:00+00:00,76.58187071498531,206,14d
2021-10-09 00:00:00+00:00,79.30284313725491,12,30d
2021-10-09 00:00:00+00:00,83.93305816135084,55,60d
2021-10-09 00:00:00+00:00,72.68560574948665,196,7d
2021-10-09 00:00:00+00:00,86.80616326530611,35,90d
2021-10-10 00:00:00+00:00,77.36578036774286,388,14d
2021-10-10 00:00:00+00:00,84.30532871972319,45,60d
2021-10-10 00:00:00+00:00,73.28344972826086,511,7d
2021-10-10 00:00:00+00:00,85.78077127659574,26,90d
2021-10-11 00:00:00+00:00,79.9948469017559,365,14d
2021-10-11 00:00:00+00:00,85.51647607934655,104,60d
2021-10-11 00:00:00+00:00,77.08768696479544,746,7d
2021-10-11 00:00:00+00:00,86.47630996309964,52,90d
2021-10-12 00:00:00+00:00,82.80997374074958,517,14d
2021-10-12 00:00:00+00:00,84.42386524822696,52,60d
2021-10-12 00:00:00+00:00,82.96598670375145,614,7d
2021-10-12 00:00:00+00:00,85.67743842364533,77,90d
2021-10-13 00:00:00+00:00,83.48051543302367,343,14d
2021-10-13 00:00:00+00:00,84.56549347185175,567,7d
2021-10-13 00:00:00+00:00,87.37654945054945,66,90d
2021-10-14 00:00:00+00:00,91.64164155113522,417,14d
2021-10-14 00:00:00+00:00,90.82206611570248,27,30d
2021-10-14 00:00:00+00:00,96.02962677128771,1617,7d
2021-10-14 00:00:00+00:00,88.45367403314917,111,90d
2021-10-15 00:00:00+00:00,93.13397440596178,1239,14d
2021-10-15 00:00:00+00:00,92.96291774891776,82,30d
2021-10-15 00:00:00+00:00,106.21281241625725,2952,7d
2021-10-15 00:00:00+00:00,91.60973491773308,174,90d
2021-10-16 00:00:00+00:00,82.77954172366623,229,14d
2021-10-16 00:00:00+00:00,85.51979253112033,6,30d
2021-10-16 00:00:00+00:00,86.60331270262304,397,7d
2021-10-16 00:00:00+00:00,88.71692753623188,73,90d
2021-10-17 00:00:00+00:00,81.5001686746988,199,14d
2021-10-17 00:00:00+00:00,85.10706666666667,63,30d
2021-10-17 00:00:00+00:00,86.78793560606061,46,60d
2021-10-17 00:00:00+00:00,85.44379685235039,598,7d
2021-10-17 00:00:00+00:00,86.79312499999999,4,90d
2021-10-18 00:00:00+00:00,84.78021586931155,177,14d
2021-10-18 00:00:00+00:00,85.98160451422963,290,30d
2021-10-18 00:00:00+00:00,88.37523738872403,69,60d
2021-10-18 00:00:00+00:00,86.24015173410403,983,7d
2021-10-19 00:00:00+00:00,86.61056797445256,209,14d
2021-10-19 00:00:00+00:00,88.01393021120293,449,30d
2021-10-19 00:00:00+00:00,90.21609207161124,125,60d
2021-10-19 00:00:00+00:00,86.21638436482084,708,7d
2021-10-20 00:00:00+00:00,88.16276244455396,255,14d
2021-10-20 00:00:00+00:00,89.7907444668008,402,30d
2021-10-20 00:00:00+00:00,91.58972535741158,129,60d
2021-10-20 00:00:00+00:00,85.29030180154086,638,7d
2021-10-21 00:00:00+00:00,85.63734839706451,272,14d
2021-10-21 00:00:00+00:00,87.08953641494222,386,30d
2021-10-21 00:00:00+00:00,90.13450025367833,143,60d
2021-10-21 00:00:00+00:00,82.89769733999877,862,7d
2021-10-22 00:00:00+00:00,78.70092007196094,242,14d
2021-10-22 00:00:00+00:00,82.09684906240393,291,30d
2021-10-22 00:00:00+00:00,88.24643221781054,312,60d
2021-10-22 00:00:00+00:00,76.12625442108127,960,7d
2021-10-23 00:00:00+00:00,77.13081281440297,194,14d
2021-10-23 00:00:00+00:00,80.15279472595657,106,30d
2021-10-23 00:00:00+00:00,87.34146788990826,146,60d
2021-10-23 00:00:00+00:00,74.64365561471442,350,7d
2021-10-24 00:00:00+00:00,79.61866840731071,109,14d
2021-10-24 00:00:00+00:00,84.14900156006239,58,30d
2021-10-24 00:00:00+00:00,88.68507301587302,84,60d
2021-10-24 00:00:00+00:00,78.04028265851795,380,7d
2021-10-25 00:00:00+00:00,79.95978202755501,139,14d
2021-10-25 00:00:00+00:00,83.30959767329132,190,30d
2021-10-25 00:00:00+00:00,87.99295557570262,108,60d
2021-10-25 00:00:00+00:00,76.23147840467675,748,7d
2021-10-26 00:00:00+00:00,79.88075949367088,129,14d
2021-10-26 00:00:00+00:00,81.78412790697674,133,30d
2021-10-26 00:00:00+00:00,85.84620064724919,123,60d
2021-10-26 00:00:00+00:00,78.23913701741105,333,7d
2021-10-27 00:00:00+00:00,81.4017882352941,162,14d
2021-10-27 00:00:00+00:00,84.23532160981944,276,30d
2021-10-27 00:00:00+00:00,89.85632747456059,85,60d
2021-10-27 00:00:00+00:00,79.59615671641791,339,7d
2021-10-28 00:00:00+00:00,78.0523622605817,165,14d
2021-10-28 00:00:00+00:00,80.92957300425904,304,30d
2021-10-28 00:00:00+00:00,88.0665498652291,81,60d
2021-10-28 00:00:00+00:00,78.64675044636725,514,7d
2021-10-28 00:00:00+00:00,89.61672,10,90d
2021-10-29 00:00:00+00:00,79.17965722942904,304,14d
2021-10-29 00:00:00+00:00,80.63569934134057,296,30d
2021-10-29 00:00:00+00:00,87.03424173318129,84,60d
2021-10-29 00:00:00+00:00,76.69206170798898,952,7d
2021-10-29 00:00:00+00:00,90.54372881355933,31,90d
2021-10-30 00:00:00+00:00,78.99264900662251,153,14d
2021-10-30 00:00:00+00:00,81.88164614387556,44,30d
2021-10-30 00:00:00+00:00,87.29017094017092,19,60d
2021-10-30 00:00:00+00:00,75.24781165919282,240,7d
2021-10-30 00:00:00+00:00,89.62770114942529,21,90d
2021-10-31 00:00:00+00:00,80.83311186440679,147,14d
2021-10-31 00:00:00+00:00,81.21020689655172,64,30d
2021-10-31 00:00:00+00:00,86.47364406779661,25,60d
2021-10-31 00:00:00+00:00,78.22966920152092,287,7d
2021-10-31 00:00:00+00:00,89.91031531531532,14,90d
2021-11-01 00:00:00+00:00,80.16059305501365,145,14d
2021-11-01 00:00:00+00:00,80.89422255192879,200,30d
2021-11-01 00:00:00+00:00,85.0729415904293,103,60d
2021-11-01 00:00:00+00:00,74.76411901290565,814,7d
2021-11-01 00:00:00+00:00,87.74810810810811,17,90d
2021-11-02 00:00:00+00:00,80.82153650972654,135,14d
2021-11-02 00:00:00+00:00,85.77205525197327,223,30d
2021-11-02 00:00:00+00:00,83.53583882783883,145,60d
2021-11-02 00:00:00+00:00,80.7547530224525,506,7d
2021-11-02 00:00:00+00:00,85.88402810304449,36,90d
2021-11-03 00:00:00+00:00,77.60114833993298,82,14d
2021-11-03 00:00:00+00:00,78.49645730027548,134,30d
2021-11-03 00:00:00+00:00,81.53060490045942,55,60d
2021-11-03 00:00:00+00:00,78.44266334602989,356,7d
2021-11-03 00:00:00+00:00,84.47831632653062,50,90d
2021-11-04 00:00:00+00:00,77.55858050847458,88,14d
2021-11-04 00:00:00+00:00,79.58730437903804,218,30d
2021-11-04 00:00:00+00:00,82.19567873303168,124,60d
2021-11-04 00:00:00+00:00,76.90766840882695,368,7d
2021-11-04 00:00:00+00:00,85.06959915611813,32,90d
2021-11-05 00:00:00+00:00,76.68282755212078,442,14d
2021-11-05 00:00:00+00:00,78.95628388803175,213,30d
2021-11-05 00:00:00+00:00,81.45400430570506,67,60d
2021-11-05 00:00:00+00:00,72.35325117020217,779,7d
2021-11-05 00:00:00+00:00,85.30744664634146,47,90d
2021-11-06 00:00:00+00:00,78.03994541043267,204,14d
2021-11-06 00:00:00+00:00,75.45117117117118,19,30d
2021-11-06 00:00:00+00:00,82.8131118587048,76,60d
2021-11-06 00:00:00+00:00,72.45717409038996,301,7d
2021-11-06 00:00:00+00:00,85.2524117647059,12,90d
2021-11-07 00:00:00+00:00,77.67935587417077,212,14d
2021-11-07 00:00:00+00:00,83.06772727272728,43,60d
2021-11-07 00:00:00+00:00,72.68613458133063,359,7d
2021-11-07 00:00:00+00:00,85.66442307692307,12,90d
2021-11-08 00:00:00+00:00,78.55484285903727,571,14d
2021-11-08 00:00:00+00:00,84.41478726167593,345,60d
2021-11-08 00:00:00+00:00,75.38224079338278,1280,7d
2021-11-08 00:00:00+00:00,85.92148648648649,66,90d
2021-11-09 00:00:00+00:00,77.75931354359926,296,14d
2021-11-09 00:00:00+00:00,83.44453255963894,160,60d
2021-11-09 00:00:00+00:00,74.78511096605745,660,7d
2021-11-09 00:00:00+00:00,86.25448888888889,46,90d
2021-11-10 00:00:00+00:00,79.9099690444758,464,14d
2021-11-10 00:00:00+00:00,82.56265531062125,171,60d
2021-11-10 00:00:00+00:00,77.75125082770494,641,7d
2021-11-10 00:00:00+00:00,85.75970943396227,60,90d
2021-11-11 00:00:00+00:00,77.57862226496755,171,14d
2021-11-11 00:00:00+00:00,78.53343629343628,36,30d
2021-11-11 00:00:00+00:00,82.04221957040573,61,60d
2021-11-11 00:00:00+00:00,75.9110498097544,256,7d
2021-11-11 00:00:00+00:00,83.75769230769231,14,90d
2021-11-12 00:00:00+00:00,81.5887079939521,663,14d
2021-11-12 00:00:00+00:00,81.0649234303216,106,30d
2021-11-12 00:00:00+00:00,83.86080142475512,168,60d
2021-11-12 00:00:00+00:00,75.56271626357612,1022,7d
2021-11-12 00:00:00+00:00,85.75681660899654,21,90d
2021-11-13 00:00:00+00:00,80.02245448838669,106,14d
2021-11-13 00:00:00+00:00,82.515,2,30d
2021-11-13 00:00:00+00:00,82.19778151260505,30,60d
2021-11-13 00:00:00+00:00,77.6329937148528,198,7d
2021-11-13 00:00:00+00:00,84.145859375,3,90d
2021-11-14 00:00:00+00:00,79.46681560405568,126,14d
2021-11-14 00:00:00+00:00,83.02960707269156,39,60d
2021-11-14 00:00:00+00:00,74.82016942626107,233,7d
2021-11-15 00:00:00+00:00,78.66316691729324,184,14d
2021-11-15 00:00:00+00:00,81.6596443148688,93,60d
2021-11-15 00:00:00+00:00,75.07544836253419,673,7d
2021-11-16 00:00:00+00:00,81.32351977248105,378,14d
2021-11-16 00:00:00+00:00,82.5484588338705,226,60d
2021-11-16 00:00:00+00:00,82.10260896108723,1319,7d
2021-11-17 00:00:00+00:00,80.5992584514722,134,14d
2021-11-17 00:00:00+00:00,85.06468421052632,8,60d
2021-11-17 00:00:00+00:00,80.37372358885374,393,7d
2021-11-18 00:00:00+00:00,80.54070028680688,285,14d
2021-11-18 00:00:00+00:00,82.06604382929642,61,30d
2021-11-18 00:00:00+00:00,86.12495297805643,35,60d
2021-11-18 00:00:00+00:00,78.77007166500627,1046,7d
2021-11-19 00:00:00+00:00,76.42803282959875,263,14d
2021-11-19 00:00:00+00:00,79.77253263707573,65,30d
2021-11-19 00:00:00+00:00,85.57361823361823,50,60d
2021-11-19 00:00:00+00:00,77.46569510232237,947,7d
2021-11-20 00:00:00+00:00,74.20079253567509,189,14d
2021-11-20 00:00:00+00:00,75.58658536585365,17,30d
2021-11-20 00:00:00+00:00,84.43431372549021,23,60d
2021-11-20 00:00:00+00:00,72.39510103347216,380,7d
2021-11-21 00:00:00+00:00,73.85515650741351,163,14d
2021-11-21 00:00:00+00:00,80.2825,51,30d
2021-11-21 00:00:00+00:00,84.00147540983608,13,60d
2021-11-21 00:00:00+00:00,72.15099445599445,305,7d
2021-11-22 00:00:00+00:00,76.76267043784895,266,14d
2021-11-22 00:00:00+00:00,81.72646964213912,174,30d
2021-11-22 00:00:00+00:00,85.81665796344649,37,60d
2021-11-22 00:00:00+00:00,75.83693844842286,1092,7d
2021-11-23 00:00:00+00:00,79.97844267955801,184,14d
2021-11-23 00:00:00+00:00,81.42700607192901,147,30d
2021-11-23 00:00:00+00:00,86.40608910891089,24,60d
2021-11-23 00:00:00+00:00,78.09829013134954,406,7d
2021-11-24 00:00:00+00:00,81.12120859444941,107,14d
2021-11-24 00:00:00+00:00,84.98430896805895,155,30d
2021-11-24 00:00:00+00:00,88.5017598097503,59,60d
2021-11-24 00:00:00+00:00,82.09107932379715,312,7d
2021-11-25 00:00:00+00:00,76.06666104959076,128,14d
2021-11-25 00:00:00+00:00,82.32018158567774,203,30d
2021-11-25 00:00:00+00:00,85.64529051987768,27,60d
2021-11-25 00:00:00+00:00,76.36787231848184,439,7d
2021-11-25 00:00:00+00:00,87.64500000000001,5,90d
2021-11-26 00:00:00+00:00,80.22722514432328,518,14d
2021-11-26 00:00:00+00:00,81.0782963914766,514,30d
2021-11-26 00:00:00+00:00,86.6651906779661,51,60d
2021-11-26 00:00:00+00:00,79.42406267223055,1097,7d
2021-11-26 00:00:00+00:00,88.29237942122187,31,90d
2021-11-27 00:00:00+00:00,77.90464516129032,146,14d
2021-11-27 00:00:00+00:00,80.03220670391062,102,30d
2021-11-27 00:00:00+00:00,83.355,21,60d
2021-11-27 00:00:00+00:00,74.49857434223944,297,7d
2021-11-27 00:00:00+00:00,85.60942528735632,8,90d
2021-11-28 00:00:00+00:00,78.33613671274962,212,14d
2021-11-28 00:00:00+00:00,82.06843814080655,208,30d
2021-11-28 00:00:00+00:00,83.58947368421053,24,60d
2021-11-28 00:00:00+00:00,75.07067979576951,562,7d
2021-11-28 00:00:00+00:00,85.75312977099237,19,90d
2021-11-29 00:00:00+00:00,79.44076954480506,140,14d
2021-11-29 00:00:00+00:00,79.03608292557301,239,30d
2021-11-29 00:00:00+00:00,81.93685534591194,14,60d
2021-11-29 00:00:00+00:00,74.26882105115331,1085,7d
2021-11-29 00:00:00+00:00,83.95569105691057,22,90d
2021-11-30 00:00:00+00:00,76.75675608544462,215,14d
2021-11-30 00:00:00+00:00,80.15706884641953,334,30d
2021-11-30 00:00:00+00:00,84.05864465682016,68,60d
2021-11-30 00:00:00+00:00,74.45141723446893,617,7d
2021-11-30 00:00:00+00:00,83.96343079922029,30,90d
2021-12-01 00:00:00+00:00,74.78786815523658,147,14d
2021-12-01 00:00:00+00:00,78.50045881126174,182,30d
2021-12-01 00:00:00+00:00,82.9356112576957,49,60d
2021-12-01 00:00:00+00:00,74.37580814029577,349,7d
2021-12-01 00:00:00+00:00,83.61017064846415,24,90d
2021-12-02 00:00:00+00:00,75.10963583726954,161,14d
2021-12-02 00:00:00+00:00,77.96595907928389,237,30d
2021-12-02 00:00:00+00:00,81.83118198874297,75,60d
2021-12-02 00:00:00+00:00,73.19812802165926,476,7d
2021-12-02 00:00:00+00:00,83.3673888888889,42,90d
2021-12-03 00:00:00+00:00,74.10951873557094,579,14d
2021-12-03 00:00:00+00:00,77.55432385661311,459,30d
2021-12-03 00:00:00+00:00,81.7038594890511,109,60d
2021-12-03 00:00:00+00:00,72.0195824856812,1168,7d
2021-12-03 00:00:00+00:00,82.15625,85,90d
2021-12-04 00:00:00+00:00,82.31499553607662,683,14d
2021-12-04 00:00:00+00:00,84.41395316993017,743,30d
2021-12-04 00:00:00+00:00,86.32548613227674,215,60d
2021-12-04 00:00:00+00:00,86.15251358422218,1043,7d
2021-12-04 00:00:00+00:00,86.39405265632347,128,90d
2021-12-05 00:00:00+00:00,80.12351878612718,328,14d
2021-12-05 00:00:00+00:00,83.09509190737647,194,30d
2021-12-05 00:00:00+00:00,86.51789156626506,83,60d
2021-12-05 00:00:00+00:00,79.21446936542671,267,7d
2021-12-05 00:00:00+00:00,86.66919449901769,44,90d
2021-12-06 00:00:00+00:00,79.18725484840208,250,14d
2021-12-06 00:00:00+00:00,82.61614221966316,290,30d
2021-12-06 00:00:00+00:00,85.68669811320754,185,60d
2021-12-06 00:00:00+00:00,78.07629794190386,1086,7d
2021-12-06 00:00:00+00:00,87.73822281167108,69,90d
2021-12-07 00:00:00+00:00,78.9166287625418,192,14d
2021-12-07 00:00:00+00:00,80.65283271528637,178,30d
2021-12-07 00:00:00+00:00,84.65787190082645,69,60d
2021-12-07 00:00:00+00:00,75.24882189309075,584,7d
2021-12-07 00:00:00+00:00,86.62726775956284,35,90d
2021-12-08 00:00:00+00:00,77.97420934411501,167,14d
2021-12-08 00:00:00+00:00,80.16909115646258,229,30d
2021-12-08 00:00:00+00:00,85.0250780141844,81,60d
2021-12-08 00:00:00+00:00,77.2783578849434,344,7d
2021-12-08 00:00:00+00:00,87.3478021978022,7,90d
2021-12-09 00:00:00+00:00,80.1182319173364,149,14d
2021-12-09 00:00:00+00:00,83.07605765969474,243,30d
2021-12-09 00:00:00+00:00,87.41914695945945,118,60d
2021-12-09 00:00:00+00:00,79.72122983870968,470,7d
2021-12-09 00:00:00+00:00,90.2818,11,90d
2021-12-10 00:00:00+00:00,81.72676634626794,532,14d
2021-12-10 00:00:00+00:00,83.50827634442027,262,30d
2021-12-10 00:00:00+00:00,87.56158826784727,177,60d
2021-12-10 00:00:00+00:00,78.06984122483698,860,7d
2021-12-10 00:00:00+00:00,89.2828017450315,78,90d
2021-12-11 00:00:00+00:00,81.99484880879659,201,14d
2021-12-11 00:00:00+00:00,82.79936768149882,39,30d
2021-12-11 00:00:00+00:00,86.6046279491833,92,60d
2021-12-11 00:00:00+00:00,75.01993236388232,304,7d
2021-12-11 00:00:00+00:00,88.54626721763086,43,90d
2021-12-12 00:00:00+00:00,80.91583946980855,221,14d
2021-12-12 00:00:00+00:00,87.61287172011663,79,60d
2021-12-12 00:00:00+00:00,76.85391517857143,318,7d
2021-12-12 00:00:00+00:00,89.76262798634812,16,90d
2021-12-13 00:00:00+00:00,83.179880227365,321,14d
2021-12-13 00:00:00+00:00,86.995423966363,165,60d
2021-12-13 00:00:00+00:00,77.30716931424976,1257,7d
2021-12-13 00:00:00+00:00,88.37695984703633,37,90d
2021-12-14 00:00:00+00:00,81.0187379434363,253,14d
2021-12-14 00:00:00+00:00,86.95491428571428,42,60d
2021-12-14 00:00:00+00:00,76.80205793495647,377,7d
2021-12-14 00:00:00+00:00,87.86996258503402,22,90d
2021-12-15 00:00:00+00:00,74.85379446322229,522,14d
2021-12-15 00:00:00+00:00,85.38763537906138,36,60d
2021-12-15 00:00:00+00:00,76.47806210191082,667,7d
2021-12-15 00:00:00+00:00,87.13854455445545,25,90d
2021-12-16 00:00:00+00:00,75.65304689693906,292,14d
2021-12-16 00:00:00+00:00,78.11188265537578,85,30d
2021-12-16 00:00:00+00:00,84.774,11,60d
2021-12-16 00:00:00+00:00,73.01144304932735,647,7d
2021-12-16 00:00:00+00:00,85.69076923076922,24,90d
2021-12-17 00:00:00+00:00,75.60669748390872,614,14d
2021-12-17 00:00:00+00:00,76.95155511811024,143,30d
2021-12-17 00:00:00+00:00,82.97978395061729,29,60d
2021-12-17 00:00:00+00:00,72.10993529040404,684,7d
2021-12-17 00:00:00+00:00,84.32275482093665,18,90d
2021-12-18 00:00:00+00:00,77.26823327882894,271,14d
2021-12-18 00:00:00+00:00,76.89764705882354,17,30d
2021-12-18 00:00:00+00:00,84.13753303964758,13,60d
2021-12-18 00:00:00+00:00,72.86681766704419,267,7d
2021-12-18 00:00:00+00:00,86.28121134020618,20,90d
2021-12-19 00:00:00+00:00,75.337508424455,490,14d
2021-12-19 00:00:00+00:00,82.39091503267974,71,30d
2021-12-19 00:00:00+00:00,85.07203389830508,24,60d
2021-12-19 00:00:00+00:00,70.68304521046251,411,7d
2021-12-19 00:00:00+00:00,85.37702702702704,7,90d
2021-12-20 00:00:00+00:00,79.5021468298109,287,14d
2021-12-20 00:00:00+00:00,83.75775163398693,151,30d
2021-12-20 00:00:00+00:00,84.91348571428571,19,60d
2021-12-20 00:00:00+00:00,74.28957643152245,927,7d
2021-12-20 00:00:00+00:00,86.11,1,90d
2021-12-21 00:00:00+00:00,80.83297144472716,170,14d
2021-12-21 00:00:00+00:00,83.05463152232383,134,30d
2021-12-21 00:00:00+00:00,84.04143859649123,15,60d
2021-12-21 00:00:00+00:00,75.14859129522122,1014,7d
2021-12-21 00:00:00+00:00,85.4088524590164,6,90d
2021-12-22 00:00:00+00:00,74.74174438687392,169,14d
2021-12-22 00:00:00+00:00,80.166248049922,106,30d
2021-12-22 00:00:00+00:00,82.01396226415093,8,60d
2021-12-22 00:00:00+00:00,72.56803170054626,522,7d
2021-12-22 00:00:00+00:00,83.91838888888888,16,90d
2021-12-23 00:00:00+00:00,74.16657994827324,159,14d
2021-12-23 00:00:00+00:00,76.74763579927574,201,30d
2021-12-23 00:00:00+00:00,80.33016,21,60d
2021-12-23 00:00:00+00:00,71.42285631035631,631,7d
2021-12-23 00:00:00+00:00,82.58946893787575,41,90d
2021-12-24 00:00:00+00:00,71.77861819838583,370,14d
2021-12-24 00:00:00+00:00,73.13513668050442,362,30d
2021-12-24 00:00:00+00:00,76.22811009174312,26,60d
2021-12-24 00:00:00+00:00,69.45948573343011,870,7d
2021-12-24 00:00:00+00:00,76.93932979158153,106,90d
2021-12-25 00:00:00+00:00,74.28540008841732,143,14d
2021-12-25 00:00:00+00:00,74.54995029821075,56,30d
2021-12-25 00:00:00+00:00,76.2246357615894,11,60d
2021-12-25 00:00:00+00:00,68.57623801652893,330,7d
2021-12-25 00:00:00+00:00,76.70266666666667,18,90d
2021-12-26 00:00:00+00:00,73.4094035335689,171,14d
2021-12-26 00:00:00+00:00,74.05131600660066,95,30d
2021-12-26 00:00:00+00:00,75.66384615384617,4,60d
2021-12-26 00:00:00+00:00,67.62257606490873,415,7d
2021-12-26 00:00:00+00:00,75.63322881355931,42,90d
2021-12-27 00:00:00+00:00,72.81001477104874,81,14d
2021-12-27 00:00:00+00:00,74.83838709677418,72,30d
2021-12-27 00:00:00+00:00,76.35398230088497,20,60d
2021-12-27 00:00:00+00:00,74.06536044769543,1127,7d
2021-12-27 00:00:00+00:00,74.72386378961563,77,90d
2021-12-28 00:00:00+00:00,73.26400887573965,174,14d
2021-12-28 00:00:00+00:00,73.11576822916666,198,30d
2021-12-28 00:00:00+00:00,74.7884693877551,46,60d
2021-12-28 00:00:00+00:00,72.06222355975925,1095,7d
2021-12-28 00:00:00+00:00,76.20210875331566,75,90d
2021-12-29 00:00:00+00:00,73.81864695849914,97,14d
2021-12-29 00:00:00+00:00,74.12101842012044,209,30d
2021-12-29 00:00:00+00:00,74.01565331336577,127,60d
2021-12-29 00:00:00+00:00,74.03184835178821,825,7d
2021-12-29 00:00:00+00:00,75.01307280513919,33,90d
2021-12-30 00:00:00+00:00,73.6981464354528,119,14d
2021-12-30 00:00:00+00:00,73.79470378301214,283,30d
2021-12-30 00:00:00+00:00,74.93889931432695,121,60d
2021-12-30 00:00:00+00:00,73.89992019302154,464,7d
2021-12-30 00:00:00+00:00,75.91762742282842,62,90d
2021-12-31 00:00:00+00:00,71.87602102933039,482,14d
2021-12-31 00:00:00+00:00,73.35158995815898,628,30d
2021-12-31 00:00:00+00:00,74.42183048852266,127,60d
2021-12-31 00:00:00+00:00,72.87878981618907,873,7d
2021-12-31 00:00:00+00:00,76.08505792682928,100,90d
2022-01-01 00:00:00+00:00,68.94059405940595,127,14d
2022-01-01 00:00:00+00:00,67.9754381443299,139,30d
2022-01-01 00:00:00+00:00,70.95420068027211,43,60d
2022-01-01 00:00:00+00:00,68.04339152119701,314,7d
2022-01-01 00:00:00+00:00,72.06692009855685,34,90d
2022-01-02 00:00:00+00:00,64.96391272032278,189,14d
2022-01-02 00:00:00+00:00,66.295604970569,84,30d
2022-01-02 00:00:00+00:00,69.42846153846155,25,60d
2022-01-02 00:00:00+00:00,64.8880637140637,317,7d
2022-01-02 00:00:00+00:00,70.76530367835757,57,90d
2022-01-03 00:00:00+00:00,66.20300307692307,78,14d
2022-01-03 00:00:00+00:00,67.27465333648841,215,30d
2022-01-03 00:00:00+00:00,68.84323202372127,49,60d
2022-01-03 00:00:00+00:00,65.69395459976104,641,7d
2022-01-03 00:00:00+00:00,70.25572383073495,45,90d
2022-01-04 00:00:00+00:00,66.74700761337306,145,14d
2022-01-04 00:00:00+00:00,67.70863063888252,191,30d
2022-01-04 00:00:00+00:00,70.27357936507936,44,60d
2022-01-04 00:00:00+00:00,64.8060423560556,340,7d
2022-01-04 00:00:00+00:00,72.50604717655469,59,90d
2022-01-05 00:00:00+00:00,68.77248106060605,151,14d
2022-01-05 00:00:00+00:00,69.78188021376432,471,30d
2022-01-05 00:00:00+00:00,71.22018587360596,55,60d
2022-01-05 00:00:00+00:00,68.68068525862438,582,7d
2022-01-05 00:00:00+00:00,72.0529806763285,34,90d
2022-01-06 00:00:00+00:00,67.3208687546607,99,14d
2022-01-06 00:00:00+00:00,69.66312186265087,339,30d
2022-01-06 00:00:00+00:00,72.42317878468565,127,60d
2022-01-06 00:00:00+00:00,67.97706814434878,419,7d
2022-01-06 00:00:00+00:00,73.83531150522965,101,90d
2022-01-07 00:00:00+00:00,66.76269178639198,675,14d
2022-01-07 00:00:00+00:00,67.42531499796775,399,30d
2022-01-07 00:00:00+00:00,69.98203340169938,141,60d
2022-01-07 00:00:00+00:00,66.91412772803582,1104,7d
2022-01-07 00:00:00+00:00,72.50581215469613,94,90d
2022-01-08 00:00:00+00:00,65.47668735891646,325,14d
2022-01-08 00:00:00+00:00,67.17609238451936,38,30d
2022-01-08 00:00:00+00:00,68.72609022556391,31,60d
2022-01-08 00:00:00+00:00,61.82660009914313,422,7d
2022-01-08 00:00:00+00:00,71.0438888888889,21,90d
2022-01-09 00:00:00+00:00,64.55298457548457,293,14d
2022-01-09 00:00:00+00:00,70.12789001122336,51,60d
2022-01-09 00:00:00+00:00,62.07,272,7d
2022-01-09 00:00:00+00:00,71.0614705882353,2,90d
2022-01-10 00:00:00+00:00,67.00729439696106,380,14d
2022-01-10 00:00:00+00:00,70.46288581912368,133,60d
2022-01-10 00:00:00+00:00,66.29378740707796,980,7d
2022-01-11 00:00:00+00:00,70.94701746504182,323,14d
2022-01-11 00:00:00+00:00,73.9268106671915,77,60d
2022-01-11 00:00:00+00:00,69.98910982375979,555,7d
2022-01-12 00:00:00+00:00,65.14470955686065,357,14d
2022-01-12 00:00:00+00:00,73.26827160493828,49,60d
2022-01-12 00:00:00+00:00,66.00842432726706,390,7d
2022-01-13 00:00:00+00:00,58.44175356037152,377,14d
2022-01-13 00:00:00+00:00,61.05105322763307,91,30d
2022-01-13 00:00:00+00:00,68.89507636122178,74,60d
2022-01-13 00:00:00+00:00,60.12607080673244,334,7d
2022-01-14 00:00:00+00:00,56.311487200603935,574,14d
2022-01-14 00:00:00+00:00,57.677492008851736,106,30d
2022-01-14 00:00:00+00:00,67.29755102040816,55,60d
2022-01-14 00:00:00+00:00,54.29216937435188,628,7d
2022-01-15 00:00:00+00:00,53.86293106567758,186,14d
2022-01-15 00:00:00+00:00,57.093434343434346,6,30d
2022-01-15 00:00:00+00:00,65.74689655172413,26,60d
2022-01-15 00:00:00+00:00,51.76842587960647,261,7d
2022-01-16 00:00:00+00:00,54.815953409441526,220,14d
2022-01-16 00:00:00+00:00,61.976400665004164,69,30d
2022-01-16 00:00:00+00:00,65.14444714459296,44,60d
2022-01-16 00:00:00+00:00,52.51385813148789,340,7d
2022-01-17 00:00:00+00:00,57.47584178187404,211,14d
2022-01-17 00:00:00+00:00,59.7787251908397,172,30d
2022-01-17 00:00:00+00:00,65.01650955414013,67,60d
2022-01-17 00:00:00+00:00,56.64736925515056,793,7d
2022-01-18 00:00:00+00:00,58.73630367143746,167,14d
2022-01-18 00:00:00+00:00,62.36033520809899,68,30d
2022-01-18 00:00:00+00:00,66.87296829541215,80,60d
2022-01-18 00:00:00+00:00,56.34173565722585,518,7d
2022-01-19 00:00:00+00:00,58.88601830152884,168,14d
2022-01-19 00:00:00+00:00,61.1081072298944,130,30d
2022-01-19 00:00:00+00:00,67.99556002682763,83,60d
2022-01-19 00:00:00+00:00,56.98852378245215,440,7d
2022-01-20 00:00:00+00:00,56.17060094530723,207,14d
2022-01-20 00:00:00+00:00,58.09579366812227,381,30d
2022-01-20 00:00:00+00:00,64.73870517928286,134,60d
2022-01-20 00:00:00+00:00,55.50360092612082,899,7d
2022-01-21 00:00:00+00:00,65.2012446701008,954,14d
2022-01-21 00:00:00+00:00,65.65963256011423,923,30d
2022-01-21 00:00:00+00:00,68.10867406304965,227,60d
2022-01-21 00:00:00+00:00,68.59665871556594,1765,7d
2022-01-22 00:00:00+00:00,73.6476439295425,764,14d
2022-01-22 00:00:00+00:00,73.21274139844617,650,30d
2022-01-22 00:00:00+00:00,70.89943380516236,310,60d
2022-01-22 00:00:00+00:00,79.12740161024153,1071,7d
2022-01-23 00:00:00+00:00,69.30762373225151,448,14d
2022-01-23 00:00:00+00:00,69.39986831913245,173,30d
2022-01-23 00:00:00+00:00,70.78416974169741,63,60d
2022-01-23 00:00:00+00:00,71.50379563308687,756,7d
2022-01-24 00:00:00+00:00,74.06083520539153,555,14d
2022-01-24 00:00:00+00:00,72.9071217894789,701,30d
2022-01-24 00:00:00+00:00,73.33256183745584,237,60d
2022-01-24 00:00:00+00:00,82.93177115268904,2480,7d
2022-01-25 00:00:00+00:00,72.49088050314465,197,14d
2022-01-25 00:00:00+00:00,73.24828872419917,521,30d
2022-01-25 00:00:00+00:00,74.0443404522613,125,60d
2022-01-25 00:00:00+00:00,74.90311696811042,503,7d
2022-01-26 00:00:00+00:00,72.78552584379587,307,14d
2022-01-26 00:00:00+00:00,73.01665824561404,380,30d
2022-01-26 00:00:00+00:00,74.4000355450237,96,60d
2022-01-26 00:00:00+00:00,73.46052768255946,625,7d
2022-01-27 00:00:00+00:00,70.9480905511811,198,14d
2022-01-27 00:00:00+00:00,69.52382949180783,332,30d
2022-01-27 00:00:00+00:00,73.27210443037976,73,60d
2022-01-27 00:00:00+00:00,70.78607647890644,550,7d
2022-01-27 00:00:00+00:00,74.529,2,90d
2022-01-28 00:00:00+00:00,67.91494256999283,545,14d
2022-01-28 00:00:00+00:00,68.1802380952381,440,30d
2022-01-28 00:00:00+00:00,70.60900245700246,85,60d
2022-01-28 00:00:00+00:00,65.53215276376115,696,7d
2022-01-28 00:00:00+00:00,70.92309523809524,16,90d
2022-01-29 00:00:00+00:00,63.17381402793946,288,14d
2022-01-29 00:00:00+00:00,64.5107237936772,146,30d
2022-01-29 00:00:00+00:00,66.89334140435837,64,60d
2022-01-29 00:00:00+00:00,63.14934256472005,424,7d
2022-01-29 00:00:00+00:00,67.41242362525459,21,90d
2022-01-30 00:00:00+00:00,62.36339496855346,126,14d
2022-01-30 00:00:00+00:00,64.52902777777777,100,30d
2022-01-30 00:00:00+00:00,65.539243697479,33,60d
2022-01-30 00:00:00+00:00,62.1315976956313,289,7d
2022-01-30 00:00:00+00:00,65.59786516853933,14,90d
2022-01-31 00:00:00+00:00,63.29946814404432,125,14d
2022-01-31 00:00:00+00:00,61.88587061432111,319,30d
2022-01-31 00:00:00+00:00,64.9837796229026,66,60d
2022-01-31 00:00:00+00:00,62.12500716811623,960,7d
2022-01-31 00:00:00+00:00,66.70073979591835,31,90d
2022-02-01 00:00:00+00:00,61.1853539462978,62,14d
2022-02-01 00:00:00+00:00,61.18451591062965,276,30d
2022-02-01 00:00:00+00:00,63.98516441005802,79,60d
2022-02-01 00:00:00+00:00,62.55945352214961,386,7d
2022-02-01 00:00:00+00:00,67.03969546302051,15,90d
2022-02-02 00:00:00+00:00,63.04109589041096,96,14d
2022-02-02 00:00:00+00:00,63.98770885286783,259,30d
2022-02-02 00:00:00+00:00,67.21070265013371,160,60d
2022-02-02 00:00:00+00:00,61.92489619377162,465,7d
2022-02-02 00:00:00+00:00,66.65941529235381,21,90d
2022-02-03 00:00:00+00:00,62.14290344827586,67,14d
2022-02-03 00:00:00+00:00,63.70760668973471,133,30d
2022-02-03 00:00:00+00:00,69.58639468690701,121,60d
2022-02-03 00:00:00+00:00,62.53981649131393,356,7d
2022-02-03 00:00:00+00:00,69.4877319587629,8,90d
2022-02-04 00:00:00+00:00,59.93992393350063,1247,14d
2022-02-04 00:00:00+00:00,60.17678545716342,719,30d
2022-02-04 00:00:00+00:00,64.85474385549304,256,60d
2022-02-04 00:00:00+00:00,59.61773696171216,1229,7d
2022-02-04 00:00:00+00:00,66.6890774907749,75,90d
2022-02-05 00:00:00+00:00,56.298619222667384,936,14d
2022-02-05 00:00:00+00:00,56.81157023823495,548,30d
2022-02-05 00:00:00+00:00,59.74041710114703,209,60d
2022-02-05 00:00:00+00:00,57.37949923896499,301,7d
2022-02-05 00:00:00+00:00,61.85119205298013,66,90d
2022-02-06 00:00:00+00:00,57.77647283406755,232,14d
2022-02-06 00:00:00+00:00,60.8798632218845,62,60d
2022-02-06 00:00:00+00:00,61.29112229210343,356,7d
2022-02-06 00:00:00+00:00,62.721428571428575,30,90d
2022-02-07 00:00:00+00:00,62.184949752838286,647,14d
2022-02-07 00:00:00+00:00,62.91164324569356,245,60d
2022-02-07 00:00:00+00:00,65.4725874931037,1436,7d
2022-02-07 00:00:00+00:00,65.06701327433628,53,90d
2022-02-08 00:00:00+00:00,60.418934692991975,484,14d
2022-02-08 00:00:00+00:00,62.83300518134715,56,60d
2022-02-08 00:00:00+00:00,61.233416725457204,761,7d
2022-02-08 00:00:00+00:00,64.59765957446808,51,90d
2022-02-09 00:00:00+00:00,59.78959597077707,411,14d
2022-02-09 00:00:00+00:00,59.08530581500452,315,7d
2022-02-09 00:00:00+00:00,65.97969080553295,22,90d
2022-02-10 00:00:00+00:00,58.96669344819018,624,14d
2022-02-10 00:00:00+00:00,60.36193957703927,91,30d
2022-02-10 00:00:00+00:00,60.21929105947223,703,7d
2022-02-10 00:00:00+00:00,65.83263736263737,59,90d
2022-02-11 00:00:00+00:00,62.46339615789665,771,14d
2022-02-11 00:00:00+00:00,62.2713181448332,119,30d
2022-02-11 00:00:00+00:00,60.18082287044053,1139,7d
2022-02-11 00:00:00+00:00,66.32314990512334,34,90d
2022-02-12 00:00:00+00:00,60.897344617092116,374,14d
2022-02-12 00:00:00+00:00,63.09259927797833,11,30d
2022-02-12 00:00:00+00:00,60.0511327108526,284,7d
2022-02-12 00:00:00+00:00,67.4118315018315,45,90d
2022-02-13 00:00:00+00:00,59.70858539390454,121,14d
2022-02-13 00:00:00+00:00,62.38950364963503,37,30d
2022-02-13 00:00:00+00:00,65.17029411764706,23,60d
2022-02-13 00:00:00+00:00,62.93932330827069,232,7d
2022-02-13 00:00:00+00:00,65.6,3,90d
2022-02-14 00:00:00+00:00,60.66085509472606,192,14d
2022-02-14 00:00:00+00:00,63.15286417176084,181,30d
2022-02-14 00:00:00+00:00,64.17126245847176,74,60d
2022-02-14 00:00:00+00:00,60.26451702279501,803,7d
2022-02-15 00:00:00+00:00,58.89292874896437,127,14d
2022-02-15 00:00:00+00:00,62.82572549019607,91,30d
2022-02-15 00:00:00+00:00,63.87749745676501,38,60d
2022-02-15 00:00:00+00:00,58.74103790360318,488,7d
2022-02-16 00:00:00+00:00,58.6328102926337,95,14d
2022-02-16 00:00:00+00:00,62.228752086811355,70,30d
2022-02-16 00:00:00+00:00,62.91932203389831,11,60d
2022-02-16 00:00:00+00:00,56.581100240302085,326,7d
2022-02-17 00:00:00+00:00,57.96032234697573,230,14d
2022-02-17 00:00:00+00:00,59.996871825515385,488,30d
2022-02-17 00:00:00+00:00,61.702697478991595,56,60d
2022-02-17 00:00:00+00:00,60.52699530239017,903,7d
2022-02-18 00:00:00+00:00,58.65095431472081,611,14d
2022-02-18 00:00:00+00:00,60.178810346529765,387,30d
2022-02-18 00:00:00+00:00,62.04646878198567,88,60d
2022-02-18 00:00:00+00:00,58.81277685896812,1202,7d
2022-02-19 00:00:00+00:00,57.01815716911765,242,14d
2022-02-19 00:00:00+00:00,59.46465136054422,134,30d
2022-02-19 00:00:00+00:00,62.38487562189055,10,60d
2022-02-19 00:00:00+00:00,57.07325468424705,351,7d
2022-02-20 00:00:00+00:00,61.78001115324559,319,14d
2022-02-20 00:00:00+00:00,60.90377762430939,235,30d
2022-02-20 00:00:00+00:00,63.83292817679558,49,60d
2022-02-20 00:00:00+00:00,64.05290766656525,822,7d
2022-02-21 00:00:00+00:00,62.425472809144445,355,14d
2022-02-21 00:00:00+00:00,64.66664111605091,433,30d
2022-02-21 00:00:00+00:00,65.28599615014437,83,60d
2022-02-21 00:00:00+00:00,70.15874227044685,1635,7d
2022-02-22 00:00:00+00:00,69.91696494156929,250,14d
2022-02-22 00:00:00+00:00,67.77316300405377,426,30d
2022-02-22 00:00:00+00:00,66.49859709153122,69,60d
2022-02-22 00:00:00+00:00,71.55386007454308,955,7d
2022-02-23 00:00:00+00:00,62.44989949140228,243,14d
2022-02-23 00:00:00+00:00,62.842138435565566,313,30d
2022-02-23 00:00:00+00:00,65.64514613778707,45,60d
2022-02-23 00:00:00+00:00,62.412291989972545,472,7d
2022-02-24 00:00:00+00:00,77.78884219034148,446,14d
2022-02-24 00:00:00+00:00,74.20487262598127,1015,30d
2022-02-24 00:00:00+00:00,70.84703248463565,238,60d
2022-02-24 00:00:00+00:00,79.31946129753915,1350,7d
2022-02-24 00:00:00+00:00,70.63348958333334,47,90d
2022-02-25 00:00:00+00:00,66.22644991818105,514,14d
2022-02-25 00:00:00+00:00,66.17142749081478,533,30d
2022-02-25 00:00:00+00:00,65.48426080363912,267,60d
2022-02-25 00:00:00+00:00,66.52372112597027,892,7d
2022-02-25 00:00:00+00:00,66.64520408163266,49,90d
2022-02-26 00:00:00+00:00,62.7982301980198,115,14d
2022-02-26 00:00:00+00:00,63.148304928604325,131,30d
2022-02-26 00:00:00+00:00,63.76495495495495,130,60d
2022-02-26 00:00:00+00:00,62.52551181102362,411,7d
2022-02-26 00:00:00+00:00,64.36107317073171,17,90d
2022-02-27 00:00:00+00:00,69.8389295774648,229,14d
2022-02-27 00:00:00+00:00,70.16462919287211,254,30d
2022-02-27 00:00:00+00:00,67.81231481481481,73,60d
2022-02-27 00:00:00+00:00,73.53608128925228,355,7d
2022-02-27 00:00:00+00:00,65.67058959537572,52,90d
2022-02-28 00:00:00+00:00,73.6875594190141,220,14d
2022-02-28 00:00:00+00:00,71.24076715328466,486,30d
2022-02-28 00:00:00+00:00,68.98774073086156,169,60d
2022-02-28 00:00:00+00:00,75.93485226413799,1599,7d
2022-02-28 00:00:00+00:00,66.84658227848101,158,90d
2022-03-01 00:00:00+00:00,69.81954752418896,142,14d
2022-03-01 00:00:00+00:00,70.14500087214374,405,30d
2022-03-01 00:00:00+00:00,67.35082714382175,160,60d
2022-03-01 00:00:00+00:00,74.5370974049058,782,7d
2022-03-01 00:00:00+00:00,67.4551174289246,63,90d
2022-03-02 00:00:00+00:00,70.37579198823961,117,14d
2022-03-02 00:00:00+00:00,70.99818143281051,226,30d
2022-03-02 00:00:00+00:00,65.92553571428572,41,60d
2022-03-02 00:00:00+00:00,70.01666804950564,384,7d
2022-03-02 00:00:00+00:00,66.40867469879517,26,90d
2022-03-03 00:00:00+00:00,69.65366482322734,224,14d
2022-03-03 00:00:00+00:00,67.90415451194102,313,30d
2022-03-03 00:00:00+00:00,67.65002306805074,37,60d
2022-03-03 00:00:00+00:00,67.46277959823337,362,7d
2022-03-03 00:00:00+00:00,66.67128571428573,13,90d
2022-03-04 00:00:00+00:00,70.18241319644711,820,14d
2022-03-04 00:00:00+00:00,70.39167709637046,466,30d
2022-03-04 00:00:00+00:00,69.83554858934168,79,60d
2022-03-04 00:00:00+00:00,70.8510659576544,1052,7d
2022-03-04 00:00:00+00:00,69.42877431906615,46,90d
2022-03-05 00:00:00+00:00,73.14437401781038,260,14d
2022-03-05 00:00:00+00:00,73.96846852693058,55,30d
2022-03-05 00:00:00+00:00,69.04541463414634,65,60d
2022-03-05 00:00:00+00:00,74.29507469443186,310,7d
2022-03-05 00:00:00+00:00,68.45492063492064,15,90d
2022-03-06 00:00:00+00:00,73.58427338985572,293,14d
2022-03-06 00:00:00+00:00,71.19414758269718,26,60d
2022-03-06 00:00:00+00:00,72.79519839188953,293,7d
2022-03-06 00:00:00+00:00,69.37737451737452,43,90d
2022-03-07 00:00:00+00:00,74.88781760204081,474,14d
2022-03-07 00:00:00+00:00,71.51249825296996,136,60d
2022-03-07 00:00:00+00:00,74.44666936222977,965,7d
2022-03-07 00:00:00+00:00,71.22336399474376,44,90d
2022-03-08 00:00:00+00:00,75.78820245979186,305,14d
2022-03-08 00:00:00+00:00,73.72083525611446,52,60d
2022-03-08 00:00:00+00:00,77.13339376323957,488,7d
2022-03-08 00:00:00+00:00,71.7514479638009,15,90d
2022-03-09 00:00:00+00:00,74.36166208413528,466,14d
2022-03-09 00:00:00+00:00,74.00065165576348,185,60d
2022-03-09 00:00:00+00:00,75.51555374970978,515,7d
2022-03-09 00:00:00+00:00,72.67082781456953,36,90d
2022-03-10 00:00:00+00:00,76.4345379700172,345,14d
2022-03-10 00:00:00+00:00,75.7521815889029,53,30d
2022-03-10 00:00:00+00:00,74.8482669279338,103,60d
2022-03-10 00:00:00+00:00,77.65077600419664,701,7d
2022-03-10 00:00:00+00:00,74.29476340694008,51,90d
2022-03-11 00:00:00+00:00,72.9124351603424,395,14d
2022-03-11 00:00:00+00:00,72.78955574540795,104,30d
2022-03-11 00:00:00+00:00,72.4393839835729,51,60d
2022-03-11 00:00:00+00:00,72.57309927993136,906,7d
2022-03-11 00:00:00+00:00,72.32353333333334,16,90d
2022-03-12 00:00:00+00:00,73.70653947368422,147,14d
2022-03-12 00:00:00+00:00,74.37820224719101,14,30d
2022-03-12 00:00:00+00:00,72.69621527777778,23,60d
2022-03-12 00:00:00+00:00,72.498875,148,7d
2022-03-12 00:00:00+00:00,73.17148148148148,2,90d
2022-03-13 00:00:00+00:00,76.5252806361085,232,14d
2022-03-13 00:00:00+00:00,73.92925,29,60d
2022-03-13 00:00:00+00:00,78.831284337925,338,7d
2022-03-13 00:00:00+00:00,73.19333333333333,16,90d
2022-03-14 00:00:00+00:00,77.67133284777857,289,14d
2022-03-14 00:00:00+00:00,74.42465233881164,91,60d
2022-03-14 00:00:00+00:00,79.89196272065176,722,7d
2022-03-14 00:00:00+00:00,73.64423780487806,52,90d
2022-03-15 00:00:00+00:00,76.2095376152245,122,14d
2022-03-15 00:00:00+00:00,74.1046458527493,50,60d
2022-03-15 00:00:00+00:00,78.91753943217667,326,7d
2022-03-15 00:00:00+00:00,74.14190311418685,117,90d
2022-03-16 00:00:00+00:00,78.31189258510804,285,14d
2022-03-16 00:00:00+00:00,73.40936541143654,116,60d
2022-03-16 00:00:00+00:00,80.62118522038732,908,7d
2022-03-16 00:00:00+00:00,73.29690000000001,31,90d
2022-03-17 00:00:00+00:00,74.12242669785314,149,14d
2022-03-17 00:00:00+00:00,73.50324376199616,27,30d
2022-03-17 00:00:00+00:00,71.66963133640553,16,60d
2022-03-17 00:00:00+00:00,73.61933879284197,538,7d
2022-03-17 00:00:00+00:00,72.67138461538461,19,90d
2022-03-18 00:00:00+00:00,69.73825496753885,371,14d
2022-03-18 00:00:00+00:00,68.30119615223757,87,30d
2022-03-18 00:00:00+00:00,69.3376404494382,16,60d
2022-03-18 00:00:00+00:00,69.02294436073441,810,7d
2022-03-18 00:00:00+00:00,69.12966565349544,88,90d
2022-03-19 00:00:00+00:00,64.68931594083813,189,14d
2022-03-19 00:00:00+00:00,65.06521786492374,22,30d
2022-03-19 00:00:00+00:00,66.98302564102563,19,60d
2022-03-19 00:00:00+00:00,64.8206533794101,435,7d
2022-03-19 00:00:00+00:00,68.4441911764706,11,90d
2022-03-20 00:00:00+00:00,66.65693427620633,208,14d
2022-03-20 00:00:00+00:00,68.37987834549878,57,30d
2022-03-20 00:00:00+00:00,68.64780548628428,48,60d
2022-03-20 00:00:00+00:00,67.25749854312355,339,7d
2022-03-20 00:00:00+00:00,69.36304347826088,9,90d
2022-03-21 00:00:00+00:00,66.94373545776429,250,14d
2022-03-21 00:00:00+00:00,68.49877744296168,130,30d
2022-03-21 00:00:00+00:00,69.17801075268817,6,60d
2022-03-21 00:00:00+00:00,63.661557601972,625,7d
2022-03-21 00:00:00+00:00,69.03488250652742,40,90d
2022-03-22 00:00:00+00:00,66.40112659098727,154,14d
2022-03-22 00:00:00+00:00,67.86876885245901,185,30d
2022-03-22 00:00:00+00:00,68.19297607655503,43,60d
2022-03-22 00:00:00+00:00,70.17220195525228,1000,7d
2022-03-22 00:00:00+00:00,71.32875255623722,44,90d
2022-03-23 00:00:00+00:00,64.37145454545454,113,14d
2022-03-23 00:00:00+00:00,64.90869158878505,219,30d
2022-03-23 00:00:00+00:00,66.37092127303183,65,60d
2022-03-23 00:00:00+00:00,63.46267124559123,313,7d
2022-03-23 00:00:00+00:00,67.51236842105264,9,90d
2022-03-24 00:00:00+00:00,61.06550082705385,166,14d
2022-03-24 00:00:00+00:00,63.23046143847487,267,30d
2022-03-24 00:00:00+00:00,64.60134570765662,41,60d
2022-03-24 00:00:00+00:00,60.56253565768621,890,7d
2022-03-24 00:00:00+00:00,66.3668899521531,43,90d
2022-03-25 00:00:00+00:00,59.07393199651264,519,14d
2022-03-25 00:00:00+00:00,60.05992626872695,683,30d
2022-03-25 00:00:00+00:00,62.583815551537064,198,60d
2022-03-25 00:00:00+00:00,58.608784067917654,974,7d
2022-03-25 00:00:00+00:00,63.810135135135134,50,90d
2022-03-26 00:00:00+00:00,60.70878106696216,115,14d
2022-03-26 00:00:00+00:00,60.92521194029851,94,30d
2022-03-26 00:00:00+00:00,60.258900343642615,66,60d
2022-03-26 00:00:00+00:00,56.9448508832301,432,7d
2022-03-26 00:00:00+00:00,61.73645283018867,11,90d
2022-03-27 00:00:00+00:00,63.75201866764276,425,14d
2022-03-27 00:00:00+00:00,63.8637179745814,204,30d
2022-03-27 00:00:00+00:00,63.655335856196785,157,60d
2022-03-27 00:00:00+00:00,61.21616336482779,644,7d
2022-03-27 00:00:00+00:00,64.3117216981132,100,90d
2022-03-28 00:00:00+00:00,62.663802686098016,388,14d
2022-03-28 00:00:00+00:00,60.94544365035734,564,30d
2022-03-28 00:00:00+00:00,61.91819677996423,204,60d
2022-03-28 00:00:00+00:00,59.42054627023224,1501,7d
2022-03-28 00:00:00+00:00,61.7401464343242,199,90d
2022-03-29 00:00:00+00:00,57.33932375316991,71,14d
2022-03-29 00:00:00+00:00,59.28920975609756,202,30d
2022-03-29 00:00:00+00:00,59.7225583090379,118,60d
2022-03-29 00:00:00+00:00,55.613165565311846,442,7d
2022-03-29 00:00:00+00:00,60.71565431383904,177,90d
2022-03-30 00:00:00+00:00,57.14073426573426,90,14d
2022-03-30 00:00:00+00:00,58.9289791381669,352,30d
2022-03-30 00:00:00+00:00,60.327227822580646,103,60d
2022-03-30 00:00:00+00:00,55.12700836347197,294,7d
2022-03-30 00:00:00+00:00,60.89851485148515,29,90d
2022-03-31 00:00:00+00:00,57.367965499746326,109,14d
2022-03-31 00:00:00+00:00,58.69201893622946,265,30d
2022-03-31 00:00:00+00:00,59.585696608615955,130,60d
2022-03-31 00:00:00+00:00,59.302632299541635,542,7d
2022-03-31 00:00:00+00:00,61.33931947069943,97,90d
2022-04-01 00:00:00+00:00,56.725719683717024,486,14d
2022-04-01 00:00:00+00:00,57.986012858044894,722,30d
2022-04-01 00:00:00+00:00,59.64843266708872,519,60d
2022-04-01 00:00:00+00:00,58.20827080218366,1152,7d
2022-04-01 00:00:00+00:00,61.33716080169946,518,90d
2022-04-02 00:00:00+00:00,55.05363672976238,135,14d
2022-04-02 00:00:00+00:00,56.606421541057365,204,30d
2022-04-02 00:00:00+00:00,57.510345001259125,267,60d
2022-04-02 00:00:00+00:00,55.30160547001184,425,7d
2022-04-02 00:00:00+00:00,60.338776470588236,82,90d
2022-04-03 00:00:00+00:00,55.363681930693076,90,14d
2022-04-03 00:00:00+00:00,55.782356107660455,69,30d
2022-04-03 00:00:00+00:00,56.92534843205575,27,60d
2022-04-03 00:00:00+00:00,55.66932690375729,282,7d
2022-04-03 00:00:00+00:00,59.11494845360825,13,90d
2022-04-04 00:00:00+00:00,56.60847599164927,62,14d
2022-04-04 00:00:00+00:00,57.66934206052362,186,30d
2022-04-04 00:00:00+00:00,58.63213793103448,58,60d
2022-04-04 00:00:00+00:00,57.33094356717577,676,7d
2022-04-04 00:00:00+00:00,60.26443544428081,82,90d
2022-04-05 00:00:00+00:00,57.39945374449339,59,14d
2022-04-05 00:00:00+00:00,57.70869366799772,179,30d
2022-04-05 00:00:00+00:00,59.55429142441861,109,60d
2022-04-05 00:00:00+00:00,55.18693179204049,431,7d
2022-04-05 00:00:00+00:00,61.72065564424173,129,90d
2022-04-06 00:00:00+00:00,60.643853727144865,98,14d
2022-04-06 00:00:00+00:00,61.596338313253014,323,30d
2022-04-06 00:00:00+00:00,63.64518184304075,167,60d
2022-04-06 00:00:00+00:00,59.039355418977664,563,7d
2022-04-06 00:00:00+00:00,66.60601115760112,162,90d
2022-04-07 00:00:00+00:00,59.00954666666667,82,14d
2022-04-07 00:00:00+00:00,59.22501324780365,362,30d
2022-04-07 00:00:00+00:00,63.46532599491957,79,60d
2022-04-07 00:00:00+00:00,57.13329238487265,425,7d
2022-04-07 00:00:00+00:00,66.4093881118881,64,90d
2022-04-08 00:00:00+00:00,53.926945072697904,732,14d
2022-04-08 00:00:00+00:00,54.46284051007208,436,30d
2022-04-08 00:00:00+00:00,60.661681715575625,110,60d
2022-04-08 00:00:00+00:00,50.81439096651573,927,7d
2022-04-08 00:00:00+00:00,63.62169863013699,43,90d
2022-04-09 00:00:00+00:00,54.3141244813278,200,14d
2022-04-09 00:00:00+00:00,55.26740837696335,74,30d
2022-04-09 00:00:00+00:00,60.36000000000001,65,60d
2022-04-09 00:00:00+00:00,49.59522117105599,432,7d
2022-04-09 00:00:00+00:00,64.37002638522428,40,90d
2022-04-10 00:00:00+00:00,54.43083642183288,481,14d
2022-04-10 00:00:00+00:00,60.75215013901761,82,60d
2022-04-10 00:00:00+00:00,51.557330649798736,505,7d
2022-04-10 00:00:00+00:00,63.131932700603976,62,90d
2022-04-11 00:00:00+00:00,58.69138888888889,727,14d
2022-04-11 00:00:00+00:00,62.36635679164107,475,60d
2022-04-11 00:00:00+00:00,56.831619777628035,1838,7d
2022-04-12 00:00:00+00:00,58.72988430343512,262,14d
2022-04-12 00:00:00+00:00,63.13738643067847,94,60d
2022-04-12 00:00:00+00:00,58.037695734239335,444,7d
2022-04-13 00:00:00+00:00,54.70553745928339,343,14d
2022-04-13 00:00:00+00:00,63.63635951661631,36,60d
2022-04-13 00:00:00+00:00,53.130228697571745,342,7d
2022-04-14 00:00:00+00:00,52.466879166666665,384,14d
2022-04-14 00:00:00+00:00,55.59537793223284,41,30d
2022-04-14 00:00:00+00:00,62.13006736068585,62,60d
2022-04-14 00:00:00+00:00,51.132114205103036,370,7d
2022-04-15 00:00:00+00:00,51.166083252190845,389,14d
2022-04-15 00:00:00+00:00,53.252119460500964,55,30d
2022-04-15 00:00:00+00:00,61.10937974683544,22,60d
2022-04-15 00:00:00+00:00,47.543296638490276,790,7d
2022-04-16 00:00:00+00:00,52.590648987355934,151,14d
2022-04-16 00:00:00+00:00,51.684708029197076,4,30d
2022-04-16 00:00:00+00:00,61.018525,23,60d
2022-04-16 00:00:00+00:00,47.49281428571429,200,7d
2022-04-17 00:00:00+00:00,55.5961715210356,262,14d
2022-04-17 00:00:00+00:00,60.58019756838906,53,30d
2022-04-17 00:00:00+00:00,61.57446064139942,33,60d
2022-04-17 00:00:00+00:00,49.45967032967033,270,7d
2022-04-18 00:00:00+00:00,56.61611913357401,349,14d
2022-04-18 00:00:00+00:00,59.499784345047914,215,30d
2022-04-18 00:00:00+00:00,60.40200000000001,46,60d
2022-04-18 00:00:00+00:00,53.68142667591448,1355,7d
2022-04-19 00:00:00+00:00,53.38280169371913,119,14d
2022-04-19 00:00:00+00:00,56.43505668934241,132,30d
2022-04-19 00:00:00+00:00,58.86809192944949,32,60d
2022-04-19 00:00:00+00:00,53.18703716778455,625,7d
2022-04-20 00:00:00+00:00,53.06256077116513,201,14d
2022-04-20 00:00:00+00:00,55.24978082560172,128,30d
2022-04-20 00:00:00+00:00,58.7786970338983,71,60d
2022-04-20 00:00:00+00:00,52.46954321634364,543,7d
2022-04-21 00:00:00+00:00,53.36788868274583,226,14d
2022-04-21 00:00:00+00:00,56.880013736263734,433,30d
2022-04-21 00:00:00+00:00,59.25445555158871,185,60d
2022-04-21 00:00:00+00:00,51.49185093817747,979,7d
2022-04-22 00:00:00+00:00,53.76684260703762,423,14d
2022-04-22 00:00:00+00:00,55.97495107176142,297,30d
2022-04-22 00:00:00+00:00,58.72849300322927,176,60d
2022-04-22 00:00:00+00:00,51.21795393869214,1045,7d
2022-04-23 00:00:00+00:00,51.53682729007634,189,14d
2022-04-23 00:00:00+00:00,56.6352806122449,70,30d
2022-04-23 00:00:00+00:00,58.46444564047362,117,60d
2022-04-23 00:00:00+00:00,47.592389175529114,485,7d
2022-04-24 00:00:00+00:00,54.976085298196956,154,14d
2022-04-24 00:00:00+00:00,57.034504504504504,122,30d
2022-04-24 00:00:00+00:00,58.39692417739627,149,60d
2022-04-24 00:00:00+00:00,54.029046955829685,376,7d
2022-04-25 00:00:00+00:00,59.873663366336636,323,14d
2022-04-25 00:00:00+00:00,59.87329781050184,293,30d
2022-04-25 00:00:00+00:00,60.073250327654,119,60d
2022-04-25 00:00:00+00:00,61.66022952212389,1993,7d
2022-04-26 00:00:00+00:00,59.647677344205,253,14d
2022-04-26 00:00:00+00:00,60.70635514018692,236,30d
2022-04-26 00:00:00+00:00,60.124299439551635,50,60d
2022-04-26 00:00:00+00:00,60.27772884333821,642,7d
2022-04-27 00:00:00+00:00,59.569011427784666,289,14d
2022-04-27 00:00:00+00:00,60.588607095926406,209,30d
2022-04-27 00:00:00+00:00,60.615197628458496,43,60d
2022-04-27 00:00:00+00:00,61.25018928715264,532,7d
2022-04-28 00:00:00+00:00,57.06819652244238,140,14d
2022-04-28 00:00:00+00:00,58.00034759358289,283,30d
2022-04-28 00:00:00+00:00,59.58491851851852,84,60d
2022-04-28 00:00:00+00:00,58.33121670533642,526,7d
2022-04-28 00:00:00+00:00,62.240639606396066,30,90d
2022-04-29 00:00:00+00:00,52.88584355828222,518,14d
2022-04-29 00:00:00+00:00,53.69636223991062,674,30d
2022-04-29 00:00:00+00:00,57.819089026915115,93,60d
2022-04-29 00:00:00+00:00,53.74177470355731,865,7d
2022-04-29 00:00:00+00:00,59.11084471260718,24,90d
2022-04-30 00:00:00+00:00,53.891548956661325,146,14d
2022-04-30 00:00:00+00:00,54.969009523809525,168,30d
2022-04-30 00:00:00+00:00,57.791700680272115,33,60d
2022-04-30 00:00:00+00:00,52.38146611526147,421,7d
2022-04-30 00:00:00+00:00,59.55246268656717,12,90d
2022-05-01 00:00:00+00:00,55.579449961143254,360,14d
2022-05-01 00:00:00+00:00,56.75245389344263,128,30d
2022-05-01 00:00:00+00:00,57.284505208333336,52,60d
2022-05-01 00:00:00+00:00,57.12437670071381,800,7d
2022-05-01 00:00:00+00:00,59.460950455005054,80,90d
2022-05-02 00:00:00+00:00,56.5856735086594,207,14d
2022-05-02 00:00:00+00:00,56.341258669930646,140,30d
2022-05-02 00:00:00+00:00,58.04334440753046,45,60d
2022-05-02 00:00:00+00:00,57.999335222700395,880,7d
2022-05-02 00:00:00+00:00,58.83475268817204,18,90d
2022-05-03 00:00:00+00:00,56.55518499486125,65,14d
2022-05-03 00:00:00+00:00,57.28784681679177,244,30d
2022-05-03 00:00:00+00:00,58.75438482619357,156,60d
2022-05-03 00:00:00+00:00,57.10621755888651,407,7d
2022-05-03 00:00:00+00:00,58.78452173913043,18,90d
2022-05-04 00:00:00+00:00,56.246836518046706,137,14d
2022-05-04 00:00:00+00:00,57.18599397590361,339,30d
2022-05-04 00:00:00+00:00,58.88145012881855,212,60d
2022-05-04 00:00:00+00:00,58.29260527793375,468,7d
2022-05-04 00:00:00+00:00,57.84506566604128,35,90d
2022-05-05 00:00:00+00:00,57.48447291122716,323,14d
2022-05-05 00:00:00+00:00,58.23726377952755,812,30d
2022-05-05 00:00:00+00:00,61.774491981845685,251,60d
2022-05-05 00:00:00+00:00,58.123728809048565,1303,7d
2022-05-05 00:00:00+00:00,59.46632783882784,53,90d
2022-05-06 00:00:00+00:00,57.69492416408136,1122,14d
2022-05-06 00:00:00+00:00,57.594751839187644,686,30d
2022-05-06 00:00:00+00:00,58.749361665519615,360,60d
2022-05-06 00:00:00+00:00,58.14831291199583,1354,7d
2022-05-06 00:00:00+00:00,59.07030916245081,49,90d
2022-05-07 00:00:00+00:00,56.891092853416794,356,14d
2022-05-07 00:00:00+00:00,54.96822916666667,47,30d
2022-05-07 00:00:00+00:00,58.657291385767785,355,60d
2022-05-07 00:00:00+00:00,55.871524592226095,661,7d
2022-05-07 00:00:00+00:00,59.03113043478261,21,90d
2022-05-08 00:00:00+00:00,61.144631849315076,675,14d
2022-05-08 00:00:00+00:00,61.0692621564482,428,60d
2022-05-08 00:00:00+00:00,65.1780822337201,950,7d
2022-05-08 00:00:00+00:00,60.44079069767442,35,90d
2022-05-09 00:00:00+00:00,72.00361165592602,1503,14d
2022-05-09 00:00:00+00:00,69.22909626456018,1117,60d
2022-05-09 00:00:00+00:00,79.02720891249969,3264,7d
2022-05-09 00:00:00+00:00,66.65247940368772,187,90d
2022-05-10 00:00:00+00:00,75.81776217173207,877,14d
2022-05-10 00:00:00+00:00,74.7716723305312,580,60d
2022-05-10 00:00:00+00:00,85.58515306349136,1227,7d
2022-05-10 00:00:00+00:00,69.82376725838265,480,90d
2022-05-11 00:00:00+00:00,93.00140327777,1622,14d
2022-05-11 00:00:00+00:00,93.39431190402952,1575,7d
2022-05-11 00:00:00+00:00,74.8351694304254,354,90d
2022-05-12 00:00:00+00:00,119.49141944938764,1004,14d
2022-05-12 00:00:00+00:00,98.94594190871369,147,30d
2022-05-12 00:00:00+00:00,131.7996891986954,1297,7d
2022-05-12 00:00:00+00:00,96.38297142857144,132,90d
2022-05-13 00:00:00+00:00,78.64528737286508,728,14d
2022-05-13 00:00:00+00:00,78.48364606060606,173,30d
2022-05-13 00:00:00+00:00,75.97603934351231,918,7d
2022-05-13 00:00:00+00:00,75.58241770573566,161,90d
2022-05-14 00:00:00+00:00,75.35987303117967,493,14d
2022-05-14 00:00:00+00:00,74.84649032767469,112,30d
2022-05-14 00:00:00+00:00,79.96549702633816,651,7d
2022-05-14 00:00:00+00:00,76.50718750000001,34,90d
2022-05-15 00:00:00+00:00,76.58840356083087,210,14d
2022-05-15 00:00:00+00:00,74.62476452905813,73,30d
2022-05-15 00:00:00+00:00,74.45153110047848,20,60d
2022-05-15 00:00:00+00:00,76.1659693425483,430,7d
2022-05-15 00:00:00+00:00,74.919375,7,90d
2022-05-16 00:00:00+00:00,79.44101649222962,170,14d
2022-05-16 00:00:00+00:00,76.93200032420167,174,30d
2022-05-16 00:00:00+00:00,75.73300481659875,106,60d
2022-05-16 00:00:00+00:00,83.17635989562426,697,7d
2022-05-17 00:00:00+00:00,75.37762547051442,259,14d
2022-05-17 00:00:00+00:00,72.73757128514056,328,30d
2022-05-17 00:00:00+00:00,72.7952257266543,81,60d
2022-05-17 00:00:00+00:00,72.42993117491346,752,7d
2022-05-18 00:00:00+00:00,74.44431095406361,379,14d
2022-05-18 00:00:00+00:00,74.72606411837238,388,30d
2022-05-18 00:00:00+00:00,72.96127441860465,44,60d
2022-05-18 00:00:00+00:00,74.86298491570541,863,7d
2022-05-19 00:00:00+00:00,76.84645947230807,445,14d
2022-05-19 00:00:00+00:00,77.17537799631224,903,30d
2022-05-19 00:00:00+00:00,77.71489558707643,277,60d
2022-05-19 00:00:00+00:00,76.32852337514254,978,7d
2022-05-20 00:00:00+00:00,71.93947221340109,657,14d
2022-05-20 00:00:00+00:00,73.02137606112053,630,30d
2022-05-20 00:00:00+00:00,73.82510181618052,201,60d
2022-05-20 00:00:00+00:00,71.14910016420362,1259,7d
2022-05-21 00:00:00+00:00,72.57253651037664,114,14d
2022-05-21 00:00:00+00:00,74.8658562992126,66,30d
2022-05-21 00:00:00+00:00,72.66142857142856,14,60d
2022-05-21 00:00:00+00:00,71.73562361155189,281,7d
2022-05-22 00:00:00+00:00,70.24881421744325,291,14d
2022-05-22 00:00:00+00:00,72.84601407549584,126,30d
2022-05-22 00:00:00+00:00,74.2353046875,51,60d
2022-05-22 00:00:00+00:00,69.0489119804401,372,7d
2022-05-23 00:00:00+00:00,69.21458929621643,189,14d
2022-05-23 00:00:00+00:00,70.21548623632648,179,30d
2022-05-23 00:00:00+00:00,70.90752925877763,40,60d
2022-05-23 00:00:00+00:00,70.3705491814278,903,7d
2022-05-24 00:00:00+00:00,70.73883111010626,186,14d
2022-05-24 00:00:00+00:00,69.92284784784785,162,30d
2022-05-24 00:00:00+00:00,71.10327586206898,29,60d
2022-05-24 00:00:00+00:00,70.38921281951976,710,7d
2022-05-25 00:00:00+00:00,69.12903422053232,234,14d
2022-05-25 00:00:00+00:00,70.74208587419598,326,30d
2022-05-25 00:00:00+00:00,69.73630925507901,119,60d
2022-05-25 00:00:00+00:00,68.53155571128241,520,7d
2022-05-26 00:00:00+00:00,76.22626434011376,777,14d
2022-05-26 00:00:00+00:00,73.21895362120175,915,30d
2022-05-26 00:00:00+00:00,72.29989097657156,230,60d
2022-05-26 00:00:00+00:00,79.64013953111056,1057,7d
2022-05-26 00:00:00+00:00,72.35131868131867,19,90d
2022-05-27 00:00:00+00:00,70.63212213866623,714,14d
2022-05-27 00:00:00+00:00,72.735781571111,830,30d
2022-05-27 00:00:00+00:00,70.10967812329514,174,60d
2022-05-27 00:00:00+00:00,69.0904917852991,2260,7d
2022-05-27 00:00:00+00:00,71.56437974683544,89,90d
2022-05-28 00:00:00+00:00,71.10517616354937,156,14d
2022-05-28 00:00:00+00:00,69.51131961259081,124,30d
2022-05-28 00:00:00+00:00,71.51395061728395,117,60d
2022-05-28 00:00:00+00:00,69.87320091965769,647,7d
2022-05-28 00:00:00+00:00,67.99,2,90d
2022-05-29 00:00:00+00:00,68.79713997985901,104,14d
2022-05-29 00:00:00+00:00,69.84525735294119,106,30d
2022-05-29 00:00:00+00:00,69.6394205919133,620,60d
2022-05-29 00:00:00+00:00,67.5748600025339,430,7d
2022-05-29 00:00:00+00:00,69.26190476190476,33,90d
2022-05-30 00:00:00+00:00,65.27364138136794,700,14d
2022-05-30 00:00:00+00:00,65.78828484462377,457,30d
2022-05-30 00:00:00+00:00,65.91298076923077,241,60d
2022-05-30 00:00:00+00:00,65.59613206190016,1982,7d
2022-05-30 00:00:00+00:00,66.59682384341637,88,90d
2022-05-31 00:00:00+00:00,66.58465353418308,233,14d
2022-05-31 00:00:00+00:00,65.73648509763618,308,30d
2022-05-31 00:00:00+00:00,65.14041248363161,321,60d
2022-05-31 00:00:00+00:00,71.79396904945479,684,7d
2022-05-31 00:00:00+00:00,64.32264237707817,73,90d
2022-06-01 00:00:00+00:00,67.58361158294912,336,14d
2022-06-01 00:00:00+00:00,65.85893614157862,454,30d
2022-06-01 00:00:00+00:00,66.67694751131222,86,60d
2022-06-01 00:00:00+00:00,66.82515259916681,637,7d
2022-06-01 00:00:00+00:00,66.25449799196788,25,90d
2022-06-02 00:00:00+00:00,64.98988584219363,314,14d
2022-06-02 00:00:00+00:00,66.79219992035046,291,30d
2022-06-02 00:00:00+00:00,66.47890472119312,193,60d
2022-06-02 00:00:00+00:00,63.14000178523611,372,7d
2022-06-02 00:00:00+00:00,63.164027027027025,13,90d
2022-06-03 00:00:00+00:00,64.64389897655992,649,14d
2022-06-03 00:00:00+00:00,64.20840587174864,218,30d
2022-06-03 00:00:00+00:00,67.28146194120016,217,60d
2022-06-03 00:00:00+00:00,61.83521154328733,1478,7d
2022-06-03 00:00:00+00:00,64.66769574944071,87,90d
2022-06-04 00:00:00+00:00,61.74188478188478,135,14d
2022-06-04 00:00:00+00:00,62.483960396039606,40,30d
2022-06-04 00:00:00+00:00,62.143271375464685,47,60d
2022-06-04 00:00:00+00:00,57.8705407444668,313,7d
2022-06-04 00:00:00+00:00,61.970439560439566,10,90d
2022-06-05 00:00:00+00:00,62.62257428699418,289,14d
2022-06-05 00:00:00+00:00,64.65717221828491,94,60d
2022-06-05 00:00:00+00:00,61.04447279693486,377,7d
2022-06-05 00:00:00+00:00,65.54398989898989,31,90d
2022-06-06 00:00:00+00:00,60.47770633304239,1012,14d
2022-06-06 00:00:00+00:00,62.04120481927711,193,60d
2022-06-06 00:00:00+00:00,59.56111939773447,1653,7d
2022-06-06 00:00:00+00:00,62.74464788732394,17,90d
2022-06-07 00:00:00+00:00,63.60136498372126,709,14d
2022-06-07 00:00:00+00:00,63.181358161941816,158,60d
2022-06-07 00:00:00+00:00,66.20637315099079,1175,7d
2022-06-07 00:00:00+00:00,63.83052254098361,42,90d
2022-06-08 00:00:00+00:00,64.69083962573868,373,14d
2022-06-08 00:00:00+00:00,63.212655150351885,66,60d
2022-06-08 00:00:00+00:00,69.72879399678399,419,7d
2022-06-08 00:00:00+00:00,62.87833333333333,12,90d
2022-06-09 00:00:00+00:00,66.2318496576133,320,14d
2022-06-09 00:00:00+00:00,68.07473034437946,134,30d
2022-06-09 00:00:00+00:00,62.88618198874297,74,60d
2022-06-09 00:00:00+00:00,68.28497100596688,366,7d
2022-06-09 00:00:00+00:00,63.640574912891985,12,90d
2022-06-10 00:00:00+00:00,67.89210534877668,989,14d
2022-06-10 00:00:00+00:00,67.31269042968749,195,30d
2022-06-10 00:00:00+00:00,66.08785206633324,197,60d
2022-06-10 00:00:00+00:00,68.83573542976939,1864,7d
2022-06-10 00:00:00+00:00,66.66775753768844,60,90d
2022-06-11 00:00:00+00:00,67.61971034969976,372,14d
2022-06-11 00:00:00+00:00,68.72666666666667,2,30d
2022-06-11 00:00:00+00:00,66.44863817097415,83,60d
2022-06-11 00:00:00+00:00,71.77277270354907,908,7d
2022-06-11 00:00:00+00:00,65.68933014354067,74,90d
2022-06-12 00:00:00+00:00,74.84870924175188,555,14d
2022-06-12 00:00:00+00:00,71.27141176470587,94,60d
2022-06-12 00:00:00+00:00,76.68804371241362,837,7d
2022-06-12 00:00:00+00:00,70.55239193083574,7,90d
2022-06-13 00:00:00+00:00,102.6670667500454,2712,14d
2022-06-13 00:00:00+00:00,86.77240788115435,1984,60d
2022-06-13 00:00:00+00:00,114.59227453027141,3398,7d
2022-06-14 00:00:00+00:00,102.38700159172305,1018,14d
2022-06-14 00:00:00+00:00,88.07207942882643,1432,60d
2022-06-14 00:00:00+00:00,126.10022989620718,2461,7d
2022-06-15 00:00:00+00:00,115.71441285912081,750,14d
2022-06-15 00:00:00+00:00,86.30008739985433,502,60d
2022-06-15 00:00:00+00:00,143.46608902109054,2246,7d
2022-06-16 00:00:00+00:00,104.5226533610873,451,14d
2022-06-16 00:00:00+00:00,102.53483573274272,272,30d
2022-06-16 00:00:00+00:00,84.43900831353919,75,60d
2022-06-16 00:00:00+00:00,108.77953292393204,1322,7d
2022-06-17 00:00:00+00:00,101.77728977719977,1077,14d
2022-06-17 00:00:00+00:00,99.4396581914128,450,30d
2022-06-17 00:00:00+00:00,89.70634393470307,307,60d
2022-06-17 00:00:00+00:00,107.59438432329809,1783,7d
2022-06-17 00:00:00+00:00,83.05137895812054,448,90d
2022-06-18 00:00:00+00:00,116.4621775705008,2213,14d
2022-06-18 00:00:00+00:00,110.29281980742778,41,30d
2022-06-18 00:00:00+00:00,92.39166498486375,136,60d
2022-06-18 00:00:00+00:00,125.64666825321277,2916,7d
2022-06-18 00:00:00+00:00,87.37401820091004,726,90d
2022-06-19 00:00:00+00:00,104.63431133888534,593,14d
2022-06-19 00:00:00+00:00,92.49481471161884,445,30d
2022-06-19 00:00:00+00:00,87.8084017595308,199,60d
2022-06-19 00:00:00+00:00,115.41643131020294,2468,7d
2022-06-19 00:00:00+00:00,82.70746164574616,130,90d
2022-06-20 00:00:00+00:00,100.5918852090514,278,14d
2022-06-20 00:00:00+00:00,93.55195153613154,326,30d
2022-06-20 00:00:00+00:00,86.36582975064488,265,60d
2022-06-20 00:00:00+00:00,112.68418304949137,1286,7d
2022-06-20 00:00:00+00:00,82.27607305936073,142,90d
2022-06-21 00:00:00+00:00,84.50390728476822,314,14d
2022-06-21 00:00:00+00:00,82.73530402245089,418,30d
2022-06-21 00:00:00+00:00,81.80580165289257,111,60d
2022-06-21 00:00:00+00:00,92.68117732225863,1423,7d
2022-06-21 00:00:00+00:00,79.83263772954926,324,90d
2022-06-22 00:00:00+00:00,89.77369779446269,195,14d
2022-06-22 00:00:00+00:00,85.30946601941747,253,30d
2022-06-22 00:00:00+00:00,83.02258245177349,280,60d
2022-06-22 00:00:00+00:00,90.79210130047912,407,7d
2022-06-22 00:00:00+00:00,79.2321403752606,125,90d
2022-06-23 00:00:00+00:00,83.80070472792151,179,14d
2022-06-23 00:00:00+00:00,82.9395852221215,363,30d
2022-06-23 00:00:00+00:00,79.60301441152923,180,60d
2022-06-23 00:00:00+00:00,81.65877356970185,286,7d
2022-06-23 00:00:00+00:00,78.61955882352942,186,90d
2022-06-24 00:00:00+00:00,76.41896286383407,252,14d
2022-06-24 00:00:00+00:00,79.1133923123856,405,30d
2022-06-24 00:00:00+00:00,77.2066870540265,66,60d
2022-06-24 00:00:00+00:00,75.15317828146144,873,7d
2022-06-24 00:00:00+00:00,77.67172413793104,35,90d
2022-06-25 00:00:00+00:00,78.17417452830189,133,14d
2022-06-25 00:00:00+00:00,78.16938953488372,200,30d
2022-06-25 00:00:00+00:00,78.0449411764706,13,60d
2022-06-25 00:00:00+00:00,75.93476151761517,386,7d
2022-06-25 00:00:00+00:00,77.09366666666668,11,90d
2022-06-26 00:00:00+00:00,79.4690012070006,180,14d
2022-06-26 00:00:00+00:00,78.8882768361582,54,30d
2022-06-26 00:00:00+00:00,76.50999999999999,5,60d
2022-06-26 00:00:00+00:00,76.76102467343976,367,7d
2022-06-26 00:00:00+00:00,74.49964285714286,5,90d
2022-06-27 00:00:00+00:00,79.04902419135635,228,14d
2022-06-27 00:00:00+00:00,80.09948026636349,230,30d
2022-06-27 00:00:00+00:00,77.01140476190477,27,60d
2022-06-27 00:00:00+00:00,77.60058499212373,514,7d
2022-06-27 00:00:00+00:00,77.1926238909327,51,90d
2022-06-28 00:00:00+00:00,80.02753679097015,345,14d
2022-06-28 00:00:00+00:00,76.99258447361072,130,30d
2022-06-28 00:00:00+00:00,78.06443336355395,49,60d
2022-06-28 00:00:00+00:00,76.56698845218801,565,7d
2022-06-28 00:00:00+00:00,75.34219310344828,22,90d
2022-06-29 00:00:00+00:00,78.56327515997673,128,14d
2022-06-29 00:00:00+00:00,79.58663568215891,163,30d
2022-06-29 00:00:00+00:00,77.86743561940905,186,60d
2022-06-29 00:00:00+00:00,77.40381863127764,283,7d
2022-06-29 00:00:00+00:00,76.41727828746177,9,90d
2022-06-30 00:00:00+00:00,86.59189400982866,256,14d
2022-06-30 00:00:00+00:00,83.92434077260913,537,30d
2022-06-30 00:00:00+00:00,80.07911976152903,110,60d
2022-06-30 00:00:00+00:00,89.605272529222,1032,7d
2022-06-30 00:00:00+00:00,77.39108466405546,106,90d
2022-07-01 00:00:00+00:00,83.60264632424801,541,14d
2022-07-01 00:00:00+00:00,82.01569253771918,264,30d
2022-07-01 00:00:00+00:00,80.20442886456908,52,60d
2022-07-01 00:00:00+00:00,85.69328977354681,1216,7d
2022-07-01 00:00:00+00:00,77.88423762376237,62,90d
2022-07-02 00:00:00+00:00,81.89209,97,14d
2022-07-02 00:00:00+00:00,79.73061164333087,65,30d
2022-07-02 00:00:00+00:00,76.53064516129032,7,60d
2022-07-02 00:00:00+00:00,79.04496169445697,273,7d
2022-07-02 00:00:00+00:00,77.61170068027212,16,90d
2022-07-03 00:00:00+00:00,82.59442774005821,191,14d
2022-07-03 00:00:00+00:00,81.87828481862964,83,30d
2022-07-03 00:00:00+00:00,79.84307017543858,14,60d
2022-07-03 00:00:00+00:00,77.35827630234934,284,7d
2022-07-03 00:00:00+00:00,76.42631428571428,17,90d
2022-07-04 00:00:00+00:00,77.72560691601977,102,14d
2022-07-04 00:00:00+00:00,78.60432444852941,229,30d
2022-07-04 00:00:00+00:00,77.06019585253456,136,60d
2022-07-04 00:00:00+00:00,74.2470961265364,838,7d
2022-07-04 00:00:00+00:00,76.07952762547448,33,90d
2022-07-05 00:00:00+00:00,76.39676092782553,138,14d
2022-07-05 00:00:00+00:00,75.78396312836368,274,30d
2022-07-05 00:00:00+00:00,75.24454160789846,79,60d
2022-07-05 00:00:00+00:00,75.82375857972545,532,7d
2022-07-05 00:00:00+00:00,76.01654471544715,142,90d
2022-07-06 00:00:00+00:00,75.9732910244787,144,14d
2022-07-06 00:00:00+00:00,72.77128440366972,347,30d
2022-07-06 00:00:00+00:00,73.05726989079565,27,60d
2022-07-06 00:00:00+00:00,75.93264943325451,191,7d
2022-07-06 00:00:00+00:00,74.73425398358282,9,90d
2022-07-07 00:00:00+00:00,72.9061818961819,169,14d
2022-07-07 00:00:00+00:00,73.66289718680429,366,30d
2022-07-07 00:00:00+00:00,72.64123638693145,141,60d
2022-07-07 00:00:00+00:00,72.03100954979537,593,7d
2022-07-07 00:00:00+00:00,73.72224455611389,33,90d
2022-07-08 00:00:00+00:00,72.4615763295498,580,14d
2022-07-08 00:00:00+00:00,72.73618146586116,373,30d
2022-07-08 00:00:00+00:00,71.18329694323144,81,60d
2022-07-08 00:00:00+00:00,74.33154152725841,1436,7d
2022-07-08 00:00:00+00:00,72.56152895752895,65,90d
2022-07-09 00:00:00+00:00,65.17280484021099,133,14d
2022-07-09 00:00:00+00:00,69.38321739130434,17,30d
2022-07-09 00:00:00+00:00,69.23724137931033,17,60d
2022-07-09 00:00:00+00:00,64.5867376440711,362,7d
2022-07-09 00:00:00+00:00,69.60359050445103,24,90d
2022-07-10 00:00:00+00:00,67.97457844022885,282,14d
2022-07-10 00:00:00+00:00,67.55878770631759,25,60d
2022-07-10 00:00:00+00:00,69.15325932017544,476,7d
2022-07-10 00:00:00+00:00,69.08160427807486,5,90d
2022-07-11 00:00:00+00:00,71.21992707229171,462,14d
2022-07-11 00:00:00+00:00,70.55122603655818,111,60d
2022-07-11 00:00:00+00:00,71.53974362008441,1091,7d
2022-07-11 00:00:00+00:00,72.5378199718706,28,90d
2022-07-12 00:00:00+00:00,74.90967130771942,278,14d
2022-07-12 00:00:00+00:00,72.26981132075471,9,60d
2022-07-12 00:00:00+00:00,77.18818482957273,721,7d
2022-07-12 00:00:00+00:00,73.17394222945484,78,90d
2022-07-13 00:00:00+00:00,77.25964743648203,736,14d
2022-07-13 00:00:00+00:00,75.65142782124666,740,7d
2022-07-13 00:00:00+00:00,74.41804107424962,60,90d
2022-07-14 00:00:00+00:00,75.81847010684245,572,14d
2022-07-14 00:00:00+00:00,74.65614754098361,139,30d
2022-07-14 00:00:00+00:00,72.53868092221047,1063,7d
2022-07-14 00:00:00+00:00,72.75944777911164,215,90d
2022-07-15 00:00:00+00:00,69.81961454545454,621,14d
2022-07-15 00:00:00+00:00,69.13574952561669,206,30d
2022-07-15 00:00:00+00:00,65.65540756729304,1614,7d
2022-07-15 00:00:00+00:00,69.7311111111111,13,90d
2022-07-16 00:00:00+00:00,71.3999126807564,601,14d
2022-07-16 00:00:00+00:00,68.30387978142076,14,30d
2022-07-16 00:00:00+00:00,68.19209807073956,1041,7d
2022-07-16 00:00:00+00:00,71.5975500770416,15,90d
2022-07-17 00:00:00+00:00,75.62291862955031,456,14d
2022-07-17 00:00:00+00:00,74.59634913186298,191,30d
2022-07-17 00:00:00+00:00,72.91071856287427,19,60d
2022-07-17 00:00:00+00:00,73.2887135878415,439,7d
2022-07-17 00:00:00+00:00,73.35407407407408,5,90d
2022-07-18 00:00:00+00:00,74.50417899185028,547,14d
2022-07-18 00:00:00+00:00,73.01291655969192,430,30d
2022-07-18 00:00:00+00:00,72.42258796821794,118,60d
2022-07-18 00:00:00+00:00,74.89731779942008,2337,7d
2022-07-19 00:00:00+00:00,75.85200352785536,678,14d
2022-07-19 00:00:00+00:00,74.71209019091508,654,30d
2022-07-19 00:00:00+00:00,72.84495703544576,209,60d
2022-07-19 00:00:00+00:00,81.22255355145033,1860,7d
2022-07-20 00:00:00+00:00,78.9368624033119,672,14d
2022-07-20 00:00:00+00:00,75.33466063730876,586,30d
2022-07-20 00:00:00+00:00,74.01881471667346,567,60d
2022-07-20 00:00:00+00:00,82.36832218593855,2022,7d
2022-07-21 00:00:00+00:00,77.82800844704353,415,14d
2022-07-21 00:00:00+00:00,75.3134868959869,548,30d
2022-07-21 00:00:00+00:00,74.12506314580942,235,60d
2022-07-21 00:00:00+00:00,78.9767648442093,630,7d
2022-07-22 00:00:00+00:00,76.96677333820975,624,14d
2022-07-22 00:00:00+00:00,75.1264453737585,374,30d
2022-07-22 00:00:00+00:00,74.28391963341558,184,60d
2022-07-22 00:00:00+00:00,79.9495268800696,1338,7d
2022-07-23 00:00:00+00:00,75.57723295580723,492,14d
2022-07-23 00:00:00+00:00,75.43396135265701,247,30d
2022-07-23 00:00:00+00:00,73.71541958041958,15,60d
2022-07-23 00:00:00+00:00,78.53870265826255,919,7d
2022-07-24 00:00:00+00:00,76.54640179910045,141,14d
2022-07-24 00:00:00+00:00,72.94914485165793,88,30d
2022-07-24 00:00:00+00:00,73.15577777777777,8,60d
2022-07-24 00:00:00+00:00,81.12312398232147,473,7d
2022-07-25 00:00:00+00:00,76.43318743381575,131,14d
2022-07-25 00:00:00+00:00,74.80224251278305,158,30d
2022-07-25 00:00:00+00:00,74.60062412668842,314,60d
2022-07-25 00:00:00+00:00,82.57138090640618,1459,7d
2022-07-26 00:00:00+00:00,75.11262889518414,216,14d
2022-07-26 00:00:00+00:00,75.09172413793102,456,30d
2022-07-26 00:00:00+00:00,74.79911764705882,280,60d
2022-07-26 00:00:00+00:00,85.24505681465382,787,7d
2022-07-27 00:00:00+00:00,72.7275924960917,182,14d
2022-07-27 00:00:00+00:00,70.75948213791193,520,30d
2022-07-27 00:00:00+00:00,73.79957897793264,290,60d
2022-07-27 00:00:00+00:00,75.05466793168881,590,7d
2022-07-28 00:00:00+00:00,70.07821475529583,423,14d
2022-07-28 00:00:00+00:00,69.48441711756026,588,30d
2022-07-28 00:00:00+00:00,70.18081135091927,159,60d
2022-07-28 00:00:00+00:00,71.47407845366685,1065,7d
2022-07-28 00:00:00+00:00,70.30253205128206,78,90d
2022-07-29 00:00:00+00:00,69.19254502855469,319,14d
2022-07-29 00:00:00+00:00,69.25161778956495,972,30d
2022-07-29 00:00:00+00:00,69.38618296068977,140,60d
2022-07-29 00:00:00+00:00,71.30190220399795,1367,7d
2022-07-29 00:00:00+00:00,69.13192727272727,73,90d
2022-07-30 00:00:00+00:00,73.15898513736677,269,14d
2022-07-30 00:00:00+00:00,71.77918576729971,217,30d
2022-07-30 00:00:00+00:00,71.40459749552772,41,60d
2022-07-30 00:00:00+00:00,72.88914316267879,718,7d
2022-07-30 00:00:00+00:00,72.0190909090909,3,90d
2022-07-31 00:00:00+00:00,73.95394058540847,197,14d
2022-07-31 00:00:00+00:00,72.80808080808082,120,30d
2022-07-31 00:00:00+00:00,72.17807960199005,35,60d
2022-07-31 00:00:00+00:00,73.30372480647185,639,7d
2022-07-31 00:00:00+00:00,71.84669491525423,9,90d
2022-08-01 00:00:00+00:00,72.86914127423823,346,14d
2022-08-01 00:00:00+00:00,72.79081300813009,188,30d
2022-08-01 00:00:00+00:00,72.21622554660529,107,60d
2022-08-01 00:00:00+00:00,76.25726128315154,1066,7d
2022-08-01 00:00:00+00:00,72.91095238095238,23,90d
2022-08-02 00:00:00+00:00,72.72453125,102,14d
2022-08-02 00:00:00+00:00,72.2174989366227,258,30d
2022-08-02 00:00:00+00:00,72.05245033112583,78,60d
2022-08-02 00:00:00+00:00,74.75097353073127,407,7d
2022-08-02 00:00:00+00:00,71.94433566433565,61,90d
2022-08-03 00:00:00+00:00,70.12497125256672,262,14d
2022-08-03 00:00:00+00:00,69.61708188153311,311,30d
2022-08-03 00:00:00+00:00,70.73183157894738,59,60d
2022-08-03 00:00:00+00:00,70.37595328408864,284,7d
2022-08-03 00:00:00+00:00,73.33850000000001,6,90d
2022-08-04 00:00:00+00:00,67.06644800596347,202,14d
2022-08-04 00:00:00+00:00,67.49261571582346,197,30d
2022-08-04 00:00:00+00:00,70.63994145199062,121,60d
2022-08-04 00:00:00+00:00,68.51878638675468,636,7d
2022-08-04 00:00:00+00:00,71.11961538461539,11,90d
2022-08-05 00:00:00+00:00,67.50949264584366,428,14d
2022-08-05 00:00:00+00:00,66.7694182918628,166,30d
2022-08-05 00:00:00+00:00,69.85988923076923,150,60d
2022-08-05 00:00:00+00:00,66.52667375173907,2003,7d
2022-08-05 00:00:00+00:00,71.3007626459144,17,90d
2022-08-06 00:00:00+00:00,67.72464736238531,350,14d
2022-08-06 00:00:00+00:00,67.89473101265823,89,30d
2022-08-06 00:00:00+00:00,69.57824858757061,13,60d
2022-08-06 00:00:00+00:00,64.2701194539249,323,7d
2022-08-06 00:00:00+00:00,70.42727272727272,2,90d
2022-08-07 00:00:00+00:00,67.65776315789473,367,14d
2022-08-07 00:00:00+00:00,70.23151277013753,26,60d
2022-08-07 00:00:00+00:00,65.55840807174889,286,7d
2022-08-07 00:00:00+00:00,72.34891089108912,23,90d
2022-08-08 00:00:00+00:00,69.16297434044091,408,14d
2022-08-08 00:00:00+00:00,71.15577296489917,188,60d
2022-08-08 00:00:00+00:00,72.35003788903924,1869,7d
2022-08-08 00:00:00+00:00,73.7320304568528,70,90d
2022-08-09 00:00:00+00:00,70.06156733451687,390,14d
2022-08-09 00:00:00+00:00,71.83342105263159,154,60d
2022-08-09 00:00:00+00:00,72.36389138503614,546,7d
2022-08-09 00:00:00+00:00,72.28770833333333,36,90d
2022-08-10 00:00:00+00:00,69.36805203619909,398,14d
2022-08-10 00:00:00+00:00,68.78934105534105,290,60d
2022-08-10 00:00:00+00:00,67.9620992,585,7d
2022-08-10 00:00:00+00:00,71.0988583218707,91,90d
2022-08-11 00:00:00+00:00,65.83180151418408,429,14d
2022-08-11 00:00:00+00:00,65.96467758444217,81,30d
2022-08-11 00:00:00+00:00,68.23326329331047,196,60d
2022-08-11 00:00:00+00:00,65.2538160291439,861,7d
2022-08-11 00:00:00+00:00,69.23668711656441,50,90d
2022-08-12 00:00:00+00:00,63.44824036548523,486,14d
2022-08-12 00:00:00+00:00,64.48894396551724,75,30d
2022-08-12 00:00:00+00:00,68.43295952222961,228,60d
2022-08-12 00:00:00+00:00,61.02034920452588,750,7d
2022-08-12 00:00:00+00:00,68.27985915492958,9,90d
2022-08-13 00:00:00+00:00,62.16440801457195,197,14d
2022-08-13 00:00:00+00:00,62.40341463414635,16,30d
2022-08-13 00:00:00+00:00,67.60519280205655,66,60d
2022-08-13 00:00:00+00:00,59.929837007725645,405,7d
2022-08-13 00:00:00+00:00,68.81722222222223,15,90d
2022-08-14 00:00:00+00:00,64.48764782711945,285,14d
2022-08-14 00:00:00+00:00,67.60903529411765,46,60d
2022-08-14 00:00:00+00:00,62.61513266376855,351,7d
2022-08-14 00:00:00+00:00,68.83111111111111,6,90d
2022-08-15 00:00:00+00:00,61.78710703592814,309,14d
2022-08-15 00:00:00+00:00,65.23605177993527,139,60d
2022-08-15 00:00:00+00:00,61.36219321499279,1004,7d
2022-08-16 00:00:00+00:00,64.88903359511345,75,14d
2022-08-16 00:00:00+00:00,66.71238859180036,48,60d
2022-08-16 00:00:00+00:00,62.93706348875069,455,7d
2022-08-17 00:00:00+00:00,65.08598926494707,306,14d
2022-08-17 00:00:00+00:00,68.84427772126145,185,60d
2022-08-17 00:00:00+00:00,64.42738852935938,856,7d
2022-08-18 00:00:00+00:00,66.07054540496318,210,14d
2022-08-18 00:00:00+00:00,66.64434693877551,196,30d
2022-08-18 00:00:00+00:00,70.10639871382637,43,60d
2022-08-18 00:00:00+00:00,62.26081380096949,381,7d
2022-08-19 00:00:00+00:00,69.00892027483914,818,14d
2022-08-19 00:00:00+00:00,69.0733700852923,303,30d
2022-08-19 00:00:00+00:00,72.53370595382746,142,60d
2022-08-19 00:00:00+00:00,70.51363722080532,2455,7d
2022-08-20 00:00:00+00:00,69.71012533875339,186,14d
2022-08-20 00:00:00+00:00,71.39040384615384,19,30d
2022-08-20 00:00:00+00:00,72.96966216216217,13,60d
2022-08-20 00:00:00+00:00,71.7796286731968,463,7d
2022-08-21 00:00:00+00:00,68.24057715158716,200,14d
2022-08-21 00:00:00+00:00,71.92780423280423,85,30d
2022-08-21 00:00:00+00:00,71.31592592592592,5,60d
2022-08-21 00:00:00+00:00,65.9737854818804,467,7d
2022-08-22 00:00:00+00:00,70.872397443826,196,14d
2022-08-22 00:00:00+00:00,74.51902823018457,188,30d
2022-08-22 00:00:00+00:00,74.96278567199526,180,60d
2022-08-22 00:00:00+00:00,70.2409445319011,959,7d
2022-08-23 00:00:00+00:00,68.88040501698458,130,14d
2022-08-23 00:00:00+00:00,73.77317433516252,208,30d
2022-08-23 00:00:00+00:00,73.61890588235295,64,60d
2022-08-23 00:00:00+00:00,68.4411761886503,407,7d
2022-08-24 00:00:00+00:00,65.60934631891713,133,14d
2022-08-24 00:00:00+00:00,68.85699805068226,374,30d
2022-08-24 00:00:00+00:00,70.24485344827586,121,60d
2022-08-24 00:00:00+00:00,64.48697893432465,453,7d
2022-08-25 00:00:00+00:00,64.18789980732178,49,14d
2022-08-25 00:00:00+00:00,66.99078060866029,244,30d
2022-08-25 00:00:00+00:00,69.0782659478886,39,60d
2022-08-25 00:00:00+00:00,62.89117293976415,323,7d
2022-08-25 00:00:00+00:00,72.19939039408867,16,90d
2022-08-26 00:00:00+00:00,63.45491326952043,811,14d
2022-08-26 00:00:00+00:00,66.6126504536757,1234,30d
2022-08-26 00:00:00+00:00,68.89242917103883,436,60d
2022-08-26 00:00:00+00:00,62.911465063152534,1989,7d
2022-08-26 00:00:00+00:00,69.49212927756653,87,90d
2022-08-27 00:00:00+00:00,63.13469651154215,540,14d
2022-08-27 00:00:00+00:00,66.23149659863945,231,30d
2022-08-27 00:00:00+00:00,67.54960176991152,34,60d
2022-08-27 00:00:00+00:00,63.09572198969735,969,7d
2022-08-27 00:00:00+00:00,68.37432432432433,6,90d
2022-08-28 00:00:00+00:00,66.17795943915874,238,14d
2022-08-28 00:00:00+00:00,69.07884098101266,214,30d
2022-08-28 00:00:00+00:00,69.69816091954024,33,60d
2022-08-28 00:00:00+00:00,67.50193686631128,640,7d
2022-08-28 00:00:00+00:00,69.08833333333332,2,90d
2022-08-29 00:00:00+00:00,66.49490177287974,308,14d
2022-08-29 00:00:00+00:00,69.55044776119404,298,30d
2022-08-29 00:00:00+00:00,68.79140159045726,138,60d
2022-08-29 00:00:00+00:00,64.08948657187993,1227,7d
2022-08-29 00:00:00+00:00,69.65138554216868,85,90d
2022-08-30 00:00:00+00:00,66.87808745402533,129,14d
2022-08-30 00:00:00+00:00,67.40772784019975,450,30d
2022-08-30 00:00:00+00:00,68.53678604224058,169,60d
2022-08-30 00:00:00+00:00,62.91129028635598,662,7d
2022-08-30 00:00:00+00:00,68.78163879598662,61,90d
2022-08-31 00:00:00+00:00,64.41335840541556,183,14d
2022-08-31 00:00:00+00:00,66.85942959875787,481,30d
2022-08-31 00:00:00+00:00,67.41657844990549,47,60d
2022-08-31 00:00:00+00:00,61.571600000000004,538,7d
2022-08-31 00:00:00+00:00,67.81138888888889,5,90d
2022-09-01 00:00:00+00:00,67.73045777777777,381,14d
2022-09-01 00:00:00+00:00,68.15225067385445,338,30d
2022-09-01 00:00:00+00:00,69.97401801801801,66,60d
2022-09-01 00:00:00+00:00,64.04251756282086,986,7d
2022-09-01 00:00:00+00:00,70.48911337209303,6,90d
2022-09-02 00:00:00+00:00,62.16105603595016,455,14d
2022-09-02 00:00:00+00:00,65.27493228795439,981,30d
2022-09-02 00:00:00+00:00,67.36519623233909,77,60d
2022-09-02 00:00:00+00:00,62.302623456790116,1874,7d
2022-09-02 00:00:00+00:00,67.66197183098592,93,90d
2022-09-03 00:00:00+00:00,63.51508914100486,117,14d
2022-09-03 00:00:00+00:00,64.91236084452974,59,30d
2022-09-03 00:00:00+00:00,67.95091276978417,46,60d
2022-09-03 00:00:00+00:00,58.882950016334526,289,7d
2022-09-03 00:00:00+00:00,70.34169960474308,10,90d
2022-09-04 00:00:00+00:00,66.93133508714239,74,14d
2022-09-04 00:00:00+00:00,66.56947145877379,56,30d
2022-09-04 00:00:00+00:00,69.15533980582524,11,60d
2022-09-04 00:00:00+00:00,64.10101063829786,315,7d
2022-09-04 00:00:00+00:00,71.55208333333334,8,90d
2022-09-05 00:00:00+00:00,66.22749162479062,160,14d
2022-09-05 00:00:00+00:00,66.85268605378361,238,30d
2022-09-05 00:00:00+00:00,68.82303386641581,112,60d
2022-09-05 00:00:00+00:00,62.844560766356125,936,7d
2022-09-05 00:00:00+00:00,68.95844262295083,10,90d
2022-09-06 00:00:00+00:00,68.2764868858515,283,14d
2022-09-06 00:00:00+00:00,70.0217645353052,417,30d
2022-09-06 00:00:00+00:00,69.79961557296768,116,60d
2022-09-06 00:00:00+00:00,65.84247693399574,640,7d
2022-09-06 00:00:00+00:00,70.69556377079482,54,90d
2022-09-07 00:00:00+00:00,69.55947437011295,134,14d
2022-09-07 00:00:00+00:00,70.30404011887073,434,30d
2022-09-07 00:00:00+00:00,70.50014414414414,390,60d
2022-09-07 00:00:00+00:00,69.97256374701487,685,7d
2022-09-07 00:00:00+00:00,71.39398858075042,31,90d
2022-09-08 00:00:00+00:00,66.68787347560975,132,14d
2022-09-08 00:00:00+00:00,66.56926730225989,267,30d
2022-09-08 00:00:00+00:00,68.8192088091354,227,60d
2022-09-08 00:00:00+00:00,65.1586430198503,411,7d
2022-09-08 00:00:00+00:00,69.09758094357076,62,90d
2022-09-09 00:00:00+00:00,66.29952485380117,1315,14d
2022-09-09 00:00:00+00:00,66.49696719506825,1100,30d
2022-09-09 00:00:00+00:00,67.61178213689483,464,60d
2022-09-09 00:00:00+00:00,67.03849578409603,2540,7d
2022-09-09 00:00:00+00:00,68.970629225169,205,90d
2022-09-10 00:00:00+00:00,70.11920917494008,420,14d
2022-09-10 00:00:00+00:00,67.37704433497538,47,30d
2022-09-10 00:00:00+00:00,70.28221621621621,34,60d
2022-09-10 00:00:00+00:00,74.39170984455957,659,7d
2022-09-10 00:00:00+00:00,69.04461538461538,4,90d
2022-09-11 00:00:00+00:00,71.93786071817193,485,14d
2022-09-11 00:00:00+00:00,70.47142,40,60d
2022-09-11 00:00:00+00:00,73.01147158942132,462,7d
2022-09-12 00:00:00+00:00,72.45183095387065,760,14d
2022-09-12 00:00:00+00:00,70.19622500666489,270,60d
2022-09-12 00:00:00+00:00,76.43393695849493,2225,7d
2022-09-13 00:00:00+00:00,76.5206591252285,993,14d
2022-09-13 00:00:00+00:00,73.379453125,61,60d
2022-09-13 00:00:00+00:00,80.34327054411105,1491,7d
2022-09-14 00:00:00+00:00,72.86059436008678,529,14d
2022-09-14 00:00:00+00:00,70.84233576642336,157,60d
2022-09-14 00:00:00+00:00,75.70056734317343,798,7d
2022-09-15 00:00:00+00:00,69.85469822140149,520,14d
2022-09-15 00:00:00+00:00,69.11596650067904,60,30d
2022-09-15 00:00:00+00:00,69.09929268292683,43,60d
2022-09-15 00:00:00+00:00,70.2175990803591,720,7d
2022-09-16 00:00:00+00:00,66.07651152363017,629,14d
2022-09-16 00:00:00+00:00,66.13515429524604,204,30d
2022-09-16 00:00:00+00:00,68.49279883381924,271,60d
2022-09-16 00:00:00+00:00,64.72773350439883,1590,7d
2022-09-16 00:00:00+00:00,70.19788235294118,60,90d
2022-09-17 00:00:00+00:00,62.993045404208196,412,14d
2022-09-17 00:00:00+00:00,61.41923497267759,31,30d
2022-09-17 00:00:00+00:00,66.87650273224043,19,60d
2022-09-17 00:00:00+00:00,61.71614252349139,820,7d
2022-09-17 00:00:00+00:00,69.38,4,90d
2022-09-18 00:00:00+00:00,67.0760009153318,523,14d
2022-09-18 00:00:00+00:00,67.115,51,30d
2022-09-18 00:00:00+00:00,68.01172077922078,18,60d
2022-09-18 00:00:00+00:00,70.67176133775783,1246,7d
2022-09-18 00:00:00+00:00,68.21734042553192,23,90d
2022-09-19 00:00:00+00:00,67.42005737912413,1544,14d
2022-09-19 00:00:00+00:00,66.65321323673389,637,30d
2022-09-19 00:00:00+00:00,67.4120546932742,92,60d
2022-09-19 00:00:00+00:00,72.05043038037977,3525,7d
2022-09-19 00:00:00+00:00,69.19935260115606,161,90d
2022-09-20 00:00:00+00:00,64.26869715073529,462,14d
2022-09-20 00:00:00+00:00,66.98518802762854,181,30d
2022-09-20 00:00:00+00:00,69.1075142624287,144,60d
2022-09-20 00:00:00+00:00,74.72805215821741,854,7d
2022-09-20 00:00:00+00:00,67.09206647398844,113,90d
2022-09-21 00:00:00+00:00,68.89916515013648,626,14d
2022-09-21 00:00:00+00:00,66.33130051978361,531,30d
2022-09-21 00:00:00+00:00,68.49021679284239,480,60d
2022-09-21 00:00:00+00:00,72.97707225124672,1868,7d
2022-09-21 00:00:00+00:00,69.47672710788758,249,90d
2022-09-22 00:00:00+00:00,67.33540448481408,336,14d
2022-09-22 00:00:00+00:00,68.95284949494949,422,30d
2022-09-22 00:00:00+00:00,69.68520728008089,118,60d
2022-09-22 00:00:00+00:00,68.5122528564332,908,7d
2022-09-22 00:00:00+00:00,68.99783025830259,97,90d
2022-09-23 00:00:00+00:00,67.34246249697557,814,14d
2022-09-23 00:00:00+00:00,69.97516217810106,661,30d
2022-09-23 00:00:00+00:00,71.06418276374443,141,60d
2022-09-23 00:00:00+00:00,67.043119974007,3057,7d
2022-09-23 00:00:00+00:00,69.372,173,90d
2022-09-24 00:00:00+00:00,64.49827351112894,253,14d
2022-09-24 00:00:00+00:00,65.87293194640338,437,30d
2022-09-24 00:00:00+00:00,68.58062937062938,10,60d
2022-09-24 00:00:00+00:00,61.51320120057959,2223,7d
2022-09-24 00:00:00+00:00,66.77282051282049,5,90d
2022-09-25 00:00:00+00:00,65.00850659174411,375,14d
2022-09-25 00:00:00+00:00,66.22193999999999,185,30d
2022-09-25 00:00:00+00:00,65.85,1,60d
2022-09-25 00:00:00+00:00,75.6062700444684,2638,7d
2022-09-25 00:00:00+00:00,68.5780808080808,9,90d
2022-09-26 00:00:00+00:00,69.9396803788103,302,14d
2022-09-26 00:00:00+00:00,68.34050633725793,530,30d
2022-09-26 00:00:00+00:00,67.97826782965623,214,60d
2022-09-26 00:00:00+00:00,74.46083285176677,3222,7d
2022-09-26 00:00:00+00:00,68.88967344753748,131,90d
2022-09-27 00:00:00+00:00,64.53898548578198,279,14d
2022-09-27 00:00:00+00:00,65.32873762596985,839,30d
2022-09-27 00:00:00+00:00,65.65549136304253,246,60d
2022-09-27 00:00:00+00:00,65.94465446775315,2963,7d
2022-09-27 00:00:00+00:00,67.11201091192518,142,90d
2022-09-28 00:00:00+00:00,71.95482743250128,645,14d
2022-09-28 00:00:00+00:00,70.39799047302537,650,30d
2022-09-28 00:00:00+00:00,70.40418312719216,563,60d
2022-09-28 00:00:00+00:00,70.20824964821362,1285,7d
2022-09-28 00:00:00+00:00,71.24932426643822,299,90d
2022-09-29 00:00:00+00:00,69.73391906096707,335,14d
2022-09-29 00:00:00+00:00,70.69243795036029,895,30d
2022-09-29 00:00:00+00:00,70.37356301788051,368,60d
2022-09-29 00:00:00+00:00,69.73209031790036,911,7d
2022-09-29 00:00:00+00:00,69.75941558441559,85,90d
2022-09-30 00:00:00+00:00,64.73770094024871,539,14d
2022-09-30 00:00:00+00:00,65.14790452750272,948,30d
2022-09-30 00:00:00+00:00,66.0853982300885,414,60d
2022-09-30 00:00:00+00:00,62.36087231746296,2197,7d
2022-09-30 00:00:00+00:00,68.38889573991031,308,90d
2022-10-01 00:00:00+00:00,62.15885455915599,234,14d
2022-10-01 00:00:00+00:00,63.237928979980936,301,30d
2022-10-01 00:00:00+00:00,64.72356828193833,22,60d
2022-10-01 00:00:00+00:00,60.404014419610675,1331,7d
2022-10-01 00:00:00+00:00,68.34132867132867,27,90d
2022-10-02 00:00:00+00:00,66.23975202342002,609,14d
2022-10-02 00:00:00+00:00,67.51972429849283,362,30d
2022-10-02 00:00:00+00:00,68.76980799999998,30,60d
2022-10-02 00:00:00+00:00,68.27039092601412,1415,7d
2022-10-02 00:00:00+00:00,67.62365451388888,19,90d
2022-10-03 00:00:00+00:00,63.61432463768116,446,14d
2022-10-03 00:00:00+00:00,65.1907005846258,444,30d
2022-10-03 00:00:00+00:00,65.5067601209865,276,60d
2022-10-03 00:00:00+00:00,63.16955906262263,1459,7d
2022-10-03 00:00:00+00:00,68.18141406816534,387,90d
2022-10-04 00:00:00+00:00,62.31455668284077,227,14d
2022-10-04 00:00:00+00:00,63.80934270833333,673,30d
2022-10-04 00:00:00+00:00,65.43581740976644,83,60d
2022-10-04 00:00:00+00:00,64.30163960291894,1047,7d
2022-10-04 00:00:00+00:00,66.67958430913349,191,90d
2022-10-05 00:00:00+00:00,66.40158666666666,75,14d
2022-10-05 00:00:00+00:00,65.54761061946904,247,30d
2022-10-05 00:00:00+00:00,64.8328231292517,13,60d
2022-10-05 00:00:00+00:00,64.3235077861615,512,7d
2022-10-05 00:00:00+00:00,67.30923159018143,132,90d
2022-10-06 00:00:00+00:00,63.64709038182696,191,14d
2022-10-06 00:00:00+00:00,64.14362857142858,218,30d
2022-10-06 00:00:00+00:00,65.69633451957296,155,60d
2022-10-06 00:00:00+00:00,62.76748808893595,837,7d
2022-10-06 00:00:00+00:00,66.66477817745803,227,90d
2022-10-07 00:00:00+00:00,58.45027180627626,653,14d
2022-10-07 00:00:00+00:00,59.231218223005285,330,30d
2022-10-07 00:00:00+00:00,63.41231667748215,308,60d
2022-10-07 00:00:00+00:00,57.5194722665915,1795,7d
2022-10-07 00:00:00+00:00,65.00848178137652,190,90d
2022-10-08 00:00:00+00:00,54.922827439423706,513,14d
2022-10-08 00:00:00+00:00,55.80178333333333,94,30d
2022-10-08 00:00:00+00:00,60.680253968253965,22,60d
2022-10-08 00:00:00+00:00,52.87956060100167,1218,7d
2022-10-08 00:00:00+00:00,63.505591397849464,21,90d
2022-10-09 00:00:00+00:00,57.876820261785674,628,14d
2022-10-09 00:00:00+00:00,60.750794964028785,50,60d
2022-10-09 00:00:00+00:00,61.0294673768309,1161,7d
2022-10-09 00:00:00+00:00,63.66303398058252,36,90d
2022-10-10 00:00:00+00:00,62.169954724762405,880,14d
2022-10-10 00:00:00+00:00,62.942844634873325,298,60d
2022-10-10 00:00:00+00:00,65.39760623927747,1739,7d
2022-10-10 00:00:00+00:00,64.67352165560601,614,90d
2022-10-11 00:00:00+00:00,63.55377071723239,259,14d
2022-10-11 00:00:00+00:00,64.93194392523364,42,60d
2022-10-11 00:00:00+00:00,66.0348680717561,683,7d
2022-10-11 00:00:00+00:00,66.08069928057554,63,90d
2022-10-12 00:00:00+00:00,61.000369749659576,234,14d
2022-10-12 00:00:00+00:00,63.82484422431698,299,7d
2022-10-12 00:00:00+00:00,65.29979651162792,46,90d
2022-10-13 00:00:00+00:00,61.31997046322311,1095,14d
2022-10-13 00:00:00+00:00,63.110302345295274,330,30d
2022-10-13 00:00:00+00:00,62.471666666666664,1630,7d
2022-10-13 00:00:00+00:00,65.67256282544714,284,90d
2022-10-14 00:00:00+00:00,54.81333765709061,1200,14d
2022-10-14 00:00:00+00:00,55.60378632622207,214,30d
2022-10-14 00:00:00+00:00,51.56577216761212,2325,7d
2022-10-14 00:00:00+00:00,61.09628841820639,775,90d
2022-10-15 00:00:00+00:00,50.11420312156518,326,14d
2022-10-15 00:00:00+00:00,53.15467153284672,15,30d
2022-10-15 00:00:00+00:00,46.94770858379418,820,7d
2022-10-15 00:00:00+00:00,61.24197381877684,57,90d
2022-10-16 00:00:00+00:00,52.846700466977985,300,14d
2022-10-16 00:00:00+00:00,55.56409315589354,98,30d
2022-10-16 00:00:00+00:00,59.21515151515152,12,60d
2022-10-16 00:00:00+00:00,51.30416742993222,456,7d
2022-10-16 00:00:00+00:00,61.61,2,90d
2022-10-17 00:00:00+00:00,54.408414844267725,291,14d
2022-10-17 00:00:00+00:00,54.41344025967826,143,30d
2022-10-17 00:00:00+00:00,59.04855809916459,178,60d
2022-10-17 00:00:00+00:00,51.69899438569592,1038,7d
2022-10-18 00:00:00+00:00,53.1612464678179,178,14d
2022-10-18 00:00:00+00:00,55.90131676424901,350,30d
2022-10-18 00:00:00+00:00,58.25939530602853,342,60d
2022-10-18 00:00:00+00:00,50.414058202675065,947,7d
2022-10-19 00:00:00+00:00,53.03799336798709,270,14d
2022-10-19 00:00:00+00:00,54.56949104844021,218,30d
2022-10-19 00:00:00+00:00,56.32635381114903,277,60d
2022-10-19 00:00:00+00:00,48.773577531809245,1270,7d
2022-10-20 00:00:00+00:00,51.05308263136783,291,14d
2022-10-20 00:00:00+00:00,54.14203142695357,584,30d
2022-10-20 00:00:00+00:00,56.5126451763063,311,60d
2022-10-20 00:00:00+00:00,45.357986568736926,1516,7d
2022-10-21 00:00:00+00:00,53.27573515222985,918,14d
2022-10-21 00:00:00+00:00,53.17192144935201,763,30d
2022-10-21 00:00:00+00:00,58.601902868161005,342,60d
2022-10-21 00:00:00+00:00,42.35004992832869,3226,7d
2022-10-22 00:00:00+00:00,50.70344595929658,485,14d
2022-10-22 00:00:00+00:00,54.56545334507043,173,30d
2022-10-22 00:00:00+00:00,57.643993399339934,137,60d
2022-10-22 00:00:00+00:00,42.75189827865412,1040,7d
2022-10-23 00:00:00+00:00,53.6801966670117,490,14d
2022-10-23 00:00:00+00:00,55.26910843373494,177,30d
2022-10-23 00:00:00+00:00,57.067810147755786,116,60d
2022-10-23 00:00:00+00:00,46.359239798228025,1438,7d
2022-10-24 00:00:00+00:00,55.03938969571231,292,14d
2022-10-24 00:00:00+00:00,56.18929827742521,217,30d
2022-10-24 00:00:00+00:00,58.727616614471735,136,60d
2022-10-24 00:00:00+00:00,47.3091702225281,1414,7d
2022-10-25 00:00:00+00:00,56.85195409429281,405,14d
2022-10-25 00:00:00+00:00,56.17525627335826,478,30d
2022-10-25 00:00:00+00:00,60.19723691832401,384,60d
2022-10-25 00:00:00+00:00,52.382381249083714,1317,7d
2022-10-26 00:00:00+00:00,59.0192622102649,622,14d
2022-10-26 00:00:00+00:00,58.86658389066589,545,30d
2022-10-26 00:00:00+00:00,60.85676526355707,622,60d
2022-10-26 00:00:00+00:00,60.141794394285846,1536,7d
2022-10-27 00:00:00+00:00,55.365654614866386,214,14d
2022-10-27 00:00:00+00:00,55.731261509675505,323,30d
2022-10-27 00:00:00+00:00,59.44193675889329,199,60d
2022-10-27 00:00:00+00:00,56.07414052184848,933,7d
2022-10-27 00:00:00+00:00,61.15425324675326,16,90d
2022-10-28 00:00:00+00:00,49.06721888304533,880,14d
2022-10-28 00:00:00+00:00,49.305973682647185,597,30d
2022-10-28 00:00:00+00:00,55.505017294738764,340,60d
2022-10-28 00:00:00+00:00,48.70541925834812,2261,7d
2022-10-28 00:00:00+00:00,57.755740469208206,100,90d
2022-10-29 00:00:00+00:00,50.1784732192159,392,14d
2022-10-29 00:00:00+00:00,50.79051259774109,310,30d
2022-10-29 00:00:00+00:00,55.31451104100947,127,60d
2022-10-29 00:00:00+00:00,48.02452181255277,1185,7d
2022-10-29 00:00:00+00:00,56.64636363636363,7,90d
2022-10-30 00:00:00+00:00,54.02408199643494,188,14d
2022-10-30 00:00:00+00:00,53.92173091458806,211,30d
2022-10-30 00:00:00+00:00,57.53682142857143,43,60d
2022-10-30 00:00:00+00:00,56.677774509803925,562,7d
2022-10-30 00:00:00+00:00,58.48208333333333,3,90d
2022-10-31 00:00:00+00:00,56.52078143274854,536,14d
2022-10-31 00:00:00+00:00,54.96795500814332,324,30d
2022-10-31 00:00:00+00:00,57.97017564091192,527,60d
2022-10-31 00:00:00+00:00,57.366198307550924,1253,7d
2022-10-31 00:00:00+00:00,61.150462427745666,103,90d
2022-11-01 00:00:00+00:00,53.42652060170045,71,14d
2022-11-01 00:00:00+00:00,53.98693830921553,116,30d
2022-11-01 00:00:00+00:00,56.452049727730405,298,60d
2022-11-01 00:00:00+00:00,56.65649628462058,407,7d
2022-11-01 00:00:00+00:00,59.10110031347963,17,90d
2022-11-02 00:00:00+00:00,52.7189973184097,404,14d
2022-11-02 00:00:00+00:00,52.498414779499406,417,30d
2022-11-02 00:00:00+00:00,54.364911686177855,509,60d
2022-11-02 00:00:00+00:00,55.332510368466146,827,7d
2022-11-02 00:00:00+00:00,57.254459031235854,88,90d
2022-11-03 00:00:00+00:00,45.83771128083136,246,14d
2022-11-03 00:00:00+00:00,46.56097154691158,348,30d
2022-11-03 00:00:00+00:00,50.061896035367944,190,60d
2022-11-03 00:00:00+00:00,45.663724997615034,988,7d
2022-11-03 00:00:00+00:00,54.08613824884793,26,90d
2022-11-04 00:00:00+00:00,46.793548845746194,1954,14d
2022-11-04 00:00:00+00:00,47.07603033006245,932,30d
2022-11-04 00:00:00+00:00,52.85651842701256,448,60d
2022-11-04 00:00:00+00:00,47.137822201750346,3926,7d
2022-11-04 00:00:00+00:00,54.218038277511965,43,90d
2022-11-05 00:00:00+00:00,46.37016705463509,372,14d
2022-11-05 00:00:00+00:00,46.328429890848035,80,30d
2022-11-05 00:00:00+00:00,52.590461997019375,100,60d
2022-11-05 00:00:00+00:00,46.54278266080703,601,7d
2022-11-05 00:00:00+00:00,53.90443324937027,14,90d
2022-11-06 00:00:00+00:00,46.5196283557047,351,14d
2022-11-06 00:00:00+00:00,52.11554888507719,56,60d
2022-11-06 00:00:00+00:00,49.40757694153129,650,7d
2022-11-06 00:00:00+00:00,54.94181818181818,5,90d
2022-11-07 00:00:00+00:00,49.35504342547628,668,14d
2022-11-07 00:00:00+00:00,53.584091389728094,347,60d
2022-11-07 00:00:00+00:00,55.166257795698925,1674,7d
2022-11-07 00:00:00+00:00,55.90762950819673,35,90d
2022-11-08 00:00:00+00:00,66.104485856949,2402,14d
2022-11-08 00:00:00+00:00,63.7172262422504,2390,60d
2022-11-08 00:00:00+00:00,73.13517956931838,3672,7d
2022-11-08 00:00:00+00:00,62.75345169653928,172,90d
2022-11-09 00:00:00+00:00,93.90951660479583,2246,14d
2022-11-09 00:00:00+00:00,82.11230058095478,1521,60d
2022-11-09 00:00:00+00:00,111.16306209975912,2111,7d
2022-11-09 00:00:00+00:00,80.81072463768116,218,90d
2022-11-10 00:00:00+00:00,88.43520190510331,1993,14d
2022-11-10 00:00:00+00:00,82.10583913379736,367,30d
2022-11-10 00:00:00+00:00,77.87356403450563,1076,60d
2022-11-10 00:00:00+00:00,96.5320173033708,1922,7d
2022-11-10 00:00:00+00:00,76.72294252122795,193,90d
2022-11-11 00:00:00+00:00,78.40761338216858,1572,14d
2022-11-11 00:00:00+00:00,75.96765294675986,282,30d
2022-11-11 00:00:00+00:00,77.23414339218834,431,60d
2022-11-11 00:00:00+00:00,85.92095374628076,2650,7d
2022-11-11 00:00:00+00:00,74.85409209837782,82,90d
2022-11-12 00:00:00+00:00,80.21941935483872,618,14d
2022-11-12 00:00:00+00:00,85.70577825159916,123,30d
2022-11-12 00:00:00+00:00,83.44051806977231,104,60d
2022-11-12 00:00:00+00:00,82.80722229612877,660,7d
2022-11-12 00:00:00+00:00,77.05368539325843,17,90d
2022-11-13 00:00:00+00:00,82.8093264781491,539,14d
2022-11-13 00:00:00+00:00,80.31128831630387,159,60d
2022-11-13 00:00:00+00:00,80.29861330421636,490,7d
2022-11-13 00:00:00+00:00,79.93,1,90d
2022-11-14 00:00:00+00:00,83.74269061652166,704,14d
2022-11-14 00:00:00+00:00,72.32773789725137,1298,60d
2022-11-14 00:00:00+00:00,84.34779002187273,2147,7d
2022-11-15 00:00:00+00:00,73.13749120956399,252,14d
2022-11-15 00:00:00+00:00,71.71935427574171,68,60d
2022-11-15 00:00:00+00:00,76.64353521404617,751,7d
2022-11-16 00:00:00+00:00,76.63847558046437,279,14d
2022-11-16 00:00:00+00:00,73.01781604538087,45,60d
2022-11-16 00:00:00+00:00,77.64295253112937,1393,7d
2022-11-17 00:00:00+00:00,71.81276769832799,145,14d
2022-11-17 00:00:00+00:00,72.60814749000444,95,30d
2022-11-17 00:00:00+00:00,71.17456642579211,22,60d
2022-11-17 00:00:00+00:00,68.10212159594681,1023,7d
2022-11-18 00:00:00+00:00,64.80949043478262,531,14d
2022-11-18 00:00:00+00:00,65.35344496294262,218,30d
2022-11-18 00:00:00+00:00,68.85280701754387,50,60d
2022-11-18 00:00:00+00:00,62.90679493128681,1222,7d
2022-11-19 00:00:00+00:00,60.916320336212934,270,14d
2022-11-19 00:00:00+00:00,62.77996073298429,26,30d
2022-11-19 00:00:00+00:00,67.62424418604652,8,60d
2022-11-19 00:00:00+00:00,59.99962222056964,730,7d
2022-11-20 00:00:00+00:00,66.11299393470125,289,14d
2022-11-20 00:00:00+00:00,68.944055907173,81,30d
2022-11-20 00:00:00+00:00,69.87767716535433,24,60d
2022-11-20 00:00:00+00:00,68.53516016214928,695,7d
2022-11-21 00:00:00+00:00,74.45587041987734,405,14d
2022-11-21 00:00:00+00:00,69.24286224741252,267,30d
2022-11-21 00:00:00+00:00,69.98383445945946,112,60d
2022-11-21 00:00:00+00:00,77.5434277213294,2228,7d
2022-11-22 00:00:00+00:00,76.29440311126142,139,14d
2022-11-22 00:00:00+00:00,74.00979423057991,286,30d
2022-11-22 00:00:00+00:00,72.48861940298507,32,60d
2022-11-22 00:00:00+00:00,73.36069208189072,1185,7d
2022-11-23 00:00:00+00:00,63.91686101295642,136,14d
2022-11-23 00:00:00+00:00,67.36862859221534,227,30d
2022-11-23 00:00:00+00:00,68.46869696969698,22,60d
2022-11-23 00:00:00+00:00,64.47559903473076,810,7d
2022-11-24 00:00:00+00:00,64.05170034843205,112,14d
2022-11-24 00:00:00+00:00,65.90562419974393,177,30d
2022-11-24 00:00:00+00:00,66.56095145631068,22,60d
2022-11-24 00:00:00+00:00,59.9379754601227,764,7d
2022-11-24 00:00:00+00:00,66.5,6,90d
2022-11-25 00:00:00+00:00,58.04382036089415,395,14d
2022-11-25 00:00:00+00:00,59.2486246885183,516,30d
2022-11-25 00:00:00+00:00,61.80391437308868,20,60d
2022-11-25 00:00:00+00:00,55.63679745596869,1240,7d
2022-11-25 00:00:00+00:00,64.15628318584072,15,90d
2022-11-26 00:00:00+00:00,54.59321404547289,184,14d
2022-11-26 00:00:00+00:00,58.32450528338137,132,30d
2022-11-26 00:00:00+00:00,61.931410347271445,41,60d
2022-11-26 00:00:00+00:00,52.24781732451137,523,7d
2022-11-26 00:00:00+00:00,63.69888888888889,5,90d
2022-11-27 00:00:00+00:00,56.551522842639585,155,14d
2022-11-27 00:00:00+00:00,59.392130141190904,67,30d
2022-11-27 00:00:00+00:00,62.78332547169811,26,60d
2022-11-27 00:00:00+00:00,54.55939366015481,325,7d
2022-11-27 00:00:00+00:00,63.972142857142856,6,90d
2022-11-28 00:00:00+00:00,61.82855497771174,490,14d
2022-11-28 00:00:00+00:00,60.813769136846055,296,30d
2022-11-28 00:00:00+00:00,63.50738532110092,50,60d
2022-11-28 00:00:00+00:00,57.65329198102201,1129,7d
2022-11-28 00:00:00+00:00,64.28790830945559,162,90d
2022-11-29 00:00:00+00:00,58.5285530191458,104,14d
2022-11-29 00:00:00+00:00,58.9897978206643,278,30d
2022-11-29 00:00:00+00:00,59.418123682361205,123,60d
2022-11-29 00:00:00+00:00,60.23455225127392,751,7d
2022-11-29 00:00:00+00:00,61.139736842105265,24,90d
2022-11-30 00:00:00+00:00,58.02602092414996,231,14d
2022-11-30 00:00:00+00:00,56.558888946041876,748,30d
2022-11-30 00:00:00+00:00,58.83970284237726,86,60d
2022-11-30 00:00:00+00:00,55.02252946157646,742,7d
2022-11-30 00:00:00+00:00,60.61947826086957,50,90d
2022-12-01 00:00:00+00:00,56.45896881496881,206,14d
2022-12-01 00:00:00+00:00,54.992243139526465,343,30d
2022-12-01 00:00:00+00:00,56.28321106434154,90,60d
2022-12-01 00:00:00+00:00,49.922760830199195,424,7d
2022-12-01 00:00:00+00:00,59.64964912280702,10,90d
2022-12-02 00:00:00+00:00,53.05423155597982,548,14d
2022-12-02 00:00:00+00:00,51.002679673805346,351,30d
2022-12-02 00:00:00+00:00,57.832032105071136,91,60d
2022-12-02 00:00:00+00:00,45.944549612440426,1030,7d
2022-12-02 00:00:00+00:00,60.44529411764705,26,90d
2022-12-03 00:00:00+00:00,48.93888096409247,129,14d
2022-12-03 00:00:00+00:00,50.60302662490211,142,30d
2022-12-03 00:00:00+00:00,56.7562982548916,38,60d
2022-12-03 00:00:00+00:00,44.92189342651234,370,7d
2022-12-03 00:00:00+00:00,59.80660377358491,6,90d
2022-12-04 00:00:00+00:00,50.69070448877805,152,14d
2022-12-04 00:00:00+00:00,52.30601244614648,94,30d
2022-12-04 00:00:00+00:00,57.93075829383886,26,60d
2022-12-04 00:00:00+00:00,47.256203656244665,294,7d
2022-12-04 00:00:00+00:00,59.999139465875366,9,90d
2022-12-05 00:00:00+00:00,50.37715891670925,265,14d
2022-12-05 00:00:00+00:00,49.28813262721621,359,30d
2022-12-05 00:00:00+00:00,54.90528980679547,181,60d
2022-12-05 00:00:00+00:00,46.95731960864247,1129,7d
2022-12-05 00:00:00+00:00,58.711284326151244,36,90d
2022-12-06 00:00:00+00:00,49.35189690721649,75,14d
2022-12-06 00:00:00+00:00,49.71988120621383,272,30d
2022-12-06 00:00:00+00:00,53.51525557955364,76,60d
2022-12-06 00:00:00+00:00,50.43592035585681,499,7d
2022-12-06 00:00:00+00:00,56.824420463629096,39,90d
2022-12-07 00:00:00+00:00,50.95414893617021,202,14d
2022-12-07 00:00:00+00:00,49.90334064556565,261,30d
2022-12-07 00:00:00+00:00,54.90458422174841,49,60d
2022-12-07 00:00:00+00:00,53.89779605263157,384,7d
2022-12-07 00:00:00+00:00,59.081,7,90d
2022-12-08 00:00:00+00:00,47.52049218535783,357,14d
2022-12-08 00:00:00+00:00,49.58611696522655,320,30d
2022-12-08 00:00:00+00:00,53.416827889447234,79,60d
2022-12-08 00:00:00+00:00,49.65606659075739,696,7d
2022-12-08 00:00:00+00:00,57.40574850299401,41,90d
2022-12-09 00:00:00+00:00,47.45841531780497,531,14d
2022-12-09 00:00:00+00:00,47.830930956798305,384,30d
2022-12-09 00:00:00+00:00,52.86463375796178,98,60d
2022-12-09 00:00:00+00:00,48.80725281260842,1086,7d
2022-12-09 00:00:00+00:00,54.80574235807861,43,90d
2022-12-10 00:00:00+00:00,48.05224123539232,260,14d
2022-12-10 00:00:00+00:00,52.44903448275862,34,30d
2022-12-10 00:00:00+00:00,53.85063414634147,10,60d
2022-12-10 00:00:00+00:00,46.26797729184188,511,7d
2022-12-10 00:00:00+00:00,57.006022099447506,11,90d
2022-12-11 00:00:00+00:00,50.56025149430472,468,14d
2022-12-11 00:00:00+00:00,56.4474078700812,60,60d
2022-12-11 00:00:00+00:00,52.504535219838736,545,7d
2022-12-11 00:00:00+00:00,57.88,2,90d
2022-12-12 00:00:00+00:00,51.92522218217394,541,14d
2022-12-12 00:00:00+00:00,57.41855273916598,74,60d
2022-12-12 00:00:00+00:00,57.23552039715088,1008,7d
2022-12-13 00:00:00+00:00,51.3080423126615,852,14d
2022-12-13 00:00:00+00:00,58.891278132814676,261,60d
2022-12-13 00:00:00+00:00,57.76815379008747,772,7d
2022-12-14 00:00:00+00:00,48.05640502558125,1192,14d
2022-12-14 00:00:00+00:00,54.77621673003803,136,60d
2022-12-14 00:00:00+00:00,46.94084234593888,976,7d
2022-12-15 00:00:00+00:00,44.02688299676276,649,14d
2022-12-15 00:00:00+00:00,45.12911924119241,75,30d
2022-12-15 00:00:00+00:00,54.62016420361248,16,60d
2022-12-15 00:00:00+00:00,37.7941768492254,685,7d
2022-12-16 00:00:00+00:00,46.28169079754601,1763,14d
2022-12-16 00:00:00+00:00,48.94522246765541,347,30d
2022-12-16 00:00:00+00:00,56.24221221942144,108,60d
2022-12-16 00:00:00+00:00,41.13534029441972,1332,7d
2022-12-16 00:00:00+00:00,60.23995850622407,25,90d
2022-12-17 00:00:00+00:00,53.740543197738724,370,14d
2022-12-17 00:00:00+00:00,55.563253205128206,36,30d
2022-12-17 00:00:00+00:00,58.008,15,60d
2022-12-17 00:00:00+00:00,49.35704950087476,846,7d
2022-12-17 00:00:00+00:00,61.30106796116504,13,90d
2022-12-18 00:00:00+00:00,50.258530826410144,269,14d
2022-12-18 00:00:00+00:00,58.16424280350438,65,30d
2022-12-18 00:00:00+00:00,60.010952380952375,3,60d
2022-12-18 00:00:00+00:00,47.65944345503117,302,7d
2022-12-18 00:00:00+00:00,62.355384615384615,3,90d
2022-12-19 00:00:00+00:00,51.876517999362854,261,14d
2022-12-19 00:00:00+00:00,55.72897881586095,84,30d
2022-12-19 00:00:00+00:00,57.075362563237775,35,60d
2022-12-19 00:00:00+00:00,48.03063718337262,1156,7d
2022-12-19 00:00:00+00:00,61.51763888888889,11,90d
2022-12-20 00:00:00+00:00,51.7323427237692,462,14d
2022-12-20 00:00:00+00:00,54.11671537484117,190,30d
2022-12-20 00:00:00+00:00,57.08153465346535,48,60d
2022-12-20 00:00:00+00:00,45.967353896103894,914,7d
2022-12-20 00:00:00+00:00,60.409054726368154,16,90d
2022-12-21 00:00:00+00:00,44.76126725565985,121,14d
2022-12-21 00:00:00+00:00,52.02061855670103,84,30d
2022-12-21 00:00:00+00:00,58.8292132505176,36,60d
2022-12-21 00:00:00+00:00,40.565013514620354,492,7d
2022-12-21 00:00:00+00:00,59.072256410256415,8,90d
2022-12-22 00:00:00+00:00,43.043054662379426,183,14d
2022-12-22 00:00:00+00:00,46.93474325421894,449,30d
2022-12-22 00:00:00+00:00,55.26084033613445,26,60d
2022-12-22 00:00:00+00:00,35.67977574468085,659,7d
2022-12-22 00:00:00+00:00,59.82946540880503,21,90d
2022-12-23 00:00:00+00:00,38.999437791084496,584,14d
2022-12-23 00:00:00+00:00,43.60032028469752,285,30d
2022-12-23 00:00:00+00:00,53.31772378516624,39,60d
2022-12-23 00:00:00+00:00,34.96975133390423,1347,7d
2022-12-23 00:00:00+00:00,58.71216957605985,40,90d
2022-12-24 00:00:00+00:00,36.89714765100671,238,14d
2022-12-24 00:00:00+00:00,45.845728813559326,51,30d
2022-12-24 00:00:00+00:00,52.29471204188481,21,60d
2022-12-24 00:00:00+00:00,31.690566228513653,327,7d
2022-12-24 00:00:00+00:00,57.86233333333333,6,90d
2022-12-25 00:00:00+00:00,39.90152897657213,181,14d
2022-12-25 00:00:00+00:00,46.193770396270395,66,30d
2022-12-25 00:00:00+00:00,52.25630136986302,40,60d
2022-12-25 00:00:00+00:00,37.3901608204172,316,7d
2022-12-25 00:00:00+00:00,57.504000000000005,4,90d
2022-12-26 00:00:00+00:00,40.8243774427694,138,14d
2022-12-26 00:00:00+00:00,46.6127763881941,103,30d
2022-12-26 00:00:00+00:00,51.6771129707113,84,60d
2022-12-26 00:00:00+00:00,38.21285731487056,387,7d
2022-12-26 00:00:00+00:00,58.32928571428571,18,90d
2022-12-27 00:00:00+00:00,44.25915688367129,97,14d
2022-12-27 00:00:00+00:00,45.78664852255055,150,30d
2022-12-27 00:00:00+00:00,53.17823529411765,15,60d
2022-12-27 00:00:00+00:00,38.49200275459775,591,7d
2022-12-27 00:00:00+00:00,58.50200757575758,42,90d
2022-12-28 00:00:00+00:00,43.85364741641338,129,14d
2022-12-28 00:00:00+00:00,48.26616726526423,143,30d
2022-12-28 00:00:00+00:00,55.600639561443586,34,60d
2022-12-28 00:00:00+00:00,39.98511112635478,319,7d
2022-12-28 00:00:00+00:00,58.043130990415335,30,90d
2022-12-29 00:00:00+00:00,43.168206429780035,288,14d
2022-12-29 00:00:00+00:00,45.500992410974895,246,30d
2022-12-29 00:00:00+00:00,55.49561217736598,33,60d
2022-12-29 00:00:00+00:00,36.093208909053416,375,7d
2022-12-29 00:00:00+00:00,59.3389269051322,27,90d
2022-12-30 00:00:00+00:00,39.388852602165564,870,14d
2022-12-30 00:00:00+00:00,42.616821103699216,471,30d
2022-12-30 00:00:00+00:00,50.928581480439064,224,60d
2022-12-30 00:00:00+00:00,31.33237079278992,1055,7d
2022-12-30 00:00:00+00:00,55.88375728669846,89,90d
2022-12-31 00:00:00+00:00,37.142629161882894,217,14d
2022-12-31 00:00:00+00:00,42.25103658536586,80,30d
2022-12-31 00:00:00+00:00,48.95438095238095,11,60d
2022-12-31 00:00:00+00:00,32.02285577841452,225,7d
2022-12-31 00:00:00+00:00,55.16025839793281,28,90d
2023-01-01 00:00:00+00:00,36.281308823529415,258,14d
2023-01-01 00:00:00+00:00,40.112115528882214,65,30d
2023-01-01 00:00:00+00:00,49.75982683982684,10,60d
2023-01-01 00:00:00+00:00,30.959766758134066,183,7d
2023-01-01 00:00:00+00:00,54.31154255319148,8,90d
2023-01-02 00:00:00+00:00,37.94473376029277,230,14d
2023-01-02 00:00:00+00:00,39.50734650670431,225,30d
2023-01-02 00:00:00+00:00,48.70468599033816,64,60d
2023-01-02 00:00:00+00:00,33.86335220303802,683,7d
2023-01-02 00:00:00+00:00,52.78676605504586,44,90d
2023-01-03 00:00:00+00:00,39.58384528642309,144,14d
2023-01-03 00:00:00+00:00,41.711898395721924,197,30d
2023-01-03 00:00:00+00:00,47.9784932735426,84,60d
2023-01-03 00:00:00+00:00,38.49268176172733,413,7d
2023-01-03 00:00:00+00:00,54.12592209856916,67,90d
2023-01-04 00:00:00+00:00,36.78017947034362,495,14d
2023-01-04 00:00:00+00:00,38.58542463695543,433,30d
2023-01-04 00:00:00+00:00,44.11918522748906,217,60d
2023-01-04 00:00:00+00:00,37.01540232613339,662,7d
2023-01-04 00:00:00+00:00,49.935228451469506,129,90d
2023-01-05 00:00:00+00:00,36.14266473429952,140,14d
2023-01-05 00:00:00+00:00,38.003129652068544,277,30d
2023-01-05 00:00:00+00:00,44.61230247718383,68,60d
2023-01-05 00:00:00+00:00,35.73105279144645,400,7d
2023-01-05 00:00:00+00:00,49.765332252836295,58,90d
2023-01-06 00:00:00+00:00,32.839331013037395,809,14d
2023-01-06 00:00:00+00:00,34.82633451327434,421,30d
2023-01-06 00:00:00+00:00,43.55076877934272,163,60d
2023-01-06 00:00:00+00:00,31.79464809936018,1373,7d
2023-01-06 00:00:00+00:00,48.69890154968095,75,90d
2023-01-07 00:00:00+00:00,33.585484404837686,247,14d
2023-01-07 00:00:00+00:00,34.80013307047807,49,30d
2023-01-07 00:00:00+00:00,41.42294672586016,79,60d
2023-01-07 00:00:00+00:00,30.29877714581179,306,7d
2023-01-07 00:00:00+00:00,47.59834123222748,14,90d
2023-01-08 00:00:00+00:00,32.882524743230626,400,14d
2023-01-08 00:00:00+00:00,40.49196581196581,25,60d
2023-01-08 00:00:00+00:00,34.688179708650246,472,7d
2023-01-08 00:00:00+00:00,47.412903225806446,7,90d
2023-01-09 00:00:00+00:00,37.51175109901612,887,14d
2023-01-09 00:00:00+00:00,41.40894289759321,229,60d
2023-01-09 00:00:00+00:00,38.062358453648585,1586,7d
2023-01-09 00:00:00+00:00,46.86715785381027,152,90d
2023-01-10 00:00:00+00:00,39.28938536095269,390,14d
2023-01-10 00:00:00+00:00,40.98024096385542,22,60d
2023-01-10 00:00:00+00:00,39.94928514536041,507,7d
2023-01-10 00:00:00+00:00,45.57933658536585,73,90d
2023-01-11 00:00:00+00:00,41.0902270926855,394,14d
2023-01-11 00:00:00+00:00,42.567376425855514,391,7d
2023-01-11 00:00:00+00:00,45.85498876909254,148,90d
2023-01-12 00:00:00+00:00,43.67100087045976,2017,14d
2023-01-12 00:00:00+00:00,44.98005597014925,264,30d
2023-01-12 00:00:00+00:00,44.09171001586179,1665,7d
2023-01-12 00:00:00+00:00,46.16858773730118,702,90d
2023-01-13 00:00:00+00:00,49.90186034744477,2468,14d
2023-01-13 00:00:00+00:00,49.63023673667597,674,30d
2023-01-13 00:00:00+00:00,46.83949074300628,2355,7d
2023-01-13 00:00:00+00:00,49.09445595145764,987,90d
2023-01-14 00:00:00+00:00,64.2164263860906,2939,14d
2023-01-14 00:00:00+00:00,60.585058191584594,228,30d
2023-01-14 00:00:00+00:00,68.82399352018285,2202,7d
2023-01-14 00:00:00+00:00,54.62931948491399,404,90d
2023-01-15 00:00:00+00:00,69.38943699392713,682,14d
2023-01-15 00:00:00+00:00,64.97863046686865,105,30d
2023-01-15 00:00:00+00:00,60.38918943813326,56,60d
2023-01-15 00:00:00+00:00,73.76827161636733,756,7d
2023-01-15 00:00:00+00:00,61.682083897158314,30,90d
2023-01-16 00:00:00+00:00,67.76350181303617,958,14d
2023-01-16 00:00:00+00:00,63.688934320669674,706,30d
2023-01-16 00:00:00+00:00,61.747334079265066,321,60d
2023-01-16 00:00:00+00:00,65.08562401567241,1832,7d
2023-01-17 00:00:00+00:00,61.93095526561043,466,14d
2023-01-17 00:00:00+00:00,60.593849256655524,322,30d
2023-01-17 00:00:00+00:00,59.035529927344015,245,60d
2023-01-17 00:00:00+00:00,61.47348136520154,712,7d
2023-01-18 00:00:00+00:00,59.00073790234289,478,14d
2023-01-18 00:00:00+00:00,58.64773838840846,364,30d
2023-01-18 00:00:00+00:00,58.731458928367424,192,60d
2023-01-18 00:00:00+00:00,60.06120878878701,1144,7d
2023-01-19 00:00:00+00:00,55.74317484844883,191,14d
2023-01-19 00:00:00+00:00,54.977999097821886,388,30d
2023-01-19 00:00:00+00:00,55.67199932341001,136,60d
2023-01-19 00:00:00+00:00,51.081513239297195,488,7d
2023-01-20 00:00:00+00:00,51.756952880889884,830,14d
2023-01-20 00:00:00+00:00,51.674201008818585,817,30d
2023-01-20 00:00:00+00:00,53.125231982395015,273,60d
2023-01-20 00:00:00+00:00,49.967639325228795,2163,7d
2023-01-21 00:00:00+00:00,63.678385810588615,955,14d
2023-01-21 00:00:00+00:00,57.82521508034611,551,30d
2023-01-21 00:00:00+00:00,57.440215311004785,236,60d
2023-01-21 00:00:00+00:00,61.409578043215674,1356,7d
2023-01-22 00:00:00+00:00,61.335689685162635,485,14d
2023-01-22 00:00:00+00:00,58.209695177711396,389,30d
2023-01-22 00:00:00+00:00,56.635576519916135,162,60d
2023-01-22 00:00:00+00:00,58.37142768919829,810,7d
2023-01-23 00:00:00+00:00,61.67387425787791,412,14d
2023-01-23 00:00:00+00:00,61.07460584907932,282,30d
2023-01-23 00:00:00+00:00,58.84440763413756,188,60d
2023-01-23 00:00:00+00:00,63.15711154178135,1558,7d
2023-01-24 00:00:00+00:00,61.01789401027686,239,14d
2023-01-24 00:00:00+00:00,60.16367629524213,135,30d
2023-01-24 00:00:00+00:00,58.60941306266549,106,60d
2023-01-24 00:00:00+00:00,66.73917071678619,889,7d
2023-01-25 00:00:00+00:00,56.75259936011376,391,14d
2023-01-25 00:00:00+00:00,55.6012614278377,403,30d
2023-01-25 00:00:00+00:00,56.5152036199095,184,60d
2023-01-25 00:00:00+00:00,56.177485554762065,1194,7d
2023-01-26 00:00:00+00:00,54.06316074653822,272,14d
2023-01-26 00:00:00+00:00,54.21127499999999,295,30d
2023-01-26 00:00:00+00:00,54.959162085115054,140,60d
2023-01-26 00:00:00+00:00,54.6706624623601,577,7d
2023-01-26 00:00:00+00:00,54.90794117647059,19,90d
2023-01-27 00:00:00+00:00,52.67425537452501,811,14d
2023-01-27 00:00:00+00:00,53.115863933959574,852,30d
2023-01-27 00:00:00+00:00,54.12426229508197,106,60d
2023-01-27 00:00:00+00:00,54.9285279717025,1399,7d
2023-01-27 00:00:00+00:00,54.006037463976945,47,90d
2023-01-28 00:00:00+00:00,51.19404097714737,150,14d
2023-01-28 00:00:00+00:00,50.8232868405094,87,30d
2023-01-28 00:00:00+00:00,51.90516129032258,48,60d
2023-01-28 00:00:00+00:00,52.366877523553164,398,7d
2023-01-28 00:00:00+00:00,52.28013736263736,15,90d
2023-01-29 00:00:00+00:00,56.742416438356166,502,14d
2023-01-29 00:00:00+00:00,54.20130640902544,370,30d
2023-01-29 00:00:00+00:00,53.82349497597204,231,60d
2023-01-29 00:00:00+00:00,64.777189888678,1080,7d
2023-01-29 00:00:00+00:00,54.62311622683886,46,90d
2023-01-30 00:00:00+00:00,55.32617250673855,433,14d
2023-01-30 00:00:00+00:00,53.208092415465444,396,30d
2023-01-30 00:00:00+00:00,52.61476534296029,207,60d
2023-01-30 00:00:00+00:00,64.87750765774139,2095,7d
2023-01-30 00:00:00+00:00,52.74417266187051,40,90d
2023-01-31 00:00:00+00:00,55.45530921820303,248,14d
2023-01-31 00:00:00+00:00,53.84845205479452,269,30d
2023-01-31 00:00:00+00:00,53.42745363766049,226,60d
2023-01-31 00:00:00+00:00,57.87199573912446,624,7d
2023-01-31 00:00:00+00:00,52.964960334385395,86,90d
2023-02-01 00:00:00+00:00,54.29702990526903,422,14d
2023-02-01 00:00:00+00:00,54.32368587847545,402,30d
2023-02-01 00:00:00+00:00,54.44342327284304,156,60d
2023-02-01 00:00:00+00:00,58.77189280278321,925,7d
2023-02-01 00:00:00+00:00,55.3476748216106,152,90d
2023-02-02 00:00:00+00:00,54.64639582344566,605,14d
2023-02-02 00:00:00+00:00,53.72535681257707,585,30d
2023-02-02 00:00:00+00:00,53.408352077117286,312,60d
2023-02-02 00:00:00+00:00,52.91501800886591,952,7d
2023-02-02 00:00:00+00:00,54.434975845410634,150,90d
2023-02-03 00:00:00+00:00,52.88625079902237,1028,14d
2023-02-03 00:00:00+00:00,52.107452678857875,584,30d
2023-02-03 00:00:00+00:00,53.20395940929632,141,60d
2023-02-03 00:00:00+00:00,50.97496004323191,1803,7d
2023-02-03 00:00:00+00:00,54.42305825242719,84,90d
2023-02-04 00:00:00+00:00,50.48307554386804,452,14d
2023-02-04 00:00:00+00:00,49.180228365384615,65,30d
2023-02-04 00:00:00+00:00,52.49012422360248,16,60d
2023-02-04 00:00:00+00:00,47.884418098510885,761,7d
2023-02-04 00:00:00+00:00,53.25,1,90d
2023-02-05 00:00:00+00:00,52.83110832599417,761,14d
2023-02-05 00:00:00+00:00,53.332687312687305,80,60d
2023-02-05 00:00:00+00:00,52.45756529341055,736,7d
2023-02-05 00:00:00+00:00,54.246779359430604,55,90d
2023-02-06 00:00:00+00:00,50.46503531642569,745,14d
2023-02-06 00:00:00+00:00,51.67738621586476,316,60d
2023-02-06 00:00:00+00:00,50.55900742172882,1296,7d
2023-02-06 00:00:00+00:00,53.19272077114427,77,90d
2023-02-07 00:00:00+00:00,48.332794533459,404,14d
2023-02-07 00:00:00+00:00,51.04228281308763,226,60d
2023-02-07 00:00:00+00:00,48.47191557986257,711,7d
2023-02-07 00:00:00+00:00,52.185159999999996,66,90d
2023-02-08 00:00:00+00:00,47.64931086381465,530,14d
2023-02-08 00:00:00+00:00,49.6645236122618,471,60d
2023-02-08 00:00:00+00:00,49.84135755759505,530,7d
2023-02-08 00:00:00+00:00,51.420764705882355,25,90d
2023-02-09 00:00:00+00:00,46.01172142667224,972,14d
2023-02-09 00:00:00+00:00,45.779185146982975,340,30d
2023-02-09 00:00:00+00:00,48.0149976752596,531,60d
2023-02-09 00:00:00+00:00,48.9627523942048,1406,7d
2023-02-09 00:00:00+00:00,50.048789743589744,115,90d
2023-02-10 00:00:00+00:00,44.31616754911178,910,14d
2023-02-10 00:00:00+00:00,44.56454918032787,372,30d
2023-02-10 00:00:00+00:00,47.84730422485416,305,60d
2023-02-10 00:00:00+00:00,45.94535562277,1492,7d
2023-02-10 00:00:00+00:00,49.93252067914671,60,90d
2023-02-11 00:00:00+00:00,41.51237877401647,333,14d
2023-02-11 00:00:00+00:00,42.623174603174604,41,30d
2023-02-11 00:00:00+00:00,45.252794044665016,104,60d
2023-02-11 00:00:00+00:00,41.635306177502024,466,7d
2023-02-11 00:00:00+00:00,47.3920955882353,30,90d
2023-02-12 00:00:00+00:00,42.238678967776444,426,14d
2023-02-12 00:00:00+00:00,44.43025054326984,226,60d
2023-02-12 00:00:00+00:00,45.74015676181563,309,7d
2023-02-12 00:00:00+00:00,47.99,1,90d
2023-02-13 00:00:00+00:00,46.08701569627046,572,14d
2023-02-13 00:00:00+00:00,47.58524366557782,412,60d
2023-02-13 00:00:00+00:00,49.93346529947032,1507,7d
2023-02-14 00:00:00+00:00,45.13065040650407,282,14d
2023-02-14 00:00:00+00:00,47.83552490736928,101,60d
2023-02-14 00:00:00+00:00,45.79856500878497,849,7d
2023-02-15 00:00:00+00:00,45.43806963388371,793,14d
2023-02-15 00:00:00+00:00,48.50766540032973,197,60d
2023-02-15 00:00:00+00:00,48.40103726305472,2034,7d
2023-02-16 00:00:00+00:00,53.223670541227754,953,14d
2023-02-16 00:00:00+00:00,53.43588555457488,365,30d
2023-02-16 00:00:00+00:00,51.91743136264107,396,60d
2023-02-16 00:00:00+00:00,56.24276185116526,2327,7d
2023-02-17 00:00:00+00:00,56.36219942711156,1304,14d
2023-02-17 00:00:00+00:00,55.64254671904864,596,30d
2023-02-17 00:00:00+00:00,55.10257848266841,223,60d
2023-02-17 00:00:00+00:00,60.476914175442325,2755,7d
2023-02-18 00:00:00+00:00,58.57858725761773,282,14d
2023-02-18 00:00:00+00:00,56.99548780487805,29,30d
2023-02-18 00:00:00+00:00,55.934044943820226,24,60d
2023-02-18 00:00:00+00:00,59.258814144027596,431,7d
2023-02-19 00:00:00+00:00,59.375837879118485,400,14d
2023-02-19 00:00:00+00:00,56.55811403508772,162,30d
2023-02-19 00:00:00+00:00,56.09685406698565,43,60d
2023-02-19 00:00:00+00:00,64.03597766780864,931,7d
2023-02-20 00:00:00+00:00,59.434519596494134,467,14d
2023-02-20 00:00:00+00:00,58.053989535148254,324,30d
2023-02-20 00:00:00+00:00,56.73797650937564,112,60d
2023-02-20 00:00:00+00:00,64.03339877054245,1395,7d
2023-02-21 00:00:00+00:00,58.740210176991155,393,14d
2023-02-21 00:00:00+00:00,58.089238230332775,469,30d
2023-02-21 00:00:00+00:00,57.21145521698985,107,60d
2023-02-21 00:00:00+00:00,61.74824408439212,932,7d
2023-02-22 00:00:00+00:00,55.72862849533956,258,14d
2023-02-22 00:00:00+00:00,55.989047016898496,330,30d
2023-02-22 00:00:00+00:00,56.216388927625154,68,60d
2023-02-22 00:00:00+00:00,56.032313854287665,619,7d
2023-02-23 00:00:00+00:00,52.46218278778964,356,14d
2023-02-23 00:00:00+00:00,53.2617108789774,303,30d
2023-02-23 00:00:00+00:00,54.25935761848805,110,60d
2023-02-23 00:00:00+00:00,52.673637932224445,684,7d
2023-02-23 00:00:00+00:00,54.63311320754717,13,90d
2023-02-24 00:00:00+00:00,49.393829625058984,973,14d
2023-02-24 00:00:00+00:00,50.48022959579955,928,30d
2023-02-24 00:00:00+00:00,52.61795623948065,153,60d
2023-02-24 00:00:00+00:00,48.91540087449995,1609,7d
2023-02-24 00:00:00+00:00,53.91982688391038,77,90d
2023-02-25 00:00:00+00:00,45.107472546328076,391,14d
2023-02-25 00:00:00+00:00,46.26646551724138,211,30d
2023-02-25 00:00:00+00:00,48.9797641509434,12,60d
2023-02-25 00:00:00+00:00,42.733772223653695,508,7d
2023-02-25 00:00:00+00:00,50.91942028985507,20,90d
2023-02-26 00:00:00+00:00,47.38899282140527,254,14d
2023-02-26 00:00:00+00:00,48.57146377638334,322,30d
2023-02-26 00:00:00+00:00,50.04594859241126,24,60d
2023-02-26 00:00:00+00:00,46.92086372539875,358,7d
2023-02-26 00:00:00+00:00,50.98610169491525,15,90d
2023-02-27 00:00:00+00:00,47.64009802673456,252,14d
2023-02-27 00:00:00+00:00,48.0375697187313,908,30d
2023-02-27 00:00:00+00:00,49.36146424905918,77,60d
2023-02-27 00:00:00+00:00,46.561428320860614,945,7d
2023-02-27 00:00:00+00:00,50.50691335740073,31,90d
2023-02-28 00:00:00+00:00,46.53886796949475,160,14d
2023-02-28 00:00:00+00:00,47.469122357463164,773,30d
2023-02-28 00:00:00+00:00,48.852870039890824,88,60d
2023-02-28 00:00:00+00:00,47.30577995175556,542,7d
2023-02-28 00:00:00+00:00,49.92758068551414,59,90d
2023-03-01 00:00:00+00:00,51.2076248565478,452,14d
2023-03-01 00:00:00+00:00,50.669504685408306,715,30d
2023-03-01 00:00:00+00:00,51.69816085156712,83,60d
2023-03-01 00:00:00+00:00,49.21287574970908,943,7d
2023-03-01 00:00:00+00:00,52.11800660066007,35,90d
2023-03-02 00:00:00+00:00,50.30235915901963,288,14d
2023-03-02 00:00:00+00:00,50.51161974532065,725,30d
2023-03-02 00:00:00+00:00,51.52239943872779,65,60d
2023-03-02 00:00:00+00:00,47.71820134336161,779,7d
2023-03-02 00:00:00+00:00,52.1438813559322,26,90d
2023-03-03 00:00:00+00:00,48.45378501850034,1138,14d
2023-03-03 00:00:00+00:00,49.79217672790901,1121,30d
2023-03-03 00:00:00+00:00,51.42362206823028,323,60d
2023-03-03 00:00:00+00:00,46.97764652082196,1999,7d
2023-03-03 00:00:00+00:00,53.10611618467783,93,90d
2023-03-04 00:00:00+00:00,45.25809677419355,311,14d
2023-03-04 00:00:00+00:00,47.54354512635379,232,30d
2023-03-04 00:00:00+00:00,50.078781869688385,24,60d
2023-03-04 00:00:00+00:00,42.80268619892059,494,7d
2023-03-04 00:00:00+00:00,50.69907859078591,30,90d
2023-03-05 00:00:00+00:00,45.42857221914776,349,14d
2023-03-05 00:00:00+00:00,47.333655204898726,163,30d
2023-03-05 00:00:00+00:00,49.91701986754967,22,60d
2023-03-05 00:00:00+00:00,44.398971291866026,447,7d
2023-03-05 00:00:00+00:00,51.34772727272728,12,90d
2023-03-06 00:00:00+00:00,47.43882993977632,288,14d
2023-03-06 00:00:00+00:00,48.572552602436325,266,30d
2023-03-06 00:00:00+00:00,49.56554447546869,86,60d
2023-03-06 00:00:00+00:00,45.7933308543806,1059,7d
2023-03-06 00:00:00+00:00,50.732424242424244,30,90d
2023-03-07 00:00:00+00:00,47.83142362613587,312,14d
2023-03-07 00:00:00+00:00,47.6528587196468,396,30d
2023-03-07 00:00:00+00:00,48.990830256461436,175,60d
2023-03-07 00:00:00+00:00,47.12470254339046,725,7d
2023-03-07 00:00:00+00:00,50.37218390804598,33,90d
2023-03-08 00:00:00+00:00,47.05705573770492,396,14d
2023-03-08 00:00:00+00:00,46.866885359116026,480,30d
2023-03-08 00:00:00+00:00,49.672001657687524,112,60d
2023-03-08 00:00:00+00:00,47.46518358208955,711,7d
2023-03-08 00:00:00+00:00,50.239640718562875,54,90d
2023-03-09 00:00:00+00:00,46.63361442300744,654,14d
2023-03-09 00:00:00+00:00,46.66892572912977,1464,30d
2023-03-09 00:00:00+00:00,49.40612580834803,309,60d
2023-03-09 00:00:00+00:00,48.77793776979955,1603,7d
2023-03-09 00:00:00+00:00,49.21388630009319,90,90d
2023-03-10 00:00:00+00:00,51.61177393310265,1537,14d
2023-03-10 00:00:00+00:00,51.15005583693638,1151,30d
2023-03-10 00:00:00+00:00,51.64645373483409,250,60d
2023-03-10 00:00:00+00:00,55.0497098066429,2041,7d
2023-03-10 00:00:00+00:00,51.49108792846498,109,90d
2023-03-11 00:00:00+00:00,55.36053157169491,2285,14d
2023-03-11 00:00:00+00:00,52.21356284153006,427,30d
2023-03-11 00:00:00+00:00,52.76313740033377,370,60d
2023-03-11 00:00:00+00:00,60.79731754793725,1438,7d
2023-03-11 00:00:00+00:00,52.261946598855694,249,90d
2023-03-12 00:00:00+00:00,56.108897114264174,2482,14d
2023-03-12 00:00:00+00:00,52.06558846733128,469,60d
2023-03-12 00:00:00+00:00,68.95819501093574,2322,7d
2023-03-12 00:00:00+00:00,51.4842105263158,15,90d
2023-03-13 00:00:00+00:00,61.28584577539375,2622,14d
2023-03-13 00:00:00+00:00,57.79539667508418,989,60d
2023-03-13 00:00:00+00:00,81.16660969585212,4596,7d
2023-03-14 00:00:00+00:00,61.471637892683596,2169,14d
2023-03-14 00:00:00+00:00,56.86298818624044,348,60d
2023-03-14 00:00:00+00:00,71.14896089493226,1985,7d
2023-03-15 00:00:00+00:00,64.57699937396227,855,14d
2023-03-15 00:00:00+00:00,57.388368109623165,146,60d
2023-03-15 00:00:00+00:00,71.9653646800288,947,7d
2023-03-16 00:00:00+00:00,58.22301091123562,758,14d
2023-03-16 00:00:00+00:00,58.13476695718075,205,30d
2023-03-16 00:00:00+00:00,55.583468208092484,125,60d
2023-03-16 00:00:00+00:00,60.3182121147923,1050,7d
2023-03-17 00:00:00+00:00,65.1816762508264,2322,14d
2023-03-17 00:00:00+00:00,62.6196640223985,713,30d
2023-03-17 00:00:00+00:00,59.293952611739364,344,60d
2023-03-17 00:00:00+00:00,72.83877336691245,2057,7d
2023-03-17 00:00:00+00:00,58.49327969144833,213,90d
2023-03-18 00:00:00+00:00,67.2228260192966,685,14d
2023-03-18 00:00:00+00:00,62.87804979253112,30,30d
2023-03-18 00:00:00+00:00,60.347589779005524,72,60d
2023-03-18 00:00:00+00:00,72.96322768974144,636,7d
2023-03-18 00:00:00+00:00,58.957384441939126,65,90d
2023-03-19 00:00:00+00:00,73.82134436269297,719,14d
2023-03-19 00:00:00+00:00,67.10289695398575,241,30d
2023-03-19 00:00:00+00:00,62.81887931034483,107,60d
2023-03-19 00:00:00+00:00,83.53730706891143,974,7d
2023-03-19 00:00:00+00:00,63.386493080844865,83,90d
2023-03-20 00:00:00+00:00,70.77532427039162,506,14d
2023-03-20 00:00:00+00:00,65.65446556357867,491,30d
2023-03-20 00:00:00+00:00,64.08784517158819,174,60d
2023-03-20 00:00:00+00:00,77.27765472702266,2128,7d
2023-03-20 00:00:00+00:00,62.51574860306022,155,90d
2023-03-21 00:00:00+00:00,68.88251330001613,217,14d
2023-03-21 00:00:00+00:00,64.78505303425491,319,30d
2023-03-21 00:00:00+00:00,64.36163081650571,111,60d
2023-03-21 00:00:00+00:00,72.05018362884316,1428,7d
2023-03-21 00:00:00+00:00,63.18380577824837,206,90d
2023-03-22 00:00:00+00:00,68.04833454255242,792,14d
2023-03-22 00:00:00+00:00,64.2582242207149,332,30d
2023-03-22 00:00:00+00:00,62.602450519720925,140,60d
2023-03-22 00:00:00+00:00,70.33101690655701,1712,7d
2023-03-22 00:00:00+00:00,61.863486186806995,234,90d
2023-03-23 00:00:00+00:00,63.10845391287771,407,14d
2023-03-23 00:00:00+00:00,61.43701897018971,400,30d
2023-03-23 00:00:00+00:00,60.44053510565781,148,60d
2023-03-23 00:00:00+00:00,61.824027863395386,2658,7d
2023-03-23 00:00:00+00:00,61.37028330687508,159,90d
2023-03-24 00:00:00+00:00,63.592328543855885,608,14d
2023-03-24 00:00:00+00:00,63.373126669478424,409,30d
2023-03-24 00:00:00+00:00,61.8688894184938,74,60d
2023-03-24 00:00:00+00:00,63.28446222846334,1674,7d
2023-03-24 00:00:00+00:00,62.22100291828794,143,90d
2023-03-25 00:00:00+00:00,58.01626345083488,409,14d
2023-03-25 00:00:00+00:00,59.092658528314686,117,30d
2023-03-25 00:00:00+00:00,60.15887096774193,14,60d
2023-03-25 00:00:00+00:00,57.32620987654321,807,7d
2023-03-25 00:00:00+00:00,60.119882352941175,18,90d
2023-03-26 00:00:00+00:00,59.020612040133784,275,14d
2023-03-26 00:00:00+00:00,58.798237597911225,65,30d
2023-03-26 00:00:00+00:00,59.91366279069767,10,60d
2023-03-26 00:00:00+00:00,61.87565017016449,732,7d
2023-03-26 00:00:00+00:00,59.30816301703162,24,90d
2023-03-27 00:00:00+00:00,59.79787078294081,321,14d
2023-03-27 00:00:00+00:00,58.995583809741596,248,30d
2023-03-27 00:00:00+00:00,59.55535433070866,124,60d
2023-03-27 00:00:00+00:00,64.96674213030977,2397,7d
2023-03-27 00:00:00+00:00,59.750085007727975,89,90d
2023-03-28 00:00:00+00:00,57.18817869415807,103,14d
2023-03-28 00:00:00+00:00,57.17214029550997,191,30d
2023-03-28 00:00:00+00:00,57.28428672150411,60,60d
2023-03-28 00:00:00+00:00,57.834066069466175,1407,7d
2023-03-28 00:00:00+00:00,57.71833273316528,101,90d
2023-03-29 00:00:00+00:00,59.427672764227644,218,14d
2023-03-29 00:00:00+00:00,60.93776532246324,304,30d
2023-03-29 00:00:00+00:00,60.415532479848274,110,60d
2023-03-29 00:00:00+00:00,62.03159150244984,1153,7d
2023-03-29 00:00:00+00:00,59.59332482269504,61,90d
2023-03-30 00:00:00+00:00,63.15519898164276,319,14d
2023-03-30 00:00:00+00:00,61.398162640725765,482,30d
2023-03-30 00:00:00+00:00,61.86370148059223,116,60d
2023-03-30 00:00:00+00:00,60.88517100598073,1459,7d
2023-03-30 00:00:00+00:00,61.27258522727273,166,90d
2023-03-31 00:00:00+00:00,58.01600589338334,565,14d
2023-03-31 00:00:00+00:00,56.7527098964894,551,30d
2023-03-31 00:00:00+00:00,57.21426278974078,170,60d
2023-03-31 00:00:00+00:00,56.80957899981977,2121,7d
2023-03-31 00:00:00+00:00,57.95879537685171,224,90d
2023-04-01 00:00:00+00:00,55.64998145285935,146,14d
2023-04-01 00:00:00+00:00,54.75766680743243,75,30d
2023-04-01 00:00:00+00:00,55.66182716049383,24,60d
2023-04-01 00:00:00+00:00,55.95980151843818,499,7d
2023-04-01 00:00:00+00:00,57.41646003262643,47,90d
2023-04-02 00:00:00+00:00,57.608240343347646,391,14d
2023-04-02 00:00:00+00:00,55.909465400271365,327,30d
2023-04-02 00:00:00+00:00,56.95460215053764,20,60d
2023-04-02 00:00:00+00:00,59.53873222647935,617,7d
2023-04-02 00:00:00+00:00,57.88411764705882,12,90d
2023-04-03 00:00:00+00:00,58.05522681110359,289,14d
2023-04-03 00:00:00+00:00,56.95148867166088,904,30d
2023-04-03 00:00:00+00:00,56.72120842572062,107,60d
2023-04-03 00:00:00+00:00,60.05279146173519,1945,7d
2023-04-03 00:00:00+00:00,57.61463378176382,111,90d
2023-04-04 00:00:00+00:00,56.60107717803031,398,14d
2023-04-04 00:00:00+00:00,57.05908388343261,179,30d
2023-04-04 00:00:00+00:00,58.225300816501935,67,60d
2023-04-04 00:00:00+00:00,57.65496954745201,717,7d
2023-04-04 00:00:00+00:00,57.95879786814054,82,90d
2023-04-05 00:00:00+00:00,56.015026622296176,624,14d
2023-04-05 00:00:00+00:00,56.66703263189997,276,30d
2023-04-05 00:00:00+00:00,56.563442249240126,91,60d
2023-04-05 00:00:00+00:00,57.17290757765327,650,7d
2023-04-05 00:00:00+00:00,57.00628642797668,49,90d
2023-04-06 00:00:00+00:00,56.371516017912505,856,14d
2023-04-06 00:00:00+00:00,55.23287820899524,288,30d
2023-04-06 00:00:00+00:00,56.12103588605253,79,60d
2023-04-06 00:00:00+00:00,55.460441983284625,918,7d
2023-04-06 00:00:00+00:00,56.9555569007264,50,90d
2023-04-07 00:00:00+00:00,52.10662958144543,897,14d
2023-04-07 00:00:00+00:00,52.741016005567154,263,30d
2023-04-07 00:00:00+00:00,54.557055335968386,94,60d
2023-04-07 00:00:00+00:00,50.216886528003585,1315,7d
2023-04-07 00:00:00+00:00,56.086148648648646,32,90d
2023-04-08 00:00:00+00:00,51.05893609976824,492,14d
2023-04-08 00:00:00+00:00,50.68268449727588,62,30d
2023-04-08 00:00:00+00:00,54.14004527618473,39,60d
2023-04-08 00:00:00+00:00,47.39601131193901,666,7d
2023-04-08 00:00:00+00:00,56.04372093023256,14,90d
2023-04-09 00:00:00+00:00,53.64434182091516,526,14d
2023-04-09 00:00:00+00:00,55.65166488794023,54,60d
2023-04-09 00:00:00+00:00,56.938938878525185,724,7d
2023-04-09 00:00:00+00:00,57.16933085501859,28,90d
2023-04-10 00:00:00+00:00,58.25427072638603,758,14d
2023-04-10 00:00:00+00:00,57.63066413253963,294,60d
2023-04-10 00:00:00+00:00,64.10688077662954,2337,7d
2023-04-10 00:00:00+00:00,58.677151291512914,102,90d
2023-04-11 00:00:00+00:00,59.690491080085316,802,14d
2023-04-11 00:00:00+00:00,59.936265432098764,110,60d
2023-04-11 00:00:00+00:00,65.30941214767158,1201,7d
2023-04-11 00:00:00+00:00,58.04694821281113,186,90d
2023-04-12 00:00:00+00:00,53.837685209067715,943,14d
2023-04-12 00:00:00+00:00,53.28700401773345,645,7d
2023-04-12 00:00:00+00:00,55.36441822932677,178,90d
2023-04-13 00:00:00+00:00,51.61500640717605,696,14d
2023-04-13 00:00:00+00:00,52.75836129032258,74,30d
2023-04-13 00:00:00+00:00,50.215814982304366,742,7d
2023-04-13 00:00:00+00:00,54.095609567901235,68,90d
2023-04-14 00:00:00+00:00,51.638972586800705,1059,14d
2023-04-14 00:00:00+00:00,52.440213977832514,328,30d
2023-04-14 00:00:00+00:00,50.30303357521762,1615,7d
2023-04-14 00:00:00+00:00,54.263524726186525,204,90d
2023-04-15 00:00:00+00:00,47.28184168865435,415,14d
2023-04-15 00:00:00+00:00,49.4956611570248,34,30d
2023-04-15 00:00:00+00:00,43.02251835812464,525,7d
2023-04-15 00:00:00+00:00,53.37592964824121,36,90d
2023-04-16 00:00:00+00:00,50.1091627337878,494,14d
2023-04-16 00:00:00+00:00,53.249143389199254,53,30d
2023-04-16 00:00:00+00:00,53.66224622030238,27,60d
2023-04-16 00:00:00+00:00,49.571448660945094,565,7d
2023-04-16 00:00:00+00:00,53.116896551724146,5,90d
2023-04-17 00:00:00+00:00,53.75027726761064,651,14d
2023-04-17 00:00:00+00:00,54.7091271876045,293,30d
2023-04-17 00:00:00+00:00,54.81285714285714,127,60d
2023-04-17 00:00:00+00:00,50.216973708529714,1612,7d
2023-04-18 00:00:00+00:00,51.401674854260825,644,14d
2023-04-18 00:00:00+00:00,53.42477403035413,244,30d
2023-04-18 00:00:00+00:00,54.671163310961965,114,60d
2023-04-18 00:00:00+00:00,50.17803860627961,971,7d
2023-04-19 00:00:00+00:00,51.90871769075995,621,14d
2023-04-19 00:00:00+00:00,52.857882364965,319,30d
2023-04-19 00:00:00+00:00,54.171060161061106,212,60d
2023-04-19 00:00:00+00:00,49.64211542071865,1136,7d
2023-04-20 00:00:00+00:00,51.31609460516028,740,14d
2023-04-20 00:00:00+00:00,52.25925354944854,438,30d
2023-04-20 00:00:00+00:00,52.72820036795451,186,60d
2023-04-20 00:00:00+00:00,49.737732853959045,1162,7d
2023-04-21 00:00:00+00:00,49.413255488885866,1787,14d
2023-04-21 00:00:00+00:00,51.528102605498006,797,30d
2023-04-21 00:00:00+00:00,52.02176994906621,270,60d
2023-04-21 00:00:00+00:00,47.46667525112322,1981,7d
2023-04-22 00:00:00+00:00,48.51087475633529,433,14d
2023-04-22 00:00:00+00:00,50.96036572622779,145,30d
2023-04-22 00:00:00+00:00,51.7975,21,60d
2023-04-22 00:00:00+00:00,46.222540016615895,738,7d
2023-04-23 00:00:00+00:00,50.53835755322744,414,14d
2023-04-23 00:00:00+00:00,51.339091337099816,98,30d
2023-04-23 00:00:00+00:00,51.36366666666667,7,60d
2023-04-23 00:00:00+00:00,47.932566007905145,454,7d
2023-04-24 00:00:00+00:00,49.79984508547008,378,14d
2023-04-24 00:00:00+00:00,49.208036679536676,154,30d
2023-04-24 00:00:00+00:00,50.89265320456541,172,60d
2023-04-24 00:00:00+00:00,47.38031792645556,1594,7d
2023-04-25 00:00:00+00:00,48.19915076335878,161,14d
2023-04-25 00:00:00+00:00,48.75499237804878,201,30d
2023-04-25 00:00:00+00:00,50.82285603715171,138,60d
2023-04-25 00:00:00+00:00,47.27552460271875,664,7d
2023-04-26 00:00:00+00:00,53.470152441766345,871,14d
2023-04-26 00:00:00+00:00,52.17685783161215,644,30d
2023-04-26 00:00:00+00:00,52.179652396166134,305,60d
2023-04-26 00:00:00+00:00,53.68063463561039,1754,7d
2023-04-27 00:00:00+00:00,51.80827445255474,463,14d
2023-04-27 00:00:00+00:00,51.94431551935736,485,30d
2023-04-27 00:00:00+00:00,51.89832887189293,186,60d
2023-04-27 00:00:00+00:00,52.63801283520513,740,7d
2023-04-27 00:00:00+00:00,51.06945707070707,43,90d
2023-04-28 00:00:00+00:00,48.94871720297029,804,14d
2023-04-28 00:00:00+00:00,49.29840362992981,455,30d
2023-04-28 00:00:00+00:00,50.39642563399588,172,60d
2023-04-28 00:00:00+00:00,48.865073373009906,1081,7d
2023-04-28 00:00:00+00:00,50.88442441054092,21,90d
2023-04-29 00:00:00+00:00,46.90448605273214,290,14d
2023-04-29 00:00:00+00:00,46.6874193548387,91,30d
2023-04-29 00:00:00+00:00,48.79721445221445,34,60d
2023-04-29 00:00:00+00:00,45.98731169160537,279,7d
2023-04-29 00:00:00+00:00,48.879999999999995,2,90d
2023-04-30 00:00:00+00:00,50.318621050185875,359,14d
2023-04-30 00:00:00+00:00,48.3988785046729,167,30d
2023-04-30 00:00:00+00:00,49.68834920634921,49,60d
2023-04-30 00:00:00+00:00,49.81545118253487,606,7d
2023-04-30 00:00:00+00:00,50.36756756756757,10,90d
2023-05-01 00:00:00+00:00,53.14808121735999,319,14d
2023-05-01 00:00:00+00:00,51.44134573103701,392,30d
2023-05-01 00:00:00+00:00,50.76864598025388,150,60d
2023-05-01 00:00:00+00:00,53.63923815493319,1956,7d
2023-05-01 00:00:00+00:00,50.67150174621653,83,90d
2023-05-02 00:00:00+00:00,49.08910274963821,453,14d
2023-05-02 00:00:00+00:00,50.225839855012765,235,30d
2023-05-02 00:00:00+00:00,49.610719051149,106,60d
2023-05-02 00:00:00+00:00,52.45953409090909,662,7d
2023-05-02 00:00:00+00:00,50.58930687534935,35,90d
2023-05-03 00:00:00+00:00,50.45603640236228,394,14d
2023-05-03 00:00:00+00:00,49.638842326404244,272,30d
2023-05-03 00:00:00+00:00,50.37691472763042,147,60d
2023-05-03 00:00:00+00:00,52.77878506205916,590,7d
2023-05-03 00:00:00+00:00,49.865163934426235,27,90d
2023-05-04 00:00:00+00:00,50.26598172211909,710,14d
2023-05-04 00:00:00+00:00,50.54693272431679,269,30d
2023-05-04 00:00:00+00:00,50.1389025974026,166,60d
2023-05-04 00:00:00+00:00,51.47323422957601,627,7d
2023-05-04 00:00:00+00:00,50.528790972595374,42,90d
2023-05-05 00:00:00+00:00,48.863506915237004,1307,14d
2023-05-05 00:00:00+00:00,49.075809146877745,222,30d
2023-05-05 00:00:00+00:00,49.26370685579196,154,60d
2023-05-05 00:00:00+00:00,47.87187111472168,1361,7d
2023-05-05 00:00:00+00:00,49.69163297045101,21,90d
2023-05-06 00:00:00+00:00,48.297741714732624,686,14d
2023-05-06 00:00:00+00:00,49.051522727272726,43,30d
2023-05-06 00:00:00+00:00,49.23713166807789,93,60d
2023-05-06 00:00:00+00:00,47.57765639668857,553,7d
2023-05-06 00:00:00+00:00,49.3093736017897,37,90d
2023-05-07 00:00:00+00:00,48.292158371994944,500,14d
2023-05-07 00:00:00+00:00,48.58559633027524,70,60d
2023-05-07 00:00:00+00:00,48.569495858326185,436,7d
2023-05-07 00:00:00+00:00,49.24366197183099,11,90d
2023-05-08 00:00:00+00:00,49.205892090218725,1127,14d
2023-05-08 00:00:00+00:00,48.63871976545322,338,60d
2023-05-08 00:00:00+00:00,49.51181112689912,2473,7d
2023-05-08 00:00:00+00:00,48.75494453248811,49,90d
2023-05-09 00:00:00+00:00,48.39435986159169,403,14d
2023-05-09 00:00:00+00:00,48.72129274395329,198,60d
2023-05-09 00:00:00+00:00,49.38392725649894,692,7d
2023-05-09 00:00:00+00:00,48.15536496350365,45,90d
2023-05-10 00:00:00+00:00,48.61145006374841,788,14d
2023-05-10 00:00:00+00:00,48.31914178521182,292,60d
2023-05-10 00:00:00+00:00,50.75286675881964,1024,7d
2023-05-10 00:00:00+00:00,49.54006844626968,104,90d
2023-05-11 00:00:00+00:00,46.75538055764883,711,14d
2023-05-11 00:00:00+00:00,46.45797250859107,120,30d
2023-05-11 00:00:00+00:00,47.77524396596631,314,60d
2023-05-11 00:00:00+00:00,46.19684171005206,839,7d
2023-05-11 00:00:00+00:00,49.01626123427202,73,90d
2023-05-12 00:00:00+00:00,47.65947364217253,1598,14d
2023-05-12 00:00:00+00:00,47.60482145822953,178,30d
2023-05-12 00:00:00+00:00,48.50592069527431,400,60d
2023-05-12 00:00:00+00:00,48.81844585868692,1966,7d
2023-05-12 00:00:00+00:00,49.1840680713128,86,90d
2023-05-13 00:00:00+00:00,46.071163701465814,398,14d
2023-05-13 00:00:00+00:00,46.24422198041349,62,30d
2023-05-13 00:00:00+00:00,47.263032616238725,108,60d
2023-05-13 00:00:00+00:00,43.858959490026734,329,7d
2023-05-13 00:00:00+00:00,46.7736186770428,18,90d
2023-05-14 00:00:00+00:00,44.4498508510265,307,14d
2023-05-14 00:00:00+00:00,46.02430979978925,87,60d
2023-05-14 00:00:00+00:00,45.37510932798395,282,7d
2023-05-14 00:00:00+00:00,47.016790393013096,10,90d
2023-05-15 00:00:00+00:00,48.485454595186,467,14d
2023-05-15 00:00:00+00:00,47.458049940546964,195,60d
2023-05-15 00:00:00+00:00,52.102660787030054,1685,7d
2023-05-16 00:00:00+00:00,48.34424200426439,311,14d
2023-05-16 00:00:00+00:00,48.55407547169811,77,60d
2023-05-16 00:00:00+00:00,49.88760893147713,771,7d
2023-05-17 00:00:00+00:00,45.56224707779121,407,14d
2023-05-17 00:00:00+00:00,48.31119502252736,75,60d
2023-05-17 00:00:00+00:00,46.350583384996895,683,7d
2023-05-18 00:00:00+00:00,42.61691801715919,561,14d
2023-05-18 00:00:00+00:00,43.12638274737224,91,30d
2023-05-18 00:00:00+00:00,44.864428754813865,90,60d
2023-05-18 00:00:00+00:00,41.883927214881666,551,7d
2023-05-19 00:00:00+00:00,41.896287728292215,892,14d
2023-05-19 00:00:00+00:00,43.12057303681831,126,30d
2023-05-19 00:00:00+00:00,44.394097274791825,61,60d
2023-05-19 00:00:00+00:00,40.618767782372366,1169,7d
2023-05-20 00:00:00+00:00,41.60762597092212,226,14d
2023-05-20 00:00:00+00:00,42.973363180515754,32,30d
2023-05-20 00:00:00+00:00,44.59205298013245,23,60d
2023-05-20 00:00:00+00:00,37.41844425840658,379,7d
2023-05-21 00:00:00+00:00,42.829605235156414,382,14d
2023-05-21 00:00:00+00:00,44.133961840628515,65,30d
2023-05-21 00:00:00+00:00,43.69766109785203,51,60d
2023-05-21 00:00:00+00:00,41.38790183631829,321,7d
2023-05-22 00:00:00+00:00,42.480677141268075,375,14d
2023-05-22 00:00:00+00:00,44.0178718316595,162,30d
2023-05-22 00:00:00+00:00,44.756188389923324,52,60d
2023-05-22 00:00:00+00:00,43.92762632768123,1365,7d
2023-05-23 00:00:00+00:00,44.11472638001715,276,14d
2023-05-23 00:00:00+00:00,45.14093266475645,254,30d
2023-05-23 00:00:00+00:00,46.07533584431889,63,60d
2023-05-23 00:00:00+00:00,43.044820094071575,1071,7d
2023-05-24 00:00:00+00:00,45.14222355265521,578,14d
2023-05-24 00:00:00+00:00,46.443010764787516,727,30d
2023-05-24 00:00:00+00:00,46.565663762173244,64,60d
2023-05-24 00:00:00+00:00,45.20400840985154,1139,7d
2023-05-25 00:00:00+00:00,42.67404108034498,632,14d
2023-05-25 00:00:00+00:00,43.88668957562359,507,30d
2023-05-25 00:00:00+00:00,44.57602711157455,64,60d
2023-05-25 00:00:00+00:00,42.8240865271573,786,7d
2023-05-25 00:00:00+00:00,44.96252525252525,6,90d
2023-05-26 00:00:00+00:00,39.82421391581463,1123,14d
2023-05-26 00:00:00+00:00,41.05854254677128,882,30d
2023-05-26 00:00:00+00:00,42.52564641744548,84,60d
2023-05-26 00:00:00+00:00,39.57996608059748,2154,7d
2023-05-26 00:00:00+00:00,42.939,11,90d
2023-05-27 00:00:00+00:00,38.03160508637236,757,14d
2023-05-27 00:00:00+00:00,39.95179856115108,154,30d
2023-05-27 00:00:00+00:00,42.14537190082644,10,60d
2023-05-27 00:00:00+00:00,36.617777777777775,495,7d
2023-05-27 00:00:00+00:00,42.284,4,90d
2023-05-28 00:00:00+00:00,42.633282197204004,1714,14d
2023-05-28 00:00:00+00:00,42.69584543401098,670,30d
2023-05-28 00:00:00+00:00,42.64867049009385,111,60d
2023-05-28 00:00:00+00:00,44.65170767232217,1511,7d
2023-05-28 00:00:00+00:00,44.46487951807228,37,90d
2023-05-29 00:00:00+00:00,45.12738405045103,732,14d
2023-05-29 00:00:00+00:00,43.225835070650916,515,30d
2023-05-29 00:00:00+00:00,44.38603541741959,107,60d
2023-05-29 00:00:00+00:00,46.98749360194238,2075,7d
2023-05-29 00:00:00+00:00,44.33244897959184,16,90d
2023-05-30 00:00:00+00:00,42.47987875768145,435,14d
2023-05-30 00:00:00+00:00,41.68736531871145,341,30d
2023-05-30 00:00:00+00:00,42.14579610073112,88,60d
2023-05-30 00:00:00+00:00,43.519963074475946,1037,7d
2023-05-30 00:00:00+00:00,43.751293813220414,53,90d
2023-05-31 00:00:00+00:00,42.026759776536316,383,14d
2023-05-31 00:00:00+00:00,40.20154788610871,358,30d
2023-05-31 00:00:00+00:00,40.57759102455546,58,60d
2023-05-31 00:00:00+00:00,42.83831066056246,576,7d
2023-05-31 00:00:00+00:00,41.90639344262295,21,90d
2023-06-01 00:00:00+00:00,40.384535855697315,575,14d
2023-06-01 00:00:00+00:00,38.47478538579459,639,30d
2023-06-01 00:00:00+00:00,39.3727840112202,79,60d
2023-06-01 00:00:00+00:00,38.12422870510527,1117,7d
2023-06-01 00:00:00+00:00,39.75520262216925,56,90d
2023-06-02 00:00:00+00:00,38.117345111589195,2074,14d
2023-06-02 00:00:00+00:00,36.3825196689486,1550,30d
2023-06-02 00:00:00+00:00,36.713241404446606,107,60d
2023-06-02 00:00:00+00:00,35.90941225626741,1928,7d
2023-06-02 00:00:00+00:00,37.052560553633214,133,90d
2023-06-03 00:00:00+00:00,36.07030814576635,446,14d
2023-06-03 00:00:00+00:00,35.70712779156327,193,30d
2023-06-03 00:00:00+00:00,36.10976905311779,38,60d
2023-06-03 00:00:00+00:00,35.37496417416866,444,7d
2023-06-03 00:00:00+00:00,37.802650602409635,14,90d
2023-06-04 00:00:00+00:00,35.24095063109123,518,14d
2023-06-04 00:00:00+00:00,35.82824070290152,256,30d
2023-06-04 00:00:00+00:00,36.45286440677966,137,60d
2023-06-04 00:00:00+00:00,36.02007507344141,446,7d
2023-06-04 00:00:00+00:00,38.93333333333333,5,90d
2023-06-05 00:00:00+00:00,37.74505389496216,1282,14d
2023-06-05 00:00:00+00:00,37.87844273289776,1111,30d
2023-06-05 00:00:00+00:00,38.14256037717695,296,60d
2023-06-05 00:00:00+00:00,39.80018200282236,2749,7d
2023-06-05 00:00:00+00:00,37.89598771991971,98,90d
2023-06-06 00:00:00+00:00,37.95483133931539,889,14d
2023-06-06 00:00:00+00:00,38.436929235717784,1190,30d
2023-06-06 00:00:00+00:00,37.67730459255469,490,60d
2023-06-06 00:00:00+00:00,43.68325791855204,1665,7d
2023-06-06 00:00:00+00:00,37.15872849349559,156,90d
2023-06-07 00:00:00+00:00,42.75519171527823,957,14d
2023-06-07 00:00:00+00:00,41.0845399803949,994,30d
2023-06-07 00:00:00+00:00,39.100786717752236,292,60d
2023-06-07 00:00:00+00:00,44.27609238496091,885,7d
2023-06-07 00:00:00+00:00,37.57949489662392,145,90d
2023-06-08 00:00:00+00:00,39.845224893917965,342,14d
2023-06-08 00:00:00+00:00,39.60153017241379,217,30d
2023-06-08 00:00:00+00:00,38.88682243931917,221,60d
2023-06-08 00:00:00+00:00,41.96022152948199,793,7d
2023-06-08 00:00:00+00:00,39.71020086083214,128,90d
2023-06-09 00:00:00+00:00,37.22038446601942,796,14d
2023-06-09 00:00:00+00:00,37.67620931716656,333,30d
2023-06-09 00:00:00+00:00,38.1816206185567,196,60d
2023-06-09 00:00:00+00:00,38.77640458077048,1441,7d
2023-06-09 00:00:00+00:00,37.44770712909441,69,90d
2023-06-10 00:00:00+00:00,40.04254197904336,1595,14d
2023-06-10 00:00:00+00:00,39.44572195535462,290,30d
2023-06-10 00:00:00+00:00,39.16673395818313,151,60d
2023-06-10 00:00:00+00:00,41.888674487271565,1413,7d
2023-06-10 00:00:00+00:00,38.515493562231754,49,90d
2023-06-11 00:00:00+00:00,40.17050321658327,567,14d
2023-06-11 00:00:00+00:00,38.855073891625615,68,60d
2023-06-11 00:00:00+00:00,43.41591593065096,309,7d
2023-06-11 00:00:00+00:00,40.13,1,90d
2023-06-12 00:00:00+00:00,40.86559548144164,1214,14d
2023-06-12 00:00:00+00:00,40.29544202898551,284,60d
2023-06-12 00:00:00+00:00,47.63277968114751,1208,7d
2023-06-13 00:00:00+00:00,42.44690359226282,438,14d
2023-06-13 00:00:00+00:00,41.390551558752996,65,60d
2023-06-13 00:00:00+00:00,47.75745782893431,1022,7d
2023-06-14 00:00:00+00:00,40.679050202839754,871,14d
2023-06-14 00:00:00+00:00,39.65510773130545,105,60d
2023-06-14 00:00:00+00:00,41.63689746382449,970,7d
2023-06-15 00:00:00+00:00,41.996182991743154,1071,14d
2023-06-15 00:00:00+00:00,42.51595644983462,259,30d
2023-06-15 00:00:00+00:00,42.55983061383061,143,60d
2023-06-15 00:00:00+00:00,44.428677675951974,1469,7d
2023-06-16 00:00:00+00:00,39.976926468552904,2063,14d
2023-06-16 00:00:00+00:00,40.14335372069316,441,30d
2023-06-16 00:00:00+00:00,41.71379095163807,226,60d
2023-06-16 00:00:00+00:00,40.934785702564405,2252,7d
2023-06-16 00:00:00+00:00,42.45374090247453,101,90d
2023-06-17 00:00:00+00:00,38.63931887815225,670,14d
2023-06-17 00:00:00+00:00,39.18773584905661,80,30d
2023-06-17 00:00:00+00:00,41.28126760563379,35,60d
2023-06-17 00:00:00+00:00,39.44866422317247,864,7d
2023-06-17 00:00:00+00:00,42.24841328413284,27,90d
2023-06-18 00:00:00+00:00,39.90857183391658,691,14d
2023-06-18 00:00:00+00:00,39.72827478532397,101,30d
2023-06-18 00:00:00+00:00,41.65986842105263,46,60d
2023-06-18 00:00:00+00:00,41.316766537250025,616,7d
2023-06-18 00:00:00+00:00,42.243265306122446,12,90d
2023-06-19 00:00:00+00:00,40.0455375280306,546,14d
2023-06-19 00:00:00+00:00,40.86542509072058,209,30d
2023-06-19 00:00:00+00:00,41.99122647237402,167,60d
2023-06-19 00:00:00+00:00,40.89434788746313,2331,7d
2023-06-19 00:00:00+00:00,43.21248038069795,78,90d
2023-06-20 00:00:00+00:00,45.4134891107078,641,14d
2023-06-20 00:00:00+00:00,46.1420451843044,685,30d
2023-06-20 00:00:00+00:00,46.828903799514954,206,60d
2023-06-20 00:00:00+00:00,47.63157430053485,2929,7d
2023-06-20 00:00:00+00:00,47.443508891928865,187,90d
2023-06-21 00:00:00+00:00,52.69146761087657,860,14d
2023-06-21 00:00:00+00:00,50.01470901613807,1167,30d
2023-06-21 00:00:00+00:00,49.40382358402971,655,60d
2023-06-21 00:00:00+00:00,55.55283056959572,3837,7d
2023-06-21 00:00:00+00:00,50.7570375237261,464,90d
2023-06-22 00:00:00+00:00,50.74538024905879,568,14d
2023-06-22 00:00:00+00:00,50.02307731466752,760,30d
2023-06-22 00:00:00+00:00,49.590127504553735,401,60d
2023-06-22 00:00:00+00:00,52.17098643504843,1823,7d
2023-06-22 00:00:00+00:00,49.75243328771809,471,90d
2023-06-23 00:00:00+00:00,47.804880466472305,1361,14d
2023-06-23 00:00:00+00:00,48.480217599999996,1286,30d
2023-06-23 00:00:00+00:00,48.32327968682036,404,60d
2023-06-23 00:00:00+00:00,51.055377192385876,3520,7d
2023-06-23 00:00:00+00:00,49.431406748746,352,90d
2023-06-24 00:00:00+00:00,48.09822595124646,693,14d
2023-06-24 00:00:00+00:00,45.45097203253964,585,30d
2023-06-24 00:00:00+00:00,44.582382158435344,239,60d
2023-06-24 00:00:00+00:00,48.55737526774986,1031,7d
2023-06-24 00:00:00+00:00,45.71886319845858,109,90d
2023-06-25 00:00:00+00:00,49.43106812735365,368,14d
2023-06-25 00:00:00+00:00,46.12134507606084,187,30d
2023-06-25 00:00:00+00:00,46.68158940397351,27,60d
2023-06-25 00:00:00+00:00,48.577123507805325,591,7d
2023-06-25 00:00:00+00:00,47.58622680412372,83,90d
2023-06-26 00:00:00+00:00,46.00753918242042,632,14d
2023-06-26 00:00:00+00:00,45.94747760165403,636,30d
2023-06-26 00:00:00+00:00,45.864557097118464,443,60d
2023-06-26 00:00:00+00:00,50.75851758253575,2710,7d
2023-06-26 00:00:00+00:00,47.090814606741574,137,90d
2023-06-27 00:00:00+00:00,46.19027534113061,352,14d
2023-06-27 00:00:00+00:00,45.8042065626681,260,30d
2023-06-27 00:00:00+00:00,46.71204851104707,163,60d
2023-06-27 00:00:00+00:00,47.690476728316625,806,7d
2023-06-27 00:00:00+00:00,47.053470924195224,97,90d
2023-06-28 00:00:00+00:00,44.1800522964984,268,14d
2023-06-28 00:00:00+00:00,44.446200266514374,296,30d
2023-06-28 00:00:00+00:00,45.48767286767287,57,60d
2023-06-28 00:00:00+00:00,44.9149267478186,712,7d
2023-06-28 00:00:00+00:00,46.069175206815665,79,90d
2023-06-29 00:00:00+00:00,44.59443140560166,309,14d
2023-06-29 00:00:00+00:00,43.97539860073295,396,30d
2023-06-29 00:00:00+00:00,43.84456746532156,140,60d
2023-06-29 00:00:00+00:00,43.5808560905025,741,7d
2023-06-29 00:00:00+00:00,44.81862128287049,120,90d
2023-06-30 00:00:00+00:00,42.515087108844355,1854,14d
2023-06-30 00:00:00+00:00,41.812086771716864,1833,30d
2023-06-30 00:00:00+00:00,42.60411682123713,442,60d
2023-06-30 00:00:00+00:00,43.27292991444299,2787,7d
2023-06-30 00:00:00+00:00,44.43062955683764,474,90d
2023-07-01 00:00:00+00:00,41.20786808794138,223,14d
2023-07-01 00:00:00+00:00,42.37590438247012,113,30d
2023-07-01 00:00:00+00:00,43.438326124567475,70,60d
2023-07-01 00:00:00+00:00,39.20954249831801,265,7d
2023-07-01 00:00:00+00:00,46.19935146443515,55,90d
2023-07-02 00:00:00+00:00,43.1784729835552,371,14d
2023-07-02 00:00:00+00:00,44.43666744675872,143,30d
2023-07-02 00:00:00+00:00,44.74704188481675,54,60d
2023-07-02 00:00:00+00:00,41.92176541937049,568,7d
2023-07-02 00:00:00+00:00,46.18248221343873,66,90d
2023-07-03 00:00:00+00:00,45.431379545842574,420,14d
2023-07-03 00:00:00+00:00,44.996099687080914,299,30d
2023-07-03 00:00:00+00:00,45.25660404212923,132,60d
2023-07-03 00:00:00+00:00,46.37734354898653,1901,7d
2023-07-03 00:00:00+00:00,45.71181287149006,144,90d
2023-07-04 00:00:00+00:00,44.14470013947001,185,14d
2023-07-04 00:00:00+00:00,46.00448576066106,271,30d
2023-07-04 00:00:00+00:00,46.47829988193625,94,60d
2023-07-04 00:00:00+00:00,44.17500413736037,604,7d
2023-07-04 00:00:00+00:00,47.66119121287129,86,90d
2023-07-05 00:00:00+00:00,41.1807638164755,387,14d
2023-07-05 00:00:00+00:00,42.78349225378089,604,30d
2023-07-05 00:00:00+00:00,45.529258077383325,160,60d
2023-07-05 00:00:00+00:00,42.12065916328578,805,7d
2023-07-05 00:00:00+00:00,47.003519216277326,96,90d
2023-07-06 00:00:00+00:00,43.99241090146751,801,14d
2023-07-06 00:00:00+00:00,44.5778642931453,1348,30d
2023-07-06 00:00:00+00:00,45.554058351343016,297,60d
2023-07-06 00:00:00+00:00,45.16909257202587,1738,7d
2023-07-06 00:00:00+00:00,48.59394600207685,243,90d
2023-07-07 00:00:00+00:00,42.50069575471698,769,14d
2023-07-07 00:00:00+00:00,42.89557237992484,673,30d
2023-07-07 00:00:00+00:00,45.93133645172069,267,60d
2023-07-07 00:00:00+00:00,41.54241942591885,1744,7d
2023-07-07 00:00:00+00:00,47.564196310935436,181,90d
2023-07-08 00:00:00+00:00,39.26731360946745,572,14d
2023-07-08 00:00:00+00:00,40.42704697986577,251,30d
2023-07-08 00:00:00+00:00,42.53927590940288,95,60d
2023-07-08 00:00:00+00:00,37.22248982706002,359,7d
2023-07-08 00:00:00+00:00,46.74436069986542,46,90d
2023-07-09 00:00:00+00:00,38.36655609306611,310,14d
2023-07-09 00:00:00+00:00,42.66296363636364,78,60d
2023-07-09 00:00:00+00:00,37.543942211055274,308,7d
2023-07-09 00:00:00+00:00,45.12543223052294,40,90d
2023-07-10 00:00:00+00:00,38.431848411711634,991,14d
2023-07-10 00:00:00+00:00,42.09631750287246,232,60d
2023-07-10 00:00:00+00:00,42.193079170813306,1558,7d
2023-07-10 00:00:00+00:00,45.127387049420975,137,90d
2023-07-11 00:00:00+00:00,40.98457567124234,398,14d
2023-07-11 00:00:00+00:00,41.42986842105263,37,60d
2023-07-11 00:00:00+00:00,41.693243769178956,543,7d
2023-07-11 00:00:00+00:00,44.559699918897,131,90d
2023-07-12 00:00:00+00:00,42.46801027737872,634,14d
2023-07-12 00:00:00+00:00,42.71470722458978,676,7d
2023-07-12 00:00:00+00:00,45.451675651392634,164,90d
2023-07-13 00:00:00+00:00,41.47104813088274,1037,14d
2023-07-13 00:00:00+00:00,41.295993998499625,279,30d
2023-07-13 00:00:00+00:00,41.250964480781626,1139,7d
2023-07-13 00:00:00+00:00,44.196117007280066,310,90d
2023-07-14 00:00:00+00:00,41.96111757258427,1709,14d
2023-07-14 00:00:00+00:00,41.49175596228508,549,30d
2023-07-14 00:00:00+00:00,41.98704483660357,2110,7d
2023-07-14 00:00:00+00:00,45.85391651054426,255,90d
2023-07-15 00:00:00+00:00,38.32501755333513,408,14d
2023-07-15 00:00:00+00:00,38.39605831533478,46,30d
2023-07-15 00:00:00+00:00,35.57710029414555,526,7d
2023-07-15 00:00:00+00:00,44.460585034013604,31,90d
2023-07-16 00:00:00+00:00,39.344878336370456,484,14d
2023-07-16 00:00:00+00:00,41.02320996978852,98,30d
2023-07-16 00:00:00+00:00,43.75845614035088,38,60d
2023-07-16 00:00:00+00:00,38.82804182293443,504,7d
2023-07-16 00:00:00+00:00,45.05320175438596,21,90d
2023-07-17 00:00:00+00:00,38.83279266666666,456,14d
2023-07-17 00:00:00+00:00,40.3506943293477,318,30d
2023-07-17 00:00:00+00:00,42.975348837209296,142,60d
2023-07-17 00:00:00+00:00,41.54508140880072,1978,7d
2023-07-18 00:00:00+00:00,36.80301135146713,403,14d
2023-07-18 00:00:00+00:00,41.0138493670886,356,30d
2023-07-18 00:00:00+00:00,43.65879074658255,99,60d
2023-07-18 00:00:00+00:00,39.97629001492785,899,7d
2023-07-19 00:00:00+00:00,35.62166386554622,359,14d
2023-07-19 00:00:00+00:00,39.27230090100986,485,30d
2023-07-19 00:00:00+00:00,41.94902846451958,119,60d
2023-07-19 00:00:00+00:00,38.67759936238045,992,7d
2023-07-20 00:00:00+00:00,36.31293817403474,489,14d
2023-07-20 00:00:00+00:00,38.60393664373663,499,30d
2023-07-20 00:00:00+00:00,41.666045051698674,125,60d
2023-07-20 00:00:00+00:00,37.83166007579503,1214,7d
2023-07-21 00:00:00+00:00,34.91806314672327,604,14d
2023-07-21 00:00:00+00:00,37.32093742125158,521,30d
2023-07-21 00:00:00+00:00,40.92162646450724,71,60d
2023-07-21 00:00:00+00:00,36.784757682583766,2193,7d
2023-07-22 00:00:00+00:00,33.027126571178016,219,14d
2023-07-22 00:00:00+00:00,34.82333980582524,269,30d
2023-07-22 00:00:00+00:00,40.1453262786596,24,60d
2023-07-22 00:00:00+00:00,34.33759446272552,693,7d
2023-07-23 00:00:00+00:00,33.615297231719424,299,14d
2023-07-23 00:00:00+00:00,36.48832684824903,199,30d
2023-07-23 00:00:00+00:00,39.7897783933518,36,60d
2023-07-23 00:00:00+00:00,35.106095024652625,574,7d
2023-07-24 00:00:00+00:00,34.27249533799534,504,14d
2023-07-24 00:00:00+00:00,36.53708661417323,663,30d
2023-07-24 00:00:00+00:00,40.01684139100933,208,60d
2023-07-24 00:00:00+00:00,36.49782456885366,2233,7d
2023-07-25 00:00:00+00:00,32.62708620689655,145,14d
2023-07-25 00:00:00+00:00,34.9793851632845,463,30d
2023-07-25 00:00:00+00:00,38.6998141465175,98,60d
2023-07-25 00:00:00+00:00,33.902954764776844,521,7d
2023-07-26 00:00:00+00:00,33.977957116548275,296,14d
2023-07-26 00:00:00+00:00,36.07627793725651,606,30d
2023-07-26 00:00:00+00:00,38.82206030150754,138,60d
2023-07-26 00:00:00+00:00,34.56744523295279,521,7d
2023-07-27 00:00:00+00:00,32.148744414655944,232,14d
2023-07-27 00:00:00+00:00,33.7447834274953,539,30d
2023-07-27 00:00:00+00:00,38.16673571250312,158,60d
2023-07-27 00:00:00+00:00,32.507649625567545,576,7d
2023-07-27 00:00:00+00:00,39.72465909090909,16,90d
2023-07-28 00:00:00+00:00,30.83636818766986,602,14d
2023-07-28 00:00:00+00:00,32.360495323409296,787,30d
2023-07-28 00:00:00+00:00,37.332904111679,202,60d
2023-07-28 00:00:00+00:00,32.001326101580894,1919,7d
2023-07-28 00:00:00+00:00,38.96944562899787,36,90d
2023-07-29 00:00:00+00:00,29.032881471389643,268,14d
2023-07-29 00:00:00+00:00,30.662046511627906,223,30d
2023-07-29 00:00:00+00:00,35.929776,67,60d
2023-07-29 00:00:00+00:00,27.790958502480834,438,7d
2023-07-29 00:00:00+00:00,37.486875,6,90d
2023-07-30 00:00:00+00:00,30.02864780658026,412,14d
2023-07-30 00:00:00+00:00,31.421043307086617,255,30d
2023-07-30 00:00:00+00:00,35.96195652173913,67,60d
2023-07-30 00:00:00+00:00,29.270531373657434,484,7d
2023-07-30 00:00:00+00:00,36.94747368421052,15,90d
2023-07-31 00:00:00+00:00,30.9417033603708,264,14d
2023-07-31 00:00:00+00:00,33.05129471162075,272,30d
2023-07-31 00:00:00+00:00,36.20400773694391,241,60d
2023-07-31 00:00:00+00:00,31.74502705361535,854,7d
2023-07-31 00:00:00+00:00,37.39779270633397,46,90d
2023-08-01 00:00:00+00:00,31.61373221452025,500,14d
2023-08-01 00:00:00+00:00,32.460909057260245,709,30d
2023-08-01 00:00:00+00:00,35.874318062483596,383,60d
2023-08-01 00:00:00+00:00,33.75666666666667,1124,7d
2023-08-01 00:00:00+00:00,37.57726297307842,82,90d
2023-08-02 00:00:00+00:00,33.60653516295026,437,14d
2023-08-02 00:00:00+00:00,33.15674279296144,453,30d
2023-08-02 00:00:00+00:00,36.51806587019697,188,60d
2023-08-02 00:00:00+00:00,34.837118064460974,667,7d
2023-08-02 00:00:00+00:00,37.43151274926447,69,90d
2023-08-03 00:00:00+00:00,34.28393220694721,356,14d
2023-08-03 00:00:00+00:00,32.24608154330278,358,30d
2023-08-03 00:00:00+00:00,35.421277248506385,227,60d
2023-08-03 00:00:00+00:00,33.674414372375175,533,7d
2023-08-03 00:00:00+00:00,36.885915915915916,35,90d
2023-08-04 00:00:00+00:00,30.28335091383812,939,14d
2023-08-04 00:00:00+00:00,30.547072348621644,388,30d
2023-08-04 00:00:00+00:00,33.89755195746738,291,60d
2023-08-04 00:00:00+00:00,30.36013532440376,2084,7d
2023-08-04 00:00:00+00:00,36.20691326530612,38,90d
2023-08-05 00:00:00+00:00,30.1824706098457,324,14d
2023-08-05 00:00:00+00:00,29.866995073891623,38,30d
2023-08-05 00:00:00+00:00,32.96718402541412,118,60d
2023-08-05 00:00:00+00:00,33.10555917480999,595,7d
2023-08-05 00:00:00+00:00,34.34066061106524,14,90d
2023-08-06 00:00:00+00:00,31.03155162816588,379,14d
2023-08-06 00:00:00+00:00,32.04762337662338,127,60d
2023-08-06 00:00:00+00:00,31.72810782608696,338,7d
2023-08-06 00:00:00+00:00,33.28363636363636,11,90d
2023-08-07 00:00:00+00:00,31.75458032490975,716,14d
2023-08-07 00:00:00+00:00,33.56493539237315,506,60d
2023-08-07 00:00:00+00:00,33.44851908985731,1463,7d
2023-08-07 00:00:00+00:00,34.39587988637901,73,90d
2023-08-08 00:00:00+00:00,37.35391204645486,1413,14d
2023-08-08 00:00:00+00:00,35.266473071951744,392,60d
2023-08-08 00:00:00+00:00,33.5190130223518,1332,7d
2023-08-08 00:00:00+00:00,35.634363171355496,124,90d
2023-08-09 00:00:00+00:00,36.89002724468128,646,14d
2023-08-09 00:00:00+00:00,36.595918835108534,291,60d
2023-08-09 00:00:00+00:00,37.03364155752834,640,7d
2023-08-09 00:00:00+00:00,37.63900763358779,94,90d
2023-08-10 00:00:00+00:00,34.57025138989606,261,14d
2023-08-10 00:00:00+00:00,33.23224120603015,95,30d
2023-08-10 00:00:00+00:00,34.97061260467166,150,60d
2023-08-10 00:00:00+00:00,33.48817686207873,490,7d
2023-08-10 00:00:00+00:00,36.591834645669294,69,90d
2023-08-11 00:00:00+00:00,30.673137777407675,893,14d
2023-08-11 00:00:00+00:00,31.27824478816409,323,30d
2023-08-11 00:00:00+00:00,33.70878048780488,224,60d
2023-08-11 00:00:00+00:00,31.1337068072512,1811,7d
2023-08-11 00:00:00+00:00,35.71873233404711,106,90d
2023-08-12 00:00:00+00:00,28.4279781420765,396,14d
2023-08-12 00:00:00+00:00,27.1156338028169,37,30d
2023-08-12 00:00:00+00:00,31.01856046065259,89,60d
2023-08-12 00:00:00+00:00,25.18980153556425,632,7d
2023-08-12 00:00:00+00:00,34.31880288028803,45,90d
2023-08-13 00:00:00+00:00,29.586886115444617,439,14d
2023-08-13 00:00:00+00:00,32.5478407960199,95,60d
2023-08-13 00:00:00+00:00,28.820437828371276,458,7d
2023-08-13 00:00:00+00:00,34.121328671328676,3,90d
2023-08-14 00:00:00+00:00,30.562599735593746,486,14d
2023-08-14 00:00:00+00:00,31.88630302510926,544,60d
2023-08-14 00:00:00+00:00,31.402537274162427,1658,7d
2023-08-15 00:00:00+00:00,31.133567997043606,288,14d
2023-08-15 00:00:00+00:00,33.37251916198263,153,60d
2023-08-15 00:00:00+00:00,33.4238119696293,768,7d
2023-08-16 00:00:00+00:00,32.096304347826084,464,14d
2023-08-16 00:00:00+00:00,34.814694388180634,352,60d
2023-08-16 00:00:00+00:00,31.19888118782302,989,7d
2023-08-17 00:00:00+00:00,38.25228042293721,1417,14d
2023-08-17 00:00:00+00:00,39.367398700041484,746,30d
2023-08-17 00:00:00+00:00,40.98506746073574,446,60d
2023-08-17 00:00:00+00:00,39.53013641992366,3440,7d
2023-08-18 00:00:00+00:00,42.47892378138848,1962,14d
2023-08-18 00:00:00+00:00,41.2466963334378,941,30d
2023-08-18 00:00:00+00:00,41.64294688749286,428,60d
2023-08-18 00:00:00+00:00,45.53072282949766,3289,7d
2023-08-19 00:00:00+00:00,37.128361697027806,613,14d
2023-08-19 00:00:00+00:00,38.78519287833827,77,30d
2023-08-19 00:00:00+00:00,35.41855590062112,147,60d
2023-08-19 00:00:00+00:00,38.456665117822766,738,7d
2023-08-20 00:00:00+00:00,39.142115749525615,413,14d
2023-08-20 00:00:00+00:00,38.01825,144,30d
2023-08-20 00:00:00+00:00,38.84551578947369,27,60d
2023-08-20 00:00:00+00:00,42.172080042832285,449,7d
2023-08-21 00:00:00+00:00,39.64324244459369,371,14d
2023-08-21 00:00:00+00:00,38.38419761606023,457,30d
2023-08-21 00:00:00+00:00,39.7528629533386,156,60d
2023-08-21 00:00:00+00:00,41.06429697965373,1143,7d
2023-08-22 00:00:00+00:00,37.97783912140101,410,14d
2023-08-22 00:00:00+00:00,38.74669941060904,580,30d
2023-08-22 00:00:00+00:00,38.54801484230055,194,60d
2023-08-22 00:00:00+00:00,38.41137977698387,685,7d
2023-08-23 00:00:00+00:00,37.42202280057002,623,14d
2023-08-23 00:00:00+00:00,36.58516941451383,942,30d
2023-08-23 00:00:00+00:00,38.634589173513774,196,60d
2023-08-23 00:00:00+00:00,37.930249298983526,809,7d
2023-08-24 00:00:00+00:00,38.856665882352935,413,14d
2023-08-24 00:00:00+00:00,37.08137934468678,621,30d
2023-08-24 00:00:00+00:00,39.347710333145116,186,60d
2023-08-24 00:00:00+00:00,39.62014468812304,601,7d
2023-08-24 00:00:00+00:00,40.343529411764706,99,90d
2023-08-25 00:00:00+00:00,35.328218489455615,810,14d
2023-08-25 00:00:00+00:00,35.436789819376024,1023,30d
2023-08-25 00:00:00+00:00,38.86470182992465,377,60d
2023-08-25 00:00:00+00:00,37.76874734607219,1069,7d
2023-08-25 00:00:00+00:00,41.215207395117325,42,90d
2023-08-26 00:00:00+00:00,30.97288612388423,267,14d
2023-08-26 00:00:00+00:00,32.78508731082655,169,30d
2023-08-26 00:00:00+00:00,37.557500000000005,14,60d
2023-08-26 00:00:00+00:00,28.689413863404692,310,7d
2023-08-26 00:00:00+00:00,40.274,5,90d
2023-08-27 00:00:00+00:00,31.218683778234087,275,14d
2023-08-27 00:00:00+00:00,32.44877646534433,257,30d
2023-08-27 00:00:00+00:00,37.28559027777778,31,60d
2023-08-27 00:00:00+00:00,33.266927485380116,373,7d
2023-08-27 00:00:00+00:00,39.84184782608696,9,90d
2023-08-28 00:00:00+00:00,32.51331082981716,478,14d
2023-08-28 00:00:00+00:00,33.31906403127237,681,30d
2023-08-28 00:00:00+00:00,38.4690827568537,162,60d
2023-08-28 00:00:00+00:00,36.20098418935354,1257,7d
2023-08-28 00:00:00+00:00,41.38280655737705,31,90d
2023-08-29 00:00:00+00:00,38.810753266540466,1195,14d
2023-08-29 00:00:00+00:00,36.9572048091877,2072,30d
2023-08-29 00:00:00+00:00,38.493326734181075,527,60d
2023-08-29 00:00:00+00:00,40.708383093433696,1794,7d
2023-08-29 00:00:00+00:00,41.2657749428789,181,90d
2023-08-30 00:00:00+00:00,37.414067385035665,335,14d
2023-08-30 00:00:00+00:00,35.82210060597714,615,30d
2023-08-30 00:00:00+00:00,38.371559548491135,117,60d
2023-08-30 00:00:00+00:00,40.70745152599267,747,7d
2023-08-30 00:00:00+00:00,40.0611210571185,79,90d
2023-08-31 00:00:00+00:00,35.19449491113475,722,14d
2023-08-31 00:00:00+00:00,34.46593668671871,1114,30d
2023-08-31 00:00:00+00:00,37.1051867754401,190,60d
2023-08-31 00:00:00+00:00,36.569525539261846,876,7d
2023-08-31 00:00:00+00:00,39.320271857694244,117,90d
2023-09-01 00:00:00+00:00,31.959854173295152,1150,14d
2023-09-01 00:00:00+00:00,33.19710959360426,1569,30d
2023-09-01 00:00:00+00:00,35.95354935194416,277,60d
2023-09-01 00:00:00+00:00,32.2661608426335,1429,7d
2023-09-01 00:00:00+00:00,38.31152476349472,64,90d
2023-09-02 00:00:00+00:00,31.225066872427984,168,14d
2023-09-02 00:00:00+00:00,32.33021474878444,138,30d
2023-09-02 00:00:00+00:00,35.15751968503937,47,60d
2023-09-02 00:00:00+00:00,31.113231619905797,299,7d
2023-09-02 00:00:00+00:00,37.50705882352941,6,90d
2023-09-03 00:00:00+00:00,32.73227558604917,357,14d
2023-09-03 00:00:00+00:00,33.57232558139535,198,30d
2023-09-03 00:00:00+00:00,35.46616438356165,26,60d
2023-09-03 00:00:00+00:00,35.42808913614201,749,7d
2023-09-03 00:00:00+00:00,38.35892857142857,6,90d
2023-09-04 00:00:00+00:00,33.03029756000793,368,14d
2023-09-04 00:00:00+00:00,34.56447238252267,522,30d
2023-09-04 00:00:00+00:00,36.5274985092427,264,60d
2023-09-04 00:00:00+00:00,34.29906678164223,1338,7d
2023-09-04 00:00:00+00:00,38.34570336391437,62,90d
2023-09-05 00:00:00+00:00,34.62750436300175,341,14d
2023-09-05 00:00:00+00:00,34.05904341297531,760,30d
2023-09-05 00:00:00+00:00,38.63838815299896,300,60d
2023-09-05 00:00:00+00:00,39.53949662291321,792,7d
2023-09-05 00:00:00+00:00,38.408936055883935,65,90d
2023-09-06 00:00:00+00:00,35.84620704701647,629,14d
2023-09-06 00:00:00+00:00,35.4457813982488,1198,30d
2023-09-06 00:00:00+00:00,38.23519038076152,298,60d
2023-09-06 00:00:00+00:00,35.726291316105765,808,7d
2023-09-06 00:00:00+00:00,38.697645031591044,114,90d
2023-09-07 00:00:00+00:00,33.904585643212506,552,14d
2023-09-07 00:00:00+00:00,34.620536191472056,699,30d
2023-09-07 00:00:00+00:00,37.98365598156296,237,60d
2023-09-07 00:00:00+00:00,33.06009857328145,827,7d
2023-09-07 00:00:00+00:00,38.650811306901616,87,90d
2023-09-08 00:00:00+00:00,34.31859700434282,1010,14d
2023-09-08 00:00:00+00:00,35.99326680789386,539,30d
2023-09-08 00:00:00+00:00,38.607328881469115,235,60d
2023-09-08 00:00:00+00:00,33.53410330704545,2080,7d
2023-09-08 00:00:00+00:00,39.6812673165726,85,90d
2023-09-09 00:00:00+00:00,32.31579810181191,318,14d
2023-09-09 00:00:00+00:00,33.733502109704645,49,30d
2023-09-09 00:00:00+00:00,36.59235326998323,51,60d
2023-09-09 00:00:00+00:00,30.849719844357978,475,7d
2023-09-09 00:00:00+00:00,40.04557823129252,12,90d
2023-09-10 00:00:00+00:00,34.544564144736846,755,14d
2023-09-10 00:00:00+00:00,36.76197674418604,124,60d
2023-09-10 00:00:00+00:00,34.07070953870211,489,7d
2023-09-10 00:00:00+00:00,40.56527777777778,7,90d
2023-09-11 00:00:00+00:00,37.538958576676315,2084,14d
2023-09-11 00:00:00+00:00,39.83525320494228,673,60d
2023-09-11 00:00:00+00:00,40.6946934676788,2558,7d
2023-09-12 00:00:00+00:00,36.59282366581175,1377,14d
2023-09-12 00:00:00+00:00,40.3898355988244,310,60d
2023-09-12 00:00:00+00:00,38.11250830037244,1875,7d
2023-09-13 00:00:00+00:00,36.8210407678084,672,14d
2023-09-13 00:00:00+00:00,41.19031372549019,50,60d
2023-09-13 00:00:00+00:00,37.70944411414982,581,7d
2023-09-14 00:00:00+00:00,35.88750419097432,853,14d
2023-09-14 00:00:00+00:00,35.576192425793245,152,30d
2023-09-14 00:00:00+00:00,41.529701348747594,103,60d
2023-09-14 00:00:00+00:00,37.34958593197454,859,7d
2023-09-15 00:00:00+00:00,33.52755211775845,1559,14d
2023-09-15 00:00:00+00:00,33.331855370001534,348,30d
2023-09-15 00:00:00+00:00,40.55734576757532,89,60d
2023-09-15 00:00:00+00:00,34.548394387541805,1458,7d
2023-09-15 00:00:00+00:00,42.99333333333333,75,90d
2023-09-16 00:00:00+00:00,31.28976970919482,551,14d
2023-09-16 00:00:00+00:00,31.931956521739128,46,30d
2023-09-16 00:00:00+00:00,39.418124999999996,12,60d
2023-09-16 00:00:00+00:00,31.725465330333403,479,7d
2023-09-16 00:00:00+00:00,42.36436363636364,14,90d
2023-09-17 00:00:00+00:00,34.457285527735195,638,14d
2023-09-17 00:00:00+00:00,37.07793541264145,61,30d
2023-09-17 00:00:00+00:00,39.354671532846716,13,60d
2023-09-17 00:00:00+00:00,32.43133484464595,433,7d
2023-09-17 00:00:00+00:00,42.515,9,90d
2023-09-18 00:00:00+00:00,33.71888095917785,782,14d
2023-09-18 00:00:00+00:00,38.426506104194374,437,30d
2023-09-18 00:00:00+00:00,40.88924914675768,143,60d
2023-09-18 00:00:00+00:00,37.61995675184644,3671,7d
2023-09-18 00:00:00+00:00,43.305641282565134,156,90d
2023-09-19 00:00:00+00:00,34.77242456640532,489,14d
2023-09-19 00:00:00+00:00,38.81639017757159,273,30d
2023-09-19 00:00:00+00:00,41.80759137523008,159,60d
2023-09-19 00:00:00+00:00,36.15499731113657,1571,7d
2023-09-19 00:00:00+00:00,43.48444887559544,176,90d
2023-09-20 00:00:00+00:00,34.86058483033932,359,14d
2023-09-20 00:00:00+00:00,39.78586910994765,363,30d
2023-09-20 00:00:00+00:00,42.599630249288936,164,60d
2023-09-20 00:00:00+00:00,35.93909177890631,1081,7d
2023-09-20 00:00:00+00:00,44.57561731431382,173,90d
2023-09-21 00:00:00+00:00,35.05460725277666,449,14d
2023-09-21 00:00:00+00:00,36.779745907007204,708,30d
2023-09-21 00:00:00+00:00,42.17816779621407,176,60d
2023-09-21 00:00:00+00:00,36.37297436031059,1418,7d
2023-09-21 00:00:00+00:00,45.53485846754515,252,90d
2023-09-22 00:00:00+00:00,30.594252541589647,708,14d
2023-09-22 00:00:00+00:00,34.09191779141104,776,30d
2023-09-22 00:00:00+00:00,38.84186662412253,167,60d
2023-09-22 00:00:00+00:00,31.03160782125303,1659,7d
2023-09-22 00:00:00+00:00,43.59774900398406,241,90d
2023-09-23 00:00:00+00:00,29.192240693892305,251,14d
2023-09-23 00:00:00+00:00,32.02780187997107,179,30d
2023-09-23 00:00:00+00:00,37.89758064516129,20,60d
2023-09-23 00:00:00+00:00,28.67570789865872,561,7d
2023-09-23 00:00:00+00:00,41.58322834645669,19,90d
2023-09-24 00:00:00+00:00,30.255154756270706,527,14d
2023-09-24 00:00:00+00:00,34.76312635574837,328,30d
2023-09-24 00:00:00+00:00,36.44002305918524,75,60d
2023-09-24 00:00:00+00:00,33.49091166902994,751,7d
2023-09-24 00:00:00+00:00,40.69407670454545,36,90d
2023-09-25 00:00:00+00:00,33.54242306344199,785,14d
2023-09-25 00:00:00+00:00,33.75792929791646,609,30d
2023-09-25 00:00:00+00:00,38.22707869339273,212,60d
2023-09-25 00:00:00+00:00,34.25937907423909,2412,7d
2023-09-25 00:00:00+00:00,41.6849555353902,245,90d
2023-09-26 00:00:00+00:00,31.465070522866505,238,14d
2023-09-26 00:00:00+00:00,34.70014121264121,458,30d
2023-09-26 00:00:00+00:00,38.33140611541774,165,60d
2023-09-26 00:00:00+00:00,36.11357575001559,641,7d
2023-09-26 00:00:00+00:00,43.29570923498934,282,90d
2023-09-27 00:00:00+00:00,31.621413372158134,398,14d
2023-09-27 00:00:00+00:00,32.732334227206245,1104,30d
2023-09-27 00:00:00+00:00,36.702241139142544,175,60d
2023-09-27 00:00:00+00:00,32.52049470549305,729,7d
2023-09-27 00:00:00+00:00,41.89812856238125,271,90d
2023-09-28 00:00:00+00:00,31.01764068863384,551,14d
2023-09-28 00:00:00+00:00,33.83308249601104,1745,30d
2023-09-28 00:00:00+00:00,37.41316317365269,203,60d
2023-09-28 00:00:00+00:00,32.595817642359926,845,7d
2023-09-28 00:00:00+00:00,42.2320123336579,213,90d
2023-09-29 00:00:00+00:00,30.64312214881233,1207,14d
2023-09-29 00:00:00+00:00,32.08702963971688,1799,30d
2023-09-29 00:00:00+00:00,36.98976597325409,471,60d
2023-09-29 00:00:00+00:00,31.017546925836324,1242,7d
2023-09-29 00:00:00+00:00,41.01211200119787,281,90d
2023-09-30 00:00:00+00:00,29.453587562334995,600,14d
2023-09-30 00:00:00+00:00,30.7067400199049,375,30d
2023-09-30 00:00:00+00:00,33.832250530785565,55,60d
2023-09-30 00:00:00+00:00,29.265941816999838,557,7d
2023-09-30 00:00:00+00:00,38.38751366120219,37,90d
2023-10-01 00:00:00+00:00,34.74707545978705,901,14d
2023-10-01 00:00:00+00:00,32.45127139364303,582,30d
2023-10-01 00:00:00+00:00,35.43640819606267,138,60d
2023-10-01 00:00:00+00:00,34.31349935366132,906,7d
2023-10-01 00:00:00+00:00,38.89838801711841,103,90d
2023-10-02 00:00:00+00:00,34.27738219895288,1127,14d
2023-10-02 00:00:00+00:00,34.44389930535946,1354,30d
2023-10-02 00:00:00+00:00,37.963301417883116,663,60d
2023-10-02 00:00:00+00:00,37.01932017413084,2403,7d
2023-10-02 00:00:00+00:00,41.053244846733094,687,90d
2023-10-03 00:00:00+00:00,36.29423087159015,380,14d
2023-10-03 00:00:00+00:00,32.650722994256064,554,30d
2023-10-03 00:00:00+00:00,36.399359319631465,178,60d
2023-10-03 00:00:00+00:00,36.92652339400844,1037,7d
2023-10-03 00:00:00+00:00,40.02189454976303,227,90d
2023-10-04 00:00:00+00:00,34.27015210410681,393,14d
2023-10-04 00:00:00+00:00,32.535974765974764,350,30d
2023-10-04 00:00:00+00:00,36.10361215974568,259,60d
2023-10-04 00:00:00+00:00,34.22146143828679,683,7d
2023-10-04 00:00:00+00:00,40.237892695539756,188,90d
2023-10-05 00:00:00+00:00,31.943383289621586,378,14d
2023-10-05 00:00:00+00:00,33.26295754168283,636,30d
2023-10-05 00:00:00+00:00,35.03470670147954,265,60d
2023-10-05 00:00:00+00:00,32.900180954779294,1054,7d
2023-10-05 00:00:00+00:00,39.604823152517426,207,90d
2023-10-06 00:00:00+00:00,31.30325140372725,1759,14d
2023-10-06 00:00:00+00:00,31.73495283018868,1148,30d
2023-10-06 00:00:00+00:00,34.16572666279254,626,60d
2023-10-06 00:00:00+00:00,30.872684005861135,1751,7d
2023-10-06 00:00:00+00:00,38.25133879414529,342,90d
2023-10-07 00:00:00+00:00,32.68628455024764,794,14d
2023-10-07 00:00:00+00:00,31.541464088397785,98,30d
2023-10-07 00:00:00+00:00,34.19865444899928,125,60d
2023-10-07 00:00:00+00:00,30.911684376229832,634,7d
2023-10-07 00:00:00+00:00,38.54054924242424,34,90d
2023-10-08 00:00:00+00:00,33.70628640776699,578,14d
2023-10-08 00:00:00+00:00,34.93212678936605,86,60d
2023-10-08 00:00:00+00:00,36.216481784386616,559,7d
2023-10-08 00:00:00+00:00,38.73546495773112,126,90d
2023-10-09 00:00:00+00:00,35.809796692762426,828,14d
2023-10-09 00:00:00+00:00,34.624548696507624,398,60d
2023-10-09 00:00:00+00:00,36.13943518748791,1962,7d
2023-10-09 00:00:00+00:00,38.37046477699042,236,90d
2023-10-10 00:00:00+00:00,33.90392645588122,624,14d
2023-10-10 00:00:00+00:00,33.84220253164557,158,60d
2023-10-10 00:00:00+00:00,37.2638997579269,631,7d
2023-10-10 00:00:00+00:00,37.48652264808362,194,90d
2023-10-11 00:00:00+00:00,31.806020550940094,1843,14d
2023-10-11 00:00:00+00:00,32.562631243850205,1063,7d
2023-10-11 00:00:00+00:00,35.56245088738228,513,90d
2023-10-12 00:00:00+00:00,32.54958071748879,856,14d
2023-10-12 00:00:00+00:00,30.45628765792031,362,30d
2023-10-12 00:00:00+00:00,32.95470678524672,920,7d
2023-10-12 00:00:00+00:00,36.41981679917041,299,90d
2023-10-13 00:00:00+00:00,30.511314140865473,1391,14d
2023-10-13 00:00:00+00:00,30.67041759327897,338,30d
2023-10-13 00:00:00+00:00,32.86107846957064,1388,7d
2023-10-13 00:00:00+00:00,35.2845253252145,240,90d
2023-10-14 00:00:00+00:00,32.0127388478319,497,14d
2023-10-14 00:00:00+00:00,33.66526170798898,51,30d
2023-10-14 00:00:00+00:00,29.77515937850393,589,7d
2023-10-14 00:00:00+00:00,35.67777777777778,22,90d
2023-10-15 00:00:00+00:00,32.738099607908566,629,14d
2023-10-15 00:00:00+00:00,34.46658313253012,111,30d
2023-10-15 00:00:00+00:00,36.72376774193548,47,60d
2023-10-15 00:00:00+00:00,35.72914346895075,542,7d
2023-10-15 00:00:00+00:00,35.718333333333334,2,90d
2023-10-16 00:00:00+00:00,36.55840661604567,2173,14d
2023-10-16 00:00:00+00:00,36.48741185722399,1602,30d
2023-10-16 00:00:00+00:00,38.72991371368222,1245,60d
2023-10-16 00:00:00+00:00,44.255223311242105,5908,7d
2023-10-17 00:00:00+00:00,37.23409832190972,487,14d
2023-10-17 00:00:00+00:00,37.80155985617597,411,30d
2023-10-17 00:00:00+00:00,39.7512627847276,384,60d
2023-10-17 00:00:00+00:00,39.356227541780456,1828,7d
2023-10-18 00:00:00+00:00,34.94757214902437,520,14d
2023-10-18 00:00:00+00:00,35.798177494530584,396,30d
2023-10-18 00:00:00+00:00,38.802604441098985,247,60d
2023-10-18 00:00:00+00:00,35.25817678260359,1170,7d
2023-10-19 00:00:00+00:00,35.556479508064776,591,14d
2023-10-19 00:00:00+00:00,35.920578205203846,591,30d
2023-10-19 00:00:00+00:00,39.47563726202587,389,60d
2023-10-19 00:00:00+00:00,36.06899182619007,1498,7d
2023-10-20 00:00:00+00:00,37.61834049550537,1404,14d
2023-10-20 00:00:00+00:00,38.87240166621142,1793,30d
2023-10-20 00:00:00+00:00,44.35247895997263,832,60d
2023-10-20 00:00:00+00:00,39.98918889367831,3586,7d
2023-10-21 00:00:00+00:00,39.81852699931647,666,14d
2023-10-21 00:00:00+00:00,42.862554102795315,409,30d
2023-10-21 00:00:00+00:00,46.28959321617304,163,60d
2023-10-21 00:00:00+00:00,42.156494213750854,1457,7d
2023-10-22 00:00:00+00:00,42.79105457708197,422,14d
2023-10-22 00:00:00+00:00,44.31955084745763,311,30d
2023-10-22 00:00:00+00:00,47.01213802435724,163,60d
2023-10-22 00:00:00+00:00,50.78072946923687,1133,7d
2023-10-23 00:00:00+00:00,48.175174234168786,1626,14d
2023-10-23 00:00:00+00:00,49.26180245456211,2412,30d
2023-10-23 00:00:00+00:00,52.17224261447562,1346,60d
2023-10-23 00:00:00+00:00,53.594677107274215,8001,7d
2023-10-24 00:00:00+00:00,56.55517829895451,1094,14d
2023-10-24 00:00:00+00:00,53.75228847146592,2225,30d
2023-10-24 00:00:00+00:00,55.85731511823291,1903,60d
2023-10-24 00:00:00+00:00,63.34398145213146,3631,7d
2023-10-25 00:00:00+00:00,56.17025810580204,341,14d
2023-10-25 00:00:00+00:00,51.852945998418065,766,30d
2023-10-25 00:00:00+00:00,53.15565480274442,523,60d
2023-10-25 00:00:00+00:00,57.94788470250679,876,7d
2023-10-26 00:00:00+00:00,53.15540437412751,258,14d
2023-10-26 00:00:00+00:00,55.32081694402421,618,30d
2023-10-26 00:00:00+00:00,55.47329574939851,570,60d
2023-10-26 00:00:00+00:00,54.65737825767773,882,7d
2023-10-26 00:00:00+00:00,58.63575894879927,59,90d
2023-10-27 00:00:00+00:00,44.997085201793716,950,14d
2023-10-27 00:00:00+00:00,47.915573443025615,1357,30d
2023-10-27 00:00:00+00:00,51.90375507747856,593,60d
2023-10-27 00:00:00+00:00,45.99570727915952,1593,7d
2023-10-27 00:00:00+00:00,54.54420639078051,74,90d
2023-10-28 00:00:00+00:00,44.02255705771188,355,14d
2023-10-28 00:00:00+00:00,44.37230421686747,276,30d
2023-10-28 00:00:00+00:00,50.426969416126035,67,60d
2023-10-28 00:00:00+00:00,42.09625800887137,702,7d
2023-10-28 00:00:00+00:00,52.59462765957446,25,90d
2023-10-29 00:00:00+00:00,53.996007950756606,349,14d
2023-10-29 00:00:00+00:00,49.248000643915,272,30d
2023-10-29 00:00:00+00:00,52.14894593543368,187,60d
2023-10-29 00:00:00+00:00,54.96172354566501,833,7d
2023-10-29 00:00:00+00:00,54.74898734177215,21,90d
2023-10-30 00:00:00+00:00,52.53366852109411,411,14d
2023-10-30 00:00:00+00:00,51.985968051581125,621,30d
2023-10-30 00:00:00+00:00,54.17743871203806,357,60d
2023-10-30 00:00:00+00:00,55.167898276032574,1549,7d
2023-10-30 00:00:00+00:00,56.025321399511796,112,90d
2023-10-31 00:00:00+00:00,50.10846130592503,193,14d
2023-10-31 00:00:00+00:00,49.588376176875066,388,30d
2023-10-31 00:00:00+00:00,53.46932782779395,177,60d
2023-10-31 00:00:00+00:00,50.72122834158416,642,7d
2023-10-31 00:00:00+00:00,55.755036437246964,91,90d
2023-11-01 00:00:00+00:00,52.007926053310406,464,14d
2023-11-01 00:00:00+00:00,52.80803578690525,767,30d
2023-11-01 00:00:00+00:00,55.34986963026288,506,60d
2023-11-01 00:00:00+00:00,51.01525354265073,883,7d
2023-11-01 00:00:00+00:00,57.87412173913044,137,90d
2023-11-02 00:00:00+00:00,54.064330249836104,671,14d
2023-11-02 00:00:00+00:00,55.09302101222346,993,30d
2023-11-02 00:00:00+00:00,59.272470341939986,398,60d
2023-11-02 00:00:00+00:00,56.449537992431466,1497,7d
2023-11-02 00:00:00+00:00,61.3168,101,90d
2023-11-03 00:00:00+00:00,51.749872632266495,964,14d
2023-11-03 00:00:00+00:00,53.62257019766853,531,30d
2023-11-03 00:00:00+00:00,57.67954997428425,332,60d
2023-11-03 00:00:00+00:00,49.358154170946015,2056,7d
2023-11-03 00:00:00+00:00,60.32489317711923,89,90d
2023-11-04 00:00:00+00:00,53.71617961364571,600,14d
2023-11-04 00:00:00+00:00,53.25079521031624,144,30d
2023-11-04 00:00:00+00:00,58.523732732732725,220,60d
2023-11-04 00:00:00+00:00,47.444312303140215,739,7d
2023-11-04 00:00:00+00:00,59.53243243243243,20,90d
2023-11-05 00:00:00+00:00,54.559766146119436,667,14d
2023-11-05 00:00:00+00:00,58.78600106213489,132,60d
2023-11-05 00:00:00+00:00,52.38374204636876,978,7d
2023-11-05 00:00:00+00:00,60.336129032258064,84,90d
2023-11-06 00:00:00+00:00,52.724830713733574,801,14d
2023-11-06 00:00:00+00:00,57.51652984102163,261,60d
2023-11-06 00:00:00+00:00,48.768525580211495,1404,7d
2023-11-06 00:00:00+00:00,60.59282805429865,69,90d
2023-11-07 00:00:00+00:00,48.768511368976604,955,14d
2023-11-07 00:00:00+00:00,53.508011706384764,464,60d
2023-11-07 00:00:00+00:00,48.73167094094275,1373,7d
2023-11-07 00:00:00+00:00,57.41558500567966,82,90d
2023-11-08 00:00:00+00:00,50.532660340442185,735,14d
2023-11-08 00:00:00+00:00,53.457138798701294,401,60d
2023-11-08 00:00:00+00:00,48.89141499035547,872,7d
2023-11-08 00:00:00+00:00,56.24862857142857,42,90d
2023-11-09 00:00:00+00:00,58.00301155871937,2299,14d
2023-11-09 00:00:00+00:00,58.026500808029255,577,30d
2023-11-09 00:00:00+00:00,58.863174086982134,1736,60d
2023-11-09 00:00:00+00:00,57.97754654835313,2822,7d
2023-11-09 00:00:00+00:00,61.19183895297249,245,90d
2023-11-10 00:00:00+00:00,53.652976957206235,1703,14d
2023-11-10 00:00:00+00:00,53.4054513778904,473,30d
2023-11-10 00:00:00+00:00,54.52348351306512,666,60d
2023-11-10 00:00:00+00:00,53.707745213726675,1767,7d
2023-11-10 00:00:00+00:00,58.30531519274376,60,90d
2023-11-11 00:00:00+00:00,54.663940737142504,846,14d
2023-11-11 00:00:00+00:00,52.4350469483568,50,30d
2023-11-11 00:00:00+00:00,53.9906233933162,159,60d
2023-11-11 00:00:00+00:00,53.97929844097995,687,7d
2023-11-11 00:00:00+00:00,56.187721518987345,13,90d
2023-11-12 00:00:00+00:00,54.521945474591554,549,14d
2023-11-12 00:00:00+00:00,54.802598632298796,197,60d
2023-11-12 00:00:00+00:00,53.70357179356157,524,7d
2023-11-13 00:00:00+00:00,54.58350164378749,749,14d
2023-11-13 00:00:00+00:00,54.77393017221043,397,60d
2023-11-13 00:00:00+00:00,53.5732733270948,1961,7d
2023-11-14 00:00:00+00:00,52.10087873232059,748,14d
2023-11-14 00:00:00+00:00,56.06947107438017,183,60d
2023-11-14 00:00:00+00:00,51.86034154692412,2184,7d
2023-11-15 00:00:00+00:00,52.89630416084292,905,14d
2023-11-15 00:00:00+00:00,56.67036384976526,130,60d
2023-11-15 00:00:00+00:00,52.41022908163265,1922,7d
2023-11-16 00:00:00+00:00,55.23131881402515,767,14d
2023-11-16 00:00:00+00:00,53.55973633819414,210,30d
2023-11-16 00:00:00+00:00,57.78158713692947,119,60d
2023-11-16 00:00:00+00:00,53.43654643936192,2453,7d
2023-11-17 00:00:00+00:00,51.017035003431715,696,14d
2023-11-17 00:00:00+00:00,51.40013533208411,384,30d
2023-11-17 00:00:00+00:00,57.37201471542956,186,60d
2023-11-17 00:00:00+00:00,49.912672958685285,2281,7d
2023-11-18 00:00:00+00:00,47.53655213984328,447,14d
2023-11-18 00:00:00+00:00,48.78010370370371,136,30d
2023-11-18 00:00:00+00:00,57.9210052910053,38,60d
2023-11-18 00:00:00+00:00,45.58404428524911,753,7d
2023-11-19 00:00:00+00:00,50.7178895612708,564,14d
2023-11-19 00:00:00+00:00,53.414384334550284,160,30d
2023-11-19 00:00:00+00:00,57.741737089201884,30,60d
2023-11-19 00:00:00+00:00,49.25393158275114,1059,7d
2023-11-20 00:00:00+00:00,50.972026052760945,613,14d
2023-11-20 00:00:00+00:00,54.95841067285382,708,30d
2023-11-20 00:00:00+00:00,57.794026723352566,124,60d
2023-11-20 00:00:00+00:00,51.851592947976876,2831,7d
2023-11-21 00:00:00+00:00,49.69513236267373,475,14d
2023-11-21 00:00:00+00:00,54.788189073556026,689,30d
2023-11-21 00:00:00+00:00,58.27346121768141,199,60d
2023-11-21 00:00:00+00:00,48.98304636272468,1266,7d
2023-11-22 00:00:00+00:00,52.110558765865235,486,14d
2023-11-22 00:00:00+00:00,53.11321451647642,545,30d
2023-11-22 00:00:00+00:00,58.76037643932683,81,60d
2023-11-22 00:00:00+00:00,50.9040127601296,1160,7d
2023-11-23 00:00:00+00:00,51.011318145483614,461,14d
2023-11-23 00:00:00+00:00,52.500347721822536,520,30d
2023-11-23 00:00:00+00:00,58.83823146944083,79,60d
2023-11-23 00:00:00+00:00,50.0056780168041,1109,7d
2023-11-23 00:00:00+00:00,59.05875,8,90d
2023-11-24 00:00:00+00:00,49.155254462212206,1362,14d
2023-11-24 00:00:00+00:00,50.58137111288871,1518,30d
2023-11-24 00:00:00+00:00,56.74700012536041,155,60d
2023-11-24 00:00:00+00:00,48.76109169524862,2380,7d
2023-11-24 00:00:00+00:00,58.34752032520325,20,90d
2023-11-25 00:00:00+00:00,46.31167027027027,389,14d
2023-11-25 00:00:00+00:00,49.651561412232724,175,30d
2023-11-25 00:00:00+00:00,56.68695431472082,17,60d
2023-11-25 00:00:00+00:00,43.840824969400245,641,7d
2023-11-25 00:00:00+00:00,56.75000000000001,1,90d
2023-11-26 00:00:00+00:00,49.61380102878406,595,14d
2023-11-26 00:00:00+00:00,50.754657534246576,384,30d
2023-11-26 00:00:00+00:00,56.3394265232975,27,60d
2023-11-26 00:00:00+00:00,49.95444479948873,982,7d
2023-11-26 00:00:00+00:00,56.87717948717949,5,90d
2023-11-27 00:00:00+00:00,47.39744330813695,622,14d
2023-11-27 00:00:00+00:00,48.91366092970887,593,30d
2023-11-27 00:00:00+00:00,56.116861893066314,148,60d
2023-11-27 00:00:00+00:00,49.06775119356159,1958,7d
2023-11-27 00:00:00+00:00,56.410670347003155,26,90d
2023-11-28 00:00:00+00:00,46.07903418124007,508,14d
2023-11-28 00:00:00+00:00,48.03222838587471,942,30d
2023-11-28 00:00:00+00:00,55.16586629526462,124,60d
2023-11-28 00:00:00+00:00,46.62637348601629,1123,7d
2023-11-28 00:00:00+00:00,57.18210273972603,34,90d
2023-11-29 00:00:00+00:00,47.90304789800138,427,14d
2023-11-29 00:00:00+00:00,48.44215923470162,816,30d
2023-11-29 00:00:00+00:00,55.80523074765044,151,60d
2023-11-29 00:00:00+00:00,47.22962719033232,861,7d
2023-11-29 00:00:00+00:00,56.21891791044776,18,90d
2023-11-30 00:00:00+00:00,45.74881355932203,350,14d
2023-11-30 00:00:00+00:00,47.29973235427779,1195,30d
2023-11-30 00:00:00+00:00,56.16783725910064,82,60d
2023-11-30 00:00:00+00:00,45.12043492221022,941,7d
2023-11-30 00:00:00+00:00,57.12225199131065,17,90d
2023-12-01 00:00:00+00:00,46.66065134552329,1657,14d
2023-12-01 00:00:00+00:00,47.407955323498264,1598,30d
2023-12-01 00:00:00+00:00,55.73849888392857,290,60d
2023-12-01 00:00:00+00:00,45.305057704545845,2808,7d
2023-12-01 00:00:00+00:00,57.01814814814815,39,90d
2023-12-02 00:00:00+00:00,47.415264884135475,1252,14d
2023-12-02 00:00:00+00:00,47.84797166469894,624,30d
2023-12-02 00:00:00+00:00,55.845701818181816,203,60d
2023-12-02 00:00:00+00:00,46.9669972180364,1463,7d
2023-12-02 00:00:00+00:00,56.56465753424657,27,90d
2023-12-03 00:00:00+00:00,49.964037002528954,895,14d
2023-12-03 00:00:00+00:00,50.33800908632004,738,30d
2023-12-03 00:00:00+00:00,56.63032645223235,261,60d
2023-12-03 00:00:00+00:00,48.40103310713552,1234,7d
2023-12-03 00:00:00+00:00,57.72197207678884,22,90d
2023-12-04 00:00:00+00:00,50.983867419101365,1758,14d
2023-12-04 00:00:00+00:00,49.870663596966416,2775,30d
2023-12-04 00:00:00+00:00,56.342878544676296,589,60d
2023-12-04 00:00:00+00:00,52.11644681496899,4618,7d
2023-12-04 00:00:00+00:00,57.09940705128206,181,90d
2023-12-05 00:00:00+00:00,48.79621372031662,778,14d
2023-12-05 00:00:00+00:00,49.07990630063282,2371,30d
2023-12-05 00:00:00+00:00,55.01355687372988,557,60d
2023-12-05 00:00:00+00:00,50.85528354521181,2530,7d
2023-12-05 00:00:00+00:00,56.20972018089316,184,90d
2023-12-06 00:00:00+00:00,51.0247847129506,610,14d
2023-12-06 00:00:00+00:00,49.977268641343365,1558,30d
2023-12-06 00:00:00+00:00,54.08482403898214,382,60d
2023-12-06 00:00:00+00:00,52.87130168696093,1548,7d
2023-12-06 00:00:00+00:00,55.93153315446532,67,90d
2023-12-07 00:00:00+00:00,46.670125130344104,475,14d
2023-12-07 00:00:00+00:00,46.41308499333749,1167,30d
2023-12-07 00:00:00+00:00,52.68087762669963,203,60d
2023-12-07 00:00:00+00:00,47.45861052712053,1654,7d
2023-12-07 00:00:00+00:00,53.51844,48,90d
2023-12-08 00:00:00+00:00,46.29492734075879,1991,14d
2023-12-08 00:00:00+00:00,45.861875123395855,1481,30d
2023-12-08 00:00:00+00:00,52.123404322949774,332,60d
2023-12-08 00:00:00+00:00,47.09192799503414,1835,7d
2023-12-08 00:00:00+00:00,52.99902248289345,121,90d
2023-12-09 00:00:00+00:00,46.849261801668604,1021,14d
2023-12-09 00:00:00+00:00,46.75315846520702,351,30d
2023-12-09 00:00:00+00:00,52.62728542094456,160,60d
2023-12-09 00:00:00+00:00,46.33179746401645,841,7d
2023-12-09 00:00:00+00:00,53.762093023255815,13,90d
2023-12-10 00:00:00+00:00,46.89974273858922,597,14d
2023-12-10 00:00:00+00:00,53.236644670050765,121,60d
2023-12-10 00:00:00+00:00,49.53042621564482,488,7d
2023-12-10 00:00:00+00:00,53.98,15,90d
2023-12-11 00:00:00+00:00,51.772860268180864,3416,14d
2023-12-11 00:00:00+00:00,54.2137443456559,1146,60d
2023-12-11 00:00:00+00:00,56.47186448979591,3638,7d
2023-12-12 00:00:00+00:00,48.13547729073145,929,14d
2023-12-12 00:00:00+00:00,52.12552836825203,247,60d
2023-12-12 00:00:00+00:00,49.96037206395157,1180,7d
2023-12-13 00:00:00+00:00,46.55733203913061,1254,14d
2023-12-13 00:00:00+00:00,53.06423206547906,83,60d
2023-12-13 00:00:00+00:00,46.536722849419625,1056,7d
2023-12-14 00:00:00+00:00,46.33323948672944,1532,14d
2023-12-14 00:00:00+00:00,48.45284119807856,513,30d
2023-12-14 00:00:00+00:00,53.09423192771084,80,60d
2023-12-14 00:00:00+00:00,45.12545155696843,1393,7d
2023-12-15 00:00:00+00:00,46.062676543647974,1600,14d
2023-12-15 00:00:00+00:00,49.45631767076103,780,30d
2023-12-15 00:00:00+00:00,53.53795306388526,53,60d
2023-12-15 00:00:00+00:00,43.64175179503917,1506,7d
2023-12-15 00:00:00+00:00,54.70606296701293,79,90d
2023-12-16 00:00:00+00:00,43.51129828498157,748,14d
2023-12-16 00:00:00+00:00,49.67021917808219,125,30d
2023-12-16 00:00:00+00:00,52.729590643274854,38,60d
2023-12-16 00:00:00+00:00,40.20275662746662,771,7d
2023-12-16 00:00:00+00:00,54.723207547169814,6,90d
2023-12-17 00:00:00+00:00,44.10584624378836,638,14d
2023-12-17 00:00:00+00:00,52.25206821480406,298,30d
2023-12-17 00:00:00+00:00,52.64757042253522,32,60d
2023-12-17 00:00:00+00:00,46.95631997030438,822,7d
2023-12-17 00:00:00+00:00,54.2742105263158,13,90d
2023-12-18 00:00:00+00:00,47.58078788699952,851,14d
2023-12-18 00:00:00+00:00,53.09072998687664,453,30d
2023-12-18 00:00:00+00:00,53.45425,141,60d
2023-12-18 00:00:00+00:00,48.651752475812664,2901,7d
2023-12-18 00:00:00+00:00,54.51535714285714,50,90d
2023-12-19 00:00:00+00:00,48.963650975889784,247,14d
2023-12-19 00:00:00+00:00,54.456967290603146,389,30d
2023-12-19 00:00:00+00:00,54.59854510184287,76,60d
2023-12-19 00:00:00+00:00,48.467972387763204,2171,7d
2023-12-19 00:00:00+00:00,56.13319622012229,54,90d
2023-12-20 00:00:00+00:00,49.222523332574546,384,14d
2023-12-20 00:00:00+00:00,55.28683071992675,655,30d
2023-12-20 00:00:00+00:00,55.59465543644717,130,60d
2023-12-20 00:00:00+00:00,48.83299307514747,1995,7d
2023-12-20 00:00:00+00:00,56.27075299085152,66,90d
2023-12-21 00:00:00+00:00,49.74270970858155,646,14d
2023-12-21 00:00:00+00:00,55.52213484320558,556,30d
2023-12-21 00:00:00+00:00,56.06766584766585,59,60d
2023-12-21 00:00:00+00:00,48.28335177335536,1246,7d
2023-12-21 00:00:00+00:00,56.72091613812544,39,90d
2023-12-22 00:00:00+00:00,48.35600868535334,741,14d
2023-12-22 00:00:00+00:00,54.30777794804997,476,30d
2023-12-22 00:00:00+00:00,55.689764878765615,99,60d
2023-12-22 00:00:00+00:00,45.250663097762875,1749,7d
2023-12-22 00:00:00+00:00,56.6993388429752,25,90d
2023-12-23 00:00:00+00:00,48.111424075531076,633,14d
2023-12-23 00:00:00+00:00,54.20834119782214,274,30d
2023-12-23 00:00:00+00:00,55.220927835051555,28,60d
2023-12-23 00:00:00+00:00,40.64648493778651,977,7d
2023-12-23 00:00:00+00:00,56.43020833333333,11,90d
2023-12-24 00:00:00+00:00,48.751753531995725,481,14d
2023-12-24 00:00:00+00:00,55.03181611804767,151,30d
2023-12-24 00:00:00+00:00,55.574480408858605,24,60d
2023-12-24 00:00:00+00:00,44.215811998229974,1029,7d
2023-12-24 00:00:00+00:00,57.093333333333334,9,90d
2023-12-25 00:00:00+00:00,54.12527868141401,260,14d
2023-12-25 00:00:00+00:00,55.68684471575734,179,30d
2023-12-25 00:00:00+00:00,55.926528662420374,24,60d
2023-12-25 00:00:00+00:00,43.90232395820427,1626,7d
2023-12-25 00:00:00+00:00,56.14000000000001,6,90d
2023-12-26 00:00:00+00:00,58.25025671516508,491,14d
2023-12-26 00:00:00+00:00,56.33041761579348,513,30d
2023-12-26 00:00:00+00:00,56.360778859527116,78,60d
2023-12-26 00:00:00+00:00,45.59891583110294,1654,7d
2023-12-26 00:00:00+00:00,56.819351620947636,76,90d
2023-12-27 00:00:00+00:00,62.89852212274555,604,14d
2023-12-27 00:00:00+00:00,60.550650927487354,418,30d
2023-12-27 00:00:00+00:00,59.52387382401771,79,60d
2023-12-27 00:00:00+00:00,49.80369814366424,625,7d
2023-12-27 00:00:00+00:00,58.232785354007106,77,90d
2023-12-28 00:00:00+00:00,64.63805692391898,448,14d
2023-12-28 00:00:00+00:00,61.9331901584654,463,30d
2023-12-28 00:00:00+00:00,58.89711128650355,244,60d
2023-12-28 00:00:00+00:00,50.31444355874408,681,7d
2023-12-28 00:00:00+00:00,58.731772727272734,20,90d
2023-12-29 00:00:00+00:00,63.607399531290696,1166,14d
2023-12-29 00:00:00+00:00,61.571044722719144,887,30d
2023-12-29 00:00:00+00:00,58.762084534101824,228,60d
2023-12-29 00:00:00+00:00,49.168411771415535,1641,7d
2023-12-29 00:00:00+00:00,59.31233384069,148,90d
2023-12-30 00:00:00+00:00,63.88862131246237,430,14d
2023-12-30 00:00:00+00:00,62.133307669529174,293,30d
2023-12-30 00:00:00+00:00,59.74579310344827,42,60d
2023-12-30 00:00:00+00:00,50.252041983448834,981,7d
2023-12-30 00:00:00+00:00,59.92703703703704,3,90d
2023-12-31 00:00:00+00:00,65.27013276434329,315,14d
2023-12-31 00:00:00+00:00,63.205159744408945,306,30d
2023-12-31 00:00:00+00:00,59.79894026974952,89,60d
2023-12-31 00:00:00+00:00,53.96529822834646,770,7d
2023-12-31 00:00:00+00:00,59.167159309021116,31,90d
2024-01-01 00:00:00+00:00,66.86249807445442,533,14d
2024-01-01 00:00:00+00:00,65.60768189806679,549,30d
2024-01-01 00:00:00+00:00,60.522836879432624,63,60d
2024-01-01 00:00:00+00:00,61.854564771824165,1342,7d
2024-01-01 00:00:00+00:00,60.90511374876361,69,90d
2024-01-02 00:00:00+00:00,67.28601415996938,541,14d
2024-01-02 00:00:00+00:00,64.95255105802552,1111,30d
2024-01-02 00:00:00+00:00,62.51707881075979,256,60d
2024-01-02 00:00:00+00:00,67.90212741581053,2080,7d
2024-01-02 00:00:00+00:00,61.54216998191682,203,90d
2024-01-03 00:00:00+00:00,65.88928665207878,702,14d
2024-01-03 00:00:00+00:00,62.670483533108346,960,30d
2024-01-03 00:00:00+00:00,61.44686857876712,271,60d
2024-01-03 00:00:00+00:00,70.76438965238479,1694,7d
2024-01-03 00:00:00+00:00,59.9077520814061,137,90d
2024-01-04 00:00:00+00:00,67.1637772695285,312,14d
2024-01-04 00:00:00+00:00,65.13459915611814,723,30d
2024-01-04 00:00:00+00:00,61.20483033240996,208,60d
2024-01-04 00:00:00+00:00,76.38638795333627,1152,7d
2024-01-04 00:00:00+00:00,60.8322110365399,144,90d
2024-01-05 00:00:00+00:00,70.63146706774457,1191,14d
2024-01-05 00:00:00+00:00,67.90907753643113,742,30d
2024-01-05 00:00:00+00:00,62.191008166713615,115,60d
2024-01-05 00:00:00+00:00,81.6901993313727,1501,7d
2024-01-05 00:00:00+00:00,60.9787517337032,69,90d
2024-01-06 00:00:00+00:00,72.81900589330026,470,14d
2024-01-06 00:00:00+00:00,67.88471223021583,75,30d
2024-01-06 00:00:00+00:00,63.647588555858306,77,60d
2024-01-06 00:00:00+00:00,83.7874750914365,711,7d
2024-01-06 00:00:00+00:00,61.24041666666666,31,90d
2024-01-07 00:00:00+00:00,76.83818778885916,481,14d
2024-01-07 00:00:00+00:00,66.23718181818182,91,60d
2024-01-07 00:00:00+00:00,92.34559770508649,700,7d
2024-01-07 00:00:00+00:00,63.99310392291811,44,90d
2024-01-08 00:00:00+00:00,72.7527795344273,1352,14d
2024-01-08 00:00:00+00:00,64.02688494265631,361,60d
2024-01-08 00:00:00+00:00,95.08048898276607,3802,7d
2024-01-08 00:00:00+00:00,62.92126628267612,220,90d
2024-01-09 00:00:00+00:00,65.2749189717419,1444,14d
2024-01-09 00:00:00+00:00,61.80554896142433,66,60d
2024-01-09 00:00:00+00:00,78.29413924325893,1308,7d
2024-01-09 00:00:00+00:00,60.001969580149996,252,90d
2024-01-10 00:00:00+00:00,64.7612123039807,1457,14d
2024-01-10 00:00:00+00:00,68.77504553070591,1578,7d
2024-01-10 00:00:00+00:00,61.29872504100911,554,90d
2024-01-11 00:00:00+00:00,60.008496979599926,1199,14d
2024-01-11 00:00:00+00:00,57.91910179640719,202,30d
2024-01-11 00:00:00+00:00,62.309975060962095,1645,7d
2024-01-11 00:00:00+00:00,56.93261265191648,431,90d
2024-01-12 00:00:00+00:00,54.41025553235909,2548,14d
2024-01-12 00:00:00+00:00,53.31012464854733,610,30d
2024-01-12 00:00:00+00:00,55.32758267833308,2033,7d
2024-01-12 00:00:00+00:00,54.362481286387585,277,90d
2024-01-13 00:00:00+00:00,53.65899312452254,1494,14d
2024-01-13 00:00:00+00:00,53.65986261040236,163,30d
2024-01-13 00:00:00+00:00,51.87621385542169,777,7d
2024-01-13 00:00:00+00:00,53.69297452752671,61,90d
2024-01-14 00:00:00+00:00,54.97447951078934,1391,14d
2024-01-14 00:00:00+00:00,53.856195804195806,78,30d
2024-01-14 00:00:00+00:00,53.893356766256595,64,60d
2024-01-14 00:00:00+00:00,56.55534627260697,735,7d
2024-01-14 00:00:00+00:00,52.759,13,90d
2024-01-15 00:00:00+00:00,55.389707414829665,496,14d
2024-01-15 00:00:00+00:00,53.71959459459459,116,30d
2024-01-15 00:00:00+00:00,54.016004535147395,125,60d
2024-01-15 00:00:00+00:00,57.66781943255876,1244,7d
2024-01-16 00:00:00+00:00,51.84054664330008,317,14d
2024-01-16 00:00:00+00:00,53.156178467507274,243,30d
2024-01-16 00:00:00+00:00,53.30345541990381,113,60d
2024-01-16 00:00:00+00:00,54.99138751969956,962,7d
2024-01-17 00:00:00+00:00,48.41144881889764,475,14d
2024-01-17 00:00:00+00:00,50.22775969962453,163,30d
2024-01-17 00:00:00+00:00,51.42781386089337,124,60d
2024-01-17 00:00:00+00:00,50.04193636100665,1140,7d
2024-01-18 00:00:00+00:00,43.78550738223577,364,14d
2024-01-18 00:00:00+00:00,45.42026502805236,685,30d
2024-01-18 00:00:00+00:00,48.54678355501814,339,60d
2024-01-18 00:00:00+00:00,46.366185031389605,1606,7d
2024-01-18 00:00:00+00:00,49.90294665012407,14,90d
2024-01-19 00:00:00+00:00,43.89899164810691,930,14d
2024-01-19 00:00:00+00:00,45.35932721537137,669,30d
2024-01-19 00:00:00+00:00,47.15417702635505,207,60d
2024-01-19 00:00:00+00:00,45.30905401642768,2156,7d
2024-01-19 00:00:00+00:00,49.26422818791946,24,90d
2024-01-20 00:00:00+00:00,44.45645855194124,421,14d
2024-01-20 00:00:00+00:00,45.26662442396314,92,30d
2024-01-20 00:00:00+00:00,46.398137432188065,22,60d
2024-01-20 00:00:00+00:00,45.50769871710091,575,7d
2024-01-20 00:00:00+00:00,49.3,1,90d
2024-01-21 00:00:00+00:00,45.25531685393259,266,14d
2024-01-21 00:00:00+00:00,45.17328159645233,37,30d
2024-01-21 00:00:00+00:00,46.834489795918365,18,60d
2024-01-21 00:00:00+00:00,48.09308343205281,476,7d
2024-01-21 00:00:00+00:00,48.376226415094344,5,90d
2024-01-22 00:00:00+00:00,46.25854685554172,967,14d
2024-01-22 00:00:00+00:00,46.285766437308865,313,30d
2024-01-22 00:00:00+00:00,47.60349283967866,154,60d
2024-01-22 00:00:00+00:00,50.10483540124075,2960,7d
2024-01-22 00:00:00+00:00,49.01945454545454,47,90d
2024-01-23 00:00:00+00:00,50.503467170524324,711,14d
2024-01-23 00:00:00+00:00,47.9522460828464,753,30d
2024-01-23 00:00:00+00:00,47.648720455624115,329,60d
2024-01-23 00:00:00+00:00,51.782562988705465,1453,7d
2024-01-23 00:00:00+00:00,50.04257352941176,43,90d
2024-01-24 00:00:00+00:00,46.005711325473385,432,14d
2024-01-24 00:00:00+00:00,47.09876648234793,270,30d
2024-01-24 00:00:00+00:00,47.18351443850268,107,60d
2024-01-24 00:00:00+00:00,46.78465631929047,403,7d
2024-01-24 00:00:00+00:00,48.97741899603443,39,90d
2024-01-25 00:00:00+00:00,43.01584322298564,214,14d
2024-01-25 00:00:00+00:00,43.24492998678996,453,30d
2024-01-25 00:00:00+00:00,45.3138,107,60d
2024-01-25 00:00:00+00:00,42.30876351538675,458,7d
2024-01-25 00:00:00+00:00,48.2545385079429,41,90d
2024-01-26 00:00:00+00:00,41.07385009310987,1449,14d
2024-01-26 00:00:00+00:00,41.513772429679925,1760,30d
2024-01-26 00:00:00+00:00,45.06757261011733,369,60d
2024-01-26 00:00:00+00:00,41.30770620194772,2163,7d
2024-01-26 00:00:00+00:00,47.52149253731343,394,90d
2024-01-27 00:00:00+00:00,40.08233229813665,546,14d
2024-01-27 00:00:00+00:00,39.817791731066464,304,30d
2024-01-27 00:00:00+00:00,43.90618618618619,54,60d
2024-01-27 00:00:00+00:00,40.14049184538332,529,7d
2024-01-27 00:00:00+00:00,46.48136842105263,13,90d
2024-01-28 00:00:00+00:00,41.86971011426153,517,14d
2024-01-28 00:00:00+00:00,42.8940332733813,407,30d
2024-01-28 00:00:00+00:00,44.19878416588124,126,60d
2024-01-28 00:00:00+00:00,45.11591672088484,885,7d
2024-01-28 00:00:00+00:00,46.83533333333333,6,90d
2024-01-29 00:00:00+00:00,42.07583792048929,392,14d
2024-01-29 00:00:00+00:00,42.84698605030038,506,30d
2024-01-29 00:00:00+00:00,45.45398931000972,289,60d
2024-01-29 00:00:00+00:00,44.3143024763215,2411,7d
2024-01-29 00:00:00+00:00,47.053026315789474,22,90d
2024-01-30 00:00:00+00:00,42.834757362090414,424,14d
2024-01-30 00:00:00+00:00,43.85931159420289,429,30d
2024-01-30 00:00:00+00:00,46.88024556335122,251,60d
2024-01-30 00:00:00+00:00,44.3987600794671,1429,7d
2024-01-30 00:00:00+00:00,48.25932700603969,107,90d
2024-01-31 00:00:00+00:00,42.970650502661144,484,14d
2024-01-31 00:00:00+00:00,43.53237098445596,446,30d
2024-01-31 00:00:00+00:00,46.98341405405406,190,60d
2024-01-31 00:00:00+00:00,44.30164883741491,760,7d
2024-01-31 00:00:00+00:00,49.093897763578276,129,90d
2024-02-01 00:00:00+00:00,41.358931047063116,337,14d
2024-02-01 00:00:00+00:00,41.67476445396146,498,30d
2024-02-01 00:00:00+00:00,45.25093062605753,197,60d
2024-02-01 00:00:00+00:00,41.137383573243014,906,7d
2024-02-01 00:00:00+00:00,48.031527494908346,32,90d
2024-02-02 00:00:00+00:00,39.603904534802446,1288,14d
2024-02-02 00:00:00+00:00,40.337508677639676,731,30d
2024-02-02 00:00:00+00:00,44.23765608465608,236,60d
2024-02-02 00:00:00+00:00,37.697472794776594,1423,7d
2024-02-02 00:00:00+00:00,46.595549549549546,46,90d
2024-02-03 00:00:00+00:00,38.12108994708995,590,14d
2024-02-03 00:00:00+00:00,37.97354838709678,64,30d
2024-02-03 00:00:00+00:00,42.642879286049784,150,60d
2024-02-03 00:00:00+00:00,35.058853765098945,791,7d
2024-02-03 00:00:00+00:00,45.93679127725857,10,90d
2024-02-04 00:00:00+00:00,37.704678453804824,551,14d
2024-02-04 00:00:00+00:00,41.815852923447856,122,60d
2024-02-04 00:00:00+00:00,39.46007990747556,909,7d
2024-02-04 00:00:00+00:00,46.35403587443946,16,90d
2024-02-05 00:00:00+00:00,39.79929398986241,852,14d
2024-02-05 00:00:00+00:00,42.58362485227081,267,60d
2024-02-05 00:00:00+00:00,39.67035162554762,1351,7d
2024-02-05 00:00:00+00:00,46.2153338762215,44,90d
2024-02-06 00:00:00+00:00,39.002846209535626,592,14d
2024-02-06 00:00:00+00:00,42.40378158711394,139,60d
2024-02-06 00:00:00+00:00,37.25821209117939,613,7d
2024-02-06 00:00:00+00:00,45.65305882352941,18,90d
2024-02-07 00:00:00+00:00,38.31856774487126,1016,14d
2024-02-07 00:00:00+00:00,42.535322617160965,313,60d
2024-02-07 00:00:00+00:00,36.79017590343711,858,7d
2024-02-07 00:00:00+00:00,45.902854557576916,110,90d
2024-02-08 00:00:00+00:00,41.793554874863474,1722,14d
2024-02-08 00:00:00+00:00,41.70991494790559,515,30d
2024-02-08 00:00:00+00:00,44.35985078965217,488,60d
2024-02-08 00:00:00+00:00,40.63347022879068,1901,7d
2024-02-08 00:00:00+00:00,47.71776994553028,104,90d
2024-02-09 00:00:00+00:00,43.84801137189362,3000,14d
2024-02-09 00:00:00+00:00,44.35002742666348,886,30d
2024-02-09 00:00:00+00:00,45.399388169706135,761,60d
2024-02-09 00:00:00+00:00,42.42954209851295,2806,7d
2024-02-09 00:00:00+00:00,48.894195232466515,233,90d
2024-02-10 00:00:00+00:00,43.5089861553014,1201,14d
2024-02-10 00:00:00+00:00,42.87624192059096,78,30d
2024-02-10 00:00:00+00:00,47.212052108514634,301,60d
2024-02-10 00:00:00+00:00,44.11554810541089,1634,7d
2024-02-10 00:00:00+00:00,51.34973698336017,67,90d
2024-02-11 00:00:00+00:00,47.47374230744315,1325,14d
2024-02-11 00:00:00+00:00,49.641742862846876,385,60d
2024-02-11 00:00:00+00:00,47.92959253718208,1324,7d
2024-02-11 00:00:00+00:00,53.52554545454545,20,90d
2024-02-12 00:00:00+00:00,49.235766319982304,1235,14d
2024-02-12 00:00:00+00:00,53.8274702406812,1141,60d
2024-02-12 00:00:00+00:00,51.48299377469821,4308,7d
2024-02-13 00:00:00+00:00,50.55508919607691,740,14d
2024-02-13 00:00:00+00:00,55.11324020480855,307,60d
2024-02-13 00:00:00+00:00,51.01859177617635,1948,7d
2024-02-14 00:00:00+00:00,51.48841219047619,1894,14d
2024-02-14 00:00:00+00:00,57.76368074827835,348,60d
2024-02-14 00:00:00+00:00,53.011960886532215,3106,7d
2024-02-15 00:00:00+00:00,53.467275641025644,1483,14d
2024-02-15 00:00:00+00:00,53.818020040588536,519,30d
2024-02-15 00:00:00+00:00,58.51420994475138,260,60d
2024-02-15 00:00:00+00:00,52.93422215590985,2111,7d
2024-02-16 00:00:00+00:00,51.96853864823123,1075,14d
2024-02-16 00:00:00+00:00,51.803619377162626,386,30d
2024-02-16 00:00:00+00:00,58.0036488095238,131,60d
2024-02-16 00:00:00+00:00,49.706915023335995,1786,7d
2024-02-17 00:00:00+00:00,51.5826805997274,861,14d
2024-02-17 00:00:00+00:00,51.17944444444444,10,30d
2024-02-17 00:00:00+00:00,58.71047785547786,37,60d
2024-02-17 00:00:00+00:00,50.13822417376148,1133,7d
2024-02-18 00:00:00+00:00,53.65603631446783,681,14d
2024-02-18 00:00:00+00:00,55.46271171171171,202,30d
2024-02-18 00:00:00+00:00,59.45004950495049,93,60d
2024-02-18 00:00:00+00:00,53.2180059129371,790,7d
2024-02-19 00:00:00+00:00,54.11571162212554,415,14d
2024-02-19 00:00:00+00:00,55.67882129980586,436,30d
2024-02-19 00:00:00+00:00,59.808759028233744,83,60d
2024-02-19 00:00:00+00:00,53.44967226053003,1315,7d
2024-02-20 00:00:00+00:00,53.08987955182073,420,14d
2024-02-20 00:00:00+00:00,55.554606905969564,784,30d
2024-02-20 00:00:00+00:00,59.56012405446293,253,60d
2024-02-20 00:00:00+00:00,54.26961864679046,1297,7d
2024-02-21 00:00:00+00:00,51.398355486233555,772,14d
2024-02-21 00:00:00+00:00,53.4261454174018,448,30d
2024-02-21 00:00:00+00:00,57.89735716219875,168,60d
2024-02-21 00:00:00+00:00,52.0783961078008,1262,7d
2024-02-22 00:00:00+00:00,52.722025392986694,565,14d
2024-02-22 00:00:00+00:00,53.30774706029523,691,30d
2024-02-22 00:00:00+00:00,58.387124463519314,88,60d
2024-02-22 00:00:00+00:00,52.739222531707185,1463,7d
2024-02-22 00:00:00+00:00,57.94777011494253,35,90d
2024-02-23 00:00:00+00:00,49.37046469219644,1455,14d
2024-02-23 00:00:00+00:00,51.006176342314404,1104,30d
2024-02-23 00:00:00+00:00,56.771849593495936,167,60d
2024-02-23 00:00:00+00:00,48.89695112409369,2414,7d
2024-02-23 00:00:00+00:00,58.83855297157623,74,90d
2024-02-24 00:00:00+00:00,49.63090774751953,1643,14d
2024-02-24 00:00:00+00:00,52.68313820422536,1077,30d
2024-02-24 00:00:00+00:00,57.35803278688525,72,60d
2024-02-24 00:00:00+00:00,49.01042955503031,1116,7d
2024-02-24 00:00:00+00:00,59.89108635097494,14,90d
2024-02-25 00:00:00+00:00,51.17760258481422,512,14d
2024-02-25 00:00:00+00:00,53.8782509838216,327,30d
2024-02-25 00:00:00+00:00,57.695848670756654,76,60d
2024-02-25 00:00:00+00:00,53.00612837357954,897,7d
2024-02-25 00:00:00+00:00,58.79621323529412,11,90d
2024-02-26 00:00:00+00:00,52.635169639734166,988,14d
2024-02-26 00:00:00+00:00,54.78023863037265,1484,30d
2024-02-26 00:00:00+00:00,59.33333486343815,383,60d
2024-02-26 00:00:00+00:00,55.21366957104558,5363,7d
2024-02-26 00:00:00+00:00,59.88269686706181,128,90d
2024-02-27 00:00:00+00:00,59.08947176585791,1261,14d
2024-02-27 00:00:00+00:00,57.81752716966816,2052,30d
2024-02-27 00:00:00+00:00,61.368788136440934,882,60d
2024-02-27 00:00:00+00:00,63.56295823863198,3789,7d
2024-02-27 00:00:00+00:00,61.69730046948357,179,90d
2024-02-28 00:00:00+00:00,63.26069145666872,1466,14d
2024-02-28 00:00:00+00:00,60.84480165567504,3208,30d
2024-02-28 00:00:00+00:00,60.72841973557994,998,60d
2024-02-28 00:00:00+00:00,66.663107108184,3700,7d
2024-02-28 00:00:00+00:00,60.296592502285876,354,90d
2024-02-29 00:00:00+00:00,70.20790874200426,916,14d
2024-02-29 00:00:00+00:00,67.77487913138486,2166,30d
2024-02-29 00:00:00+00:00,66.43472570337786,587,60d
2024-02-29 00:00:00+00:00,74.12945936077506,2078,7d
2024-02-29 00:00:00+00:00,66.2006351791531,124,90d
2024-03-01 00:00:00+00:00,63.17897450563818,1146,14d
2024-03-01 00:00:00+00:00,63.030400447844755,1149,30d
2024-03-01 00:00:00+00:00,64.30681139415233,201,60d
2024-03-01 00:00:00+00:00,62.544486679483654,2132,7d
2024-03-01 00:00:00+00:00,64.50419921874999,51,90d
2024-03-02 00:00:00+00:00,62.695764282038084,1931,14d
2024-03-02 00:00:00+00:00,63.134106813996326,461,30d
2024-03-02 00:00:00+00:00,64.2201593625498,132,60d
2024-03-02 00:00:00+00:00,61.03512537352214,1046,7d
2024-03-02 00:00:00+00:00,64.98539325842697,12,90d
2024-03-03 00:00:00+00:00,70.27369316168655,833,14d
2024-03-03 00:00:00+00:00,67.07265746638357,478,30d
2024-03-03 00:00:00+00:00,68.91899516389037,242,60d
2024-03-03 00:00:00+00:00,73.05190418604651,1311,7d
2024-03-03 00:00:00+00:00,67.72363905325444,21,90d
2024-03-04 00:00:00+00:00,75.9723773616877,1660,14d
2024-03-04 00:00:00+00:00,75.40865126443958,1464,30d
2024-03-04 00:00:00+00:00,73.03398539006302,1096,60d
2024-03-04 00:00:00+00:00,82.43440380645485,5189,7d
2024-03-04 00:00:00+00:00,72.41468684321144,377,90d
2024-03-05 00:00:00+00:00,74.17340689910978,1094,14d
2024-03-05 00:00:00+00:00,73.03228331551755,2130,30d
2024-03-05 00:00:00+00:00,71.16462448683893,1033,60d
2024-03-05 00:00:00+00:00,79.74371083556204,4440,7d
2024-03-05 00:00:00+00:00,70.86453854505972,160,90d
2024-03-06 00:00:00+00:00,77.41421863642972,640,14d
2024-03-06 00:00:00+00:00,74.2082433311646,994,30d
2024-03-06 00:00:00+00:00,71.84148837209302,706,60d
2024-03-06 00:00:00+00:00,81.72744963598285,1998,7d
2024-03-06 00:00:00+00:00,71.29999491869918,214,90d
2024-03-07 00:00:00+00:00,69.6363811297331,476,14d
2024-03-07 00:00:00+00:00,70.13084772663618,532,30d
2024-03-07 00:00:00+00:00,68.7308814123065,486,60d
2024-03-07 00:00:00+00:00,71.72663084081525,1214,7d
2024-03-07 00:00:00+00:00,69.76122531089979,280,90d
2024-03-08 00:00:00+00:00,69.49670528873108,2065,14d
2024-03-08 00:00:00+00:00,68.72171014766242,1030,30d
2024-03-08 00:00:00+00:00,68.9377339231031,752,60d
2024-03-08 00:00:00+00:00,70.49283618423887,2975,7d
2024-03-08 00:00:00+00:00,69.03859900860944,285,90d
2024-03-09 00:00:00+00:00,71.52476533059269,2144,14d
2024-03-09 00:00:00+00:00,69.95265746333045,383,30d
2024-03-09 00:00:00+00:00,69.77453240969818,957,60d
2024-03-09 00:00:00+00:00,71.1092174017258,465,7d
2024-03-09 00:00:00+00:00,70.89358208955224,47,90d
2024-03-10 00:00:00+00:00,78.30087761741886,690,14d
2024-03-10 00:00:00+00:00,75.32636182241437,398,60d
2024-03-10 00:00:00+00:00,81.37871532975257,753,7d
2024-03-10 00:00:00+00:00,73.16638,144,90d
2024-03-11 00:00:00+00:00,81.19492835963258,1453,14d
2024-03-11 00:00:00+00:00,78.71199715339328,636,60d
2024-03-11 00:00:00+00:00,92.42874552568051,2589,7d
2024-03-11 00:00:00+00:00,76.90606891151135,223,90d
2024-03-12 00:00:00+00:00,75.56299893352293,1430,14d
2024-03-12 00:00:00+00:00,78.27704032258065,64,60d
2024-03-12 00:00:00+00:00,80.01615108430275,1604,7d
2024-03-12 00:00:00+00:00,75.10921937751004,379,90d
2024-03-13 00:00:00+00:00,76.32175480919857,1246,14d
2024-03-13 00:00:00+00:00,76.2887658189707,1240,7d
2024-03-13 00:00:00+00:00,76.54561325966851,294,90d
2024-03-14 00:00:00+00:00,70.83199885904861,1029,14d
2024-03-14 00:00:00+00:00,70.44753919239905,678,30d
2024-03-14 00:00:00+00:00,71.86590516810503,1457,7d
2024-03-14 00:00:00+00:00,74.75071084337348,213,90d
2024-03-15 00:00:00+00:00,74.6358859634954,2490,14d
2024-03-15 00:00:00+00:00,73.54576366559486,920,30d
2024-03-15 00:00:00+00:00,76.19108702077351,4062,7d
2024-03-15 00:00:00+00:00,76.53354099324126,380,90d
2024-03-16 00:00:00+00:00,71.95312513470408,4118,14d
2024-03-16 00:00:00+00:00,72.22711832061069,260,30d
2024-03-16 00:00:00+00:00,74.28763039532866,1262,7d
2024-03-16 00:00:00+00:00,75.58262114537445,174,90d
2024-03-17 00:00:00+00:00,74.66697044843977,1364,14d
2024-03-17 00:00:00+00:00,76.23784274193548,80,30d
2024-03-17 00:00:00+00:00,76.89081300813008,31,60d
2024-03-17 00:00:00+00:00,78.78160874064154,1096,7d
2024-03-17 00:00:00+00:00,75.132647702407,37,90d
2024-03-18 00:00:00+00:00,74.25252674410973,881,14d
2024-03-18 00:00:00+00:00,74.6930221838087,555,30d
2024-03-18 00:00:00+00:00,75.72268011527376,112,60d
2024-03-18 00:00:00+00:00,75.39473228114167,1411,7d
2024-03-18 00:00:00+00:00,76.44301099520722,105,90d
2024-03-19 00:00:00+00:00,70.24414663786119,857,14d
2024-03-19 00:00:00+00:00,72.94626425721661,1586,30d
2024-03-19 00:00:00+00:00,75.72274100176189,281,60d
2024-03-19 00:00:00+00:00,70.66032305255813,3276,7d
2024-03-19 00:00:00+00:00,77.34629554655871,67,90d
2024-03-20 00:00:00+00:00,73.57587146059953,1229,14d
2024-03-20 00:00:00+00:00,76.11160249964085,1132,30d
2024-03-20 00:00:00+00:00,77.43061332055582,172,60d
2024-03-20 00:00:00+00:00,74.72723956169506,1840,7d
2024-03-20 00:00:00+00:00,77.7493224125093,85,90d
2024-03-21 00:00:00+00:00,71.64137538779731,550,14d
2024-03-21 00:00:00+00:00,74.71439964423362,856,30d
2024-03-21 00:00:00+00:00,77.76552787293677,199,60d
2024-03-21 00:00:00+00:00,70.36850316893144,1731,7d
2024-03-21 00:00:00+00:00,78.87452533904354,49,90d
2024-03-22 00:00:00+00:00,68.14613342729622,867,14d
2024-03-22 00:00:00+00:00,73.66121807204937,881,30d
2024-03-22 00:00:00+00:00,75.29181089743591,239,60d
2024-03-22 00:00:00+00:00,68.09219011191387,1726,7d
2024-03-22 00:00:00+00:00,76.4513672154617,156,90d
2024-03-23 00:00:00+00:00,68.50879014989293,973,14d
2024-03-23 00:00:00+00:00,71.71341137123744,415,30d
2024-03-23 00:00:00+00:00,75.46901015228427,57,60d
2024-03-23 00:00:00+00:00,68.12228823046496,716,7d
2024-03-23 00:00:00+00:00,75.70465789473684,21,90d
2024-03-24 00:00:00+00:00,68.50381337252021,676,14d
2024-03-24 00:00:00+00:00,72.30651567944251,177,30d
2024-03-24 00:00:00+00:00,75.41787280701753,66,60d
2024-03-24 00:00:00+00:00,67.04556532663315,788,7d
2024-03-24 00:00:00+00:00,77.2480487804878,20,90d
2024-03-25 00:00:00+00:00,69.21655230051904,1178,14d
2024-03-25 00:00:00+00:00,74.01413207367116,664,30d
2024-03-25 00:00:00+00:00,76.77554144884242,383,60d
2024-03-25 00:00:00+00:00,69.96203798940827,3226,7d
2024-03-25 00:00:00+00:00,78.31030330882353,97,90d
2024-03-26 00:00:00+00:00,70.98448621553885,787,14d
2024-03-26 00:00:00+00:00,76.53003423892817,328,30d
2024-03-26 00:00:00+00:00,77.4866057282145,168,60d
2024-03-26 00:00:00+00:00,68.9932255446657,950,7d
2024-03-26 00:00:00+00:00,77.64639143730888,149,90d
2024-03-27 00:00:00+00:00,70.13665174057489,476,14d
2024-03-27 00:00:00+00:00,74.47556257449344,504,30d
2024-03-27 00:00:00+00:00,76.28694029850747,127,60d
2024-03-27 00:00:00+00:00,67.78044405786487,760,7d
2024-03-27 00:00:00+00:00,77.49958404074704,148,90d
2024-03-28 00:00:00+00:00,69.21585362479247,452,14d
2024-03-28 00:00:00+00:00,75.27147946859903,605,30d
2024-03-28 00:00:00+00:00,76.47847545219638,58,60d
2024-03-28 00:00:00+00:00,65.95412437382988,746,7d
2024-03-28 00:00:00+00:00,77.8330601092896,52,90d
2024-03-29 00:00:00+00:00,66.85056290716612,1292,14d
2024-03-29 00:00:00+00:00,72.70951052188552,916,30d
2024-03-29 00:00:00+00:00,74.71347826086956,111,60d
2024-03-29 00:00:00+00:00,60.94469963914243,1342,7d
2024-03-29 00:00:00+00:00,75.37273132664437,75,90d
2024-03-30 00:00:00+00:00,66.40136975455266,1633,14d
2024-03-30 00:00:00+00:00,71.19060730828616,519,30d
2024-03-30 00:00:00+00:00,75.88145758661888,67,60d
2024-03-30 00:00:00+00:00,58.32806308610401,478,7d
2024-03-30 00:00:00+00:00,76.34844155844156,12,90d
2024-03-31 00:00:00+00:00,69.01141371032274,349,14d
2024-03-31 00:00:00+00:00,74.83653645833334,168,30d
2024-03-31 00:00:00+00:00,77.3035799522673,34,60d
2024-03-31 00:00:00+00:00,65.56967530894111,600,7d
2024-03-31 00:00:00+00:00,78.38032520325203,75,90d
2024-04-01 00:00:00+00:00,70.75270491803278,737,14d
2024-04-01 00:00:00+00:00,74.8707537414966,574,30d
2024-04-01 00:00:00+00:00,75.95013313609466,191,60d
2024-04-01 00:00:00+00:00,67.72693109204998,1520,7d
2024-04-01 00:00:00+00:00,76.29262801714414,84,90d
2024-04-02 00:00:00+00:00,70.47170034425984,1130,14d
2024-04-02 00:00:00+00:00,73.19541179683233,1005,30d
2024-04-02 00:00:00+00:00,75.06011067708334,284,60d
2024-04-02 00:00:00+00:00,69.66559836121235,2573,7d
2024-04-02 00:00:00+00:00,77.19027027027026,103,90d
2024-04-03 00:00:00+00:00,69.82277602523659,617,14d
2024-04-03 00:00:00+00:00,71.22164713886158,553,30d
2024-04-03 00:00:00+00:00,73.50889056984367,222,60d
2024-04-03 00:00:00+00:00,68.00398292451553,790,7d
2024-04-03 00:00:00+00:00,75.1210505050505,36,90d
2024-04-04 00:00:00+00:00,66.12748669426375,558,14d
2024-04-04 00:00:00+00:00,68.9370741695738,523,30d
2024-04-04 00:00:00+00:00,71.96482778415614,240,60d
2024-04-04 00:00:00+00:00,62.791940598033314,904,7d
2024-04-04 00:00:00+00:00,73.58576746849943,113,90d
2024-04-05 00:00:00+00:00,68.54596320135232,1371,14d
2024-04-05 00:00:00+00:00,69.82307844690966,418,30d
2024-04-05 00:00:00+00:00,72.67983606557377,199,60d
2024-04-05 00:00:00+00:00,63.599004809211216,1191,7d
2024-04-05 00:00:00+00:00,75.84613198900091,59,90d
2024-04-06 00:00:00+00:00,67.15894509561998,1005,14d
2024-04-06 00:00:00+00:00,68.51872865275142,189,30d
2024-04-06 00:00:00+00:00,73.40540275049118,129,60d
2024-04-06 00:00:00+00:00,61.06099564080209,649,7d
2024-04-06 00:00:00+00:00,74.73364864864864,13,90d
2024-04-07 00:00:00+00:00,72.99850510204081,904,14d
2024-04-07 00:00:00+00:00,74.32642990654206,84,60d
2024-04-07 00:00:00+00:00,69.44734373598781,932,7d
2024-04-07 00:00:00+00:00,76.61,18,90d
2024-04-08 00:00:00+00:00,76.52678956305924,1002,14d
2024-04-08 00:00:00+00:00,75.68091674925668,252,60d
2024-04-08 00:00:00+00:00,75.4772038984355,1889,7d
2024-04-08 00:00:00+00:00,77.2183857729138,78,90d
2024-04-09 00:00:00+00:00,73.34981764049127,847,14d
2024-04-09 00:00:00+00:00,74.5755369928401,411,60d
2024-04-09 00:00:00+00:00,69.57173818736078,1640,7d
2024-04-09 00:00:00+00:00,76.4867510548523,93,90d
2024-04-10 00:00:00+00:00,69.85097247350737,824,14d
2024-04-10 00:00:00+00:00,72.88515587529976,233,60d
2024-04-10 00:00:00+00:00,67.89047605287871,1064,7d
2024-04-10 00:00:00+00:00,75.2083388704319,38,90d
2024-04-11 00:00:00+00:00,66.72047503291806,681,14d
2024-04-11 00:00:00+00:00,66.76830296437313,839,30d
2024-04-11 00:00:00+00:00,71.00927701375245,273,60d
2024-04-11 00:00:00+00:00,63.194871905739916,824,7d
2024-04-11 00:00:00+00:00,73.7767578125,39,90d
2024-04-12 00:00:00+00:00,64.15946905231824,2638,14d
2024-04-12 00:00:00+00:00,64.3309995517705,1279,30d
2024-04-12 00:00:00+00:00,67.7038559664137,411,60d
2024-04-12 00:00:00+00:00,60.752055088884546,2079,7d
2024-04-12 00:00:00+00:00,71.19876133786848,158,90d
2024-04-13 00:00:00+00:00,72.41583254861823,2160,14d
2024-04-13 00:00:00+00:00,65.0039720129171,355,30d
2024-04-13 00:00:00+00:00,69.46852982703847,454,60d
2024-04-13 00:00:00+00:00,78.02583209509659,1108,7d
2024-04-13 00:00:00+00:00,72.28190283400811,71,90d
2024-04-14 00:00:00+00:00,74.30062810755962,2012,14d
2024-04-14 00:00:00+00:00,71.41432258064516,375,60d
2024-04-14 00:00:00+00:00,80.16416327094412,1089,7d
2024-04-14 00:00:00+00:00,74.39348567750241,106,90d
2024-04-15 00:00:00+00:00,71.30857036384579,921,14d
2024-04-15 00:00:00+00:00,71.01973446627721,444,60d
2024-04-15 00:00:00+00:00,72.85681634155318,2573,7d
2024-04-16 00:00:00+00:00,72.644448441247,889,14d
2024-04-16 00:00:00+00:00,71.25518379850239,178,60d
2024-04-16 00:00:00+00:00,78.04864845814978,1886,7d
2024-04-17 00:00:00+00:00,69.495681575332,1006,14d
2024-04-17 00:00:00+00:00,69.7058440677966,240,60d
2024-04-17 00:00:00+00:00,71.15433828455267,1865,7d
2024-04-18 00:00:00+00:00,68.6813344163379,474,14d
2024-04-18 00:00:00+00:00,67.20550143266475,420,30d
2024-04-18 00:00:00+00:00,68.95678812415655,133,60d
2024-04-18 00:00:00+00:00,70.6226455906822,1182,7d
2024-04-19 00:00:00+00:00,71.03895858708893,1159,14d
2024-04-19 00:00:00+00:00,69.54344202898551,664,30d
2024-04-19 00:00:00+00:00,68.78234247341913,210,60d
2024-04-19 00:00:00+00:00,73.46610445894022,2092,7d
2024-04-20 00:00:00+00:00,68.24231586608443,1195,14d
2024-04-20 00:00:00+00:00,67.12570642201835,244,30d
2024-04-20 00:00:00+00:00,69.99285714285715,32,60d
2024-04-20 00:00:00+00:00,69.09550124157502,873,7d
2024-04-21 00:00:00+00:00,70.70109481915934,488,14d
2024-04-21 00:00:00+00:00,70.57110953058323,107,30d
2024-04-21 00:00:00+00:00,70.74594458438287,33,60d
2024-04-21 00:00:00+00:00,70.7306926650711,750,7d
2024-04-22 00:00:00+00:00,68.16556239692139,796,14d
2024-04-22 00:00:00+00:00,68.99223279648609,306,30d
2024-04-22 00:00:00+00:00,70.32692832764504,42,60d
2024-04-22 00:00:00+00:00,69.96772859969509,1865,7d
2024-04-23 00:00:00+00:00,63.47392000000001,1004,14d
2024-04-23 00:00:00+00:00,66.37346572181939,381,30d
2024-04-23 00:00:00+00:00,68.44031584884375,118,60d
2024-04-23 00:00:00+00:00,64.36393275125396,1363,7d
2024-04-24 00:00:00+00:00,61.157294129235616,621,14d
2024-04-24 00:00:00+00:00,62.481320657759504,400,30d
2024-04-24 00:00:00+00:00,65.77204168138466,113,60d
2024-04-24 00:00:00+00:00,60.06676296296297,702,7d
2024-04-25 00:00:00+00:00,55.17989761965703,517,14d
2024-04-25 00:00:00+00:00,57.87362687331883,732,30d
2024-04-25 00:00:00+00:00,61.64722480620154,146,60d
2024-04-25 00:00:00+00:00,58.70652526493626,1208,7d
2024-04-25 00:00:00+00:00,62.128888888888895,36,90d
2024-04-26 00:00:00+00:00,51.436558758664155,1347,14d
2024-04-26 00:00:00+00:00,53.15496875260395,1113,30d
2024-04-26 00:00:00+00:00,57.48291443095171,195,60d
2024-04-26 00:00:00+00:00,51.27594883665244,1560,7d
2024-04-26 00:00:00+00:00,60.57780487804878,53,90d
2024-04-27 00:00:00+00:00,51.01782319391635,994,14d
2024-04-27 00:00:00+00:00,53.13745419847328,584,30d
2024-04-27 00:00:00+00:00,56.93171557562077,60,60d
2024-04-27 00:00:00+00:00,53.607665194183696,909,7d
2024-04-27 00:00:00+00:00,58.3419512195122,12,90d
2024-04-28 00:00:00+00:00,51.98458166265704,615,14d
2024-04-28 00:00:00+00:00,54.71868159909271,227,30d
2024-04-28 00:00:00+00:00,57.79106772633035,73,60d
2024-04-28 00:00:00+00:00,57.2717512437811,927,7d
2024-04-28 00:00:00+00:00,58.87268292682928,5,90d
2024-04-29 00:00:00+00:00,52.57702722726431,868,14d
2024-04-29 00:00:00+00:00,53.80087427144046,457,30d
2024-04-29 00:00:00+00:00,56.82964180085442,175,60d
2024-04-29 00:00:00+00:00,56.15188742721587,1758,7d
2024-04-29 00:00:00+00:00,58.43832611832612,25,90d
2024-04-30 00:00:00+00:00,54.853281129370245,1520,14d
2024-04-30 00:00:00+00:00,56.202063694267515,1087,30d
2024-04-30 00:00:00+00:00,56.0156891025641,496,60d
2024-04-30 00:00:00+00:00,55.75813877804037,1925,7d
2024-04-30 00:00:00+00:00,57.19739661654135,116,90d
2024-05-01 00:00:00+00:00,59.400854332300234,1271,14d
2024-05-01 00:00:00+00:00,58.718315808393996,1612,30d
2024-05-01 00:00:00+00:00,57.38467708548954,670,60d
2024-05-01 00:00:00+00:00,61.733029133029135,1594,7d
2024-05-01 00:00:00+00:00,58.32960109289617,113,90d
2024-05-02 00:00:00+00:00,56.88909616207733,1119,14d
2024-05-02 00:00:00+00:00,55.0399126940133,1358,30d
2024-05-02 00:00:00+00:00,56.18034241245136,241,60d
2024-05-02 00:00:00+00:00,56.737052110765305,882,7d
2024-05-02 00:00:00+00:00,57.58248898678414,64,90d
2024-05-03 00:00:00+00:00,52.69713288163717,1766,14d
2024-05-03 00:00:00+00:00,52.9974558762765,1613,30d
2024-05-03 00:00:00+00:00,55.0056120257695,238,60d
2024-05-03 00:00:00+00:00,51.90902775824073,2656,7d
2024-05-03 00:00:00+00:00,55.662564450474896,57,90d
2024-05-04 00:00:00+00:00,53.885338697604794,1018,14d
2024-05-04 00:00:00+00:00,54.94439084299469,816,30d
2024-05-04 00:00:00+00:00,56.66716455696203,140,60d
2024-05-04 00:00:00+00:00,53.77868986071407,1448,7d
2024-05-04 00:00:00+00:00,57.356594059405936,29,90d
2024-05-05 00:00:00+00:00,55.45198404366995,1077,14d
2024-05-05 00:00:00+00:00,55.99826509368494,494,30d
2024-05-05 00:00:00+00:00,57.14107876712329,152,60d
2024-05-05 00:00:00+00:00,53.596833209785025,1181,7d
2024-05-05 00:00:00+00:00,58.06745098039216,12,90d
2024-05-06 00:00:00+00:00,55.86437453042825,714,14d
2024-05-06 00:00:00+00:00,56.156720800406,622,30d
2024-05-06 00:00:00+00:00,57.247996438112196,179,60d
2024-05-06 00:00:00+00:00,55.726486310798414,2300,7d
2024-05-06 00:00:00+00:00,58.73485065710872,73,90d
2024-05-07 00:00:00+00:00,50.71940039447732,742,14d
2024-05-07 00:00:00+00:00,52.43694680081541,469,30d
2024-05-07 00:00:00+00:00,54.28721317542561,196,60d
2024-05-07 00:00:00+00:00,49.616011644832604,1019,7d
2024-05-07 00:00:00+00:00,56.12597069597069,26,90d
2024-05-08 00:00:00+00:00,50.18847784845441,360,14d
2024-05-08 00:00:00+00:00,51.34491193545214,435,30d
2024-05-08 00:00:00+00:00,53.37828947368422,161,60d
2024-05-08 00:00:00+00:00,47.72843057639685,887,7d
2024-05-08 00:00:00+00:00,55.07684615384615,35,90d
2024-05-09 00:00:00+00:00,48.0489267830559,658,14d
2024-05-09 00:00:00+00:00,49.73268179173939,831,30d
2024-05-09 00:00:00+00:00,53.817528089887645,202,60d
2024-05-09 00:00:00+00:00,47.513948150901314,830,7d
2024-05-09 00:00:00+00:00,55.379016203703706,53,90d
2024-05-10 00:00:00+00:00,49.24179046366992,1256,14d
2024-05-10 00:00:00+00:00,49.65061488927281,707,30d
2024-05-10 00:00:00+00:00,52.506385622365215,334,60d
2024-05-10 00:00:00+00:00,46.373347718865595,1756,7d
2024-05-10 00:00:00+00:00,55.25873793265835,59,90d
2024-05-11 00:00:00+00:00,49.87392644392644,651,14d
2024-05-11 00:00:00+00:00,50.698344988344985,178,30d
2024-05-11 00:00:00+00:00,53.02831739961759,165,60d
2024-05-11 00:00:00+00:00,48.46148764629388,524,7d
2024-05-11 00:00:00+00:00,54.23679245283019,21,90d
2024-05-12 00:00:00+00:00,52.221654354152676,519,14d
2024-05-12 00:00:00+00:00,54.43812949640288,48,60d
2024-05-12 00:00:00+00:00,52.78346447507953,799,7d
2024-05-12 00:00:00+00:00,54.8629090909091,10,90d
2024-05-13 00:00:00+00:00,53.71876772835501,1109,14d
2024-05-13 00:00:00+00:00,55.83504190613026,245,60d
2024-05-13 00:00:00+00:00,54.4809483179731,1970,7d
2024-05-14 00:00:00+00:00,51.70372753557458,791,14d
2024-05-14 00:00:00+00:00,56.52741665241922,281,60d
2024-05-14 00:00:00+00:00,54.32652570201012,1788,7d
2024-05-15 00:00:00+00:00,54.79012334689725,1507,14d
2024-05-15 00:00:00+00:00,59.335554976550284,220,60d
2024-05-15 00:00:00+00:00,54.651517292983044,1549,7d
2024-05-16 00:00:00+00:00,52.73096670184078,1054,14d
2024-05-16 00:00:00+00:00,53.685150631681246,172,30d
2024-05-16 00:00:00+00:00,59.49626992561106,87,60d
2024-05-16 00:00:00+00:00,51.68235656030906,676,7d
2024-05-17 00:00:00+00:00,50.03719962639042,1688,14d
2024-05-17 00:00:00+00:00,50.84269595877407,423,30d
2024-05-17 00:00:00+00:00,58.57680987419891,187,60d
2024-05-17 00:00:00+00:00,47.10659186731245,1513,7d
2024-05-18 00:00:00+00:00,50.28679696616102,609,14d
2024-05-18 00:00:00+00:00,50.82033932135729,146,30d
2024-05-18 00:00:00+00:00,59.81084905660378,87,60d
2024-05-18 00:00:00+00:00,46.027286310700944,662,7d
2024-05-19 00:00:00+00:00,49.359196763941064,1110,14d
2024-05-19 00:00:00+00:00,56.49308917197452,177,30d
2024-05-19 00:00:00+00:00,59.91988950276244,38,60d
2024-05-19 00:00:00+00:00,48.43889845474614,951,7d
2024-05-20 00:00:00+00:00,51.67409537960801,1414,14d
2024-05-20 00:00:00+00:00,58.88650322726758,754,30d
2024-05-20 00:00:00+00:00,61.261819890368045,345,60d
2024-05-20 00:00:00+00:00,53.45397361752474,4940,7d
2024-05-21 00:00:00+00:00,53.658669703872434,836,14d
2024-05-21 00:00:00+00:00,59.96520533880904,736,30d
2024-05-21 00:00:00+00:00,61.94145974025974,254,60d
2024-05-21 00:00:00+00:00,54.400709581579605,2496,7d
2024-05-22 00:00:00+00:00,52.81760948353972,557,14d
2024-05-22 00:00:00+00:00,56.76631187410587,396,30d
2024-05-22 00:00:00+00:00,59.17286494101074,135,60d
2024-05-22 00:00:00+00:00,51.93877157277759,1009,7d
2024-05-23 00:00:00+00:00,51.792945249945895,550,14d
2024-05-23 00:00:00+00:00,53.613895511032204,695,30d
2024-05-23 00:00:00+00:00,58.16475613974403,150,60d
2024-05-23 00:00:00+00:00,51.18479816856662,1799,7d
2024-05-24 00:00:00+00:00,46.41802205050885,1101,14d
2024-05-24 00:00:00+00:00,50.11692800249883,849,30d
2024-05-24 00:00:00+00:00,55.53469121813031,202,60d
2024-05-24 00:00:00+00:00,44.55998584734885,2579,7d
2024-05-25 00:00:00+00:00,46.103276033881414,984,14d
2024-05-25 00:00:00+00:00,50.67877272727273,443,30d
2024-05-25 00:00:00+00:00,55.89652339499457,178,60d
2024-05-25 00:00:00+00:00,41.999483975005035,823,7d
2024-05-26 00:00:00+00:00,47.75374410774411,735,14d
2024-05-26 00:00:00+00:00,52.04286751988931,583,30d
2024-05-26 00:00:00+00:00,55.71620865139949,43,60d
2024-05-26 00:00:00+00:00,45.510275774289354,1552,7d
2024-05-27 00:00:00+00:00,49.597665225447805,555,14d
2024-05-27 00:00:00+00:00,53.02507326603712,555,30d
2024-05-27 00:00:00+00:00,56.359275256222546,195,60d
2024-05-27 00:00:00+00:00,48.54379814764369,2880,7d
2024-05-28 00:00:00+00:00,51.74227990970655,877,14d
2024-05-28 00:00:00+00:00,53.88854765277216,673,30d
2024-05-28 00:00:00+00:00,56.987074069807626,358,60d
2024-05-28 00:00:00+00:00,52.35072229055624,2142,7d
2024-05-29 00:00:00+00:00,48.753040929762506,653,14d
2024-05-29 00:00:00+00:00,52.17927570891698,586,30d
2024-05-29 00:00:00+00:00,55.41281634272114,234,60d
2024-05-29 00:00:00+00:00,47.124899110807114,788,7d
2024-05-30 00:00:00+00:00,48.054954488386684,844,14d
2024-05-30 00:00:00+00:00,50.682123750337745,682,30d
2024-05-30 00:00:00+00:00,54.80931785195936,158,60d
2024-05-30 00:00:00+00:00,45.04524718059633,956,7d
2024-05-30 00:00:00+00:00,54.44277989821883,101,90d
2024-05-31 00:00:00+00:00,46.18878498192085,1736,14d
2024-05-31 00:00:00+00:00,48.62180528691167,1457,30d
2024-05-31 00:00:00+00:00,53.55743639921722,446,60d
2024-05-31 00:00:00+00:00,42.31119044047797,2398,7d
2024-05-31 00:00:00+00:00,56.69096723868955,152,90d
2024-06-01 00:00:00+00:00,44.74892864572499,859,14d
2024-06-01 00:00:00+00:00,48.85869104204753,464,30d
2024-06-01 00:00:00+00:00,54.088096192384775,172,60d
2024-06-01 00:00:00+00:00,39.41805718370264,747,7d
2024-06-01 00:00:00+00:00,56.84615384615385,6,90d
2024-06-02 00:00:00+00:00,44.85547645429363,637,14d
2024-06-02 00:00:00+00:00,48.70304545454545,257,30d
2024-06-02 00:00:00+00:00,53.09764069264069,68,60d
2024-06-02 00:00:00+00:00,40.78813511390417,990,7d
2024-06-02 00:00:00+00:00,56.972272727272724,23,90d
2024-06-03 00:00:00+00:00,47.01112152298284,1003,14d
2024-06-03 00:00:00+00:00,50.539260103626944,756,30d
2024-06-03 00:00:00+00:00,54.518885252607895,433,60d
2024-06-03 00:00:00+00:00,48.16189303520169,3420,7d
2024-06-03 00:00:00+00:00,58.08086595492289,187,90d
2024-06-04 00:00:00+00:00,49.430350388506085,968,14d
2024-06-04 00:00:00+00:00,50.78498230795571,866,30d
2024-06-04 00:00:00+00:00,54.50719708905394,513,60d
2024-06-04 00:00:00+00:00,48.325999538319486,1671,7d
2024-06-04 00:00:00+00:00,57.07282697947214,155,90d
2024-06-05 00:00:00+00:00,53.73629533446763,934,14d
2024-06-05 00:00:00+00:00,54.383135959048026,1158,30d
2024-06-05 00:00:00+00:00,56.696757068667054,465,60d
2024-06-05 00:00:00+00:00,54.84292316106098,1868,7d
2024-06-05 00:00:00+00:00,58.30148719879518,238,90d
2024-06-06 00:00:00+00:00,49.916067796610164,559,14d
2024-06-06 00:00:00+00:00,51.492120596205964,921,30d
2024-06-06 00:00:00+00:00,54.693590232735595,208,60d
2024-06-06 00:00:00+00:00,48.81312367363526,1323,7d
2024-06-06 00:00:00+00:00,57.43949232585596,86,90d
2024-06-07 00:00:00+00:00,48.16833401868061,2231,14d
2024-06-07 00:00:00+00:00,48.856834048522856,1105,30d
2024-06-07 00:00:00+00:00,53.52918973471741,576,60d
2024-06-07 00:00:00+00:00,47.13107130781715,2740,7d
2024-06-07 00:00:00+00:00,55.970100732600734,228,90d
2024-06-08 00:00:00+00:00,44.860022035532296,1144,14d
2024-06-08 00:00:00+00:00,45.707571984435795,213,30d
2024-06-08 00:00:00+00:00,51.04194860813705,254,60d
2024-06-08 00:00:00+00:00,40.45380446333687,704,7d
2024-06-08 00:00:00+00:00,55.55875816993464,43,90d
2024-06-09 00:00:00+00:00,45.70535085266984,747,14d
2024-06-09 00:00:00+00:00,51.283518024032034,219,60d
2024-06-09 00:00:00+00:00,45.86134736385333,938,7d
2024-06-09 00:00:00+00:00,55.83817073170732,20,90d
2024-06-10 00:00:00+00:00,47.67923018725174,911,14d
2024-06-10 00:00:00+00:00,51.77232950708981,321,60d
2024-06-10 00:00:00+00:00,48.09720093457943,1579,7d
2024-06-10 00:00:00+00:00,55.463412563667234,125,90d
2024-06-11 00:00:00+00:00,49.37375931975164,2037,14d
2024-06-11 00:00:00+00:00,51.369648692810465,346,60d
2024-06-11 00:00:00+00:00,49.005568866152956,3002,7d
2024-06-11 00:00:00+00:00,55.56245150639703,367,90d
2024-06-12 00:00:00+00:00,48.36021436110202,1085,14d
2024-06-12 00:00:00+00:00,48.48057037835097,1206,7d
2024-06-12 00:00:00+00:00,55.47251207729468,205,90d
2024-06-13 00:00:00+00:00,44.88622294255357,1627,14d
2024-06-13 00:00:00+00:00,45.68724789915966,160,30d
2024-06-13 00:00:00+00:00,43.33120764773064,1660,7d
2024-06-13 00:00:00+00:00,54.230961191335744,197,90d
2024-06-14 00:00:00+00:00,43.61366879327784,2302,14d
2024-06-14 00:00:00+00:00,44.06707655926692,791,30d
2024-06-14 00:00:00+00:00,41.360855332629356,2486,7d
2024-06-14 00:00:00+00:00,54.0928606229337,462,90d
2024-06-15 00:00:00+00:00,43.488375729288215,1103,14d
2024-06-15 00:00:00+00:00,45.300106951871655,62,30d
2024-06-15 00:00:00+00:00,41.368828958753966,838,7d
2024-06-15 00:00:00+00:00,54.795786982248515,90,90d
2024-06-16 00:00:00+00:00,43.04390773405699,749,14d
2024-06-16 00:00:00+00:00,48.218472440944886,100,30d
2024-06-16 00:00:00+00:00,52.03731034482759,34,60d
2024-06-16 00:00:00+00:00,44.1366222361612,985,7d
2024-06-16 00:00:00+00:00,52.760377358490565,14,90d
2024-06-17 00:00:00+00:00,44.93193808312129,1104,14d
2024-06-17 00:00:00+00:00,48.856445916114794,440,30d
2024-06-17 00:00:00+00:00,52.2920085106383,149,60d
2024-06-17 00:00:00+00:00,45.36644909813513,2979,7d
2024-06-17 00:00:00+00:00,54.93970987654321,102,90d
2024-06-18 00:00:00+00:00,46.82039667795869,842,14d
2024-06-18 00:00:00+00:00,49.34548802530501,400,30d
2024-06-18 00:00:00+00:00,52.64770642201835,228,60d
2024-06-18 00:00:00+00:00,46.326168543884386,2955,7d
2024-06-18 00:00:00+00:00,55.47917881811205,124,90d
2024-06-19 00:00:00+00:00,46.81422768304915,303,14d
2024-06-19 00:00:00+00:00,49.906020696142996,287,30d
2024-06-19 00:00:00+00:00,52.97090537383178,135,60d
2024-06-19 00:00:00+00:00,45.13394584518788,809,7d
2024-06-19 00:00:00+00:00,56.54567010309278,49,90d
2024-06-20 00:00:00+00:00,45.45337763289869,366,14d
2024-06-20 00:00:00+00:00,47.90983819563618,476,30d
2024-06-20 00:00:00+00:00,52.89124802527647,194,60d
2024-06-20 00:00:00+00:00,44.20525720966485,1104,7d
2024-06-20 00:00:00+00:00,56.01541666666667,51,90d
2024-06-21 00:00:00+00:00,43.164392020473784,1293,14d
2024-06-21 00:00:00+00:00,45.49862762520194,900,30d
2024-06-21 00:00:00+00:00,51.46129638554216,272,60d
2024-06-21 00:00:00+00:00,43.01772617188384,2349,7d
2024-06-21 00:00:00+00:00,54.57809002433089,106,90d
2024-06-22 00:00:00+00:00,40.99803283672849,660,14d
2024-06-22 00:00:00+00:00,45.1499453125,247,30d
2024-06-22 00:00:00+00:00,51.716920668058464,135,60d
2024-06-22 00:00:00+00:00,39.759095863264804,692,7d
2024-06-22 00:00:00+00:00,54.688750000000006,9,90d
2024-06-23 00:00:00+00:00,42.26763929618768,593,14d
2024-06-23 00:00:00+00:00,47.07372355430183,93,30d
2024-06-23 00:00:00+00:00,52.2227536231884,27,60d
2024-06-23 00:00:00+00:00,41.553089954038086,744,7d
2024-06-23 00:00:00+00:00,55.26862068965518,8,90d
2024-06-24 00:00:00+00:00,46.03923234594023,1348,14d
2024-06-24 00:00:00+00:00,49.106826640899016,1580,30d
2024-06-24 00:00:00+00:00,52.03750532724506,672,60d
2024-06-24 00:00:00+00:00,50.70337880469453,5072,7d
2024-06-24 00:00:00+00:00,55.54847073745244,205,90d
2024-06-25 00:00:00+00:00,45.6794880546075,510,14d
2024-06-25 00:00:00+00:00,47.90926384669315,683,30d
2024-06-25 00:00:00+00:00,52.21114649681529,263,60d
2024-06-25 00:00:00+00:00,51.20660716912666,1224,7d
2024-06-25 00:00:00+00:00,55.248269111889556,140,90d
2024-06-26 00:00:00+00:00,43.63417135961384,566,14d
2024-06-26 00:00:00+00:00,46.38943302797722,752,30d
2024-06-26 00:00:00+00:00,50.56369158878505,262,60d
2024-06-26 00:00:00+00:00,41.874632693580416,913,7d
2024-06-26 00:00:00+00:00,54.03620755619321,244,90d
2024-06-27 00:00:00+00:00,43.95134994807892,369,14d
2024-06-27 00:00:00+00:00,45.0448801399825,453,30d
2024-06-27 00:00:00+00:00,50.59563936063936,340,60d
2024-06-27 00:00:00+00:00,42.64171161254815,954,7d
2024-06-27 00:00:00+00:00,53.56378762067008,256,90d
2024-06-28 00:00:00+00:00,40.78273042454373,1683,14d
2024-06-28 00:00:00+00:00,43.16975011975092,1196,30d
2024-06-28 00:00:00+00:00,48.83518654822335,608,60d
2024-06-28 00:00:00+00:00,40.185209289765055,1484,7d
2024-06-28 00:00:00+00:00,52.47021722846442,276,90d
2024-06-29 00:00:00+00:00,37.995360664244934,836,14d
2024-06-29 00:00:00+00:00,42.046546299606725,405,30d
2024-06-29 00:00:00+00:00,48.032222222222224,180,60d
2024-06-29 00:00:00+00:00,36.08975325059102,811,7d
2024-06-29 00:00:00+00:00,51.678374999999996,32,90d
2024-06-30 00:00:00+00:00,40.365654748848435,671,14d
2024-06-30 00:00:00+00:00,42.404907749077495,530,30d
2024-06-30 00:00:00+00:00,47.30768469154607,117,60d
2024-06-30 00:00:00+00:00,39.17574991795208,1365,7d
2024-06-30 00:00:00+00:00,50.8675221238938,38,90d
2024-07-01 00:00:00+00:00,41.01800995520159,705,14d
2024-07-01 00:00:00+00:00,42.72660050848848,810,30d
2024-07-01 00:00:00+00:00,47.14509180327869,373,60d
2024-07-01 00:00:00+00:00,42.55998862343573,2558,7d
2024-07-01 00:00:00+00:00,50.7520757020757,139,90d
2024-07-02 00:00:00+00:00,39.011953373366296,475,14d
2024-07-02 00:00:00+00:00,40.17438904899135,684,30d
2024-07-02 00:00:00+00:00,45.53993960310612,203,60d
2024-07-02 00:00:00+00:00,39.18744370104439,1334,7d
2024-07-02 00:00:00+00:00,49.23454871220604,74,90d
2024-07-03 00:00:00+00:00,42.0058146704671,1478,14d
2024-07-03 00:00:00+00:00,40.9040793370945,1409,30d
2024-07-03 00:00:00+00:00,44.71822580645161,441,60d
2024-07-03 00:00:00+00:00,42.78722778168442,1644,7d
2024-07-03 00:00:00+00:00,47.99282615681234,259,90d
2024-07-04 00:00:00+00:00,46.839111587107304,821,14d
2024-07-04 00:00:00+00:00,46.85626450953268,1174,30d
2024-07-04 00:00:00+00:00,48.02726679104478,746,60d
2024-07-04 00:00:00+00:00,48.35033279448216,2373,7d
2024-07-04 00:00:00+00:00,51.62366959578207,318,90d
2024-07-05 00:00:00+00:00,50.111831535368815,1743,14d
2024-07-05 00:00:00+00:00,50.542335282310844,1274,30d
2024-07-05 00:00:00+00:00,49.216671300391766,829,60d
2024-07-05 00:00:00+00:00,56.10057427478214,2472,7d
2024-07-05 00:00:00+00:00,52.91820931960514,338,90d
2024-07-06 00:00:00+00:00,47.966203417902584,1443,14d
2024-07-06 00:00:00+00:00,48.311137521222406,199,30d
2024-07-06 00:00:00+00:00,48.12474452554745,199,60d
2024-07-06 00:00:00+00:00,49.71651590404735,753,7d
2024-07-06 00:00:00+00:00,50.85832460732984,40,90d
2024-07-07 00:00:00+00:00,49.957926547743966,547,14d
2024-07-07 00:00:00+00:00,48.58862227324915,221,60d
2024-07-07 00:00:00+00:00,55.26684137625353,1057,7d
2024-07-07 00:00:00+00:00,51.76142259414226,45,90d
2024-07-08 00:00:00+00:00,52.22671288703345,1366,14d
2024-07-08 00:00:00+00:00,50.489606887589346,717,60d
2024-07-08 00:00:00+00:00,59.30250752020132,2713,7d
2024-07-08 00:00:00+00:00,52.52702427704391,275,90d
2024-07-09 00:00:00+00:00,50.69873942470389,720,14d
2024-07-09 00:00:00+00:00,50.33523864959255,348,60d
2024-07-09 00:00:00+00:00,53.85693451116963,879,7d
2024-07-09 00:00:00+00:00,51.915115732368896,132,90d
2024-07-10 00:00:00+00:00,48.79287710645294,661,14d
2024-07-10 00:00:00+00:00,48.862699662542184,318,60d
2024-07-10 00:00:00+00:00,50.06387370286003,737,7d
2024-07-10 00:00:00+00:00,50.984422442244224,91,90d
2024-07-11 00:00:00+00:00,47.456675297773174,867,14d
2024-07-11 00:00:00+00:00,47.00051696284329,215,30d
2024-07-11 00:00:00+00:00,46.27204558087826,233,60d
2024-07-11 00:00:00+00:00,47.551203746710016,868,7d
2024-07-11 00:00:00+00:00,51.10583088235294,146,90d
2024-07-12 00:00:00+00:00,45.397538724783864,1342,14d
2024-07-12 00:00:00+00:00,45.48574254587156,439,30d
2024-07-12 00:00:00+00:00,47.015588312027134,246,60d
2024-07-12 00:00:00+00:00,44.52702058252427,1307,7d
2024-07-12 00:00:00+00:00,49.88417328519855,197,90d
2024-07-13 00:00:00+00:00,45.78984073534765,1511,14d
2024-07-13 00:00:00+00:00,44.74981566820277,130,30d
2024-07-13 00:00:00+00:00,46.030290791599356,239,60d
2024-07-13 00:00:00+00:00,45.63497551420176,939,7d
2024-07-13 00:00:00+00:00,49.598260869565216,38,90d
2024-07-14 00:00:00+00:00,50.67864345231393,2162,14d
2024-07-14 00:00:00+00:00,48.948299976453974,485,60d
2024-07-14 00:00:00+00:00,56.39005692356892,2454,7d
2024-07-14 00:00:00+00:00,51.66857142857143,12,90d
2024-07-15 00:00:00+00:00,51.03409100715897,2276,14d
2024-07-15 00:00:00+00:00,50.98475831430091,1398,60d
2024-07-15 00:00:00+00:00,54.1390318544631,5053,7d
2024-07-16 00:00:00+00:00,55.8012704526749,1541,14d
2024-07-16 00:00:00+00:00,54.89612139438349,767,60d
2024-07-16 00:00:00+00:00,53.98457690207951,2867,7d
2024-07-17 00:00:00+00:00,59.69286232048203,1241,14d
2024-07-17 00:00:00+00:00,59.84164580013658,244,60d
2024-07-17 00:00:00+00:00,58.38174489652824,1746,7d
2024-07-18 00:00:00+00:00,55.03513904653802,690,14d
2024-07-18 00:00:00+00:00,54.41995863495346,152,30d
2024-07-18 00:00:00+00:00,56.50898203592814,90,60d
2024-07-18 00:00:00+00:00,51.10135169905067,950,7d
2024-07-19 00:00:00+00:00,57.98776627303326,2262,14d
2024-07-19 00:00:00+00:00,56.97172967092739,549,30d
2024-07-19 00:00:00+00:00,59.31491079014443,230,60d
2024-07-19 00:00:00+00:00,51.70379150357419,3339,7d
2024-07-20 00:00:00+00:00,60.868344559339725,1152,14d
2024-07-20 00:00:00+00:00,57.43338199513382,46,30d
2024-07-20 00:00:00+00:00,61.16030349013656,39,60d
2024-07-20 00:00:00+00:00,54.520251141552514,1044,7d
2024-07-21 00:00:00+00:00,64.64705457710423,1298,14d
2024-07-21 00:00:00+00:00,64.61717434869739,348,30d
2024-07-21 00:00:00+00:00,63.01766588602654,57,60d
2024-07-21 00:00:00+00:00,63.52000813622362,1437,7d
2024-07-22 00:00:00+00:00,65.37509190457567,1040,14d
2024-07-22 00:00:00+00:00,64.65934045077105,439,30d
2024-07-22 00:00:00+00:00,63.9850660974938,202,60d
2024-07-22 00:00:00+00:00,62.70037464163657,2996,7d
2024-07-23 00:00:00+00:00,67.01498718678815,449,14d
2024-07-23 00:00:00+00:00,66.0977610186092,381,30d
2024-07-23 00:00:00+00:00,66.04111683848797,116,60d
2024-07-23 00:00:00+00:00,69.7617869147659,1370,7d
2024-07-24 00:00:00+00:00,61.96919642857143,387,14d
2024-07-24 00:00:00+00:00,60.25597308075773,474,30d
2024-07-24 00:00:00+00:00,61.38134027875545,259,60d
2024-07-24 00:00:00+00:00,67.30454147346728,839,7d
2024-07-25 00:00:00+00:00,62.93524882270586,558,14d
2024-07-25 00:00:00+00:00,59.335429102311,808,30d
2024-07-25 00:00:00+00:00,59.0845978710822,159,60d
2024-07-25 00:00:00+00:00,69.87189102947629,991,7d
2024-07-25 00:00:00+00:00,60.67413162705667,60,90d
2024-07-26 00:00:00+00:00,62.509002228923556,1262,14d
2024-07-26 00:00:00+00:00,59.54978614837747,1016,30d
2024-07-26 00:00:00+00:00,59.73706621773289,96,60d
2024-07-26 00:00:00+00:00,70.83624122915867,1528,7d
2024-07-26 00:00:00+00:00,61.81954861111111,38,90d
2024-07-27 00:00:00+00:00,60.20365344909735,1266,14d
2024-07-27 00:00:00+00:00,57.319917727073275,547,30d
2024-07-27 00:00:00+00:00,57.577713741367,169,60d
2024-07-27 00:00:00+00:00,66.22363031949978,1496,7d
2024-07-27 00:00:00+00:00,58.59948240165631,26,90d
2024-07-28 00:00:00+00:00,52.30389051977206,756,14d
2024-07-28 00:00:00+00:00,52.56597324126025,263,30d
2024-07-28 00:00:00+00:00,55.8522641509434,49,60d
2024-07-28 00:00:00+00:00,52.85979328841499,1154,7d
2024-07-28 00:00:00+00:00,58.844824797843664,29,90d
2024-07-29 00:00:00+00:00,54.54288434599895,1056,14d
2024-07-29 00:00:00+00:00,53.915253913251284,1112,30d
2024-07-29 00:00:00+00:00,54.17036014498342,211,60d
2024-07-29 00:00:00+00:00,55.031134125708036,3105,7d
2024-07-29 00:00:00+00:00,58.0748441796517,166,90d
2024-07-30 00:00:00+00:00,47.67170950704225,581,14d
2024-07-30 00:00:00+00:00,49.35915845070423,431,30d
2024-07-30 00:00:00+00:00,50.982368421052634,208,60d
2024-07-30 00:00:00+00:00,50.964501150558846,1309,7d
2024-07-30 00:00:00+00:00,52.30767129228101,70,90d
2024-07-31 00:00:00+00:00,46.455218016722114,605,14d
2024-07-31 00:00:00+00:00,47.439265315852204,427,30d
2024-07-31 00:00:00+00:00,50.27434684684684,186,60d
2024-07-31 00:00:00+00:00,46.5743404171327,1044,7d
2024-07-31 00:00:00+00:00,52.03259462759463,64,90d
2024-08-01 00:00:00+00:00,44.88732085216269,854,14d
2024-08-01 00:00:00+00:00,45.81899062657272,1502,30d
2024-08-01 00:00:00+00:00,49.1372380952381,401,60d
2024-08-01 00:00:00+00:00,45.5702634766808,1289,7d
2024-08-01 00:00:00+00:00,51.46162743972446,138,90d
2024-08-02 00:00:00+00:00,46.326308815223534,1626,14d
2024-08-02 00:00:00+00:00,46.67413790286344,1536,30d
2024-08-02 00:00:00+00:00,49.669300498275206,273,60d
2024-08-02 00:00:00+00:00,47.75642173928333,2331,7d
2024-08-02 00:00:00+00:00,51.53414009409304,77,90d
2024-08-03 00:00:00+00:00,49.28552195714937,1098,14d
2024-08-03 00:00:00+00:00,48.451995063318314,646,30d
2024-08-03 00:00:00+00:00,50.335149439601494,251,60d
2024-08-03 00:00:00+00:00,52.64270881242678,1421,7d
2024-08-03 00:00:00+00:00,52.03345419847328,42,90d
2024-08-04 00:00:00+00:00,54.6282816037024,1078,14d
2024-08-04 00:00:00+00:00,53.015807258407825,651,30d
2024-08-04 00:00:00+00:00,52.993831370117796,242,60d
2024-08-04 00:00:00+00:00,65.23494037392622,1203,7d
2024-08-04 00:00:00+00:00,54.19849942726232,75,90d
2024-08-05 00:00:00+00:00,67.09475551043133,1575,14d
2024-08-05 00:00:00+00:00,63.754333434018584,2649,30d
2024-08-05 00:00:00+00:00,60.85257334120889,2019,60d
2024-08-05 00:00:00+00:00,82.99118688577575,4213,7d
2024-08-05 00:00:00+00:00,60.041687306501544,254,90d
2024-08-06 00:00:00+00:00,60.04440669371196,329,14d
2024-08-06 00:00:00+00:00,59.148723958333335,771,30d
2024-08-06 00:00:00+00:00,57.97645995747697,724,60d
2024-08-06 00:00:00+00:00,67.18633530021171,1271,7d
2024-08-06 00:00:00+00:00,56.93299791385446,216,90d
2024-08-07 00:00:00+00:00,58.1955780075188,329,14d
2024-08-07 00:00:00+00:00,56.557171256454396,619,30d
2024-08-07 00:00:00+00:00,57.581547134720445,437,60d
2024-08-07 00:00:00+00:00,60.66865307247175,855,7d
2024-08-07 00:00:00+00:00,58.951438547486035,167,90d
2024-08-08 00:00:00+00:00,57.94607055961071,478,14d
2024-08-08 00:00:00+00:00,56.03015706806283,1290,30d
2024-08-08 00:00:00+00:00,56.592632541133455,721,60d
2024-08-08 00:00:00+00:00,59.87975286744709,1437,7d
2024-08-08 00:00:00+00:00,57.12396743402583,365,90d
2024-08-09 00:00:00+00:00,54.0243358633776,1001,14d
2024-08-09 00:00:00+00:00,53.66440341210131,696,30d
2024-08-09 00:00:00+00:00,54.252297841441674,699,60d
2024-08-09 00:00:00+00:00,56.70299070729102,1650,7d
2024-08-09 00:00:00+00:00,55.21088676671214,142,90d
2024-08-10 00:00:00+00:00,53.591959964146994,589,14d
2024-08-10 00:00:00+00:00,51.92151866151866,53,30d
2024-08-10 00:00:00+00:00,54.0481914893617,135,60d
2024-08-10 00:00:00+00:00,53.86580295566502,518,7d
2024-08-10 00:00:00+00:00,57.39606779661017,190,90d
2024-08-11 00:00:00+00:00,55.50428776129466,647,14d
2024-08-11 00:00:00+00:00,55.40078472222222,206,60d
2024-08-11 00:00:00+00:00,59.925881537492124,729,7d
2024-08-11 00:00:00+00:00,56.76491883116883,115,90d
2024-08-12 00:00:00+00:00,56.889322402712416,744,14d
2024-08-12 00:00:00+00:00,56.070151856018,383,60d
2024-08-12 00:00:00+00:00,64.16044530042444,1707,7d
2024-08-12 00:00:00+00:00,59.851947926711674,63,90d
2024-08-13 00:00:00+00:00,55.59246247915508,530,14d
2024-08-13 00:00:00+00:00,56.53005874378672,139,60d
2024-08-13 00:00:00+00:00,58.62413821435092,631,7d
2024-08-13 00:00:00+00:00,60.11610526315789,38,90d
2024-08-14 00:00:00+00:00,54.08102911093627,536,14d
2024-08-14 00:00:00+00:00,56.39096022374145,122,60d
2024-08-14 00:00:00+00:00,54.98210547477049,614,7d
2024-08-14 00:00:00+00:00,60.63693333333333,44,90d
2024-08-15 00:00:00+00:00,53.266853807049884,738,14d
2024-08-15 00:00:00+00:00,52.49683535911602,265,30d
2024-08-15 00:00:00+00:00,54.84778664639554,295,60d
2024-08-15 00:00:00+00:00,52.591677962620665,754,7d
2024-08-15 00:00:00+00:00,59.066929824561406,19,90d
2024-08-16 00:00:00+00:00,50.41068619006603,816,14d
2024-08-16 00:00:00+00:00,50.90751876876877,214,30d
2024-08-16 00:00:00+00:00,54.08030137864701,92,60d
2024-08-16 00:00:00+00:00,50.35828838993569,1215,7d
2024-08-16 00:00:00+00:00,59.33527777777777,39,90d
2024-08-17 00:00:00+00:00,49.44269707705934,646,14d
2024-08-17 00:00:00+00:00,49.7761473880597,101,30d
2024-08-17 00:00:00+00:00,53.99162162162162,141,60d
2024-08-17 00:00:00+00:00,46.868052218484706,366,7d
2024-08-17 00:00:00+00:00,59.239085714285714,33,90d
2024-08-18 00:00:00+00:00,52.202434325744306,541,14d
2024-08-18 00:00:00+00:00,53.66008111239861,41,30d
2024-08-18 00:00:00+00:00,55.24638838475499,68,60d
2024-08-18 00:00:00+00:00,51.6526928070631,352,7d
2024-08-18 00:00:00+00:00,59.943349753694584,28,90d
2024-08-19 00:00:00+00:00,51.916538427522774,477,14d
2024-08-19 00:00:00+00:00,53.109730815588584,193,30d
2024-08-19 00:00:00+00:00,54.47776888888889,127,60d
2024-08-19 00:00:00+00:00,51.21941188950652,1188,7d
2024-08-19 00:00:00+00:00,59.90234817813765,52,90d
2024-08-20 00:00:00+00:00,50.465808926080896,449,14d
2024-08-20 00:00:00+00:00,52.65915275723643,322,30d
2024-08-20 00:00:00+00:00,53.98172257479602,149,60d
2024-08-20 00:00:00+00:00,50.90352398861292,1698,7d
2024-08-20 00:00:00+00:00,59.75693399574166,104,90d
2024-08-21 00:00:00+00:00,51.33981420208705,585,14d
2024-08-21 00:00:00+00:00,53.827153088630254,512,30d
2024-08-21 00:00:00+00:00,54.72278235926856,225,60d
2024-08-21 00:00:00+00:00,51.04618094909575,832,7d
2024-08-21 00:00:00+00:00,60.197417218543045,50,90d
2024-08-22 00:00:00+00:00,51.02955369595537,363,14d
2024-08-22 00:00:00+00:00,53.393121374865736,455,30d
2024-08-22 00:00:00+00:00,55.3770087124879,52,60d
2024-08-22 00:00:00+00:00,51.080264631669635,617,7d
2024-08-22 00:00:00+00:00,60.61286472148541,38,90d
2024-08-23 00:00:00+00:00,50.005194496741495,1853,14d
2024-08-23 00:00:00+00:00,51.579056100072464,1547,30d
2024-08-23 00:00:00+00:00,54.33921025901473,232,60d
2024-08-23 00:00:00+00:00,49.166401876762855,2600,7d
2024-08-23 00:00:00+00:00,60.41811379097094,112,90d
2024-08-24 00:00:00+00:00,50.42203893996755,829,14d
2024-08-24 00:00:00+00:00,52.314892086330936,278,30d
2024-08-24 00:00:00+00:00,55.527036450079244,144,60d
2024-08-24 00:00:00+00:00,49.46518587232873,927,7d
2024-08-24 00:00:00+00:00,61.48308,46,90d
2024-08-25 00:00:00+00:00,50.96263117870723,810,14d
2024-08-25 00:00:00+00:00,52.83264887063655,95,30d
2024-08-25 00:00:00+00:00,57.832125,61,60d
2024-08-25 00:00:00+00:00,50.80322033898306,583,7d
2024-08-25 00:00:00+00:00,61.8075,8,90d
2024-08-26 00:00:00+00:00,47.527104482273934,924,14d
2024-08-26 00:00:00+00:00,51.02848834594919,389,30d
2024-08-26 00:00:00+00:00,55.42139887544727,283,60d
2024-08-26 00:00:00+00:00,47.51715089234137,1515,7d
2024-08-27 00:00:00+00:00,48.29610285303285,756,14d
2024-08-27 00:00:00+00:00,50.68755458515284,525,30d
2024-08-27 00:00:00+00:00,53.22494416611335,388,60d
2024-08-27 00:00:00+00:00,46.35147712898356,1713,7d
2024-08-28 00:00:00+00:00,50.94521956087824,622,14d
2024-08-28 00:00:00+00:00,50.93539365828302,596,30d
2024-08-28 00:00:00+00:00,53.25015857573694,277,60d
2024-08-28 00:00:00+00:00,50.28410749185667,1162,7d
2024-08-29 00:00:00+00:00,49.13675486618005,203,14d
2024-08-29 00:00:00+00:00,50.10651409182189,723,30d
2024-08-29 00:00:00+00:00,54.30039923954373,205,60d
2024-08-29 00:00:00+00:00,49.80495057660627,769,7d
2024-08-29 00:00:00+00:00,59.93044871794871,54,90d
2024-08-30 00:00:00+00:00,47.55117654332437,1709,14d
2024-08-30 00:00:00+00:00,49.8923209516873,1513,30d
2024-08-30 00:00:00+00:00,53.705751149718964,284,60d
2024-08-30 00:00:00+00:00,47.53604271176724,1624,7d
2024-08-30 00:00:00+00:00,59.71924124513619,62,90d
2024-08-31 00:00:00+00:00,46.68573339277753,458,14d
2024-08-31 00:00:00+00:00,47.696558641975315,147,30d
2024-08-31 00:00:00+00:00,52.83395348837209,49,60d
2024-08-31 00:00:00+00:00,42.88039128680919,447,7d
2024-08-31 00:00:00+00:00,58.227968749999995,12,90d
2024-09-01 00:00:00+00:00,48.65682905225863,922,14d
2024-09-01 00:00:00+00:00,49.49762524398179,193,30d
2024-09-01 00:00:00+00:00,52.27178173719377,191,60d
2024-09-01 00:00:00+00:00,47.90129361467384,904,7d
2024-09-01 00:00:00+00:00,58.934000000000005,11,90d
2024-09-02 00:00:00+00:00,50.64120316499884,205,14d
2024-09-02 00:00:00+00:00,51.37816564088841,309,30d
2024-09-02 00:00:00+00:00,56.29532197678771,224,60d
2024-09-02 00:00:00+00:00,49.55981291338583,1016,7d
2024-09-02 00:00:00+00:00,59.51886685552409,39,90d
2024-09-03 00:00:00+00:00,50.08422714227142,259,14d
2024-09-03 00:00:00+00:00,51.21252577616497,2853,30d
2024-09-03 00:00:00+00:00,53.582804619373086,192,60d
2024-09-03 00:00:00+00:00,49.51702788591403,674,7d
2024-09-03 00:00:00+00:00,59.88723667905823,56,90d
2024-09-04 00:00:00+00:00,55.23667864595409,531,14d
2024-09-04 00:00:00+00:00,53.9613379062551,571,30d
2024-09-04 00:00:00+00:00,55.05745975492552,315,60d
2024-09-04 00:00:00+00:00,54.32181425676271,942,7d
2024-09-04 00:00:00+00:00,61.17880434782609,135,90d
2024-09-05 00:00:00+00:00,55.247869631901835,225,14d
2024-09-05 00:00:00+00:00,53.69348256191783,3045,30d
2024-09-05 00:00:00+00:00,55.475739160920874,309,60d
2024-09-05 00:00:00+00:00,54.97176500379843,491,7d
2024-09-05 00:00:00+00:00,61.03734567901234,60,90d
2024-09-06 00:00:00+00:00,57.00684956637759,1537,14d
2024-09-06 00:00:00+00:00,56.46621363835696,1048,30d
2024-09-06 00:00:00+00:00,57.224986830553114,621,60d
2024-09-06 00:00:00+00:00,58.45102586421289,1862,7d
2024-09-06 00:00:00+00:00,62.42957142857142,71,90d
2024-09-07 00:00:00+00:00,55.00700634335993,528,14d
2024-09-07 00:00:00+00:00,54.289598051157135,84,30d
2024-09-07 00:00:00+00:00,57.529674063800286,189,60d
2024-09-07 00:00:00+00:00,57.65407126766332,522,7d
2024-09-07 00:00:00+00:00,62.72446153846154,26,90d
2024-09-08 00:00:00+00:00,56.811830808080806,401,14d
2024-09-08 00:00:00+00:00,60.933195548489664,139,60d
2024-09-08 00:00:00+00:00,61.32008252658308,462,7d
2024-09-08 00:00:00+00:00,62.18176470588236,9,90d
2024-09-09 00:00:00+00:00,56.6534122359796,832,14d
2024-09-09 00:00:00+00:00,58.01586505190312,388,60d
2024-09-09 00:00:00+00:00,63.210250707642544,2159,7d
2024-09-09 00:00:00+00:00,62.16271028037383,35,90d
2024-09-10 00:00:00+00:00,56.10909431137725,341,14d
2024-09-10 00:00:00+00:00,58.664381752701075,175,60d
2024-09-10 00:00:00+00:00,59.90338564486577,792,7d
2024-09-10 00:00:00+00:00,61.877436974789916,54,90d
2024-09-11 00:00:00+00:00,52.838272612536805,1088,14d
2024-09-11 00:00:00+00:00,60.088958630527806,118,60d
2024-09-11 00:00:00+00:00,54.48781645719706,1111,7d
2024-09-11 00:00:00+00:00,60.265645569620254,86,90d
2024-09-12 00:00:00+00:00,52.26401102853033,538,14d
2024-09-12 00:00:00+00:00,51.93201015965166,898,30d
2024-09-12 00:00:00+00:00,58.996255144032915,32,60d
2024-09-12 00:00:00+00:00,52.1074258340067,819,7d
2024-09-12 00:00:00+00:00,59.52201257861635,32,90d
2024-09-13 00:00:00+00:00,50.19257372170619,1420,14d
2024-09-13 00:00:00+00:00,50.43212868310282,889,30d
2024-09-13 00:00:00+00:00,58.80152376286134,94,60d
2024-09-13 00:00:00+00:00,51.204633713061135,1815,7d
2024-09-13 00:00:00+00:00,59.6239915373766,174,90d
2024-09-14 00:00:00+00:00,48.83876606683805,568,14d
2024-09-14 00:00:00+00:00,48.0804375,40,30d
2024-09-14 00:00:00+00:00,57.91720779220779,25,60d
2024-09-14 00:00:00+00:00,49.579085130970725,464,7d
2024-09-14 00:00:00+00:00,59.757810888252145,112,90d
2024-09-15 00:00:00+00:00,51.204901386748844,442,14d
2024-09-15 00:00:00+00:00,51.601884349185084,88,30d
2024-09-15 00:00:00+00:00,58.656333333333336,54,60d
2024-09-15 00:00:00+00:00,54.20236957644629,511,7d
2024-09-15 00:00:00+00:00,59.95087947882737,43,90d
2024-09-16 00:00:00+00:00,52.25655035918487,492,14d
2024-09-16 00:00:00+00:00,51.659243447716825,233,30d
2024-09-16 00:00:00+00:00,58.49739473684211,142,60d
2024-09-16 00:00:00+00:00,56.33688189198067,1736,7d
2024-09-16 00:00:00+00:00,59.645477959385836,101,90d
2024-09-17 00:00:00+00:00,51.71952489837398,392,14d
2024-09-17 00:00:00+00:00,52.78586306800854,351,30d
2024-09-17 00:00:00+00:00,59.280810683424974,257,60d
2024-09-17 00:00:00+00:00,54.789637333980224,1349,7d
2024-09-17 00:00:00+00:00,60.04775634249471,159,90d
2024-09-18 00:00:00+00:00,50.4951312397469,639,14d
2024-09-18 00:00:00+00:00,51.599280440571285,764,30d
2024-09-18 00:00:00+00:00,58.021642570281124,173,60d
2024-09-18 00:00:00+00:00,53.21314700704225,1317,7d
2024-09-18 00:00:00+00:00,59.027770786516854,107,90d
2024-09-19 00:00:00+00:00,48.74518350888743,769,14d
2024-09-19 00:00:00+00:00,50.41377956642241,2013,30d
2024-09-19 00:00:00+00:00,57.82126416600159,298,60d
2024-09-19 00:00:00+00:00,49.96388305893215,2046,7d
2024-09-19 00:00:00+00:00,59.225287013356066,233,90d
2024-09-20 00:00:00+00:00,50.0675492040035,1034,14d
2024-09-20 00:00:00+00:00,49.85725062531266,861,30d
2024-09-20 00:00:00+00:00,58.12125943583632,184,60d
2024-09-20 00:00:00+00:00,49.04828949807427,1852,7d
2024-09-20 00:00:00+00:00,58.86615384615384,93,90d
2024-09-21 00:00:00+00:00,46.680946798917944,382,14d
2024-09-21 00:00:00+00:00,49.23529220779221,258,30d
2024-09-21 00:00:00+00:00,57.4303611738149,122,60d
2024-09-21 00:00:00+00:00,45.79992018779343,607,7d
2024-09-21 00:00:00+00:00,58.352659574468085,16,90d
2024-09-22 00:00:00+00:00,48.567288961038955,355,14d
2024-09-22 00:00:00+00:00,49.90896150190114,250,30d
2024-09-22 00:00:00+00:00,57.28000000000001,66,60d
2024-09-22 00:00:00+00:00,50.36242759489117,681,7d
2024-09-22 00:00:00+00:00,58.354518518518525,77,90d
2024-09-23 00:00:00+00:00,50.227679647068804,1030,14d
2024-09-23 00:00:00+00:00,49.787170948303206,462,30d
2024-09-23 00:00:00+00:00,57.45585785250287,157,60d
2024-09-23 00:00:00+00:00,51.83064888751066,1912,7d
2024-09-23 00:00:00+00:00,59.02496392496393,73,90d
2024-09-24 00:00:00+00:00,47.27049506726458,414,14d
2024-09-24 00:00:00+00:00,49.083460763027304,311,30d
2024-09-24 00:00:00+00:00,57.4321249408424,143,60d
2024-09-24 00:00:00+00:00,47.665018986513026,798,7d
2024-09-24 00:00:00+00:00,58.016593714927055,46,90d
2024-09-25 00:00:00+00:00,47.375712383488676,350,14d
2024-09-25 00:00:00+00:00,48.29599070847851,414,30d
2024-09-25 00:00:00+00:00,56.13121169259784,181,60d
2024-09-25 00:00:00+00:00,45.97617693391925,472,7d
2024-09-25 00:00:00+00:00,57.84728488372093,83,90d
2024-09-26 00:00:00+00:00,47.18973697521498,405,14d
2024-09-26 00:00:00+00:00,48.44537066446449,1196,30d
2024-09-26 00:00:00+00:00,56.00074248927039,145,60d
2024-09-26 00:00:00+00:00,45.67406681304893,1162,7d
2024-09-26 00:00:00+00:00,56.8020203129289,133,90d
2024-09-27 00:00:00+00:00,47.511398772417756,1046,14d
2024-09-27 00:00:00+00:00,48.809317834463464,1593,30d
2024-09-27 00:00:00+00:00,56.025335643135556,190,60d
2024-09-27 00:00:00+00:00,45.165338440429906,1877,7d
2024-09-27 00:00:00+00:00,56.9825697148269,220,90d
2024-09-28 00:00:00+00:00,45.81305678059537,504,14d
2024-09-28 00:00:00+00:00,47.97891696750902,319,30d
2024-09-28 00:00:00+00:00,56.03972972972973,157,60d
2024-09-28 00:00:00+00:00,43.50734450947326,628,7d
2024-09-28 00:00:00+00:00,56.56351612903225,26,90d
2024-09-29 00:00:00+00:00,45.97642696629214,327,14d
2024-09-29 00:00:00+00:00,49.319397129186605,250,30d
2024-09-29 00:00:00+00:00,55.61330357142857,53,60d
2024-09-29 00:00:00+00:00,43.813511235955055,573,7d
2024-09-29 00:00:00+00:00,56.90583173996176,36,90d
2024-09-30 00:00:00+00:00,47.163711461520364,1077,14d
2024-09-30 00:00:00+00:00,49.53978403603017,909,30d
2024-09-30 00:00:00+00:00,56.41559960026649,198,60d
2024-09-30 00:00:00+00:00,46.9687093817094,1770,7d
2024-09-30 00:00:00+00:00,56.347837837837844,147,90d
2024-10-01 00:00:00+00:00,48.40035068493151,702,14d
2024-10-01 00:00:00+00:00,49.85187172538392,1622,30d
2024-10-01 00:00:00+00:00,57.081904132628544,296,60d
2024-10-01 00:00:00+00:00,48.05829532456391,1660,7d
2024-10-01 00:00:00+00:00,57.016292702648066,238,90d
2024-10-02 00:00:00+00:00,49.37075357844513,394,14d
2024-10-02 00:00:00+00:00,50.00073850551894,1084,30d
2024-10-02 00:00:00+00:00,57.37205573868744,247,60d
2024-10-02 00:00:00+00:00,49.5534593737015,874,7d
2024-10-02 00:00:00+00:00,57.20419706656638,102,90d
2024-10-03 00:00:00+00:00,49.11441215323646,413,14d
2024-10-03 00:00:00+00:00,50.28865201631173,746,30d
2024-10-03 00:00:00+00:00,56.61554468652735,118,60d
2024-10-03 00:00:00+00:00,49.69504291845494,777,7d
2024-10-03 00:00:00+00:00,56.79567128103713,158,90d
2024-10-04 00:00:00+00:00,48.04214654174124,906,14d
2024-10-04 00:00:00+00:00,50.437638023347674,666,30d
2024-10-04 00:00:00+00:00,56.094129310344826,120,60d
2024-10-04 00:00:00+00:00,47.92865302079894,1169,7d
2024-10-04 00:00:00+00:00,56.559780678851176,119,90d
2024-10-05 00:00:00+00:00,45.66621225983531,812,14d
2024-10-05 00:00:00+00:00,52.53278247501922,148,30d
2024-10-05 00:00:00+00:00,55.912042581503655,196,60d
2024-10-05 00:00:00+00:00,43.763770911831195,524,7d
2024-10-05 00:00:00+00:00,54.812959927140255,38,90d
2024-10-06 00:00:00+00:00,46.836082652808706,608,14d
2024-10-06 00:00:00+00:00,55.05398884239888,67,30d
2024-10-06 00:00:00+00:00,55.10027397260274,94,60d
2024-10-06 00:00:00+00:00,47.18512432188066,385,7d
2024-10-06 00:00:00+00:00,55.31347119645494,93,90d
2024-10-07 00:00:00+00:00,47.400170150348366,1438,14d
2024-10-07 00:00:00+00:00,55.71135068153655,166,30d
2024-10-07 00:00:00+00:00,54.93798509098882,335,60d
2024-10-07 00:00:00+00:00,47.310886969443665,2105,7d
2024-10-07 00:00:00+00:00,55.18179466451091,197,90d
2024-10-08 00:00:00+00:00,44.662421641203345,745,14d
2024-10-08 00:00:00+00:00,53.26772906518209,246,30d
2024-10-08 00:00:00+00:00,52.61783403656822,206,60d
2024-10-08 00:00:00+00:00,44.84250675447483,894,7d
2024-10-08 00:00:00+00:00,53.62446666666666,130,90d
2024-10-09 00:00:00+00:00,44.63916612191535,792,14d
2024-10-09 00:00:00+00:00,53.756085958005244,170,30d
2024-10-09 00:00:00+00:00,53.356025223759154,179,60d
2024-10-09 00:00:00+00:00,43.47446784176534,537,7d
2024-10-09 00:00:00+00:00,53.705227161700044,161,90d
2024-10-10 00:00:00+00:00,45.79588244802949,1103,14d
2024-10-10 00:00:00+00:00,50.06397919442451,587,30d
2024-10-10 00:00:00+00:00,53.154203707394856,201,60d
2024-10-10 00:00:00+00:00,44.79202188552188,1091,7d
2024-10-10 00:00:00+00:00,53.18440303030303,211,90d
2024-10-11 00:00:00+00:00,44.33709058755374,1434,14d
2024-10-11 00:00:00+00:00,49.668465615944584,599,30d
2024-10-11 00:00:00+00:00,53.5812039582188,247,60d
2024-10-11 00:00:00+00:00,41.93712974185729,1820,7d
2024-10-11 00:00:00+00:00,53.85202513291445,185,90d
2024-10-12 00:00:00+00:00,44.215197875166005,791,14d
2024-10-12 00:00:00+00:00,52.95171941830625,87,30d
2024-10-12 00:00:00+00:00,55.098690744920994,154,60d
2024-10-12 00:00:00+00:00,40.63661927877948,687,7d
2024-10-12 00:00:00+00:00,54.7771484375,24,90d
2024-10-13 00:00:00+00:00,45.55882614742698,348,14d
2024-10-13 00:00:00+00:00,54.93562437562437,73,30d
2024-10-13 00:00:00+00:00,54.58102529960053,101,60d
2024-10-13 00:00:00+00:00,44.16075982057904,430,7d
2024-10-13 00:00:00+00:00,55.27314285714285,10,90d
2024-10-14 00:00:00+00:00,47.491620828856036,1132,14d
2024-10-14 00:00:00+00:00,56.906587294838,326,30d
2024-10-14 00:00:00+00:00,56.13338233283194,755,60d
2024-10-14 00:00:00+00:00,48.195663878864465,3798,7d
2024-10-15 00:00:00+00:00,48.0617044363357,411,14d
2024-10-15 00:00:00+00:00,57.15666584597203,435,30d
2024-10-15 00:00:00+00:00,55.93576193353474,484,60d
2024-10-15 00:00:00+00:00,47.94463444233956,1855,7d
2024-10-16 00:00:00+00:00,48.40857210851975,460,14d
2024-10-16 00:00:00+00:00,57.82658420181163,354,30d
2024-10-16 00:00:00+00:00,56.85707778633513,161,60d
2024-10-16 00:00:00+00:00,47.658514753717476,1648,7d
2024-10-17 00:00:00+00:00,46.13517308289351,440,14d
2024-10-17 00:00:00+00:00,55.90046168582376,295,30d
2024-10-17 00:00:00+00:00,55.9744847020934,111,60d
2024-10-17 00:00:00+00:00,45.000913275639846,966,7d
2024-10-18 00:00:00+00:00,49.54777110021614,1329,14d
2024-10-18 00:00:00+00:00,54.64862930379059,578,30d
2024-10-18 00:00:00+00:00,55.07136443973136,164,60d
2024-10-18 00:00:00+00:00,44.49011968372611,2529,7d
2024-10-19 00:00:00+00:00,48.04089995566721,560,14d
2024-10-19 00:00:00+00:00,53.046222780569515,103,30d
2024-10-19 00:00:00+00:00,54.97421052631579,33,60d
2024-10-19 00:00:00+00:00,41.76506764592192,662,7d
2024-10-20 00:00:00+00:00,49.81157502193624,634,14d
2024-10-20 00:00:00+00:00,55.26329489935509,290,30d
2024-10-20 00:00:00+00:00,55.20994962216624,43,60d
2024-10-20 00:00:00+00:00,48.164275224816436,1056,7d
2024-10-21 00:00:00+00:00,53.77806932966024,947,14d
2024-10-21 00:00:00+00:00,53.90102445193929,340,30d
2024-10-21 00:00:00+00:00,54.59635738156084,133,60d
2024-10-21 00:00:00+00:00,46.072767276787495,2476,7d
2024-10-22 00:00:00+00:00,55.038896180601135,435,14d
2024-10-22 00:00:00+00:00,54.1223197262283,254,30d
2024-10-22 00:00:00+00:00,54.09560069645966,135,60d
2024-10-22 00:00:00+00:00,44.362254958439635,1147,7d
2024-10-23 00:00:00+00:00,56.371409542838116,742,14d
2024-10-23 00:00:00+00:00,54.197064632834646,449,30d
2024-10-23 00:00:00+00:00,54.32383171723491,266,60d
2024-10-23 00:00:00+00:00,42.791224953329184,1075,7d
2024-10-24 00:00:00+00:00,57.77147360803293,628,14d
2024-10-24 00:00:00+00:00,55.047455388648046,487,30d
2024-10-24 00:00:00+00:00,54.34941911764707,252,60d
2024-10-24 00:00:00+00:00,42.55007521762403,1506,7d
2024-10-24 00:00:00+00:00,53.74892857142858,23,90d
2024-10-25 00:00:00+00:00,58.02787625908662,1691,14d
2024-10-25 00:00:00+00:00,55.06239956912939,906,30d
2024-10-25 00:00:00+00:00,53.78166175604007,184,60d
2024-10-25 00:00:00+00:00,40.93791818476968,3382,7d
2024-10-25 00:00:00+00:00,53.59635542168674,64,90d
2024-10-26 00:00:00+00:00,58.62592544473316,637,14d
2024-10-26 00:00:00+00:00,55.05424418604651,139,30d
2024-10-26 00:00:00+00:00,54.10448637316563,33,60d
2024-10-26 00:00:00+00:00,42.65100290373017,642,7d
2024-10-26 00:00:00+00:00,53.687068965517234,7,90d
2024-10-27 00:00:00+00:00,60.20015779981966,375,14d
2024-10-27 00:00:00+00:00,54.788345323741005,85,30d
2024-10-27 00:00:00+00:00,53.091,60,60d
2024-10-27 00:00:00+00:00,45.567335419564216,618,7d
2024-10-27 00:00:00+00:00,51.8679462571977,16,90d
2024-10-28 00:00:00+00:00,61.66880450181017,470,14d
2024-10-28 00:00:00+00:00,55.95525626140322,361,30d
2024-10-28 00:00:00+00:00,53.728389106854365,261,60d
2024-10-28 00:00:00+00:00,51.04133778293674,2771,7d
2024-10-28 00:00:00+00:00,53.22504971590908,31,90d
2024-10-29 00:00:00+00:00,61.775242923531906,637,14d
2024-10-29 00:00:00+00:00,57.74828958667811,929,30d
2024-10-29 00:00:00+00:00,55.78599799475552,646,60d
2024-10-29 00:00:00+00:00,59.32511063435,4137,7d
2024-10-29 00:00:00+00:00,54.52577049180328,52,90d
2024-10-30 00:00:00+00:00,61.73890222984562,223,14d
2024-10-30 00:00:00+00:00,57.63761904761905,349,30d
2024-10-30 00:00:00+00:00,55.08298958333333,300,60d
2024-10-30 00:00:00+00:00,67.82395583142176,1496,7d
2024-10-30 00:00:00+00:00,54.0786902173913,82,90d
2024-10-31 00:00:00+00:00,63.13530053320407,282,14d
2024-10-31 00:00:00+00:00,58.636065523198425,630,30d
2024-10-31 00:00:00+00:00,55.26846019247594,692,60d
2024-10-31 00:00:00+00:00,69.60216751970103,1818,7d
2024-10-31 00:00:00+00:00,54.339888299357725,73,90d
2024-11-01 00:00:00+00:00,61.36108204722785,763,14d
2024-11-01 00:00:00+00:00,58.977997915701714,1290,30d
2024-11-01 00:00:00+00:00,54.684696119682094,378,60d
2024-11-01 00:00:00+00:00,70.70272699556541,3032,7d
2024-11-01 00:00:00+00:00,53.69212765957447,33,90d
2024-11-02 00:00:00+00:00,62.991590413943364,327,14d
2024-11-02 00:00:00+00:00,59.68198340248963,140,30d
2024-11-02 00:00:00+00:00,56.17982222222223,85,60d
2024-11-02 00:00:00+00:00,74.76074009119607,924,7d
2024-11-02 00:00:00+00:00,54.86614173228347,17,90d
2024-11-03 00:00:00+00:00,68.66425050332501,872,14d
2024-11-03 00:00:00+00:00,62.205415036940465,277,30d
2024-11-03 00:00:00+00:00,56.47303353658537,148,60d
2024-11-03 00:00:00+00:00,81.15879629988002,2132,7d
2024-11-03 00:00:00+00:00,55.421699716713874,218,90d
2024-11-04 00:00:00+00:00,65.59049839914621,640,14d
2024-11-04 00:00:00+00:00,63.36075705477828,463,30d
2024-11-04 00:00:00+00:00,58.56930290135396,234,60d
2024-11-04 00:00:00+00:00,84.1058106699703,1995,7d
2024-11-04 00:00:00+00:00,55.85885,99,90d
2024-11-05 00:00:00+00:00,66.2899688352162,386,14d
2024-11-05 00:00:00+00:00,63.87177636199458,862,30d
2024-11-05 00:00:00+00:00,59.449721182321056,397,60d
2024-11-05 00:00:00+00:00,78.70438023104096,1604,7d
2024-11-05 00:00:00+00:00,56.51743073047859,112,90d
2024-11-06 00:00:00+00:00,58.12529746048659,1058,14d
2024-11-06 00:00:00+00:00,56.023964976598336,1785,30d
2024-11-06 00:00:00+00:00,54.96522573729215,1432,60d
2024-11-06 00:00:00+00:00,61.201821289558296,2373,7d
2024-11-06 00:00:00+00:00,53.62448237682229,384,90d
2024-11-07 00:00:00+00:00,52.82435566695195,809,14d
2024-11-07 00:00:00+00:00,53.28984634413206,1079,30d
2024-11-07 00:00:00+00:00,53.92566566358825,456,60d
2024-11-07 00:00:00+00:00,52.82629814448364,1407,7d
2024-11-07 00:00:00+00:00,53.96030905077263,139,90d
2024-11-08 00:00:00+00:00,48.20684273146208,1921,14d
2024-11-08 00:00:00+00:00,48.947257511488154,1236,30d
2024-11-08 00:00:00+00:00,51.83924133096936,705,60d
2024-11-08 00:00:00+00:00,45.99834633056004,2260,7d
2024-11-08 00:00:00+00:00,51.57844108077522,142,90d
2024-11-09 00:00:00+00:00,46.72296681697306,1085,14d
2024-11-09 00:00:00+00:00,47.28208355091384,136,30d
2024-11-09 00:00:00+00:00,50.513243440233246,201,60d
2024-11-09 00:00:00+00:00,42.9900972068414,901,7d
2024-11-09 00:00:00+00:00,51.14087179487179,25,90d
2024-11-10 00:00:00+00:00,53.82677775758677,2710,14d
2024-11-10 00:00:00+00:00,51.69004241503901,1083,60d
2024-11-10 00:00:00+00:00,54.590824809524925,3036,7d
2024-11-10 00:00:00+00:00,51.60751942803854,278,90d
2024-11-11 00:00:00+00:00,55.123728218852214,3595,14d
2024-11-11 00:00:00+00:00,54.81323886603549,2103,60d
2024-11-11 00:00:00+00:00,59.435944579118946,5793,7d
2024-11-11 00:00:00+00:00,53.45792324561404,437,90d
2024-11-12 00:00:00+00:00,61.73281902552204,3023,14d
2024-11-12 00:00:00+00:00,58.516654935478456,701,60d
2024-11-12 00:00:00+00:00,65.40724520894675,2967,7d
2024-11-12 00:00:00+00:00,56.157316814159294,667,90d
2024-11-13 00:00:00+00:00,59.45448787970345,1939,14d
2024-11-13 00:00:00+00:00,60.05442534252552,1288,7d
2024-11-13 00:00:00+00:00,56.02593606841088,529,90d
2024-11-14 00:00:00+00:00,58.22713782957364,1135,14d
2024-11-14 00:00:00+00:00,58.1839490022173,360,30d
2024-11-14 00:00:00+00:00,60.14037634408602,903,7d
2024-11-14 00:00:00+00:00,56.08026670707684,330,90d
2024-11-15 00:00:00+00:00,59.37499306721156,1552,14d
2024-11-15 00:00:00+00:00,57.76630324431693,414,30d
2024-11-15 00:00:00+00:00,58.22406301393577,1536,7d
2024-11-15 00:00:00+00:00,56.36570459683496,260,90d
2024-11-16 00:00:00+00:00,55.28803189257239,808,14d
2024-11-16 00:00:00+00:00,53.990686274509805,37,30d
2024-11-16 00:00:00+00:00,54.37507613594835,618,7d
2024-11-16 00:00:00+00:00,56.534505928853754,120,90d
2024-11-17 00:00:00+00:00,57.34242769649541,742,14d
2024-11-17 00:00:00+00:00,55.261520912547525,184,30d
2024-11-17 00:00:00+00:00,55.67854081632653,79,60d
2024-11-17 00:00:00+00:00,57.79699773095624,778,7d
2024-11-17 00:00:00+00:00,54.4975,6,90d
2024-11-18 00:00:00+00:00,58.29658040184667,783,14d
2024-11-18 00:00:00+00:00,56.55177422211726,700,30d
2024-11-18 00:00:00+00:00,55.632829974453585,145,60d
2024-11-18 00:00:00+00:00,63.06784541449739,3073,7d
2024-11-19 00:00:00+00:00,58.10235058214747,796,14d
2024-11-19 00:00:00+00:00,57.20695823828742,845,30d
2024-11-19 00:00:00+00:00,57.076026462249295,343,60d
2024-11-19 00:00:00+00:00,59.691031806666935,1783,7d
2024-11-20 00:00:00+00:00,57.47361648969394,661,14d
2024-11-20 00:00:00+00:00,60.02575821398484,1131,30d
2024-11-20 00:00:00+00:00,58.55925285213631,393,60d
2024-11-20 00:00:00+00:00,58.18167812655705,2139,7d
2024-11-21 00:00:00+00:00,61.42517607771707,851,14d
2024-11-21 00:00:00+00:00,60.698655101415,1931,30d
2024-11-21 00:00:00+00:00,60.11654354428302,595,60d
2024-11-21 00:00:00+00:00,62.843867896027945,2637,7d
2024-11-22 00:00:00+00:00,59.902839241363736,889,14d
2024-11-22 00:00:00+00:00,60.17299603494406,1342,30d
2024-11-22 00:00:00+00:00,60.648407031035426,254,60d
2024-11-22 00:00:00+00:00,60.29638463874862,2139,7d
2024-11-23 00:00:00+00:00,57.88148879605013,725,14d
2024-11-23 00:00:00+00:00,58.95800049431537,365,30d
2024-11-23 00:00:00+00:00,60.88141868512112,81,60d
2024-11-23 00:00:00+00:00,57.14052081973633,714,7d
2024-11-24 00:00:00+00:00,60.287396054628225,657,14d
2024-11-24 00:00:00+00:00,61.1608742375835,336,30d
2024-11-24 00:00:00+00:00,61.11825875486382,93,60d
2024-11-24 00:00:00+00:00,61.066406837606834,1002,7d
2024-11-25 00:00:00+00:00,59.61377803203661,461,14d
2024-11-25 00:00:00+00:00,59.91979243820515,816,30d
2024-11-25 00:00:00+00:00,60.115352967967205,327,60d
2024-11-25 00:00:00+00:00,62.635294652928515,3446,7d
2024-11-26 00:00:00+00:00,58.03243325705568,549,14d
2024-11-26 00:00:00+00:00,56.81805136506366,3325,30d
2024-11-26 00:00:00+00:00,58.26051993785603,305,60d
2024-11-26 00:00:00+00:00,61.750765420180876,1978,7d
2024-11-27 00:00:00+00:00,56.57616733466934,372,14d
2024-11-27 00:00:00+00:00,56.82921762888441,878,30d
2024-11-27 00:00:00+00:00,58.36005783689994,222,60d
2024-11-27 00:00:00+00:00,55.277703604806405,1021,7d
2024-11-28 00:00:00+00:00,54.107636662556516,341,14d
2024-11-28 00:00:00+00:00,55.2291395182184,1708,30d
2024-11-28 00:00:00+00:00,57.36391532756489,133,60d
2024-11-28 00:00:00+00:00,53.35846265879116,746,7d
2024-11-28 00:00:00+00:00,58.44877192982455,30,90d
2024-11-29 00:00:00+00:00,52.70020410230438,1284,14d
2024-11-29 00:00:00+00:00,54.705359571327286,2002,30d
2024-11-29 00:00:00+00:00,56.57465840990811,213,60d
2024-11-29 00:00:00+00:00,50.440342028985505,1822,7d
2024-11-29 00:00:00+00:00,57.48601315789474,152,90d
2024-11-30 00:00:00+00:00,51.60845024780785,925,14d
2024-11-30 00:00:00+00:00,53.306617592933385,477,30d
2024-11-30 00:00:00+00:00,56.01172413793103,79,60d
2024-11-30 00:00:00+00:00,47.40043160929897,971,7d
2024-11-30 00:00:00+00:00,57.354069767441864,48,90d
2024-12-01 00:00:00+00:00,52.5036788482835,555,14d
2024-12-01 00:00:00+00:00,54.260058258083305,276,30d
2024-12-01 00:00:00+00:00,56.42298913043478,89,60d
2024-12-01 00:00:00+00:00,50.255597826086955,453,7d
2024-12-01 00:00:00+00:00,57.48746268656716,21,90d
2024-12-02 00:00:00+00:00,54.044023187948575,585,14d
2024-12-02 00:00:00+00:00,54.42818083961249,784,30d
2024-12-02 00:00:00+00:00,56.871663248181996,289,60d
2024-12-02 00:00:00+00:00,54.74587808715878,2251,7d
2024-12-02 00:00:00+00:00,57.624393442622946,61,90d
2024-12-03 00:00:00+00:00,53.28580939274042,321,14d
2024-12-03 00:00:00+00:00,53.398206557812294,531,30d
2024-12-03 00:00:00+00:00,55.5845641580942,310,60d
2024-12-03 00:00:00+00:00,53.90677193864722,1510,7d
2024-12-03 00:00:00+00:00,56.400525,84,90d
2024-12-04 00:00:00+00:00,52.61521260805029,614,14d
2024-12-04 00:00:00+00:00,53.20091143935881,807,30d
2024-12-04 00:00:00+00:00,55.80371946864734,345,60d
2024-12-04 00:00:00+00:00,51.669719974101646,1304,7d
2024-12-04 00:00:00+00:00,56.18804113614104,65,90d
2024-12-05 00:00:00+00:00,61.1853932811316,1053,14d
2024-12-05 00:00:00+00:00,57.80294549874313,3012,30d
2024-12-05 00:00:00+00:00,58.91548910428266,799,60d
2024-12-05 00:00:00+00:00,62.970720648961375,2953,7d
2024-12-05 00:00:00+00:00,58.403288043478256,245,90d
2024-12-06 00:00:00+00:00,54.7361393486071,1466,14d
2024-12-06 00:00:00+00:00,56.29146823278164,898,30d
2024-12-06 00:00:00+00:00,57.50565915170042,579,60d
2024-12-06 00:00:00+00:00,54.6055329343516,2399,7d
2024-12-06 00:00:00+00:00,58.05108147080029,130,90d
2024-12-07 00:00:00+00:00,51.949187231491656,1535,14d
2024-12-07 00:00:00+00:00,54.31894644037911,159,30d
2024-12-07 00:00:00+00:00,57.047562231759656,170,60d
2024-12-07 00:00:00+00:00,51.868084603822204,546,7d
2024-12-07 00:00:00+00:00,57.385937500000004,37,90d
2024-12-08 00:00:00+00:00,53.42813642158946,575,14d
2024-12-08 00:00:00+00:00,55.489899135446684,282,60d
2024-12-08 00:00:00+00:00,56.93443786982249,614,7d
2024-12-08 00:00:00+00:00,56.61333333333334,30,90d
2024-12-09 00:00:00+00:00,54.99445679455002,1219,14d
2024-12-09 00:00:00+00:00,57.07761329993167,404,60d
2024-12-09 00:00:00+00:00,58.370033494515866,2854,7d
2024-12-09 00:00:00+00:00,57.897121771217705,82,90d
2024-12-10 00:00:00+00:00,54.46068801157095,1099,14d
2024-12-10 00:00:00+00:00,56.75529541689674,198,60d
2024-12-10 00:00:00+00:00,58.63515985543509,1211,7d
2024-12-10 00:00:00+00:00,57.96173047473201,57,90d
2024-12-11 00:00:00+00:00,56.975809243233286,866,14d
2024-12-11 00:00:00+00:00,59.27632199623996,330,60d
2024-12-11 00:00:00+00:00,58.431298346513294,803,7d
2024-12-11 00:00:00+00:00,59.87055026455026,116,90d
2024-12-12 00:00:00+00:00,55.91854570566269,1145,14d
2024-12-12 00:00:00+00:00,57.415028585632605,411,30d
2024-12-12 00:00:00+00:00,58.78020174232004,241,60d
2024-12-12 00:00:00+00:00,56.50689649263109,976,7d
2024-12-12 00:00:00+00:00,59.873794749403345,60,90d
2024-12-13 00:00:00+00:00,53.2051870549674,1634,14d
2024-12-13 00:00:00+00:00,54.189246597024386,826,30d
2024-12-13 00:00:00+00:00,58.35001976284585,173,60d
2024-12-13 00:00:00+00:00,50.944575336339575,1737,7d
2024-12-13 00:00:00+00:00,59.39169626730885,121,90d
2024-12-14 00:00:00+00:00,50.891331412103746,1601,14d
2024-12-14 00:00:00+00:00,53.67576419213973,304,30d
2024-12-14 00:00:00+00:00,57.89060227272727,224,60d
2024-12-14 00:00:00+00:00,50.68313332547448,882,7d
2024-12-14 00:00:00+00:00,59.32666666666667,74,90d
2024-12-15 00:00:00+00:00,53.91926769230769,838,14d
2024-12-15 00:00:00+00:00,58.36325856320098,326,60d
2024-12-15 00:00:00+00:00,57.03997676399969,842,7d
2024-12-15 00:00:00+00:00,59.83560910307897,75,90d
2024-12-16 00:00:00+00:00,56.82701645359849,1380,14d
2024-12-16 00:00:00+00:00,59.3640561692232,936,60d
2024-12-16 00:00:00+00:00,57.20456584554153,4696,7d
2024-12-16 00:00:00+00:00,61.110359174964444,308,90d
2024-12-17 00:00:00+00:00,53.699669721075416,305,14d
2024-12-17 00:00:00+00:00,58.665965909090914,110,60d
2024-12-17 00:00:00+00:00,50.69626938893298,2053,7d
2024-12-17 00:00:00+00:00,59.795060998856265,158,90d
2024-12-18 00:00:00+00:00,53.49597352838732,484,14d
2024-12-18 00:00:00+00:00,59.46798591549295,222,60d
2024-12-18 00:00:00+00:00,50.217149473525026,2170,7d
2024-12-18 00:00:00+00:00,59.670999700089965,221,90d
2024-12-19 00:00:00+00:00,52.95413855353718,658,14d
2024-12-19 00:00:00+00:00,54.95774858757063,549,30d
2024-12-19 00:00:00+00:00,59.6947220106626,232,60d
2024-12-19 00:00:00+00:00,54.17998753843989,2826,7d
2024-12-19 00:00:00+00:00,60.05424086021506,245,90d
2024-12-20 00:00:00+00:00,56.33714536538112,2035,14d
2024-12-20 00:00:00+00:00,57.19594215155617,893,30d
2024-12-20 00:00:00+00:00,60.42214195183777,167,60d
2024-12-20 00:00:00+00:00,56.02832023936267,3845,7d
2024-12-20 00:00:00+00:00,61.31418763796909,221,90d
2024-12-21 00:00:00+00:00,53.8880366726297,1221,14d
2024-12-21 00:00:00+00:00,55.68424528301887,75,30d
2024-12-21 00:00:00+00:00,58.918789625360226,81,60d
2024-12-21 00:00:00+00:00,49.48473365093114,1055,7d
2024-12-21 00:00:00+00:00,59.812650176678446,66,90d
2024-12-22 00:00:00+00:00,55.532903424394,942,14d
2024-12-22 00:00:00+00:00,56.59532958199357,52,30d
2024-12-22 00:00:00+00:00,57.74650246305419,43,60d
2024-12-22 00:00:00+00:00,54.36144969040248,918,7d
2024-12-22 00:00:00+00:00,59.82876132930514,43,90d
2024-12-23 00:00:00+00:00,56.46749258041229,952,14d
2024-12-23 00:00:00+00:00,58.873033461899304,518,30d
2024-12-23 00:00:00+00:00,58.419140625000004,101,60d
2024-12-23 00:00:00+00:00,55.13807928531547,3151,7d
2024-12-23 00:00:00+00:00,59.96413654618474,223,90d
2024-12-24 00:00:00+00:00,55.75753337492202,393,14d
2024-12-24 00:00:00+00:00,58.70492373629145,404,30d
2024-12-24 00:00:00+00:00,59.75289883268483,138,60d
2024-12-24 00:00:00+00:00,53.945768451684685,1222,7d
2024-12-24 00:00:00+00:00,60.83157857892894,111,90d
2024-12-25 00:00:00+00:00,54.91292988640815,217,14d
2024-12-25 00:00:00+00:00,58.03535539215686,168,30d
2024-12-25 00:00:00+00:00,59.29171991480298,106,60d
2024-12-25 00:00:00+00:00,53.32359842075577,435,7d
2024-12-25 00:00:00+00:00,59.80533980582524,54,90d
2024-12-26 00:00:00+00:00,55.08960837438424,333,14d
2024-12-26 00:00:00+00:00,58.30959478757586,402,30d
2024-12-26 00:00:00+00:00,59.50631765749778,117,60d
2024-12-26 00:00:00+00:00,53.72066166390071,740,7d
2024-12-26 00:00:00+00:00,60.35628056628057,133,90d
2024-12-27 00:00:00+00:00,56.337632283991965,1436,14d
2024-12-27 00:00:00+00:00,58.14614594461336,1554,30d
2024-12-27 00:00:00+00:00,60.21354698795181,175,60d
2024-12-27 00:00:00+00:00,53.97222397476341,1494,7d
2024-12-27 00:00:00+00:00,60.65347572815534,244,90d
2024-12-28 00:00:00+00:00,54.383197915069765,1000,14d
2024-12-28 00:00:00+00:00,57.5221623419827,285,30d
2024-12-28 00:00:00+00:00,59.88514950166113,124,60d
2024-12-28 00:00:00+00:00,50.731263989466754,551,7d
2024-12-28 00:00:00+00:00,60.70801261829652,62,90d
2024-12-29 00:00:00+00:00,55.25574093868429,674,14d
2024-12-29 00:00:00+00:00,57.6855039193729,239,30d
2024-12-29 00:00:00+00:00,59.360786163522015,79,60d
2024-12-29 00:00:00+00:00,51.77178843626807,599,7d
2024-12-29 00:00:00+00:00,60.22792452830189,98,90d
2024-12-30 00:00:00+00:00,54.55587132867132,704,14d
2024-12-30 00:00:00+00:00,57.93404239326518,611,30d
2024-12-30 00:00:00+00:00,59.17326153846154,196,60d
2024-12-30 00:00:00+00:00,54.461131411330875,3182,7d
2024-12-30 00:00:00+00:00,60.05277207392198,108,90d
2024-12-31 00:00:00+00:00,55.84767275097783,250,14d
2024-12-31 00:00:00+00:00,58.01892392589673,250,30d
2024-12-31 00:00:00+00:00,59.79550251256281,87,60d
2024-12-31 00:00:00+00:00,54.63389423076923,928,7d
2024-12-31 00:00:00+00:00,60.85014933946008,145,90d
2025-01-01 00:00:00+00:00,55.59924418604651,301,14d
2025-01-01 00:00:00+00:00,57.86469794050343,190,30d
2025-01-01 00:00:00+00:00,59.2272,89,60d
2025-01-01 00:00:00+00:00,54.16753368823823,490,7d
2025-01-01 00:00:00+00:00,60.58884088964927,136,90d
2025-01-02 00:00:00+00:00,56.96527680991096,391,14d
2025-01-02 00:00:00+00:00,58.63307521201168,557,30d
2025-01-02 00:00:00+00:00,60.3118783655369,201,60d
2025-01-02 00:00:00+00:00,54.68550539744848,946,7d
2025-01-02 00:00:00+00:00,60.98515764705882,265,90d
2025-01-03 00:00:00+00:00,52.65098964522152,988,14d
2025-01-03 00:00:00+00:00,56.017734972268016,760,30d
2025-01-03 00:00:00+00:00,58.93420121212121,234,60d
2025-01-03 00:00:00+00:00,46.52013213160659,2152,7d
2025-01-03 00:00:00+00:00,60.94273221460647,286,90d
2025-01-04 00:00:00+00:00,53.86138485316847,508,14d
2025-01-04 00:00:00+00:00,56.012148876404495,287,30d
2025-01-04 00:00:00+00:00,59.889267241379315,128,60d
2025-01-04 00:00:00+00:00,45.67139458907606,835,7d
2025-01-04 00:00:00+00:00,62.14913525498891,21,90d
2025-01-05 00:00:00+00:00,52.94026347068146,424,14d
2025-01-05 00:00:00+00:00,56.83771505376343,144,30d
2025-01-05 00:00:00+00:00,59.967568270481145,91,60d
2025-01-05 00:00:00+00:00,49.2270765503876,703,7d
2025-01-05 00:00:00+00:00,62.33354838709677,27,90d
2025-01-06 00:00:00+00:00,53.546120724643025,791,14d
2025-01-06 00:00:00+00:00,55.99527525221074,818,30d
2025-01-06 00:00:00+00:00,59.28616048755713,322,60d
2025-01-06 00:00:00+00:00,51.405748135606125,3830,7d
2025-01-06 00:00:00+00:00,61.90547058823529,302,90d
2025-01-07 00:00:00+00:00,52.88008918406072,432,14d
2025-01-07 00:00:00+00:00,55.63674728774758,745,30d
2025-01-07 00:00:00+00:00,58.54270557629227,327,60d
2025-01-07 00:00:00+00:00,49.09744709794438,1429,7d
2025-01-07 00:00:00+00:00,61.20183661756265,364,90d
2025-01-08 00:00:00+00:00,54.05752136752137,676,14d
2025-01-08 00:00:00+00:00,56.508621402214025,796,30d
2025-01-08 00:00:00+00:00,58.66087356753711,348,60d
2025-01-08 00:00:00+00:00,52.660505764698385,1156,7d
2025-01-08 00:00:00+00:00,59.956259154087576,296,90d
2025-01-09 00:00:00+00:00,54.73267249917465,650,14d
2025-01-09 00:00:00+00:00,56.44931941409727,676,30d
2025-01-09 00:00:00+00:00,58.36193887297039,373,60d
2025-01-09 00:00:00+00:00,54.699106751715014,1604,7d
2025-01-09 00:00:00+00:00,59.48189209809264,345,90d
2025-01-10 00:00:00+00:00,54.78613552384742,1159,14d
2025-01-10 00:00:00+00:00,55.85792334978408,674,30d
2025-01-10 00:00:00+00:00,57.75431592039801,173,60d
2025-01-10 00:00:00+00:00,53.94770157458067,1633,7d
2025-01-10 00:00:00+00:00,58.96642998809996,216,90d
2025-01-11 00:00:00+00:00,54.075605314960626,640,14d
2025-01-11 00:00:00+00:00,53.943963414634155,69,30d
2025-01-11 00:00:00+00:00,56.96823943661972,113,60d
2025-01-11 00:00:00+00:00,50.40919762641899,442,7d
2025-01-11 00:00:00+00:00,58.517136659436005,73,90d
2025-01-12 00:00:00+00:00,57.211481997677126,420,14d
2025-01-12 00:00:00+00:00,57.4860794044665,94,60d
2025-01-12 00:00:00+00:00,53.922009456264774,511,7d
2025-01-12 00:00:00+00:00,58.99363636363636,8,90d
2025-01-13 00:00:00+00:00,57.643159604519774,1198,14d
2025-01-13 00:00:00+00:00,58.90384355111577,844,60d
2025-01-13 00:00:00+00:00,60.32707977044476,2847,7d
2025-01-14 00:00:00+00:00,59.62648054981583,875,14d
2025-01-14 00:00:00+00:00,60.126690179055885,460,60d
2025-01-14 00:00:00+00:00,59.053105061821164,1236,7d
2025-01-15 00:00:00+00:00,58.10950698707065,858,14d
2025-01-15 00:00:00+00:00,60.451853181076665,237,60d
2025-01-15 00:00:00+00:00,58.22354465015459,1235,7d
2025-01-16 00:00:00+00:00,60.48828260400284,1827,14d
2025-01-16 00:00:00+00:00,59.119094381664816,282,30d
2025-01-16 00:00:00+00:00,59.78462606625669,246,60d
2025-01-16 00:00:00+00:00,59.38967491702987,1078,7d
2025-01-17 00:00:00+00:00,60.86474295923079,2392,14d
2025-01-17 00:00:00+00:00,60.337835933568186,401,30d
2025-01-17 00:00:00+00:00,60.784999296468264,433,60d
2025-01-17 00:00:00+00:00,60.75547245800106,2682,7d
2025-01-18 00:00:00+00:00,64.04809728622631,1479,14d
2025-01-18 00:00:00+00:00,61.46368794326242,118,30d
2025-01-18 00:00:00+00:00,61.4650081300813,124,60d
2025-01-18 00:00:00+00:00,66.477004306907,893,7d
2025-01-19 00:00:00+00:00,66.80084257803728,1794,14d
2025-01-19 00:00:00+00:00,64.3882889817462,281,30d
2025-01-19 00:00:00+00:00,63.25722375690608,111,60d
2025-01-19 00:00:00+00:00,76.30509886932727,1385,7d
2025-01-20 00:00:00+00:00,69.2683151691982,2193,14d
2025-01-20 00:00:00+00:00,62.83466134707213,1056,30d
2025-01-20 00:00:00+00:00,62.92507614781635,685,60d
2025-01-20 00:00:00+00:00,78.42341859578254,6458,7d
2025-01-21 00:00:00+00:00,61.61582047381003,235,14d
2025-01-21 00:00:00+00:00,59.937405082514935,496,30d
2025-01-21 00:00:00+00:00,59.53452411819929,624,60d
2025-01-21 00:00:00+00:00,64.41194046350826,2057,7d
2025-01-22 00:00:00+00:00,59.43400798403194,220,14d
2025-01-22 00:00:00+00:00,58.81853874538746,313,30d
2025-01-22 00:00:00+00:00,59.13000249500998,221,60d
2025-01-22 00:00:00+00:00,59.641263320588955,1038,7d
2025-01-23 00:00:00+00:00,59.926734999999994,630,14d
2025-01-23 00:00:00+00:00,58.78387280461032,689,30d
2025-01-23 00:00:00+00:00,59.07492965717983,406,60d
2025-01-23 00:00:00+00:00,61.42387235590036,2783,7d
2025-01-24 00:00:00+00:00,56.20650885973218,1112,14d
2025-01-24 00:00:00+00:00,56.75782255907267,1184,30d
2025-01-24 00:00:00+00:00,58.36169754253308,412,60d
2025-01-24 00:00:00+00:00,55.5696055929297,2439,7d
2025-01-25 00:00:00+00:00,53.81683852987284,608,14d
2025-01-25 00:00:00+00:00,54.89936398467433,228,30d
2025-01-25 00:00:00+00:00,56.98515325670498,165,60d
2025-01-25 00:00:00+00:00,52.98224045185584,771,7d
2025-01-26 00:00:00+00:00,54.26518292682927,288,14d
2025-01-26 00:00:00+00:00,54.863896484375,108,30d
2025-01-26 00:00:00+00:00,57.22271364317841,194,60d
2025-01-26 00:00:00+00:00,56.96136904761905,834,7d
2025-01-27 00:00:00+00:00,56.21139154747822,1218,14d
2025-01-27 00:00:00+00:00,57.205322914579575,658,30d
2025-01-27 00:00:00+00:00,57.67384016834687,978,60d
2025-01-27 00:00:00+00:00,61.268233778348694,4624,7d
2025-01-28 00:00:00+00:00,53.81480843736547,225,14d
2025-01-28 00:00:00+00:00,56.285002426791785,268,30d
2025-01-28 00:00:00+00:00,57.61520993624973,307,60d
2025-01-28 00:00:00+00:00,56.707726798204405,887,7d
2025-01-29 00:00:00+00:00,52.77707232011748,393,14d
2025-01-29 00:00:00+00:00,54.15416241496598,237,30d
2025-01-29 00:00:00+00:00,56.54418370658877,521,60d
2025-01-29 00:00:00+00:00,52.09146874146874,641,7d
2025-01-30 00:00:00+00:00,51.06725151515151,406,14d
2025-01-30 00:00:00+00:00,53.239854002713706,560,30d
2025-01-30 00:00:00+00:00,56.05267543859649,317,60d
2025-01-30 00:00:00+00:00,50.21375688418717,1062,7d
2025-01-30 00:00:00+00:00,56.76281540504649,42,90d
2025-01-31 00:00:00+00:00,48.73431600315777,1068,14d
2025-01-31 00:00:00+00:00,51.4381768805083,1059,30d
2025-01-31 00:00:00+00:00,55.110113736554396,451,60d
2025-01-31 00:00:00+00:00,45.78324252384039,2092,7d
2025-01-31 00:00:00+00:00,56.100525657071344,192,90d
2025-02-01 00:00:00+00:00,47.56937512437811,1057,14d
2025-02-01 00:00:00+00:00,50.39269248343614,491,30d
2025-02-01 00:00:00+00:00,53.45169683751363,223,60d
2025-02-01 00:00:00+00:00,45.32707514831905,1051,7d
2025-02-01 00:00:00+00:00,54.573265306122444,17,90d
2025-02-02 00:00:00+00:00,55.37891469638579,1289,14d
2025-02-02 00:00:00+00:00,53.9333009487666,737,30d
2025-02-02 00:00:00+00:00,55.08486520804845,469,60d
2025-02-02 00:00:00+00:00,57.956178546960174,2381,7d
2025-02-02 00:00:00+00:00,56.004713541666675,90,90d
2025-02-03 00:00:00+00:00,59.084474662947464,1739,14d
2025-02-03 00:00:00+00:00,56.12482799440399,1527,30d
2025-02-03 00:00:00+00:00,56.28441624077229,1138,60d
2025-02-03 00:00:00+00:00,61.76776835432193,5066,7d
2025-02-03 00:00:00+00:00,57.37243891194099,182,90d
2025-02-04 00:00:00+00:00,54.32745722005404,258,14d
2025-02-04 00:00:00+00:00,53.74221602598809,538,30d
2025-02-04 00:00:00+00:00,55.402632640586795,602,60d
2025-02-04 00:00:00+00:00,55.28220581477283,1459,7d
2025-02-04 00:00:00+00:00,56.49234659635667,80,90d
2025-02-05 00:00:00+00:00,51.2465991902834,254,14d
2025-02-05 00:00:00+00:00,51.86290579949378,329,30d
2025-02-05 00:00:00+00:00,53.35464752252253,437,60d
2025-02-05 00:00:00+00:00,51.72323788546255,649,7d
2025-02-05 00:00:00+00:00,54.162414163090126,87,90d
2025-02-06 00:00:00+00:00,51.688576649004204,215,14d
2025-02-06 00:00:00+00:00,51.440325334563916,230,30d
2025-02-06 00:00:00+00:00,54.12513715710723,256,60d
2025-02-06 00:00:00+00:00,49.29036097010716,701,7d
2025-02-06 00:00:00+00:00,55.34205422314911,48,90d
2025-02-07 00:00:00+00:00,49.03089532223712,1133,14d
2025-02-07 00:00:00+00:00,49.75593956798602,612,30d
2025-02-07 00:00:00+00:00,53.21190656020717,451,60d
2025-02-07 00:00:00+00:00,48.04563984008343,1768,7d
2025-02-07 00:00:00+00:00,54.971059567738536,132,90d
2025-02-08 00:00:00+00:00,48.44504911069817,743,14d
2025-02-08 00:00:00+00:00,49.165390995260665,106,30d
2025-02-08 00:00:00+00:00,53.39582438408085,209,60d
2025-02-08 00:00:00+00:00,45.27431706036745,476,7d
2025-02-08 00:00:00+00:00,54.444625,41,90d
2025-02-09 00:00:00+00:00,49.20131945889698,586,14d
2025-02-09 00:00:00+00:00,52.9583495145631,199,60d
2025-02-09 00:00:00+00:00,51.10923117264527,850,7d
2025-02-09 00:00:00+00:00,54.1855,7,90d
2025-02-10 00:00:00+00:00,48.54905375874125,545,14d
2025-02-10 00:00:00+00:00,52.91570099524016,336,60d
2025-02-10 00:00:00+00:00,49.817057484348325,1445,7d
2025-02-11 00:00:00+00:00,48.50616135760334,511,14d
2025-02-11 00:00:00+00:00,53.379484922270095,215,60d
2025-02-11 00:00:00+00:00,47.656991195891415,1247,7d
2025-02-12 00:00:00+00:00,47.85626082393073,1425,14d
2025-02-12 00:00:00+00:00,53.59457641921397,124,60d
2025-02-12 00:00:00+00:00,46.900820154939495,979,7d
2025-02-13 00:00:00+00:00,46.78591543832428,1356,14d
2025-02-13 00:00:00+00:00,48.62019713261648,124,30d
2025-02-13 00:00:00+00:00,53.691494949494945,61,60d
2025-02-13 00:00:00+00:00,45.15084403007124,728,7d
2025-02-14 00:00:00+00:00,45.81748995695839,1793,14d
2025-02-14 00:00:00+00:00,47.246703314735804,589,30d
2025-02-14 00:00:00+00:00,53.29278178963893,63,60d
2025-02-14 00:00:00+00:00,42.12329917702113,1717,7d
2025-02-15 00:00:00+00:00,45.469275314361354,590,14d
2025-02-15 00:00:00+00:00,46.015886524822704,72,30d
2025-02-15 00:00:00+00:00,53.485665399239544,67,60d
2025-02-15 00:00:00+00:00,39.98292475728155,602,7d
2025-02-16 00:00:00+00:00,44.97399958915366,484,14d
2025-02-16 00:00:00+00:00,51.166049004594186,48,30d
2025-02-16 00:00:00+00:00,53.698439306358374,30,60d
2025-02-16 00:00:00+00:00,42.9500225281602,545,7d
2025-02-17 00:00:00+00:00,45.831576504195674,514,14d
2025-02-17 00:00:00+00:00,51.19033055475711,317,30d
2025-02-17 00:00:00+00:00,53.5220908004779,110,60d
2025-02-17 00:00:00+00:00,45.22853976296028,1936,7d
2025-02-18 00:00:00+00:00,46.75203976435935,460,14d
2025-02-18 00:00:00+00:00,51.413273536364905,320,30d
2025-02-18 00:00:00+00:00,53.647429009976975,196,60d
2025-02-18 00:00:00+00:00,45.65962966240432,1202,7d
2025-02-19 00:00:00+00:00,44.79130709876543,272,14d
2025-02-19 00:00:00+00:00,49.06683535940803,346,30d
2025-02-19 00:00:00+00:00,52.01803996407723,132,60d
2025-02-19 00:00:00+00:00,42.93378260869565,870,7d
2025-02-20 00:00:00+00:00,44.146756300494395,410,14d
2025-02-20 00:00:00+00:00,48.61412740267851,801,30d
2025-02-20 00:00:00+00:00,51.87379903277808,197,60d
2025-02-20 00:00:00+00:00,42.083301421934394,1286,7d
2025-02-21 00:00:00+00:00,42.4688199439899,2397,14d
2025-02-21 00:00:00+00:00,46.17760578058779,1937,30d
2025-02-21 00:00:00+00:00,51.11517139614075,307,60d
2025-02-21 00:00:00+00:00,41.06957256551473,3468,7d
2025-02-22 00:00:00+00:00,42.88021601861084,796,14d
2025-02-22 00:00:00+00:00,46.64494152046783,502,30d
2025-02-22 00:00:00+00:00,51.0426368159204,103,60d
2025-02-22 00:00:00+00:00,41.57416948549047,788,7d
2025-02-23 00:00:00+00:00,43.867608411892675,407,14d
2025-02-23 00:00:00+00:00,46.78795790671218,171,30d
2025-02-23 00:00:00+00:00,50.46517726505346,61,60d
2025-02-23 00:00:00+00:00,43.701591362126244,773,7d
2025-02-24 00:00:00+00:00,43.00554495786647,639,14d
2025-02-24 00:00:00+00:00,45.167049791125656,795,30d
2025-02-24 00:00:00+00:00,47.9703090272492,373,60d
2025-02-24 00:00:00+00:00,43.689034003418705,3166,7d
2025-02-25 00:00:00+00:00,46.704929858469974,1306,14d
2025-02-25 00:00:00+00:00,47.84250197463179,2378,30d
2025-02-25 00:00:00+00:00,49.162848617465684,1146,60d
2025-02-25 00:00:00+00:00,51.73833011697643,4811,7d
2025-02-26 00:00:00+00:00,49.272405468794695,987,14d
2025-02-26 00:00:00+00:00,47.10632032569622,1568,30d
2025-02-26 00:00:00+00:00,47.835962276214836,767,60d
2025-02-26 00:00:00+00:00,51.16447043109319,1847,7d
2025-02-27 00:00:00+00:00,50.38065531284709,516,14d
2025-02-27 00:00:00+00:00,48.73527165255303,1435,30d
2025-02-27 00:00:00+00:00,48.39523310944291,460,60d
2025-02-27 00:00:00+00:00,53.575016029310746,1281,7d
2025-02-27 00:00:00+00:00,50.7614,65,90d
2025-02-28 00:00:00+00:00,55.6567902733018,1529,14d
2025-02-28 00:00:00+00:00,53.12407756893184,3508,30d
2025-02-28 00:00:00+00:00,51.31519905049206,1184,60d
2025-02-28 00:00:00+00:00,62.49776892190323,2636,7d
2025-02-28 00:00:00+00:00,51.880238663484484,387,90d
2025-03-01 00:00:00+00:00,48.90751901484969,823,14d
2025-03-01 00:00:00+00:00,49.60085708707536,599,30d
2025-03-01 00:00:00+00:00,49.530522848909015,247,60d
2025-03-01 00:00:00+00:00,49.401352602846565,949,7d
2025-03-01 00:00:00+00:00,51.29244394618834,32,90d
2025-03-02 00:00:00+00:00,57.70795960620273,1964,14d
2025-03-02 00:00:00+00:00,54.319727138884346,2010,30d
2025-03-02 00:00:00+00:00,52.38051562942676,638,60d
2025-03-02 00:00:00+00:00,65.49926433502306,2253,7d
2025-03-02 00:00:00+00:00,53.773754224270355,220,90d
2025-03-03 00:00:00+00:00,56.06324157350593,1273,14d
2025-03-03 00:00:00+00:00,55.6045268934013,1733,30d
2025-03-03 00:00:00+00:00,53.024619039816486,663,60d
2025-03-03 00:00:00+00:00,60.76077876439397,3700,7d
2025-03-03 00:00:00+00:00,53.393032375740994,234,90d
2025-03-04 00:00:00+00:00,62.4949477897668,544,14d
2025-03-04 00:00:00+00:00,60.04543108050395,1659,30d
2025-03-04 00:00:00+00:00,55.845027944524944,743,60d
2025-03-04 00:00:00+00:00,68.31080111208361,2426,7d
2025-03-04 00:00:00+00:00,56.10304910366329,346,90d
2025-03-05 00:00:00+00:00,60.020694160085796,525,14d
2025-03-05 00:00:00+00:00,58.1419637098715,853,30d
2025-03-05 00:00:00+00:00,54.18966721785862,358,60d
2025-03-05 00:00:00+00:00,66.72601444751628,1267,7d
2025-03-05 00:00:00+00:00,54.180439024390246,85,90d
2025-03-06 00:00:00+00:00,60.40642774298306,471,14d
2025-03-06 00:00:00+00:00,57.43588322796578,933,30d
2025-03-06 00:00:00+00:00,55.13675761589404,332,60d
2025-03-06 00:00:00+00:00,67.58646104294479,1750,7d
2025-03-06 00:00:00+00:00,54.596809523809526,76,90d
2025-03-07 00:00:00+00:00,55.73270664176682,1820,14d
2025-03-07 00:00:00+00:00,54.05929448012951,1301,30d
2025-03-07 00:00:00+00:00,53.23674664346097,472,60d
2025-03-07 00:00:00+00:00,60.247942637275045,2913,7d
2025-03-07 00:00:00+00:00,53.97411302982731,171,90d
2025-03-08 00:00:00+00:00,50.09177696359056,1322,14d
2025-03-08 00:00:00+00:00,51.19365331870543,273,30d
2025-03-08 00:00:00+00:00,51.47382581648523,215,60d
2025-03-08 00:00:00+00:00,50.199355069114745,1052,7d
2025-03-08 00:00:00+00:00,52.658009708737865,98,90d
2025-03-09 00:00:00+00:00,56.151029927760575,1026,14d
2025-03-09 00:00:00+00:00,54.58505758894293,401,60d
2025-03-09 00:00:00+00:00,64.72726014376522,1751,7d
2025-03-09 00:00:00+00:00,54.26890275611024,201,90d
2025-03-10 00:00:00+00:00,59.069567454355045,1721,14d
2025-03-10 00:00:00+00:00,56.574743724241294,892,60d
2025-03-10 00:00:00+00:00,69.52440242578777,3616,7d
2025-03-10 00:00:00+00:00,56.569038934426224,534,90d
2025-03-11 00:00:00+00:00,60.849550265221694,1511,14d
2025-03-11 00:00:00+00:00,57.73589186046512,334,60d
2025-03-11 00:00:00+00:00,70.01277881715093,1880,7d
2025-03-11 00:00:00+00:00,57.3218933090163,557,90d
2025-03-12 00:00:00+00:00,57.71060495043409,1014,14d
2025-03-12 00:00:00+00:00,58.727119535887745,941,7d
2025-03-12 00:00:00+00:00,56.31702306079665,155,90d
2025-03-13 00:00:00+00:00,55.029730271110346,837,14d
2025-03-13 00:00:00+00:00,55.329992745738124,194,30d
2025-03-13 00:00:00+00:00,55.977547838997026,780,7d
2025-03-13 00:00:00+00:00,55.275332551516165,233,90d
2025-03-14 00:00:00+00:00,52.281074374859564,1251,14d
2025-03-14 00:00:00+00:00,53.08480049875311,460,30d
2025-03-14 00:00:00+00:00,52.04018975052954,1846,7d
2025-03-14 00:00:00+00:00,54.50608807240308,249,90d
2025-03-15 00:00:00+00:00,51.03192923898531,829,14d
2025-03-15 00:00:00+00:00,50.84928095872171,104,30d
2025-03-15 00:00:00+00:00,48.38535684716013,420,7d
2025-03-15 00:00:00+00:00,53.57534426229508,95,90d
2025-03-16 00:00:00+00:00,54.10161373190098,608,14d
2025-03-16 00:00:00+00:00,53.15791493775933,85,30d
2025-03-16 00:00:00+00:00,53.5462831858407,33,60d
2025-03-16 00:00:00+00:00,58.51619483424853,605,7d
2025-03-16 00:00:00+00:00,54.069766081871336,38,90d
2025-03-17 00:00:00+00:00,55.432299930790805,593,14d
2025-03-17 00:00:00+00:00,53.42652686084142,350,30d
2025-03-17 00:00:00+00:00,53.457554945054945,74,60d
2025-03-17 00:00:00+00:00,55.77102760013464,1537,7d
2025-03-17 00:00:00+00:00,55.39858843959315,38,90d
2025-03-18 00:00:00+00:00,51.472524971344356,295,14d
2025-03-18 00:00:00+00:00,51.66217091516924,357,30d
2025-03-18 00:00:00+00:00,53.0070401854714,126,60d
2025-03-18 00:00:00+00:00,51.54354164904862,1184,7d
2025-03-18 00:00:00+00:00,53.90304713299309,150,90d
2025-03-19 00:00:00+00:00,50.712471234580704,759,14d
2025-03-19 00:00:00+00:00,50.92716838995569,526,30d
2025-03-19 00:00:00+00:00,52.06237569060774,239,60d
2025-03-19 00:00:00+00:00,50.770695806786186,1787,7d
2025-03-19 00:00:00+00:00,52.59310128983307,193,90d
2025-03-20 00:00:00+00:00,49.45591289269686,480,14d
2025-03-20 00:00:00+00:00,49.3579388259227,581,30d
2025-03-20 00:00:00+00:00,51.27703162370449,173,60d
2025-03-20 00:00:00+00:00,49.42509804885241,1489,7d
2025-03-20 00:00:00+00:00,52.694100978876875,229,90d
2025-03-21 00:00:00+00:00,46.25628188185542,745,14d
2025-03-21 00:00:00+00:00,47.594714049120824,719,30d
2025-03-21 00:00:00+00:00,49.47952319587628,105,60d
2025-03-21 00:00:00+00:00,44.011212530635326,1429,7d
2025-03-21 00:00:00+00:00,50.9794801473598,90,90d
2025-03-22 00:00:00+00:00,45.498078541374475,801,14d
2025-03-22 00:00:00+00:00,46.33037621359223,279,30d
2025-03-22 00:00:00+00:00,49.23184782608695,125,60d
2025-03-22 00:00:00+00:00,42.63912989279481,444,7d
2025-03-22 00:00:00+00:00,50.8817610062893,62,90d
2025-03-23 00:00:00+00:00,46.23021857923497,297,14d
2025-03-23 00:00:00+00:00,46.91328125,88,30d
2025-03-23 00:00:00+00:00,48.71804347826087,37,60d
2025-03-23 00:00:00+00:00,44.714492604059174,761,7d
2025-03-23 00:00:00+00:00,50.61203883495145,61,90d
2025-03-24 00:00:00+00:00,46.257613361303854,834,14d
2025-03-24 00:00:00+00:00,46.49088992537314,576,30d
2025-03-24 00:00:00+00:00,48.92657706845863,344,60d
2025-03-24 00:00:00+00:00,46.48284862288385,2955,7d
2025-03-24 00:00:00+00:00,50.338602461984074,134,90d
2025-03-25 00:00:00+00:00,44.959086144775625,281,14d
2025-03-25 00:00:00+00:00,45.909291914428266,343,30d
2025-03-25 00:00:00+00:00,48.11952951620062,187,60d
2025-03-25 00:00:00+00:00,45.007431993611924,954,7d
2025-03-25 00:00:00+00:00,49.47637973002876,71,90d
2025-03-26 00:00:00+00:00,44.9106141895391,570,14d
2025-03-26 00:00:00+00:00,45.40157546378298,387,30d
2025-03-26 00:00:00+00:00,47.31647121535182,298,60d
2025-03-26 00:00:00+00:00,44.74543277110982,742,7d
2025-03-26 00:00:00+00:00,48.8079016323024,136,90d
2025-03-27 00:00:00+00:00,44.497788680567716,300,14d
2025-03-27 00:00:00+00:00,44.23709975485575,444,30d
2025-03-27 00:00:00+00:00,47.17006437077567,236,60d
2025-03-27 00:00:00+00:00,46.92857189329864,870,7d
2025-03-27 00:00:00+00:00,48.71749038050449,56,90d
2025-03-28 00:00:00+00:00,48.33390800258844,1048,14d
2025-03-28 00:00:00+00:00,47.21999909559555,1118,30d
2025-03-28 00:00:00+00:00,48.46431339862472,457,60d
2025-03-28 00:00:00+00:00,51.391657344357974,2391,7d
2025-03-28 00:00:00+00:00,49.78771556166265,374,90d
2025-03-29 00:00:00+00:00,47.88324793221707,1090,14d
2025-03-29 00:00:00+00:00,48.85057224606581,470,30d
2025-03-29 00:00:00+00:00,49.36496230103323,291,60d
2025-03-29 00:00:00+00:00,53.91491268382353,1214,7d
2025-03-29 00:00:00+00:00,49.97741347905283,350,90d
2025-03-30 00:00:00+00:00,55.114793782383416,417,14d
2025-03-30 00:00:00+00:00,51.48163531114327,161,30d
2025-03-30 00:00:00+00:00,50.24006734006735,61,60d
2025-03-30 00:00:00+00:00,60.488986309350416,784,7d
2025-03-30 00:00:00+00:00,50.72622291021671,201,90d
2025-03-31 00:00:00+00:00,54.54839509862522,621,14d
2025-03-31 00:00:00+00:00,51.65285484159656,559,30d
2025-03-31 00:00:00+00:00,50.083629528366366,445,60d
2025-03-31 00:00:00+00:00,62.32191050893772,2752,7d
2025-03-31 00:00:00+00:00,50.973814472671286,165,90d
2025-04-01 00:00:00+00:00,47.64739064856712,255,14d
2025-04-01 00:00:00+00:00,47.6341312044429,650,30d
2025-04-01 00:00:00+00:00,48.65090971507037,321,60d
2025-04-01 00:00:00+00:00,53.547629037365425,1057,7d
2025-04-01 00:00:00+00:00,49.363929052537046,116,90d
2025-04-02 00:00:00+00:00,48.478200597470284,754,14d
2025-04-02 00:00:00+00:00,47.185209882613236,1222,30d
2025-04-02 00:00:00+00:00,49.06370960746042,431,60d
2025-04-02 00:00:00+00:00,51.12164673275238,2739,7d
2025-04-02 00:00:00+00:00,49.70631777108433,155,90d
2025-04-03 00:00:00+00:00,51.52946027241771,651,14d
2025-04-03 00:00:00+00:00,50.221467609932034,965,30d
2025-04-03 00:00:00+00:00,49.811042105263155,662,60d
2025-04-03 00:00:00+00:00,55.42204802083519,1326,7d
2025-04-03 00:00:00+00:00,50.13145811789038,181,90d
2025-04-04 00:00:00+00:00,53.340222635523226,1889,14d
2025-04-04 00:00:00+00:00,52.18641387226367,1117,30d
2025-04-04 00:00:00+00:00,51.62538372285762,389,60d
2025-04-04 00:00:00+00:00,56.84225312584678,2337,7d
2025-04-04 00:00:00+00:00,51.27976075398743,185,90d
2025-04-05 00:00:00+00:00,54.03060908535343,1062,14d
2025-04-05 00:00:00+00:00,52.1970895522388,135,30d
2025-04-05 00:00:00+00:00,53.44822580645161,351,60d
2025-04-05 00:00:00+00:00,55.54128446628446,592,7d
2025-04-05 00:00:00+00:00,53.5879295154185,47,90d
2025-04-06 00:00:00+00:00,63.44130534042307,1981,14d
2025-04-06 00:00:00+00:00,56.73656651224355,638,60d
2025-04-06 00:00:00+00:00,72.12986146693234,1665,7d
2025-04-06 00:00:00+00:00,56.81147501982554,163,90d
2025-04-07 00:00:00+00:00,61.39571185089817,3122,14d
2025-04-07 00:00:00+00:00,54.77410271799709,1155,60d
2025-04-07 00:00:00+00:00,73.60700363356672,3955,7d
2025-04-07 00:00:00+00:00,54.49413368242723,420,90d
2025-04-08 00:00:00+00:00,53.13679647785039,1546,14d
2025-04-08 00:00:00+00:00,52.32851493032515,389,60d
2025-04-08 00:00:00+00:00,61.417722042430775,1719,7d
2025-04-08 00:00:00+00:00,52.603752015478875,222,90d
2025-04-09 00:00:00+00:00,55.38363957380797,2453,14d
2025-04-09 00:00:00+00:00,53.32095927925068,1022,60d
2025-04-09 00:00:00+00:00,60.09144320034786,2746,7d
2025-04-09 00:00:00+00:00,54.786663090128755,471,90d
2025-04-10 00:00:00+00:00,51.84588503968452,1504,14d
2025-04-10 00:00:00+00:00,52.03826086956522,294,30d
2025-04-10 00:00:00+00:00,50.27367988493939,346,60d
2025-04-10 00:00:00+00:00,53.85450253023415,1283,7d
2025-04-10 00:00:00+00:00,50.57203149360774,257,90d
2025-04-11 00:00:00+00:00,53.381579534364974,2505,14d
2025-04-11 00:00:00+00:00,52.02838621068535,799,30d
2025-04-11 00:00:00+00:00,52.23357816883448,307,60d
2025-04-11 00:00:00+00:00,54.55102775469503,2252,7d
2025-04-11 00:00:00+00:00,52.12802125999609,409,90d
2025-04-12 00:00:00+00:00,55.98196368780948,1530,14d
2025-04-12 00:00:00+00:00,53.679607072691546,103,30d
2025-04-12 00:00:00+00:00,54.95519467213115,263,60d
2025-04-12 00:00:00+00:00,56.23985967951494,1466,7d
2025-04-12 00:00:00+00:00,54.602320143884896,79,90d
2025-04-13 00:00:00+00:00,56.486690192008304,592,14d
2025-04-13 00:00:00+00:00,54.794527078565984,312,60d
2025-04-13 00:00:00+00:00,59.75671505739365,895,7d
2025-04-13 00:00:00+00:00,55.45490332559938,43,90d
2025-04-14 00:00:00+00:00,54.159520935730725,691,14d
2025-04-14 00:00:00+00:00,52.914587259054365,698,60d
2025-04-14 00:00:00+00:00,55.21160922509225,2140,7d
2025-04-15 00:00:00+00:00,48.988714502492954,366,14d
2025-04-15 00:00:00+00:00,50.92655347187025,278,60d
2025-04-15 00:00:00+00:00,48.7660406920293,1623,7d
2025-04-16 00:00:00+00:00,47.06523622339242,466,14d
2025-04-16 00:00:00+00:00,50.44712206047033,111,60d
2025-04-16 00:00:00+00:00,46.03815151441312,1377,7d
2025-04-17 00:00:00+00:00,45.21195255601027,487,14d
2025-04-17 00:00:00+00:00,45.617505622020325,280,30d
2025-04-17 00:00:00+00:00,49.6791589451176,173,60d
2025-04-17 00:00:00+00:00,44.14492565102529,1395,7d
2025-04-18 00:00:00+00:00,42.16322212241756,881,14d
2025-04-18 00:00:00+00:00,44.076614824619455,612,30d
2025-04-18 00:00:00+00:00,49.51432062845505,155,60d
2025-04-18 00:00:00+00:00,40.01819626570635,1336,7d
2025-04-19 00:00:00+00:00,42.24419707645389,938,14d
2025-04-19 00:00:00+00:00,43.18190165715838,113,30d
2025-04-19 00:00:00+00:00,49.413467741935484,223,60d
2025-04-19 00:00:00+00:00,39.653475346616474,870,7d
2025-04-20 00:00:00+00:00,44.34468821292776,339,14d
2025-04-20 00:00:00+00:00,48.01863636363637,111,30d
2025-04-20 00:00:00+00:00,49.640814371257484,69,60d
2025-04-20 00:00:00+00:00,43.12489827289989,942,7d
2025-04-21 00:00:00+00:00,46.46836774747516,1366,14d
2025-04-21 00:00:00+00:00,49.37841654439466,764,30d
2025-04-21 00:00:00+00:00,51.043535007610345,355,60d
2025-04-21 00:00:00+00:00,46.65059078294509,3750,7d
2025-04-22 00:00:00+00:00,47.78005161952486,1426,14d
2025-04-22 00:00:00+00:00,49.261264827230534,1254,30d
2025-04-22 00:00:00+00:00,50.765762671719564,646,60d
2025-04-22 00:00:00+00:00,48.279330641435145,3425,7d
2025-04-23 00:00:00+00:00,50.32958336917562,933,14d
2025-04-23 00:00:00+00:00,50.182979270173036,1607,30d
2025-04-23 00:00:00+00:00,51.53251824010612,476,60d
2025-04-23 00:00:00+00:00,50.87093324791018,1847,7d
2025-04-24 00:00:00+00:00,45.22842525046202,517,14d
2025-04-24 00:00:00+00:00,46.26219704010867,2081,30d
2025-04-24 00:00:00+00:00,48.88719734135148,243,60d
2025-04-24 00:00:00+00:00,44.03483117715385,1371,7d
2025-04-24 00:00:00+00:00,49.4204498714653,73,90d
2025-04-25 00:00:00+00:00,44.61503915734756,2045,14d
2025-04-25 00:00:00+00:00,45.99895836155284,2740,30d
2025-04-25 00:00:00+00:00,48.462902024090404,431,60d
2025-04-25 00:00:00+00:00,43.337746888609644,2527,7d
2025-04-25 00:00:00+00:00,49.50711435149654,137,90d
2025-04-26 00:00:00+00:00,43.285025333947495,713,14d
2025-04-26 00:00:00+00:00,45.38361818614615,609,30d
2025-04-26 00:00:00+00:00,47.77072699149265,214,60d
2025-04-26 00:00:00+00:00,41.146691839220466,584,7d
2025-04-26 00:00:00+00:00,48.95948604992658,78,90d
2025-04-27 00:00:00+00:00,44.486719148936174,367,14d
2025-04-27 00:00:00+00:00,46.743028309644075,862,30d
2025-04-27 00:00:00+00:00,48.048047028086216,53,60d
2025-04-27 00:00:00+00:00,42.34036641798092,837,7d
2025-04-27 00:00:00+00:00,48.26751131221719,60,90d
2025-04-28 00:00:00+00:00,44.39149465918697,689,14d
2025-04-28 00:00:00+00:00,45.58519790132547,2238,30d
2025-04-28 00:00:00+00:00,47.97969419201897,527,60d
2025-04-28 00:00:00+00:00,44.266383788789746,3817,7d
2025-04-28 00:00:00+00:00,48.677369836999524,250,90d
2025-04-29 00:00:00+00:00,43.906500224921274,245,14d
2025-04-29 00:00:00+00:00,44.95497348667447,412,30d
2025-04-29 00:00:00+00:00,47.38598835274542,270,60d
2025-04-29 00:00:00+00:00,43.49572960033306,1222,7d
2025-04-29 00:00:00+00:00,49.10365937420504,133,90d
2025-04-30 00:00:00+00:00,42.38047076313181,368,14d
2025-04-30 00:00:00+00:00,44.39369438264738,518,30d
2025-04-30 00:00:00+00:00,46.89867384453781,204,60d
2025-04-30 00:00:00+00:00,41.178259468450044,1130,7d
2025-04-30 00:00:00+00:00,48.29236703402013,157,90d
2025-05-01 00:00:00+00:00,42.35683150984683,459,14d
2025-05-01 00:00:00+00:00,44.30870460226438,1263,30d
2025-05-01 00:00:00+00:00,47.02653183023873,396,60d
2025-05-01 00:00:00+00:00,40.56377963668762,1538,7d
2025-05-01 00:00:00+00:00,48.97443552701979,218,90d
2025-05-02 00:00:00+00:00,43.306702476090656,1277,14d
2025-05-02 00:00:00+00:00,44.81308401944251,1425,30d
2025-05-02 00:00:00+00:00,47.73471313731967,337,60d
2025-05-02 00:00:00+00:00,40.77419158820357,2778,7d
2025-05-02 00:00:00+00:00,48.99747039317859,238,90d
2025-05-03 00:00:00+00:00,40.593516949152544,850,14d
2025-05-03 00:00:00+00:00,42.215519216996896,676,30d
2025-05-03 00:00:00+00:00,46.04547048300537,286,60d
2025-05-03 00:00:00+00:00,38.09729257115292,926,7d
2025-05-03 00:00:00+00:00,47.6373624288425,74,90d
2025-05-04 00:00:00+00:00,40.77457661145766,581,14d
2025-05-04 00:00:00+00:00,43.42260853432282,396,30d
2025-05-04 00:00:00+00:00,46.37857812307313,220,60d
2025-05-04 00:00:00+00:00,40.9986561082494,925,7d
2025-05-04 00:00:00+00:00,48.1357627118644,40,90d
2025-05-05 00:00:00+00:00,41.99727667697979,698,14d
2025-05-05 00:00:00+00:00,43.86100205468626,936,30d
2025-05-05 00:00:00+00:00,46.67277567846101,479,60d
2025-05-05 00:00:00+00:00,40.932778722370664,2418,7d
2025-05-05 00:00:00+00:00,48.73405841660262,121,90d
2025-05-06 00:00:00+00:00,41.26756539235412,343,14d
2025-05-06 00:00:00+00:00,42.91699582489879,666,30d
2025-05-06 00:00:00+00:00,45.56333163438668,248,60d
2025-05-06 00:00:00+00:00,40.356515601783066,1346,7d
2025-05-06 00:00:00+00:00,47.49043701799486,141,90d
2025-05-07 00:00:00+00:00,42.06361280241392,667,14d
2025-05-07 00:00:00+00:00,43.02670085126349,838,30d
2025-05-07 00:00:00+00:00,46.37316339323025,447,60d
2025-05-07 00:00:00+00:00,42.30398904041347,1153,7d
2025-05-07 00:00:00+00:00,48.09841139461727,184,90d
2025-05-08 00:00:00+00:00,42.55289087290916,1514,14d
2025-05-08 00:00:00+00:00,43.28985953982793,2358,30d
2025-05-08 00:00:00+00:00,45.629171969142405,1194,60d
2025-05-08 00:00:00+00:00,42.260563746522095,3807,7d
2025-05-08 00:00:00+00:00,47.72855627705627,505,90d
2025-05-09 00:00:00+00:00,43.08043919600888,1601,14d
2025-05-09 00:00:00+00:00,43.86999954885861,1353,30d
2025-05-09 00:00:00+00:00,45.661222758276494,721,60d
2025-05-09 00:00:00+00:00,42.52264703665553,2328,7d
2025-05-09 00:00:00+00:00,47.35386525337592,302,90d
2025-05-10 00:00:00+00:00,44.162976169768655,2214,14d
2025-05-10 00:00:00+00:00,43.63786177105831,182,30d
2025-05-10 00:00:00+00:00,46.92833573778059,652,60d
2025-05-10 00:00:00+00:00,42.80174263635345,1030,7d
2025-05-10 00:00:00+00:00,47.796084568918175,151,90d
2025-05-11 00:00:00+00:00,44.48366920915296,1572,14d
2025-05-11 00:00:00+00:00,47.451146256529306,525,60d
2025-05-11 00:00:00+00:00,44.524786164991816,1244,7d
2025-05-11 00:00:00+00:00,48.59786985256737,120,90d
2025-05-12 00:00:00+00:00,45.49334785831812,2125,14d
2025-05-12 00:00:00+00:00,46.999229434497984,1421,60d
2025-05-12 00:00:00+00:00,45.551701123074196,3299,7d
2025-05-13 00:00:00+00:00,42.10774208116611,1187,14d
2025-05-13 00:00:00+00:00,46.174652052175105,612,60d
2025-05-13 00:00:00+00:00,40.6136848795622,1500,7d
2025-05-14 00:00:00+00:00,42.19404326953052,1036,14d
2025-05-14 00:00:00+00:00,46.639500734214394,186,60d
2025-05-14 00:00:00+00:00,40.64611904524119,774,7d
2025-05-15 00:00:00+00:00,40.23488028291495,1426,14d
2025-05-15 00:00:00+00:00,40.97401094890511,246,30d
2025-05-15 00:00:00+00:00,45.886262129804656,420,60d
2025-05-15 00:00:00+00:00,38.473624337841436,2217,7d
2025-05-16 00:00:00+00:00,37.87120593636172,1729,14d
2025-05-16 00:00:00+00:00,39.40517995026829,479,30d
2025-05-16 00:00:00+00:00,44.94329705702024,292,60d
2025-05-16 00:00:00+00:00,35.875400021919006,2539,7d
2025-05-17 00:00:00+00:00,38.57441867561794,1077,14d
2025-05-17 00:00:00+00:00,39.13382151029749,77,30d
2025-05-17 00:00:00+00:00,45.11623109497882,223,60d
2025-05-17 00:00:00+00:00,35.07083515681984,672,7d
2025-05-18 00:00:00+00:00,42.76698105988138,1539,14d
2025-05-18 00:00:00+00:00,43.73715338941118,700,30d
2025-05-18 00:00:00+00:00,47.634465842747744,646,60d
2025-05-18 00:00:00+00:00,43.58113446480087,1833,7d
2025-05-19 00:00:00+00:00,42.99337369018793,1912,14d
2025-05-19 00:00:00+00:00,43.20313568698451,829,30d
2025-05-19 00:00:00+00:00,45.72030969609262,491,60d
2025-05-19 00:00:00+00:00,44.16129770627588,2848,7d
2025-05-20 00:00:00+00:00,42.4031540977299,1315,14d
2025-05-20 00:00:00+00:00,44.64528702666368,1540,30d
2025-05-20 00:00:00+00:00,46.48676799284756,373,60d
2025-05-20 00:00:00+00:00,43.237830708591204,2735,7d
2025-05-21 00:00:00+00:00,46.81704467939972,1587,14d
2025-05-21 00:00:00+00:00,46.46610345143836,2195,30d
2025-05-21 00:00:00+00:00,48.0205339875884,741,60d
2025-05-21 00:00:00+00:00,47.667676557788305,3846,7d
2025-05-22 00:00:00+00:00,48.26760190450998,1040,14d
2025-05-22 00:00:00+00:00,46.927906601821746,1122,30d
2025-05-22 00:00:00+00:00,49.020875442822735,1003,60d
2025-05-22 00:00:00+00:00,48.4419071279678,3092,7d
2025-05-23 00:00:00+00:00,45.2979196764676,1357,14d
2025-05-23 00:00:00+00:00,45.9815627863145,1420,30d
2025-05-23 00:00:00+00:00,48.49068972491909,339,60d
2025-05-23 00:00:00+00:00,44.208225335668416,3647,7d
2025-05-24 00:00:00+00:00,45.67409693053312,549,14d
2025-05-24 00:00:00+00:00,47.42197730654762,491,30d
2025-05-24 00:00:00+00:00,48.81526950117174,281,60d
2025-05-24 00:00:00+00:00,44.61532443234969,899,7d
2025-05-25 00:00:00+00:00,49.67636135708951,969,14d
2025-05-25 00:00:00+00:00,48.17548806179775,692,30d
2025-05-25 00:00:00+00:00,49.49644144144144,163,60d
2025-05-25 00:00:00+00:00,51.74847748037735,1420,7d
2025-05-26 00:00:00+00:00,48.052659902156186,595,14d
2025-05-26 00:00:00+00:00,47.239800125657744,514,30d
2025-05-26 00:00:00+00:00,48.40457257539597,197,60d
2025-05-26 00:00:00+00:00,49.74900671657961,2190,7d
2025-05-27 00:00:00+00:00,46.178703477730316,231,14d
2025-05-27 00:00:00+00:00,46.1023125724058,650,30d
2025-05-27 00:00:00+00:00,47.01097579894508,480,60d
2025-05-27 00:00:00+00:00,47.61000852203555,1392,7d
2025-05-28 00:00:00+00:00,43.18737897341539,472,14d
2025-05-28 00:00:00+00:00,44.5395407627171,840,30d
2025-05-28 00:00:00+00:00,46.0508953451271,1283,60d
2025-05-28 00:00:00+00:00,43.34546607726312,1504,7d
2025-05-29 00:00:00+00:00,42.117010487620284,586,14d
2025-05-29 00:00:00+00:00,42.73691717421051,1523,30d
2025-05-29 00:00:00+00:00,45.879875045938995,583,60d
2025-05-29 00:00:00+00:00,41.343587121550414,2132,7d
2025-05-29 00:00:00+00:00,46.887932960893856,46,90d
2025-05-30 00:00:00+00:00,41.85225723322011,2067,14d
2025-05-30 00:00:00+00:00,43.64282932777945,2931,30d
2025-05-30 00:00:00+00:00,45.62022632659044,1121,60d
2025-05-30 00:00:00+00:00,39.67782284825441,3362,7d
2025-05-30 00:00:00+00:00,46.63375247917494,57,90d
2025-05-31 00:00:00+00:00,42.252345798931515,1179,14d
2025-05-31 00:00:00+00:00,43.78169649423879,1067,30d
2025-05-31 00:00:00+00:00,45.06848240046162,246,60d
2025-05-31 00:00:00+00:00,40.2784866280454,1041,7d
2025-05-31 00:00:00+00:00,45.680176470588236,20,90d
2025-06-01 00:00:00+00:00,42.230806835066865,530,14d
2025-06-01 00:00:00+00:00,45.01802067126029,743,30d
2025-06-01 00:00:00+00:00,46.643686818632304,205,60d
2025-06-01 00:00:00+00:00,41.24395880832954,682,7d
2025-06-01 00:00:00+00:00,47.085081266039346,24,90d
2025-06-02 00:00:00+00:00,40.78585558957035,506,14d
2025-06-02 00:00:00+00:00,42.5277624297542,757,30d
2025-06-02 00:00:00+00:00,44.0703521012494,623,60d
2025-06-02 00:00:00+00:00,39.60514563106796,1614,7d
2025-06-02 00:00:00+00:00,45.646636851520576,29,90d
2025-06-03 00:00:00+00:00,40.10315519652011,347,14d
2025-06-03 00:00:00+00:00,41.463944052194115,660,30d
2025-06-03 00:00:00+00:00,44.18563498638892,551,60d
2025-06-03 00:00:00+00:00,39.47185028978023,1188,7d
2025-06-03 00:00:00+00:00,45.50031188118812,108,90d
2025-06-04 00:00:00+00:00,38.789536743624566,372,14d
2025-06-04 00:00:00+00:00,40.37334642678878,912,30d
2025-06-04 00:00:00+00:00,42.821531031264584,477,60d
2025-06-04 00:00:00+00:00,38.485864737681325,703,7d
2025-06-04 00:00:00+00:00,44.57810284378652,84,90d
2025-06-05 00:00:00+00:00,40.18808095410192,1135,14d
2025-06-05 00:00:00+00:00,40.0224240639065,2227,30d
2025-06-05 00:00:00+00:00,42.76254438431596,903,60d
2025-06-05 00:00:00+00:00,40.05820343298292,2626,7d
2025-06-05 00:00:00+00:00,44.348029595015575,169,90d
2025-06-06 00:00:00+00:00,38.36703745682211,2140,14d
2025-06-06 00:00:00+00:00,38.93670639243075,2002,30d
2025-06-06 00:00:00+00:00,42.221407934336526,494,60d
2025-06-06 00:00:00+00:00,36.716466355053676,2181,7d
2025-06-06 00:00:00+00:00,43.920536742887066,355,90d
2025-06-07 00:00:00+00:00,37.75240855063116,847,14d
2025-06-07 00:00:00+00:00,37.854940898345156,71,30d
2025-06-07 00:00:00+00:00,41.81480722891566,148,60d
2025-06-07 00:00:00+00:00,35.51700955414013,813,7d
2025-06-07 00:00:00+00:00,43.5526582278481,28,90d
2025-06-08 00:00:00+00:00,39.389830844254796,592,14d
2025-06-08 00:00:00+00:00,42.06468033775633,153,60d
2025-06-08 00:00:00+00:00,39.21335866858865,733,7d
2025-06-08 00:00:00+00:00,43.85687285223367,39,90d
2025-06-09 00:00:00+00:00,39.268715062482116,1296,14d
2025-06-09 00:00:00+00:00,42.08112205090099,633,60d
2025-06-09 00:00:00+00:00,39.7383510161739,3242,7d
2025-06-09 00:00:00+00:00,43.46506580202175,195,90d
2025-06-10 00:00:00+00:00,39.528128254837114,709,14d
2025-06-10 00:00:00+00:00,41.90534,103,60d
2025-06-10 00:00:00+00:00,40.84774931891357,1367,7d
2025-06-10 00:00:00+00:00,43.47132553075667,167,90d
2025-06-11 00:00:00+00:00,39.35353623530337,1060,14d
2025-06-11 00:00:00+00:00,39.40913996255919,968,7d
2025-06-11 00:00:00+00:00,43.56106055177355,121,90d
2025-06-12 00:00:00+00:00,38.13790950171352,1015,14d
2025-06-12 00:00:00+00:00,38.31818542389688,242,30d
2025-06-12 00:00:00+00:00,37.65624879887649,1501,7d
2025-06-12 00:00:00+00:00,42.812154115586694,213,90d
2025-06-13 00:00:00+00:00,39.83353569579745,2598,14d
2025-06-13 00:00:00+00:00,39.57282501124607,521,30d
2025-06-13 00:00:00+00:00,42.26001458906073,3316,7d
2025-06-13 00:00:00+00:00,43.4434517190514,406,90d
2025-06-14 00:00:00+00:00,37.95802285864424,500,14d
2025-06-14 00:00:00+00:00,38.62245762711864,35,30d
2025-06-14 00:00:00+00:00,38.68935099337749,618,7d
2025-06-14 00:00:00+00:00,43.286769797421734,102,90d
2025-06-15 00:00:00+00:00,40.566703296703295,819,14d
2025-06-15 00:00:00+00:00,41.97481132075471,248,30d
2025-06-15 00:00:00+00:00,43.25705980066445,65,60d
2025-06-15 00:00:00+00:00,43.47337985436893,1061,7d
2025-06-15 00:00:00+00:00,44.32384393063584,18,90d
2025-06-16 00:00:00+00:00,38.8977476635514,979,14d
2025-06-16 00:00:00+00:00,40.55238458112722,922,30d
2025-06-16 00:00:00+00:00,42.79085336538461,183,60d
2025-06-16 00:00:00+00:00,39.59177675564682,3165,7d
2025-06-16 00:00:00+00:00,44.0613694721826,101,90d
2025-06-17 00:00:00+00:00,38.50541611873004,483,14d
2025-06-17 00:00:00+00:00,41.10569321786848,1330,30d
2025-06-17 00:00:00+00:00,43.22912067352666,314,60d
2025-06-17 00:00:00+00:00,40.271125987708515,2028,7d
2025-06-17 00:00:00+00:00,44.15266103953798,166,90d
2025-06-18 00:00:00+00:00,37.68835028666544,295,14d
2025-06-18 00:00:00+00:00,40.080344397304714,804,30d
2025-06-18 00:00:00+00:00,41.900677603423674,276,60d
2025-06-18 00:00:00+00:00,39.23327224824356,1462,7d
2025-06-18 00:00:00+00:00,43.71582317073171,128,90d
2025-06-19 00:00:00+00:00,37.63575604513702,259,14d
2025-06-19 00:00:00+00:00,38.58447038213966,612,30d
2025-06-19 00:00:00+00:00,41.868451178451174,118,60d
2025-06-19 00:00:00+00:00,38.26339250746823,1160,7d
2025-06-19 00:00:00+00:00,42.97008474576272,151,90d
2025-06-20 00:00:00+00:00,37.852560678106265,1224,14d
2025-06-20 00:00:00+00:00,39.39357904071441,1985,30d
2025-06-20 00:00:00+00:00,41.88307193229902,407,60d
2025-06-20 00:00:00+00:00,37.65699385145679,3138,7d
2025-06-20 00:00:00+00:00,43.122266104294475,146,90d
2025-06-21 00:00:00+00:00,37.80238100515321,763,14d
2025-06-21 00:00:00+00:00,39.78269041481135,796,30d
2025-06-21 00:00:00+00:00,42.58712340425532,180,60d
2025-06-21 00:00:00+00:00,39.721398672624524,1196,7d
2025-06-21 00:00:00+00:00,43.4981008583691,254,90d
2025-06-22 00:00:00+00:00,42.041769252039266,2585,14d
2025-06-22 00:00:00+00:00,42.21241133910568,1543,30d
2025-06-22 00:00:00+00:00,42.703137564052035,517,60d
2025-06-22 00:00:00+00:00,46.25888601601536,2955,7d
2025-06-22 00:00:00+00:00,43.41880624426079,272,90d
2025-06-23 00:00:00+00:00,41.03179396181146,867,14d
2025-06-23 00:00:00+00:00,40.521892450586165,1147,30d
2025-06-23 00:00:00+00:00,42.01158525345622,373,60d
2025-06-23 00:00:00+00:00,40.96205099647145,4150,7d
2025-06-23 00:00:00+00:00,43.26506716886377,332,90d
2025-06-24 00:00:00+00:00,37.75127102673274,552,14d
2025-06-24 00:00:00+00:00,39.405477432366645,971,30d
2025-06-24 00:00:00+00:00,41.28901261418007,296,60d
2025-06-24 00:00:00+00:00,38.47743750897463,2154,7d
2025-06-24 00:00:00+00:00,42.36882696804364,236,90d
2025-06-25 00:00:00+00:00,36.21574054828884,901,14d
2025-06-25 00:00:00+00:00,37.894396762904634,828,30d
2025-06-25 00:00:00+00:00,40.48326588425739,218,60d
2025-06-25 00:00:00+00:00,35.169263198607624,1158,7d
2025-06-25 00:00:00+00:00,41.54963105726872,221,90d
2025-06-26 00:00:00+00:00,34.6621337534817,457,14d
2025-06-26 00:00:00+00:00,36.6278095796022,727,30d
2025-06-26 00:00:00+00:00,39.848569620253166,158,60d
2025-06-26 00:00:00+00:00,33.1372116876201,1001,7d
2025-06-26 00:00:00+00:00,41.39695053224796,265,90d
2025-06-27 00:00:00+00:00,34.10643087326325,1210,14d
2025-06-27 00:00:00+00:00,36.13068847223043,1910,30d
2025-06-27 00:00:00+00:00,39.5284156751164,498,60d
2025-06-27 00:00:00+00:00,32.25928904573221,2061,7d
2025-06-27 00:00:00+00:00,40.953729060451565,335,90d
2025-06-28 00:00:00+00:00,34.02605913043478,523,14d
2025-06-28 00:00:00+00:00,36.03064859117491,196,30d
2025-06-28 00:00:00+00:00,39.160995907230564,52,60d
2025-06-28 00:00:00+00:00,31.519123306006353,738,7d
2025-06-28 00:00:00+00:00,41.09421276595745,98,90d
2025-06-29 00:00:00+00:00,36.10423793841035,620,14d
2025-06-29 00:00:00+00:00,37.89717990606494,408,30d
2025-06-29 00:00:00+00:00,40.16164132688321,156,60d
2025-06-29 00:00:00+00:00,35.467574138883776,629,7d
2025-06-29 00:00:00+00:00,41.663318681318685,76,90d
2025-06-30 00:00:00+00:00,35.97340387340576,417,14d
2025-06-30 00:00:00+00:00,37.2290688804866,718,30d
2025-06-30 00:00:00+00:00,39.89234032741527,329,60d
2025-06-30 00:00:00+00:00,34.42326468475249,1679,7d
2025-06-30 00:00:00+00:00,41.422418921056796,177,90d
2025-07-01 00:00:00+00:00,34.21461052360072,535,14d
2025-07-01 00:00:00+00:00,35.90164642507346,1394,30d
2025-07-01 00:00:00+00:00,39.39029095792301,547,60d
2025-07-01 00:00:00+00:00,31.01047197000217,1829,7d
2025-07-01 00:00:00+00:00,40.65807606263982,218,90d
2025-07-02 00:00:00+00:00,34.87193577720944,859,14d
2025-07-02 00:00:00+00:00,36.194261070393324,1753,30d
2025-07-02 00:00:00+00:00,40.234907880133186,357,60d
2025-07-02 00:00:00+00:00,33.60623041277154,1768,7d
2025-07-02 00:00:00+00:00,41.15009688289807,218,90d
2025-07-03 00:00:00+00:00,35.707356027915395,535,14d
2025-07-03 00:00:00+00:00,37.36440574213218,790,30d
2025-07-03 00:00:00+00:00,40.55711772315653,339,60d
2025-07-03 00:00:00+00:00,35.07516473026782,1781,7d
2025-07-03 00:00:00+00:00,41.69067872578838,417,90d
2025-07-04 00:00:00+00:00,34.781173995190656,1484,14d
2025-07-04 00:00:00+00:00,35.65109202994276,786,30d
2025-07-04 00:00:00+00:00,38.69353123187004,264,60d
2025-07-04 00:00:00+00:00,32.873198113337274,2287,7d
2025-07-04 00:00:00+00:00,40.7567922235723,279,90d
2025-07-05 00:00:00+00:00,35.26813064807642,553,14d
2025-07-05 00:00:00+00:00,35.81288461538462,59,30d
2025-07-05 00:00:00+00:00,39.273782608695655,91,60d
2025-07-05 00:00:00+00:00,33.937265294615166,560,7d
2025-07-05 00:00:00+00:00,41.16432132963988,70,90d
2025-07-06 00:00:00+00:00,34.28593565999358,705,14d
2025-07-06 00:00:00+00:00,39.54391780821918,166,60d
2025-07-06 00:00:00+00:00,36.583477788003016,652,7d
2025-07-06 00:00:00+00:00,41.16778343949044,165,90d
2025-07-07 00:00:00+00:00,35.774032334119234,693,14d
2025-07-07 00:00:00+00:00,39.57947102744768,226,60d
2025-07-07 00:00:00+00:00,34.937979547851604,1508,7d
2025-07-07 00:00:00+00:00,41.48180099194048,191,90d
2025-07-08 00:00:00+00:00,34.72620308734076,608,14d
2025-07-08 00:00:00+00:00,39.01455401293268,308,60d
2025-07-08 00:00:00+00:00,32.08150055089414,1249,7d
2025-07-08 00:00:00+00:00,40.81843010752688,268,90d
2025-07-09 00:00:00+00:00,34.72597839954248,1685,14d
2025-07-09 00:00:00+00:00,38.65787222102309,592,60d
2025-07-09 00:00:00+00:00,32.3475520008177,2171,7d
2025-07-09 00:00:00+00:00,42.047754010695186,379,90d
2025-07-10 00:00:00+00:00,36.67835797105175,2913,14d
2025-07-10 00:00:00+00:00,37.34293255701116,493,30d
2025-07-10 00:00:00+00:00,39.6203909121283,1456,60d
2025-07-10 00:00:00+00:00,36.60202861818227,2446,7d
2025-07-10 00:00:00+00:00,41.654725459121835,548,90d
2025-07-11 00:00:00+00:00,37.30041466392004,3747,14d
2025-07-11 00:00:00+00:00,36.76738720499769,693,30d
2025-07-11 00:00:00+00:00,38.57888443935927,1604,60d
2025-07-11 00:00:00+00:00,37.094517507652526,3066,7d
2025-07-11 00:00:00+00:00,41.12542993985298,706,90d
2025-07-12 00:00:00+00:00,35.07209899749373,930,14d
2025-07-12 00:00:00+00:00,35.75207171314741,53,30d
2025-07-12 00:00:00+00:00,37.926217345872516,324,60d
2025-07-12 00:00:00+00:00,33.2962875527151,800,7d
2025-07-12 00:00:00+00:00,40.28122388059702,83,90d
2025-07-13 00:00:00+00:00,38.32236571866189,1983,14d
2025-07-13 00:00:00+00:00,39.657173442079774,617,60d
2025-07-13 00:00:00+00:00,41.8229487471156,1426,7d
2025-07-13 00:00:00+00:00,40.81614107883817,29,90d
2025-07-14 00:00:00+00:00,39.03641224597519,2564,14d
2025-07-14 00:00:00+00:00,39.46081355056712,2105,60d
2025-07-14 00:00:00+00:00,43.16058550581504,3889,7d
2025-07-15 00:00:00+00:00,39.61238241623117,1373,14d
2025-07-15 00:00:00+00:00,40.057666381608726,1035,60d
2025-07-15 00:00:00+00:00,41.286200098042215,3339,7d
2025-07-16 00:00:00+00:00,38.25139013452915,894,14d
2025-07-16 00:00:00+00:00,41.049957217556646,296,60d
2025-07-16 00:00:00+00:00,36.57897572885945,1710,7d
2025-07-17 00:00:00+00:00,38.23415714325631,786,14d
2025-07-17 00:00:00+00:00,37.61317817770659,315,30d
2025-07-17 00:00:00+00:00,40.59359497359315,267,60d
2025-07-17 00:00:00+00:00,36.79263644041907,1482,7d
2025-07-18 00:00:00+00:00,36.8464743163413,1624,14d
2025-07-18 00:00:00+00:00,37.790670959951704,667,30d
2025-07-18 00:00:00+00:00,39.70213516524322,376,60d
2025-07-18 00:00:00+00:00,36.63561617438491,2781,7d
2025-07-19 00:00:00+00:00,36.71285350318472,365,14d
2025-07-19 00:00:00+00:00,37.23294117647059,19,30d
2025-07-19 00:00:00+00:00,39.227084690553745,56,60d
2025-07-19 00:00:00+00:00,36.394872695928925,1272,7d
2025-07-20 00:00:00+00:00,38.632296625686635,556,14d
2025-07-20 00:00:00+00:00,38.61910433979687,238,30d
2025-07-20 00:00:00+00:00,40.137882562277575,132,60d
2025-07-20 00:00:00+00:00,40.15426131829547,896,7d
2025-07-21 00:00:00+00:00,37.67836143606293,629,14d
2025-07-21 00:00:00+00:00,38.4538037787389,733,30d
2025-07-21 00:00:00+00:00,40.55750376587046,240,60d
2025-07-21 00:00:00+00:00,37.93856800792151,2339,7d
2025-07-22 00:00:00+00:00,36.493035878564854,875,14d
2025-07-22 00:00:00+00:00,38.13678671625236,899,30d
2025-07-22 00:00:00+00:00,40.669230197099296,306,60d
2025-07-22 00:00:00+00:00,36.632576716028346,1869,7d
2025-07-23 00:00:00+00:00,36.264148886910064,1040,14d
2025-07-23 00:00:00+00:00,38.439771779555954,861,30d
2025-07-23 00:00:00+00:00,40.61938790837401,331,60d
2025-07-23 00:00:00+00:00,35.03774597057335,1810,7d
2025-07-24 00:00:00+00:00,36.4525053520093,774,14d
2025-07-24 00:00:00+00:00,37.484522179627604,1129,30d
2025-07-24 00:00:00+00:00,40.92486264716375,240,60d
2025-07-24 00:00:00+00:00,36.007122246529875,1331,7d
2025-07-24 00:00:00+00:00,43.451666666666675,22,90d
2025-07-25 00:00:00+00:00,39.858348796323696,2461,14d
2025-07-25 00:00:00+00:00,39.54213665390312,4394,30d
2025-07-25 00:00:00+00:00,42.06114152410575,352,60d
2025-07-25 00:00:00+00:00,38.70609492455418,3492,7d
2025-07-25 00:00:00+00:00,43.694553359683795,111,90d
2025-07-26 00:00:00+00:00,36.93572580202907,583,14d
2025-07-26 00:00:00+00:00,37.66435203740815,271,30d
2025-07-26 00:00:00+00:00,41.3302427184466,52,60d
2025-07-26 00:00:00+00:00,35.231390252864344,1136,7d
2025-07-26 00:00:00+00:00,42.98775757575758,17,90d
2025-07-27 00:00:00+00:00,38.2177755026061,872,14d
2025-07-27 00:00:00+00:00,39.80398827667057,309,30d
2025-07-27 00:00:00+00:00,41.26935754189944,70,60d
2025-07-27 00:00:00+00:00,37.767194907005496,1220,7d
2025-07-27 00:00:00+00:00,43.64557692307692,22,90d
2025-07-28 00:00:00+00:00,36.93333769633508,797,14d
2025-07-28 00:00:00+00:00,38.525742881427966,972,30d
2025-07-28 00:00:00+00:00,41.56147715418319,199,60d
2025-07-28 00:00:00+00:00,37.59523589603147,2242,7d
2025-07-28 00:00:00+00:00,43.53785571142285,38,90d
2025-07-29 00:00:00+00:00,34.664750796983135,514,14d
2025-07-29 00:00:00+00:00,34.67217551727074,1240,30d
2025-07-29 00:00:00+00:00,40.33950033990482,236,60d
2025-07-29 00:00:00+00:00,34.24571198992334,3858,7d
2025-07-29 00:00:00+00:00,42.161944444444444,26,90d
2025-07-30 00:00:00+00:00,34.10007349835262,689,14d
2025-07-30 00:00:00+00:00,35.01928219886553,1267,30d
2025-07-30 00:00:00+00:00,38.77465198960755,368,60d
2025-07-30 00:00:00+00:00,34.22351272070852,1102,7d
2025-07-30 00:00:00+00:00,42.03270174749657,111,90d
2025-07-31 00:00:00+00:00,33.055497201894106,928,14d
2025-07-31 00:00:00+00:00,34.81876942277691,1181,30d
2025-07-31 00:00:00+00:00,38.92753857734287,220,60d
2025-07-31 00:00:00+00:00,33.82455909241106,3629,7d
2025-07-31 00:00:00+00:00,42.111269439421335,64,90d
2025-08-01 00:00:00+00:00,34.7965230261108,1704,14d
2025-08-01 00:00:00+00:00,35.23231652492069,2019,30d
2025-08-01 00:00:00+00:00,38.462560975609755,523,60d
2025-08-01 00:00:00+00:00,34.53581301576996,3097,7d
2025-08-01 00:00:00+00:00,41.78171504395422,121,90d
2025-08-02 00:00:00+00:00,34.790773434535105,1098,14d
2025-08-02 00:00:00+00:00,35.30094272228601,404,30d
2025-08-02 00:00:00+00:00,38.45639550807998,272,60d
2025-08-02 00:00:00+00:00,35.993408929837,850,7d
2025-08-02 00:00:00+00:00,41.54980836236935,30,90d
2025-08-03 00:00:00+00:00,35.39523317613594,627,14d
2025-08-03 00:00:00+00:00,35.89203064326781,222,30d
2025-08-03 00:00:00+00:00,38.42878764478765,196,60d
2025-08-03 00:00:00+00:00,38.710355189934674,2425,7d
2025-08-03 00:00:00+00:00,41.65554945054945,25,90d
2025-08-04 00:00:00+00:00,34.76300077866458,480,14d
2025-08-04 00:00:00+00:00,35.14848348247325,579,30d
2025-08-04 00:00:00+00:00,38.249596260669286,136,60d
2025-08-04 00:00:00+00:00,34.82925961157353,2085,7d
2025-08-04 00:00:00+00:00,41.4770564650852,97,90d
2025-08-05 00:00:00+00:00,32.43994806232521,344,14d
2025-08-05 00:00:00+00:00,33.821269032019934,2247,30d
2025-08-05 00:00:00+00:00,36.74168768920283,278,60d
2025-08-05 00:00:00+00:00,31.776428803613282,1744,7d
2025-08-05 00:00:00+00:00,40.19735632183908,173,90d
2025-08-06 00:00:00+00:00,31.11266886161828,383,14d
2025-08-06 00:00:00+00:00,32.57410663667042,958,30d
2025-08-06 00:00:00+00:00,35.53983569562119,332,60d
2025-08-06 00:00:00+00:00,30.31159960691241,926,7d
2025-08-06 00:00:00+00:00,39.34026009582478,94,90d
2025-08-07 00:00:00+00:00,30.973657974829315,558,14d
2025-08-07 00:00:00+00:00,31.702349383421254,834,30d
2025-08-07 00:00:00+00:00,35.33597443751981,373,60d
2025-08-07 00:00:00+00:00,31.428077187417394,1382,7d
2025-08-07 00:00:00+00:00,38.939167803547065,214,90d
2025-08-08 00:00:00+00:00,31.092786411178075,1203,14d
2025-08-08 00:00:00+00:00,31.61600980939964,638,30d
2025-08-08 00:00:00+00:00,35.03437700412277,313,60d
2025-08-08 00:00:00+00:00,29.24992245608482,2178,7d
2025-08-08 00:00:00+00:00,38.57853887399464,131,90d
2025-08-09 00:00:00+00:00,31.01254187841145,981,14d
2025-08-09 00:00:00+00:00,31.338994382022474,122,30d
2025-08-09 00:00:00+00:00,35.492864422202004,429,60d
2025-08-09 00:00:00+00:00,29.743409014147936,869,7d
2025-08-09 00:00:00+00:00,38.7746875,205,90d
2025-08-10 00:00:00+00:00,32.136818243610655,2400,14d
2025-08-10 00:00:00+00:00,35.57204711468225,518,60d
2025-08-10 00:00:00+00:00,33.06165326719124,1178,7d
2025-08-10 00:00:00+00:00,39.06952639368525,403,90d
2025-08-11 00:00:00+00:00,33.228495962688584,6381,14d
2025-08-11 00:00:00+00:00,35.510832819880875,1076,60d
2025-08-11 00:00:00+00:00,34.029706953516474,3318,7d
2025-08-11 00:00:00+00:00,39.01084757834758,271,90d
2025-08-12 00:00:00+00:00,32.230968871488045,996,14d
2025-08-12 00:00:00+00:00,35.40579851537645,122,60d
2025-08-12 00:00:00+00:00,32.16968512937753,1320,7d
2025-08-12 00:00:00+00:00,38.20468905990017,315,90d
2025-08-13 00:00:00+00:00,36.098342521345764,2317,14d
2025-08-13 00:00:00+00:00,34.1928982424979,1377,7d
2025-08-13 00:00:00+00:00,39.57506026802426,651,90d
2025-08-14 00:00:00+00:00,37.16160360093514,2350,14d
2025-08-14 00:00:00+00:00,35.45309207613988,376,30d
2025-08-14 00:00:00+00:00,36.27086448161036,2175,7d
2025-08-14 00:00:00+00:00,38.97172121328286,828,90d
2025-08-15 00:00:00+00:00,33.70404312549607,2997,14d
2025-08-15 00:00:00+00:00,33.36230422172091,357,30d
2025-08-15 00:00:00+00:00,33.15791908829914,1745,7d
2025-08-15 00:00:00+00:00,37.26475477239354,349,90d
2025-08-16 00:00:00+00:00,32.78239941744038,626,14d
2025-08-16 00:00:00+00:00,33.85862385321101,30,30d
2025-08-16 00:00:00+00:00,33.5433,676,7d
2025-08-16 00:00:00+00:00,36.637645502645505,117,90d
2025-08-17 00:00:00+00:00,32.832412831241285,570,14d
2025-08-17 00:00:00+00:00,35.47711656441718,116,30d
2025-08-17 00:00:00+00:00,36.93284926470588,109,60d
2025-08-17 00:00:00+00:00,34.636943158230885,784,7d
2025-08-17 00:00:00+00:00,36.821488095238095,67,90d
2025-08-18 00:00:00+00:00,35.32512277116773,1398,14d
2025-08-18 00:00:00+00:00,37.10526741849039,1357,30d
2025-08-18 00:00:00+00:00,37.319559378934116,608,60d
2025-08-18 00:00:00+00:00,35.85243598061291,3337,7d
2025-08-19 00:00:00+00:00,36.41653036903099,919,14d
2025-08-19 00:00:00+00:00,34.79866842309852,2052,30d
2025-08-19 00:00:00+00:00,36.625350564770535,1201,60d
2025-08-19 00:00:00+00:00,36.206023183698385,3297,7d
2025-08-20 00:00:00+00:00,35.371341877120244,1110,14d
2025-08-20 00:00:00+00:00,33.5467748163983,1000,30d
2025-08-20 00:00:00+00:00,35.9428564313286,634,60d
2025-08-20 00:00:00+00:00,34.86084704257189,2104,7d
2025-08-21 00:00:00+00:00,34.709913222196846,929,14d
2025-08-21 00:00:00+00:00,35.07825920896283,816,30d
2025-08-21 00:00:00+00:00,35.5656664238893,590,60d
2025-08-21 00:00:00+00:00,36.91414153729443,2290,7d
2025-08-22 00:00:00+00:00,32.78462591224595,2421,14d
2025-08-22 00:00:00+00:00,34.0293425434076,2275,30d
2025-08-22 00:00:00+00:00,35.689628099173554,592,60d
2025-08-22 00:00:00+00:00,35.214690508858794,3830,7d
2025-08-23 00:00:00+00:00,32.145105263157895,589,14d
2025-08-23 00:00:00+00:00,33.35504881681285,578,30d
2025-08-23 00:00:00+00:00,35.812577220077216,253,60d
2025-08-23 00:00:00+00:00,30.46460005535566,970,7d
2025-08-24 00:00:00+00:00,35.68201927854516,904,14d
2025-08-24 00:00:00+00:00,34.64827917016429,698,30d
2025-08-24 00:00:00+00:00,35.98652982681206,475,60d
2025-08-24 00:00:00+00:00,37.55532847300112,1456,7d
2025-08-25 00:00:00+00:00,35.41345697970152,1461,14d
2025-08-25 00:00:00+00:00,35.84301712969627,1475,30d
2025-08-25 00:00:00+00:00,36.75772517321016,920,60d
2025-08-25 00:00:00+00:00,41.137262597288874,3650,7d
2025-08-26 00:00:00+00:00,38.158161067718204,1635,14d
2025-08-26 00:00:00+00:00,37.722113101330606,1761,30d
2025-08-26 00:00:00+00:00,37.774638117031714,648,60d
2025-08-26 00:00:00+00:00,41.84413382946255,1964,7d
2025-08-27 00:00:00+00:00,35.127711960208,802,14d
2025-08-27 00:00:00+00:00,36.74109450375643,812,30d
2025-08-27 00:00:00+00:00,36.75966593513777,542,60d
2025-08-27 00:00:00+00:00,34.75123967700495,1033,7d
2025-08-28 00:00:00+00:00,35.61139476800516,934,14d
2025-08-28 00:00:00+00:00,36.44521674510775,733,30d
2025-08-28 00:00:00+00:00,37.016869335780655,558,60d
2025-08-28 00:00:00+00:00,34.39888735885431,1397,7d
2025-08-28 00:00:00+00:00,39.120952380952374,27,90d
2025-08-29 00:00:00+00:00,36.638578943885655,1875,14d
2025-08-29 00:00:00+00:00,37.74484593610999,2643,30d
2025-08-29 00:00:00+00:00,38.62607934090279,663,60d
2025-08-29 00:00:00+00:00,35.744853386581205,3553,7d
2025-08-29 00:00:00+00:00,39.593483766542896,203,90d
2025-08-30 00:00:00+00:00,36.57473748773307,671,14d
2025-08-30 00:00:00+00:00,36.860046242774565,548,30d
2025-08-30 00:00:00+00:00,37.65513513513513,169,60d
2025-08-30 00:00:00+00:00,35.73873761349496,1465,7d
2025-08-30 00:00:00+00:00,39.306714285714285,39,90d
2025-08-31 00:00:00+00:00,36.52602350265352,423,14d
2025-08-31 00:00:00+00:00,36.37669969721993,223,30d
2025-08-31 00:00:00+00:00,37.699984939759034,304,60d
2025-08-31 00:00:00+00:00,36.950506091526464,1074,7d
2025-08-31 00:00:00+00:00,40.09846101231191,79,90d
2025-09-01 00:00:00+00:00,38.511217980382476,485,14d
2025-09-01 00:00:00+00:00,37.13213901947616,576,30d
2025-09-01 00:00:00+00:00,37.64153371075656,265,60d
2025-09-01 00:00:00+00:00,37.72091657067632,2009,7d
2025-09-01 00:00:00+00:00,39.88526553672316,174,90d
2025-09-02 00:00:00+00:00,37.99478990761895,760,14d
2025-09-02 00:00:00+00:00,37.71050932758164,1559,30d
2025-09-02 00:00:00+00:00,38.58262692128552,373,60d
2025-09-02 00:00:00+00:00,38.3379094899619,1628,7d
2025-09-02 00:00:00+00:00,39.82303264303265,134,90d
2025-09-03 00:00:00+00:00,36.72901108004556,630,14d
2025-09-03 00:00:00+00:00,36.52541473259334,904,30d
2025-09-03 00:00:00+00:00,37.93583982202447,258,60d
2025-09-03 00:00:00+00:00,34.4144372855828,1735,7d
2025-09-03 00:00:00+00:00,39.29398929049532,106,90d
2025-09-04 00:00:00+00:00,38.529377587991725,331,14d
2025-09-04 00:00:00+00:00,37.43157214701417,1494,30d
2025-09-04 00:00:00+00:00,38.078702787068,829,60d
2025-09-04 00:00:00+00:00,39.05584908504766,1696,7d
2025-09-04 00:00:00+00:00,39.69094827586207,172,90d
2025-09-05 00:00:00+00:00,36.51565995650477,2806,14d
2025-09-05 00:00:00+00:00,36.6903262563077,1684,30d
2025-09-05 00:00:00+00:00,37.62848158328752,626,60d
2025-09-05 00:00:00+00:00,37.26524339959383,3638,7d
2025-09-05 00:00:00+00:00,38.83953738760056,431,90d
2025-09-06 00:00:00+00:00,35.53069031639502,474,14d
2025-09-06 00:00:00+00:00,34.84215973003374,72,30d
2025-09-06 00:00:00+00:00,36.543584905660374,50,60d
2025-09-06 00:00:00+00:00,35.80396876509419,814,7d
2025-09-06 00:00:00+00:00,39.348481012658226,35,90d
2025-09-07 00:00:00+00:00,37.08539204144102,425,14d
2025-09-07 00:00:00+00:00,37.22205607476635,176,60d
2025-09-07 00:00:00+00:00,36.43305303488607,584,7d
2025-09-07 00:00:00+00:00,39.14613402061856,51,90d
2025-09-08 00:00:00+00:00,35.260001855823155,2284,14d
2025-09-08 00:00:00+00:00,36.83569438536794,508,60d
2025-09-08 00:00:00+00:00,36.72916471453242,1561,7d
2025-09-08 00:00:00+00:00,38.88393582755203,237,90d
2025-09-09 00:00:00+00:00,36.72330086553399,800,14d
2025-09-09 00:00:00+00:00,36.559398166211466,515,60d
2025-09-09 00:00:00+00:00,36.287549338247615,1268,7d
2025-09-09 00:00:00+00:00,38.05813538781163,350,90d
2025-09-10 00:00:00+00:00,34.96639575296949,1796,14d
2025-09-10 00:00:00+00:00,36.000085719758644,1082,60d
2025-09-10 00:00:00+00:00,34.69506117531267,1511,7d
2025-09-10 00:00:00+00:00,38.16222597402597,219,90d
2025-09-11 00:00:00+00:00,34.039802209550956,775,14d
2025-09-11 00:00:00+00:00,33.89438738738739,147,30d
2025-09-11 00:00:00+00:00,35.9598597089288,459,60d
2025-09-11 00:00:00+00:00,33.37743860729188,1123,7d
2025-09-11 00:00:00+00:00,37.55721688034188,313,90d
2025-09-12 00:00:00+00:00,32.322302683133245,2281,14d
2025-09-12 00:00:00+00:00,31.707718842351984,837,30d
2025-09-12 00:00:00+00:00,34.97414656843738,715,60d
2025-09-12 00:00:00+00:00,31.160976033718924,2304,7d
2025-09-12 00:00:00+00:00,37.454411081875875,698,90d
2025-09-13 00:00:00+00:00,31.80123108060542,671,14d
2025-09-13 00:00:00+00:00,32.135701992753624,54,30d
2025-09-13 00:00:00+00:00,34.48482816901409,233,60d
2025-09-13 00:00:00+00:00,27.885110443651836,745,7d
2025-09-13 00:00:00+00:00,37.244479495268145,247,90d
2025-09-14 00:00:00+00:00,32.750459703470554,1170,14d
2025-09-14 00:00:00+00:00,32.96290426939856,769,60d
2025-09-14 00:00:00+00:00,33.047298836345625,562,7d
2025-09-14 00:00:00+00:00,38.643714285714275,29,90d
2025-09-15 00:00:00+00:00,33.69744702899758,885,14d
2025-09-15 00:00:00+00:00,34.530256170396484,1170,60d
2025-09-15 00:00:00+00:00,36.516779289236524,1597,7d
2025-09-15 00:00:00+00:00,38.706102564102565,51,90d
2025-09-16 00:00:00+00:00,33.58350969543965,377,14d
2025-09-16 00:00:00+00:00,35.747924644210094,706,60d
2025-09-16 00:00:00+00:00,37.32497902622946,1683,7d
2025-09-16 00:00:00+00:00,38.59401419229164,69,90d
2025-09-17 00:00:00+00:00,34.303500888617734,876,14d
2025-09-17 00:00:00+00:00,36.35839409460681,187,60d
2025-09-17 00:00:00+00:00,36.293471365638766,2344,7d
2025-09-17 00:00:00+00:00,38.767034387895464,199,90d
2025-09-18 00:00:00+00:00,30.19828865266966,1365,14d
2025-09-18 00:00:00+00:00,31.9603558259587,217,30d
2025-09-18 00:00:00+00:00,35.76222362802467,355,60d
2025-09-18 00:00:00+00:00,31.54909174311927,1762,7d
2025-09-18 00:00:00+00:00,38.407497805092184,223,90d
2025-09-19 00:00:00+00:00,30.75515190161694,1870,14d
2025-09-19 00:00:00+00:00,30.46612372004645,378,30d
2025-09-19 00:00:00+00:00,35.524684466019416,251,60d
2025-09-19 00:00:00+00:00,29.750940008473705,3400,7d
2025-09-19 00:00:00+00:00,37.90547366041149,268,90d
2025-09-20 00:00:00+00:00,29.768854912166557,337,14d
2025-09-20 00:00:00+00:00,29.80259012016021,52,30d
2025-09-20 00:00:00+00:00,35.64368421052632,37,60d
2025-09-20 00:00:00+00:00,26.605457844348365,812,7d
2025-09-20 00:00:00+00:00,38.250125000000004,31,90d
2025-09-21 00:00:00+00:00,31.00818828049952,561,14d
2025-09-21 00:00:00+00:00,33.60983576642335,281,30d
2025-09-21 00:00:00+00:00,35.91421428571429,117,60d
2025-09-21 00:00:00+00:00,35.659524377573405,880,7d
2025-09-21 00:00:00+00:00,37.904219269102995,32,90d
2025-09-22 00:00:00+00:00,33.33479853576319,1124,14d
2025-09-22 00:00:00+00:00,34.08213621357374,2517,30d
2025-09-22 00:00:00+00:00,36.843309371671985,393,60d
2025-09-22 00:00:00+00:00,36.12216071784786,6280,7d
2025-09-22 00:00:00+00:00,39.36352171567305,227,90d
2025-09-23 00:00:00+00:00,32.3790217539089,718,14d
2025-09-23 00:00:00+00:00,34.46675043265925,1438,30d
2025-09-23 00:00:00+00:00,36.76687101773721,312,60d
2025-09-23 00:00:00+00:00,32.87984121828877,1649,7d
2025-09-23 00:00:00+00:00,39.676434426229505,197,90d
2025-09-24 00:00:00+00:00,33.147911736867016,750,14d
2025-09-24 00:00:00+00:00,33.38937770132244,1424,30d
2025-09-24 00:00:00+00:00,37.11930668016194,311,60d
2025-09-24 00:00:00+00:00,31.29602231525109,1343,7d
2025-09-24 00:00:00+00:00,39.00012066831683,142,90d
2025-09-25 00:00:00+00:00,34.15278049850158,765,14d
2025-09-25 00:00:00+00:00,35.520700875556194,2411,30d
2025-09-25 00:00:00+00:00,37.4652308788291,497,60d
2025-09-25 00:00:00+00:00,34.02182369988362,2000,7d
2025-09-25 00:00:00+00:00,40.206239520958086,266,90d
2025-09-26 00:00:00+00:00,34.185243506883545,1806,14d
2025-09-26 00:00:00+00:00,34.787382473410084,2170,30d
2025-09-26 00:00:00+00:00,37.69416381437555,605,60d
2025-09-26 00:00:00+00:00,31.873492969164094,4904,7d
2025-09-26 00:00:00+00:00,39.98134361421147,653,90d
2025-09-27 00:00:00+00:00,32.831468646864685,396,14d
2025-09-27 00:00:00+00:00,35.667307692307695,238,30d
2025-09-27 00:00:00+00:00,38.148794117647064,200,60d
2025-09-27 00:00:00+00:00,31.080123729562526,1218,7d
2025-09-27 00:00:00+00:00,39.776138613861384,37,90d
2025-09-28 00:00:00+00:00,33.100507928642216,615,14d
2025-09-28 00:00:00+00:00,34.66667697063369,356,30d
2025-09-28 00:00:00+00:00,38.0861,288,60d
2025-09-28 00:00:00+00:00,33.27418027346343,835,7d
2025-09-28 00:00:00+00:00,39.74062084257206,106,90d
2025-09-29 00:00:00+00:00,33.267261068165844,1141,14d
2025-09-29 00:00:00+00:00,35.26171412813144,1257,30d
2025-09-29 00:00:00+00:00,37.12171540469974,587,60d
2025-09-29 00:00:00+00:00,34.27695386565273,2181,7d
2025-09-29 00:00:00+00:00,39.24104033338295,330,90d
2025-09-30 00:00:00+00:00,33.46181740666301,689,14d
2025-09-30 00:00:00+00:00,34.731713798876,1772,30d
2025-09-30 00:00:00+00:00,37.37872252902063,591,60d
2025-09-30 00:00:00+00:00,32.62796357910243,1487,7d
2025-09-30 00:00:00+00:00,39.41374489939496,280,90d
2025-10-01 00:00:00+00:00,34.79906975108986,967,14d
2025-10-01 00:00:00+00:00,34.88120261977206,1520,30d
2025-10-01 00:00:00+00:00,37.40784326769558,633,60d
2025-10-01 00:00:00+00:00,31.41934989522583,1916,7d
2025-10-01 00:00:00+00:00,39.5932526756631,292,90d
2025-10-02 00:00:00+00:00,34.47038553181517,993,14d
2025-10-02 00:00:00+00:00,35.18949348266872,3179,30d
2025-10-02 00:00:00+00:00,37.78671282435129,808,60d
2025-10-02 00:00:00+00:00,33.14081732709526,3053,7d
2025-10-02 00:00:00+00:00,40.01017711171662,531,90d
2025-10-03 00:00:00+00:00,34.936915825694705,2627,14d
2025-10-03 00:00:00+00:00,36.12251897690203,5104,30d
2025-10-03 00:00:00+00:00,37.80634381195129,1068,60d
2025-10-03 00:00:00+00:00,32.55449872970011,3957,7d
2025-10-03 00:00:00+00:00,39.83294343024566,645,90d
2025-10-04 00:00:00+00:00,35.82868126309704,723,14d
2025-10-04 00:00:00+00:00,35.82230364040735,890,30d
2025-10-04 00:00:00+00:00,37.93689847009736,462,60d
2025-10-04 00:00:00+00:00,33.26427795480881,879,7d
2025-10-04 00:00:00+00:00,39.97474025974026,178,90d
2025-10-05 00:00:00+00:00,37.64958818976507,2500,14d
2025-10-05 00:00:00+00:00,36.66382184106255,3150,30d
2025-10-05 00:00:00+00:00,38.078458378699395,625,60d
2025-10-05 00:00:00+00:00,39.345651508011315,2372,7d
2025-10-05 00:00:00+00:00,40.665956567192545,615,90d
2025-10-06 00:00:00+00:00,37.009027804107426,1390,14d
2025-10-06 00:00:00+00:00,36.64453729489104,2625,30d
2025-10-06 00:00:00+00:00,38.225337473443375,808,60d
2025-10-06 00:00:00+00:00,39.460200985631154,3955,7d
2025-10-06 00:00:00+00:00,40.20349597347229,592,90d
2025-10-07 00:00:00+00:00,36.91827236819509,430,14d
2025-10-07 00:00:00+00:00,37.42266315404317,1827,30d
2025-10-07 00:00:00+00:00,38.200485157578136,798,60d
2025-10-07 00:00:00+00:00,38.258476650458505,2178,7d
2025-10-07 00:00:00+00:00,40.29055518506169,467,90d
2025-10-08 00:00:00+00:00,36.35769259866347,342,14d
2025-10-08 00:00:00+00:00,37.675883875826685,1323,30d
2025-10-08 00:00:00+00:00,38.65705925782009,974,60d
2025-10-08 00:00:00+00:00,35.43148188891334,1283,7d
2025-10-08 00:00:00+00:00,40.539730329208496,436,90d
2025-10-09 00:00:00+00:00,36.89081114054657,1086,14d
2025-10-09 00:00:00+00:00,37.801382503934164,1237,30d
2025-10-09 00:00:00+00:00,39.370008698402664,977,60d
2025-10-09 00:00:00+00:00,36.25644558055609,2100,7d
2025-10-09 00:00:00+00:00,41.08785808051342,870,90d
2025-10-10 00:00:00+00:00,40.37154610733669,6417,14d
2025-10-10 00:00:00+00:00,40.478281488648534,4317,30d
2025-10-10 00:00:00+00:00,40.22447701106178,1512,60d
2025-10-10 00:00:00+00:00,40.165432490997,5931,7d
2025-10-10 00:00:00+00:00,43.518781512605045,1204,90d
2025-10-11 00:00:00+00:00,44.7211367991593,3728,14d
2025-10-11 00:00:00+00:00,43.75876563606325,1498,30d
2025-10-11 00:00:00+00:00,43.80146440516006,880,60d
2025-10-11 00:00:00+00:00,51.56474882550335,2447,7d
2025-10-11 00:00:00+00:00,44.126112864731695,867,90d
2025-10-12 00:00:00+00:00,43.80435297146397,4313,14d
2025-10-12 00:00:00+00:00,44.56861739314655,1548,60d
2025-10-12 00:00:00+00:00,48.374522433137905,2417,7d
2025-10-12 00:00:00+00:00,44.358964669051886,168,90d
2025-10-13 00:00:00+00:00,42.17601422887585,1284,14d
2025-10-13 00:00:00+00:00,43.92249467285034,1054,60d
2025-10-13 00:00:00+00:00,42.62708307485525,1921,7d
2025-10-14 00:00:00+00:00,43.149364318130615,2105,14d
2025-10-14 00:00:00+00:00,45.21709418230055,1569,60d
2025-10-14 00:00:00+00:00,45.77176625082075,2616,7d
2025-10-15 00:00:00+00:00,42.65653210630784,1491,14d
2025-10-15 00:00:00+00:00,45.35396635679504,638,60d
2025-10-15 00:00:00+00:00,40.25169156626506,1230,7d
2025-10-16 00:00:00+00:00,44.66551844590982,2187,14d
2025-10-16 00:00:00+00:00,44.379362247412516,645,30d
2025-10-16 00:00:00+00:00,46.29383691399546,734,60d
2025-10-16 00:00:00+00:00,44.442700771724574,3089,7d
2025-10-17 00:00:00+00:00,48.97522671365782,4960,14d
2025-10-17 00:00:00+00:00,50.281081339526175,961,30d
2025-10-17 00:00:00+00:00,48.44072705455971,1577,60d
2025-10-17 00:00:00+00:00,50.64934661040459,3398,7d
2025-10-18 00:00:00+00:00,45.99575877506002,1006,14d
2025-10-18 00:00:00+00:00,46.019948717948715,93,30d
2025-10-18 00:00:00+00:00,47.819817754262196,186,60d
2025-10-18 00:00:00+00:00,44.29655031805578,638,7d
2025-10-19 00:00:00+00:00,46.71870328812567,1016,14d
2025-10-19 00:00:00+00:00,47.06598575498575,627,30d
2025-10-19 00:00:00+00:00,48.34163441955194,230,60d
2025-10-19 00:00:00+00:00,49.518122022437375,1093,7d
2025-10-20 00:00:00+00:00,45.56758536832506,1086,14d
2025-10-20 00:00:00+00:00,44.962131076388886,623,30d
2025-10-20 00:00:00+00:00,46.36763949671773,402,60d
2025-10-20 00:00:00+00:00,44.704327085192894,2523,7d
2025-10-21 00:00:00+00:00,43.72675775608065,1107,14d
2025-10-21 00:00:00+00:00,45.53008898015058,966,30d
2025-10-21 00:00:00+00:00,46.456602002503125,593,60d
2025-10-21 00:00:00+00:00,45.816104944855304,4183,7d
2025-10-22 00:00:00+00:00,48.063002990638005,838,14d
2025-10-22 00:00:00+00:00,46.23181133473268,895,30d
2025-10-22 00:00:00+00:00,47.633912684203274,664,60d
2025-10-22 00:00:00+00:00,48.35649236259063,2894,7d
2025-10-23 00:00:00+00:00,46.01714625077463,578,14d
2025-10-23 00:00:00+00:00,44.28237511439573,1607,30d
2025-10-23 00:00:00+00:00,46.37842983128834,284,60d
2025-10-23 00:00:00+00:00,45.5938520813589,2327,7d
2025-10-24 00:00:00+00:00,42.341745227475464,734,14d
2025-10-24 00:00:00+00:00,42.89137389524142,1929,30d
2025-10-24 00:00:00+00:00,45.20757826244799,431,60d
2025-10-24 00:00:00+00:00,41.59887930598412,2502,7d
2025-10-25 00:00:00+00:00,39.754645218157776,671,14d
2025-10-25 00:00:00+00:00,41.54054248679789,584,30d
2025-10-25 00:00:00+00:00,44.15367578221237,185,60d
2025-10-25 00:00:00+00:00,38.92221214291398,678,7d
2025-10-26 00:00:00+00:00,40.62500718780194,1226,14d
2025-10-26 00:00:00+00:00,41.88738337531486,983,30d
2025-10-26 00:00:00+00:00,43.84023698027529,278,60d
2025-10-26 00:00:00+00:00,43.06242028875091,1733,7d
2025-10-27 00:00:00+00:00,39.70136029830354,715,14d
2025-10-27 00:00:00+00:00,40.693301808927714,944,30d
2025-10-27 00:00:00+00:00,43.30983411093831,260,60d
2025-10-27 00:00:00+00:00,40.4152256616162,2967,7d
2025-10-28 00:00:00+00:00,38.97470798601068,633,14d
2025-10-28 00:00:00+00:00,39.122321127777326,1590,30d
2025-10-28 00:00:00+00:00,42.630917884338345,450,60d
2025-10-28 00:00:00+00:00,39.408225012472975,1692,7d
2025-10-29 00:00:00+00:00,40.25386278624213,629,14d
2025-10-29 00:00:00+00:00,41.56676784460166,1815,30d
2025-10-29 00:00:00+00:00,43.96263867868658,995,60d
2025-10-29 00:00:00+00:00,41.471438567153676,2410,7d
2025-10-30 00:00:00+00:00,40.77251138581653,925,14d
2025-10-30 00:00:00+00:00,42.95829673466434,3315,30d
2025-10-30 00:00:00+00:00,44.702428202603066,1476,60d
2025-10-30 00:00:00+00:00,39.732654637390034,4730,7d
2025-10-30 00:00:00+00:00,45.80796296296297,50,90d
2025-10-31 00:00:00+00:00,36.713806319354696,1151,14d
2025-10-31 00:00:00+00:00,41.523500691215276,1615,30d
2025-10-31 00:00:00+00:00,43.85944340743254,679,60d
2025-10-31 00:00:00+00:00,38.91999916551926,3086,7d
2025-10-31 00:00:00+00:00,45.1653567251462,76,90d
2025-11-01 00:00:00+00:00,38.68704006893581,486,14d
2025-11-01 00:00:00+00:00,40.69134406405752,509,30d
2025-11-01 00:00:00+00:00,44.418162853297446,177,60d
2025-11-01 00:00:00+00:00,37.08063876651982,646,7d
2025-11-01 00:00:00+00:00,44.0021978021978,13,90d
2025-11-02 00:00:00+00:00,41.75025858088348,536,14d
2025-11-02 00:00:00+00:00,41.1525332795482,508,30d
2025-11-02 00:00:00+00:00,43.492550043516104,176,60d
2025-11-02 00:00:00+00:00,43.82308983525024,1856,7d
2025-11-02 00:00:00+00:00,44.678,13,90d
2025-11-03 00:00:00+00:00,42.36682639821029,832,14d
2025-11-03 00:00:00+00:00,42.70823980692697,2186,30d
2025-11-03 00:00:00+00:00,44.20572773315598,738,60d
2025-11-03 00:00:00+00:00,46.356786098507875,3616,7d
2025-11-03 00:00:00+00:00,44.62797071129707,55,90d
2025-11-04 00:00:00+00:00,47.824428029175344,1433,14d
2025-11-04 00:00:00+00:00,46.1873712143864,3049,30d
2025-11-04 00:00:00+00:00,47.32567961437139,1748,60d
2025-11-04 00:00:00+00:00,48.38423049660906,4390,7d
2025-11-04 00:00:00+00:00,47.71933899834561,238,90d
2025-11-05 00:00:00+00:00,45.048588087549334,586,14d
2025-11-05 00:00:00+00:00,44.5528696003696,1779,30d
2025-11-05 00:00:00+00:00,45.46787606378901,1107,60d
2025-11-05 00:00:00+00:00,42.18718080374164,2139,7d
2025-11-05 00:00:00+00:00,46.634857056876314,91,90d
2025-11-06 00:00:00+00:00,44.287818416850435,815,14d
2025-11-06 00:00:00+00:00,42.11852006834746,1915,30d
2025-11-06 00:00:00+00:00,45.637454442983284,789,60d
2025-11-06 00:00:00+00:00,42.03948926352614,2537,7d
2025-11-06 00:00:00+00:00,44.88472915398661,99,90d
2025-11-07 00:00:00+00:00,41.59245320688795,1911,14d
2025-11-07 00:00:00+00:00,42.52045002303086,1504,30d
2025-11-07 00:00:00+00:00,45.27568261998269,477,60d
2025-11-07 00:00:00+00:00,41.73251300861554,2939,7d
2025-11-07 00:00:00+00:00,45.56412404787813,42,90d
2025-11-08 00:00:00+00:00,39.339295790169714,837,14d
2025-11-08 00:00:00+00:00,39.98714294400194,369,30d
2025-11-08 00:00:00+00:00,42.225473852477734,307,60d
2025-11-08 00:00:00+00:00,38.401192122354914,824,7d
2025-11-08 00:00:00+00:00,43.79193602693603,46,90d
2025-11-09 00:00:00+00:00,41.29411886376172,1322,14d
2025-11-09 00:00:00+00:00,44.66949394939493,354,60d
2025-11-09 00:00:00+00:00,41.4048717425047,1549,7d
2025-11-09 00:00:00+00:00,45.131495145631064,31,90d
2025-11-10 00:00:00+00:00,42.00268277072365,1542,14d
2025-11-10 00:00:00+00:00,43.69284918535023,424,60d
2025-11-10 00:00:00+00:00,43.56495204227647,2482,7d
2025-11-10 00:00:00+00:00,43.93186656671664,110,90d
2025-11-11 00:00:00+00:00,41.4372293960792,4428,14d
2025-11-11 00:00:00+00:00,42.068117057902974,216,60d
2025-11-11 00:00:00+00:00,42.363318267554,2224,7d
2025-11-11 00:00:00+00:00,44.50108448928121,77,90d
2025-11-12 00:00:00+00:00,41.1215218036191,1487,14d
2025-11-12 00:00:00+00:00,41.01361343280791,1935,7d
2025-11-12 00:00:00+00:00,46.18423178371249,233,90d
2025-11-13 00:00:00+00:00,41.684995907316456,1659,14d
2025-11-13 00:00:00+00:00,42.39127830856334,595,30d
2025-11-13 00:00:00+00:00,42.85708786610879,2057,7d
2025-11-13 00:00:00+00:00,45.40274576271186,157,90d
2025-11-14 00:00:00+00:00,47.8382426296655,4593,14d
2025-11-14 00:00:00+00:00,47.27307946506945,1545,30d
2025-11-14 00:00:00+00:00,51.27222512674271,3792,7d
2025-11-14 00:00:00+00:00,47.84239842886952,545,90d
2025-11-15 00:00:00+00:00,45.48114908089724,686,14d
2025-11-15 00:00:00+00:00,46.883416789396165,63,30d
2025-11-15 00:00:00+00:00,47.23241472821501,987,7d
2025-11-15 00:00:00+00:00,47.784509803921566,50,90d
2025-11-16 00:00:00+00:00,46.576902141404474,1740,14d
2025-11-16 00:00:00+00:00,47.72046710338934,603,30d
2025-11-16 00:00:00+00:00,48.6934375,127,60d
2025-11-16 00:00:00+00:00,52.89580423679143,1867,7d
2025-11-16 00:00:00+00:00,47.790666666666674,11,90d
2025-11-17 00:00:00+00:00,46.58294406009093,1112,14d
2025-11-17 00:00:00+00:00,47.4858225301101,1238,30d
2025-11-17 00:00:00+00:00,47.65756067588325,223,60d
2025-11-17 00:00:00+00:00,48.7879661124207,4113,7d
2025-11-18 00:00:00+00:00,49.87387984831746,977,14d
2025-11-18 00:00:00+00:00,50.61289837825225,1566,30d
2025-11-18 00:00:00+00:00,49.15617689682577,252,60d
2025-11-18 00:00:00+00:00,51.187827287962875,3952,7d
2025-11-19 00:00:00+00:00,48.67060742560742,756,14d
2025-11-19 00:00:00+00:00,49.97627563771969,1548,30d
2025-11-19 00:00:00+00:00,49.283555240793206,203,60d
2025-11-19 00:00:00+00:00,49.2809788804271,2662,7d
2025-11-20 00:00:00+00:00,48.493324468085106,1110,14d
2025-11-20 00:00:00+00:00,50.37319653041825,2279,30d
2025-11-20 00:00:00+00:00,50.873058382431715,158,60d
2025-11-20 00:00:00+00:00,51.988362278587715,3422,7d
2025-11-21 00:00:00+00:00,57.580646567299006,2245,14d
2025-11-21 00:00:00+00:00,56.05186544141299,3828,30d
2025-11-21 00:00:00+00:00,53.484735277854575,598,60d
2025-11-21 00:00:00+00:00,64.08275585842327,4857,7d
2025-11-22 00:00:00+00:00,55.67252331321997,461,14d
2025-11-22 00:00:00+00:00,53.412905795111236,520,30d
2025-11-22 00:00:00+00:00,52.28350057670127,130,60d
2025-11-22 00:00:00+00:00,57.040447397563675,894,7d
2025-11-23 00:00:00+00:00,57.15964120171674,656,14d
2025-11-23 00:00:00+00:00,53.81915673458925,488,30d
2025-11-23 00:00:00+00:00,52.95405666452027,248,60d
2025-11-23 00:00:00+00:00,59.408533228125556,1230,7d
2025-11-24 00:00:00+00:00,55.397611878453034,1488,14d
2025-11-24 00:00:00+00:00,52.16499952790105,998,30d
2025-11-24 00:00:00+00:00,51.511578729852594,229,60d
2025-11-24 00:00:00+00:00,51.872958304518214,2763,7d
2025-11-25 00:00:00+00:00,47.45429956374212,308,14d
2025-11-25 00:00:00+00:00,49.40216545939764,611,30d
2025-11-25 00:00:00+00:00,50.27112888743776,248,60d
2025-11-25 00:00:00+00:00,48.75106169272603,1233,7d
2025-11-26 00:00:00+00:00,49.111893206566805,701,14d
2025-11-26 00:00:00+00:00,48.222835590087875,872,30d
2025-11-26 00:00:00+00:00,49.2772399434318,533,60d
2025-11-26 00:00:00+00:00,44.00252421450508,1600,7d
2025-11-27 00:00:00+00:00,47.00206743364848,405,14d
2025-11-27 00:00:00+00:00,47.755607396116375,905,30d
2025-11-27 00:00:00+00:00,47.742585295531,191,60d
2025-11-27 00:00:00+00:00,41.93125768177669,1358,7d
2025-11-27 00:00:00+00:00,47.754355179704014,12,90d
2025-11-28 00:00:00+00:00,45.24305472285899,1001,14d
2025-11-28 00:00:00+00:00,47.11680206827045,1359,30d
2025-11-28 00:00:00+00:00,45.46568897485493,697,60d
2025-11-28 00:00:00+00:00,40.60457547042466,2302,7d
2025-11-28 00:00:00+00:00,46.50598258706467,154,90d
2025-11-29 00:00:00+00:00,46.66269673704414,243,14d
2025-11-29 00:00:00+00:00,47.29951392681595,304,30d
2025-11-29 00:00:00+00:00,46.1650964467005,82,60d
2025-11-29 00:00:00+00:00,41.70109592861127,622,7d
2025-11-29 00:00:00+00:00,46.425822510822506,16,90d
2025-11-30 00:00:00+00:00,48.445688300950806,313,14d
2025-11-30 00:00:00+00:00,47.14246553966189,531,30d
2025-11-30 00:00:00+00:00,46.15870030581039,123,60d
2025-11-30 00:00:00+00:00,45.49853266557034,767,7d
2025-11-30 00:00:00+00:00,46.27363265306122,23,90d
2025-12-01 00:00:00+00:00,51.69997551650752,1480,14d
2025-12-01 00:00:00+00:00,50.368200270635995,2476,30d
2025-12-01 00:00:00+00:00,48.81938370804306,828,60d
2025-12-01 00:00:00+00:00,53.99358364796441,7343,7d
2025-12-01 00:00:00+00:00,47.83123130841121,190,90d
2025-12-02 00:00:00+00:00,49.85667963256635,851,14d
2025-12-02 00:00:00+00:00,47.70900662063478,1623,30d
2025-12-02 00:00:00+00:00,46.71032858990944,618,60d
2025-12-02 00:00:00+00:00,50.68733441404518,2235,7d
2025-12-02 00:00:00+00:00,47.199152157456474,130,90d
2025-12-03 00:00:00+00:00,47.39993663845224,585,14d
2025-12-03 00:00:00+00:00,46.822561251011976,966,30d
2025-12-03 00:00:00+00:00,45.422197285067874,800,60d
2025-12-03 00:00:00+00:00,48.15101170487412,1678,7d
2025-12-03 00:00:00+00:00,46.145209686946245,175,90d
2025-12-04 00:00:00+00:00,48.72360624370594,337,14d
2025-12-04 00:00:00+00:00,45.1530526366068,635,30d
2025-12-04 00:00:00+00:00,45.09924462386461,485,60d
2025-12-04 00:00:00+00:00,47.49125747309685,939,7d
2025-12-04 00:00:00+00:00,45.711414423211046,71,90d
2025-12-05 00:00:00+00:00,48.336451756776846,1228,14d
2025-12-05 00:00:00+00:00,47.69910843642038,930,30d
2025-12-05 00:00:00+00:00,46.063325939891314,337,60d
2025-12-05 00:00:00+00:00,46.50511657737871,2131,7d
2025-12-05 00:00:00+00:00,45.46298750247966,177,90d
2025-12-06 00:00:00+00:00,47.958586509214534,654,14d
2025-12-06 00:00:00+00:00,48.74096750902527,192,30d
2025-12-06 00:00:00+00:00,46.07672690763053,170,60d
2025-12-06 00:00:00+00:00,47.89210960092539,556,7d
2025-12-06 00:00:00+00:00,45.592804878048774,34,90d
2025-12-07 00:00:00+00:00,50.99196887760732,1361,14d
2025-12-07 00:00:00+00:00,47.47640637450199,225,60d
2025-12-07 00:00:00+00:00,56.42916470997478,1105,7d
2025-12-07 00:00:00+00:00,47.22890577507599,96,90d
2025-12-08 00:00:00+00:00,49.40508693652254,1456,14d
2025-12-08 00:00:00+00:00,46.47649001852233,318,60d
2025-12-08 00:00:00+00:00,53.641008504589585,1504,7d
2025-12-08 00:00:00+00:00,46.36152932837144,171,90d
2025-12-09 00:00:00+00:00,46.57838081660318,1608,14d
2025-12-09 00:00:00+00:00,45.571017678347935,518,60d
2025-12-09 00:00:00+00:00,51.27280532339433,1633,7d
2025-12-09 00:00:00+00:00,45.1088352570829,123,90d
2025-12-10 00:00:00+00:00,45.8196399843811,937,14d
2025-12-10 00:00:00+00:00,43.98982261166916,366,60d
2025-12-10 00:00:00+00:00,47.193919612048866,1115,7d
2025-12-10 00:00:00+00:00,44.724008204816535,327,90d
2025-12-11 00:00:00+00:00,44.448266119249794,1804,14d
2025-12-11 00:00:00+00:00,42.73190702157633,475,30d
2025-12-11 00:00:00+00:00,44.02697005056398,476,60d
2025-12-11 00:00:00+00:00,45.487349324218144,1544,7d
2025-12-11 00:00:00+00:00,43.75757475645913,333,90d
2025-12-12 00:00:00+00:00,42.20518235464835,1372,14d
2025-12-12 00:00:00+00:00,40.82938273179441,372,30d
2025-12-12 00:00:00+00:00,42.77973013887975,390,60d
2025-12-12 00:00:00+00:00,42.10211764468725,2268,7d
2025-12-12 00:00:00+00:00,43.66634589947089,459,90d
2025-12-13 00:00:00+00:00,44.597110633727176,459,14d
2025-12-13 00:00:00+00:00,45.27194444444444,36,30d
2025-12-13 00:00:00+00:00,42.84927692307692,129,60d
2025-12-13 00:00:00+00:00,42.866731094013886,510,7d
2025-12-13 00:00:00+00:00,44.392852386237514,307,90d
2025-12-14 00:00:00+00:00,46.49404969860991,944,14d
2025-12-14 00:00:00+00:00,45.63039597379167,271,60d
2025-12-14 00:00:00+00:00,51.79581374890033,1095,7d
2025-12-14 00:00:00+00:00,45.797720939904345,270,90d
2025-12-15 00:00:00+00:00,46.09193556316058,1043,14d
2025-12-15 00:00:00+00:00,45.11043032286426,710,60d
2025-12-15 00:00:00+00:00,48.757581061659444,3062,7d
2025-12-15 00:00:00+00:00,44.85831011351908,275,90d
2025-12-16 00:00:00+00:00,43.51688043555116,549,14d
2025-12-16 00:00:00+00:00,44.42967237527922,353,60d
2025-12-16 00:00:00+00:00,47.703772914328475,1759,7d
2025-12-16 00:00:00+00:00,44.6376024590164,157,90d
2025-12-17 00:00:00+00:00,42.93474478428195,522,14d
2025-12-17 00:00:00+00:00,44.146750490677135,521,60d
2025-12-17 00:00:00+00:00,44.99649005834028,2166,7d
2025-12-17 00:00:00+00:00,45.01507453786524,373,90d
2025-12-18 00:00:00+00:00,44.24924853662395,466,14d
2025-12-18 00:00:00+00:00,43.671477853492334,230,30d
2025-12-18 00:00:00+00:00,44.594462416149454,306,60d
2025-12-18 00:00:00+00:00,45.085356676122785,2094,7d
2025-12-18 00:00:00+00:00,45.20201545670297,343,90d
2025-12-19 00:00:00+00:00,43.402481139032275,906,14d
2025-12-19 00:00:00+00:00,43.57410226550921,423,30d
2025-12-19 00:00:00+00:00,45.08861571225745,158,60d
2025-12-19 00:00:00+00:00,44.52706118881119,2260,7d
2025-12-19 00:00:00+00:00,45.18337803406195,268,90d
2025-12-20 00:00:00+00:00,42.21164750957855,202,14d
2025-12-20 00:00:00+00:00,42.575346153846155,33,30d
2025-12-20 00:00:00+00:00,44.349242424242426,100,60d
2025-12-20 00:00:00+00:00,40.81515021459228,619,7d
2025-12-20 00:00:00+00:00,44.97635338345865,112,90d
2025-12-21 00:00:00+00:00,42.796559362079144,226,14d
2025-12-21 00:00:00+00:00,44.07722304283604,108,30d
2025-12-21 00:00:00+00:00,44.699411764705886,53,60d
2025-12-21 00:00:00+00:00,46.956967513028054,660,7d
2025-12-21 00:00:00+00:00,44.07895306859205,62,90d
2025-12-22 00:00:00+00:00,42.24908704883227,415,14d
2025-12-22 00:00:00+00:00,43.84280576527111,580,30d
2025-12-22 00:00:00+00:00,43.66084171178139,192,60d
2025-12-22 00:00:00+00:00,45.073400762480695,1853,7d
2025-12-22 00:00:00+00:00,44.48343277945619,435,90d
2025-12-23 00:00:00+00:00,40.88759204712813,333,14d
2025-12-23 00:00:00+00:00,42.68173283072211,486,30d
2025-12-23 00:00:00+00:00,42.777536970299494,164,60d
2025-12-23 00:00:00+00:00,41.00734337167071,1515,7d
2025-12-23 00:00:00+00:00,44.552935747248846,206,90d
2025-12-24 00:00:00+00:00,40.368733980582526,173,14d
2025-12-24 00:00:00+00:00,41.13635476393802,340,30d
2025-12-24 00:00:00+00:00,42.20550642673522,173,60d
2025-12-24 00:00:00+00:00,34.963680892974395,865,7d
2025-12-24 00:00:00+00:00,42.862006329113925,151,90d
2025-12-25 00:00:00+00:00,38.55104411764706,125,14d
2025-12-25 00:00:00+00:00,40.25061258835409,246,30d
2025-12-25 00:00:00+00:00,41.270772727272735,48,60d
2025-12-25 00:00:00+00:00,34.705460559796435,469,7d
2025-12-25 00:00:00+00:00,42.39799428571429,165,90d
2025-12-26 00:00:00+00:00,38.895499538075754,798,14d
2025-12-26 00:00:00+00:00,40.06496463967961,1086,30d
2025-12-26 00:00:00+00:00,40.7827570215205,275,60d
2025-12-26 00:00:00+00:00,36.72172990651501,2032,7d
2025-12-26 00:00:00+00:00,41.50871630881681,522,90d
2025-12-27 00:00:00+00:00,37.883961569910056,212,14d
2025-12-27 00:00:00+00:00,40.684780635400905,213,30d
2025-12-27 00:00:00+00:00,41.202571677644336,58,60d
2025-12-27 00:00:00+00:00,35.66184860258178,563,7d
2025-12-27 00:00:00+00:00,41.81158301158302,185,90d
2025-12-28 00:00:00+00:00,39.566979770830386,273,14d
2025-12-28 00:00:00+00:00,39.94271406727828,237,30d
2025-12-28 00:00:00+00:00,40.89033333333334,52,60d
2025-12-28 00:00:00+00:00,38.68197413206263,362,7d
2025-12-28 00:00:00+00:00,42.33899082568807,175,90d
2025-12-29 00:00:00+00:00,39.49311160210606,800,14d
2025-12-29 00:00:00+00:00,39.844498279057454,631,30d
2025-12-29 00:00:00+00:00,41.22961475791434,231,60d
2025-12-29 00:00:00+00:00,39.97967913445241,1829,7d
2025-12-29 00:00:00+00:00,42.05278517110266,510,90d
2025-12-30 00:00:00+00:00,39.03018506056527,310,14d
2025-12-30 00:00:00+00:00,39.806026247848536,378,30d
2025-12-30 00:00:00+00:00,40.95416705509462,216,60d
2025-12-30 00:00:00+00:00,38.78933135940652,999,7d
2025-12-30 00:00:00+00:00,42.006883365200764,491,90d
2025-12-31 00:00:00+00:00,40.00391513437058,263,14d
2025-12-31 00:00:00+00:00,40.40081466025583,555,30d
2025-12-31 00:00:00+00:00,41.20801347673966,94,60d
2025-12-31 00:00:00+00:00,40.65655698474424,807,7d
2025-12-31 00:00:00+00:00,42.1063560551124,283,90d
2026-01-01 00:00:00+00:00,39.239234583204215,136,14d
2026-01-01 00:00:00+00:00,39.647306417595665,309,30d
2026-01-01 00:00:00+00:00,40.89272401433692,54,60d
2026-01-01 00:00:00+00:00,37.0119175911252,715,7d
2026-01-01 00:00:00+00:00,42.255825242718444,126,90d
2026-01-02 00:00:00+00:00,40.615543231661206,942,14d
2026-01-02 00:00:00+00:00,40.87097276513938,1240,30d
2026-01-02 00:00:00+00:00,41.787822299651566,612,60d
2026-01-02 00:00:00+00:00,40.467837283770734,2374,7d
2026-01-02 00:00:00+00:00,42.26510145315744,503,90d
2026-01-03 00:00:00+00:00,41.193633038120915,388,14d
2026-01-03 00:00:00+00:00,42.01193241056984,460,30d
2026-01-03 00:00:00+00:00,42.04902791145332,64,60d
2026-01-03 00:00:00+00:00,40.102091542891785,658,7d
2026-01-03 00:00:00+00:00,43.365115286080275,244,90d
2026-01-04 00:00:00+00:00,42.80286615276804,501,14d
2026-01-04 00:00:00+00:00,42.99229715206878,519,30d
2026-01-04 00:00:00+00:00,42.68553285477636,88,60d
2026-01-04 00:00:00+00:00,46.0505834317198,872,7d
2026-01-04 00:00:00+00:00,43.26530518394649,255,90d
2026-01-05 00:00:00+00:00,43.61544499092452,1057,14d
2026-01-05 00:00:00+00:00,43.68560131379485,1220,30d
2026-01-05 00:00:00+00:00,43.671685823754785,631,60d
2026-01-05 00:00:00+00:00,46.17580963215775,2875,7d
2026-01-05 00:00:00+00:00,43.386989781190465,428,90d
2026-01-06 00:00:00+00:00,42.23443801344286,432,14d
2026-01-06 00:00:00+00:00,42.74747231543624,968,30d
2026-01-06 00:00:00+00:00,42.77666484068292,256,60d
2026-01-06 00:00:00+00:00,43.49620140654709,1419,7d
2026-01-06 00:00:00+00:00,42.99094874194219,239,90d
2026-01-07 00:00:00+00:00,42.33369141733177,221,14d
2026-01-07 00:00:00+00:00,42.79448077561102,992,30d
2026-01-07 00:00:00+00:00,42.91171581769437,411,60d
2026-01-07 00:00:00+00:00,42.69777016583817,1091,7d
2026-01-07 00:00:00+00:00,43.36188414907948,377,90d
2026-01-08 00:00:00+00:00,42.12423566684945,338,14d
2026-01-08 00:00:00+00:00,41.71285502854324,533,30d
2026-01-08 00:00:00+00:00,42.57864161849711,258,60d
2026-01-08 00:00:00+00:00,43.03243103542086,1388,7d
2026-01-08 00:00:00+00:00,42.76072265979456,657,90d
2026-01-09 00:00:00+00:00,38.49100044280443,798,14d
2026-01-09 00:00:00+00:00,39.140529274004685,540,30d
2026-01-09 00:00:00+00:00,41.220766725546476,479,60d
2026-01-09 00:00:00+00:00,37.9175559390894,2718,7d
2026-01-09 00:00:00+00:00,42.4779221304373,632,90d
2026-01-10 00:00:00+00:00,36.6912096291866,251,14d
2026-01-10 00:00:00+00:00,37.33330721003134,40,30d
2026-01-10 00:00:00+00:00,40.014072847682115,90,60d
2026-01-10 00:00:00+00:00,34.604649465460525,510,7d
2026-01-10 00:00:00+00:00,42.349321766561516,169,90d
2026-01-11 00:00:00+00:00,39.09537684846558,427,14d
2026-01-11 00:00:00+00:00,40.75596185064935,255,60d
2026-01-11 00:00:00+00:00,38.63722759509994,477,7d
2026-01-11 00:00:00+00:00,42.78625,32,90d
2026-01-12 00:00:00+00:00,38.64818800622642,696,14d
2026-01-12 00:00:00+00:00,41.463716930303235,830,60d
2026-01-12 00:00:00+00:00,40.6791390665569,1564,7d
2026-01-13 00:00:00+00:00,38.5105438668232,1324,14d
2026-01-13 00:00:00+00:00,40.08810055447325,707,60d
2026-01-13 00:00:00+00:00,38.35416289408214,2017,7d
2026-01-14 00:00:00+00:00,39.073059570131555,1720,14d
2026-01-14 00:00:00+00:00,41.389369842738205,466,60d
2026-01-14 00:00:00+00:00,38.56516215302327,1852,7d
2026-01-15 00:00:00+00:00,39.16495235174789,1050,14d
2026-01-15 00:00:00+00:00,38.51536214242239,185,30d
2026-01-15 00:00:00+00:00,40.36397799025798,308,60d
2026-01-15 00:00:00+00:00,38.79065402608669,860,7d
2026-01-16 00:00:00+00:00,36.79568649631799,1447,14d
2026-01-16 00:00:00+00:00,37.31165666686084,441,30d
2026-01-16 00:00:00+00:00,39.82935706695006,239,60d
2026-01-16 00:00:00+00:00,35.04730944837868,1696,7d
2026-01-17 00:00:00+00:00,36.48732478443511,367,14d
2026-01-17 00:00:00+00:00,35.84377586206897,19,30d
2026-01-17 00:00:00+00:00,39.65868387096774,100,60d
2026-01-17 00:00:00+00:00,32.37841289104638,605,7d
2026-01-18 00:00:00+00:00,37.8383250815119,525,14d
2026-01-18 00:00:00+00:00,38.474806629834255,69,30d
2026-01-18 00:00:00+00:00,40.07405139483736,174,60d
2026-01-18 00:00:00+00:00,46.54044462322339,435,7d
2026-01-19 00:00:00+00:00,39.85384101510001,873,14d
2026-01-19 00:00:00+00:00,38.650264935405595,502,30d
2026-01-19 00:00:00+00:00,39.54387803112559,345,60d
2026-01-19 00:00:00+00:00,41.12946362428252,1793,7d
2026-01-20 00:00:00+00:00,39.937221764899576,700,14d
2026-01-20 00:00:00+00:00,38.898614811912225,947,30d
2026-01-20 00:00:00+00:00,40.24586071184121,617,60d
2026-01-20 00:00:00+00:00,40.88705550826988,2837,7d
2026-01-21 00:00:00+00:00,40.13114769062253,688,14d
2026-01-21 00:00:00+00:00,39.417757438639796,698,30d
2026-01-21 00:00:00+00:00,40.6342423748165,781,60d
2026-01-21 00:00:00+00:00,42.33265571803525,2324,7d
2026-01-22 00:00:00+00:00,38.8023209196276,231,14d
2026-01-22 00:00:00+00:00,37.567213548387095,384,30d
2026-01-22 00:00:00+00:00,38.65539573820396,361,60d
2026-01-22 00:00:00+00:00,38.4354337431694,1187,7d
2026-01-23 00:00:00+00:00,35.855362002906595,854,14d
2026-01-23 00:00:00+00:00,36.6627134601044,1120,30d
2026-01-23 00:00:00+00:00,38.87340586419753,1029,60d
2026-01-23 00:00:00+00:00,35.542231069711534,2212,7d
2026-01-24 00:00:00+00:00,35.71103345280765,297,14d
2026-01-24 00:00:00+00:00,36.26816101694915,157,30d
2026-01-24 00:00:00+00:00,38.94826695371367,196,60d
2026-01-24 00:00:00+00:00,36.29422399672399,488,7d
2026-01-25 00:00:00+00:00,38.822185165132645,842,14d
2026-01-25 00:00:00+00:00,38.739405727923625,669,30d
2026-01-25 00:00:00+00:00,40.13716593245228,847,60d
2026-01-25 00:00:00+00:00,45.68321952241307,1926,7d
2026-01-26 00:00:00+00:00,40.19064872657376,458,14d
2026-01-26 00:00:00+00:00,39.819480976848915,695,30d
2026-01-26 00:00:00+00:00,40.274113198341055,740,60d
2026-01-26 00:00:00+00:00,44.54342401360204,1772,7d
2026-01-27 00:00:00+00:00,37.221743264659274,385,14d
2026-01-27 00:00:00+00:00,36.39608156764991,548,30d
2026-01-27 00:00:00+00:00,39.79769649883968,577,60d
2026-01-27 00:00:00+00:00,38.43239334172612,925,7d
2026-01-28 00:00:00+00:00,36.870056519453215,434,14d
2026-01-28 00:00:00+00:00,36.33826588439229,798,30d
2026-01-28 00:00:00+00:00,38.368159999999996,668,60d
2026-01-28 00:00:00+00:00,36.99257560706402,1440,7d
2026-01-29 00:00:00+00:00,39.33666579770595,781,14d
2026-01-29 00:00:00+00:00,38.052906896623725,1976,30d
2026-01-29 00:00:00+00:00,39.1386385791547,1132,60d
2026-01-29 00:00:00+00:00,39.865581191544656,2669,7d
2026-01-29 00:00:00+00:00,40.34294036502546,145,90d
2026-01-30 00:00:00+00:00,43.40050102822958,1841,14d
2026-01-30 00:00:00+00:00,40.38459709293535,2377,30d
2026-01-30 00:00:00+00:00,41.16327236487279,858,60d
2026-01-30 00:00:00+00:00,46.573716577077974,3067,7d
2026-01-30 00:00:00+00:00,40.905394404952986,270,90d
2026-01-31 00:00:00+00:00,48.02832990412818,2121,14d
2026-01-31 00:00:00+00:00,43.874065615370675,1773,30d
2026-01-31 00:00:00+00:00,44.42246195028681,990,60d
2026-01-31 00:00:00+00:00,53.84807945139663,2974,7d
2026-01-31 00:00:00+00:00,44.04142090045436,614,90d
2026-02-01 00:00:00+00:00,48.83722594649812,1140,14d
2026-02-01 00:00:00+00:00,44.599320343663706,653,30d
2026-02-01 00:00:00+00:00,43.930659234125066,654,60d
2026-02-01 00:00:00+00:00,57.42123110412384,1234,7d
2026-02-01 00:00:00+00:00,43.26177173913044,220,90d
2026-02-02 00:00:00+00:00,47.599270506862645,1551,14d
2026-02-02 00:00:00+00:00,46.00024158729113,1439,30d
2026-02-02 00:00:00+00:00,45.01672528211872,1141,60d
2026-02-02 00:00:00+00:00,56.191000254842,3043,7d
2026-02-02 00:00:00+00:00,43.330128205128204,292,90d
2026-02-03 00:00:00+00:00,50.283107255520505,752,14d
2026-02-03 00:00:00+00:00,48.83319300185617,1597,30d
2026-02-03 00:00:00+00:00,46.3112910402481,1227,60d
2026-02-03 00:00:00+00:00,57.08833644249604,2194,7d
2026-02-03 00:00:00+00:00,45.97803997577226,479,90d
2026-02-04 00:00:00+00:00,54.288292544754135,828,14d
2026-02-04 00:00:00+00:00,51.3935770234987,1505,30d
2026-02-04 00:00:00+00:00,51.27365405493432,1612,60d
2026-02-04 00:00:00+00:00,57.42905058905059,2692,7d
2026-02-04 00:00:00+00:00,47.64686477382098,664,90d
2026-02-05 00:00:00+00:00,67.50565549977802,1479,14d
2026-02-05 00:00:00+00:00,66.43593307348607,2998,30d
2026-02-05 00:00:00+00:00,60.12133235458612,2264,60d
2026-02-05 00:00:00+00:00,77.40018677198137,4554,7d
2026-02-05 00:00:00+00:00,53.79283777377454,908,90d
2026-02-06 00:00:00+00:00,66.48935132088418,1853,14d
2026-02-06 00:00:00+00:00,66.48287989932784,1561,30d
2026-02-06 00:00:00+00:00,64.04220346977279,1663,60d
2026-02-06 00:00:00+00:00,75.32866047671324,2856,7d
2026-02-06 00:00:00+00:00,55.063958333333325,421,90d
2026-02-07 00:00:00+00:00,59.11665612648222,659,14d
2026-02-07 00:00:00+00:00,57.76481186365648,200,30d
2026-02-07 00:00:00+00:00,52.011701954397395,150,60d
2026-02-07 00:00:00+00:00,65.35046470682389,1025,7d
2026-02-07 00:00:00+00:00,51.852538141470184,80,90d
2026-02-08 00:00:00+00:00,57.064568014705884,584,14d
2026-02-08 00:00:00+00:00,51.375061963775025,232,60d
2026-02-08 00:00:00+00:00,65.19411838396492,883,7d
2026-02-08 00:00:00+00:00,51.628571428571426,6,90d
2026-02-09 00:00:00+00:00,56.00154671822394,1195,14d
2026-02-09 00:00:00+00:00,51.171537015428505,819,60d
2026-02-09 00:00:00+00:00,68.63121785838285,2096,7d
2026-02-10 00:00:00+00:00,53.801793079342886,829,14d
2026-02-10 00:00:00+00:00,50.42935560859189,137,60d
2026-02-10 00:00:00+00:00,61.120785119984575,1077,7d
2026-02-11 00:00:00+00:00,55.47613806935818,1530,14d
2026-02-11 00:00:00+00:00,49.43887705204331,375,60d
2026-02-11 00:00:00+00:00,58.03596360723277,1524,7d
2026-02-12 00:00:00+00:00,54.66662320730118,1233,14d
2026-02-12 00:00:00+00:00,54.82495712754555,138,30d
2026-02-12 00:00:00+00:00,48.6783963429701,168,60d
2026-02-12 00:00:00+00:00,57.22790880661757,1146,7d
2026-02-13 00:00:00+00:00,49.74795635081462,1490,14d
2026-02-13 00:00:00+00:00,49.14793025790048,443,30d
2026-02-13 00:00:00+00:00,47.889551179705514,268,60d
2026-02-13 00:00:00+00:00,49.04718040439405,1841,7d
2026-02-14 00:00:00+00:00,46.600498413013284,989,14d
2026-02-14 00:00:00+00:00,50.970212014134276,38,30d
2026-02-14 00:00:00+00:00,47.19268229166667,47,60d
2026-02-14 00:00:00+00:00,46.178470535978676,994,7d
2026-02-15 00:00:00+00:00,48.488631085403796,1085,14d
2026-02-15 00:00:00+00:00,47.22664983937586,214,30d
2026-02-15 00:00:00+00:00,47.25905660377359,48,60d
2026-02-15 00:00:00+00:00,50.69164573991031,671,7d
2026-02-16 00:00:00+00:00,50.08061739680754,236,14d
2026-02-16 00:00:00+00:00,48.59320316361839,272,30d
2026-02-16 00:00:00+00:00,47.44606676342526,101,60d
2026-02-16 00:00:00+00:00,53.081778145163135,1767,7d
2026-02-17 00:00:00+00:00,53.46439196525516,342,14d
2026-02-17 00:00:00+00:00,49.41246811594203,562,30d
2026-02-17 00:00:00+00:00,48.840395047169814,181,60d
2026-02-17 00:00:00+00:00,54.7421881740424,1608,7d
2026-02-18 00:00:00+00:00,49.866870767763466,486,14d
2026-02-18 00:00:00+00:00,48.81936343298759,715,30d
2026-02-18 00:00:00+00:00,49.49004784688995,207,60d
2026-02-18 00:00:00+00:00,50.27861350457032,1464,7d
2026-02-19 00:00:00+00:00,51.43452127659574,218,14d
2026-02-19 00:00:00+00:00,50.2907554552295,544,30d
2026-02-19 00:00:00+00:00,48.86343007915568,192,60d
2026-02-19 00:00:00+00:00,50.92352891156463,930,7d
2026-02-20 00:00:00+00:00,48.74380747714559,658,14d
2026-02-20 00:00:00+00:00,48.740321877554194,955,30d
2026-02-20 00:00:00+00:00,47.14658874458875,227,60d
2026-02-20 00:00:00+00:00,49.909927101289746,1935,7d
2026-02-21 00:00:00+00:00,48.395349090909086,262,14d
2026-02-21 00:00:00+00:00,46.70704727272727,107,30d
2026-02-21 00:00:00+00:00,47.009092122830445,49,60d
2026-02-21 00:00:00+00:00,46.09057358429337,593,7d
2026-02-22 00:00:00+00:00,49.59428968070338,250,14d
2026-02-22 00:00:00+00:00,48.22023765996343,104,30d
2026-02-22 00:00:00+00:00,47.325318518518515,83,60d
2026-02-22 00:00:00+00:00,51.887457370216,465,7d
2026-02-23 00:00:00+00:00,53.74418132865819,903,14d
2026-02-23 00:00:00+00:00,52.68050242483026,1054,30d
2026-02-23 00:00:00+00:00,49.692714768038016,263,60d
2026-02-23 00:00:00+00:00,61.484257077258384,3042,7d
2026-02-24 00:00:00+00:00,54.10727449078565,552,14d
2026-02-24 00:00:00+00:00,55.597608519618184,703,30d
2026-02-24 00:00:00+00:00,51.97280905554355,970,60d
2026-02-24 00:00:00+00:00,60.66489853438557,2255,7d
2026-02-25 00:00:00+00:00,49.5900926575881,654,14d
2026-02-25 00:00:00+00:00,49.55288572755288,1029,30d
2026-02-25 00:00:00+00:00,48.199911313378834,686,60d
2026-02-25 00:00:00+00:00,49.42952726243743,1993,7d
2026-02-26 00:00:00+00:00,49.300183789365,334,14d
2026-02-26 00:00:00+00:00,48.68842486495335,730,30d
2026-02-26 00:00:00+00:00,47.21053876705232,430,60d
2026-02-26 00:00:00+00:00,50.2888996388604,1317,7d
2026-02-26 00:00:00+00:00,47.413409090909084,16,90d
2026-02-27 00:00:00+00:00,49.4485330709661,917,14d
2026-02-27 00:00:00+00:00,49.242623895823826,1304,30d
2026-02-27 00:00:00+00:00,47.53631857970657,635,60d
2026-02-27 00:00:00+00:00,49.38636523089309,1718,7d
2026-02-27 00:00:00+00:00,47.74605151864667,105,90d
2026-02-28 00:00:00+00:00,58.51523563892146,1028,14d
2026-02-28 00:00:00+00:00,52.80198801076585,955,30d
2026-02-28 00:00:00+00:00,49.830376681614354,259,60d
2026-02-28 00:00:00+00:00,61.66646215869526,1968,7d
2026-02-28 00:00:00+00:00,49.612340611353716,125,90d
2026-03-01 00:00:00+00:00,53.95239780018332,667,14d
2026-03-01 00:00:00+00:00,51.94620498614959,422,30d
2026-03-01 00:00:00+00:00,49.16187086614173,272,60d
2026-03-01 00:00:00+00:00,59.93678295661941,1099,7d
2026-03-01 00:00:00+00:00,48.96804820415879,49,90d
2026-03-02 00:00:00+00:00,52.82380065644048,765,14d
2026-03-02 00:00:00+00:00,50.64194142537128,1188,30d
2026-03-02 00:00:00+00:00,49.47760464905112,523,60d
2026-03-02 00:00:00+00:00,58.10390435743124,2310,7d
2026-03-02 00:00:00+00:00,48.46202723404255,121,90d
2026-03-03 00:00:00+00:00,52.81283563293912,592,14d
2026-03-03 00:00:00+00:00,52.598009681413934,689,30d
2026-03-03 00:00:00+00:00,50.1364788213628,282,60d
2026-03-03 00:00:00+00:00,58.149692826624694,1080,7d
2026-03-03 00:00:00+00:00,49.0781172146212,119,90d
2026-03-04 00:00:00+00:00,53.736231293524966,730,14d
2026-03-04 00:00:00+00:00,52.724644103615006,1783,30d
2026-03-04 00:00:00+00:00,50.65373183182013,694,60d
2026-03-04 00:00:00+00:00,56.406541994750654,2229,7d
2026-03-04 00:00:00+00:00,49.93478730059431,160,90d
2026-03-05 00:00:00+00:00,54.69972119234762,385,14d
2026-03-05 00:00:00+00:00,53.43991590013141,592,30d
2026-03-05 00:00:00+00:00,50.99636213235294,379,60d
2026-03-05 00:00:00+00:00,54.656590956018995,1273,7d
2026-03-05 00:00:00+00:00,50.381198347107436,93,90d
2026-03-06 00:00:00+00:00,54.743757656967844,1159,14d
2026-03-06 00:00:00+00:00,54.37347882352942,813,30d
2026-03-06 00:00:00+00:00,51.03806811653673,443,60d
2026-03-06 00:00:00+00:00,55.13513123020233,1547,7d
2026-03-06 00:00:00+00:00,50.019696969696966,88,90d
2026-03-07 00:00:00+00:00,56.53129895104895,490,14d
2026-03-07 00:00:00+00:00,55.23621241702459,166,30d
2026-03-07 00:00:00+00:00,51.85277912621358,137,60d
2026-03-07 00:00:00+00:00,60.12040478795289,632,7d
2026-03-07 00:00:00+00:00,51.56644859813084,7,90d
2026-03-08 00:00:00+00:00,61.28268094534711,1302,14d
2026-03-08 00:00:00+00:00,55.43165853658536,235,60d
2026-03-08 00:00:00+00:00,65.79497815254886,1030,7d
2026-03-08 00:00:00+00:00,53.2478916715201,199,90d
2026-03-09 00:00:00+00:00,57.952206109134046,840,14d
2026-03-09 00:00:00+00:00,53.777344750765806,465,60d
2026-03-09 00:00:00+00:00,62.134358005453834,1651,7d
2026-03-09 00:00:00+00:00,52.18583952027413,143,90d
2026-03-10 00:00:00+00:00,52.90828645154697,1030,14d
2026-03-10 00:00:00+00:00,51.083298066399124,116,60d
2026-03-10 00:00:00+00:00,54.20785323036097,1539,7d
2026-03-10 00:00:00+00:00,50.71654295051354,217,90d
2026-03-11 00:00:00+00:00,52.14222460422163,616,14d
2026-03-11 00:00:00+00:00,51.75797837912277,725,7d
2026-03-11 00:00:00+00:00,51.01001788197894,235,90d
2026-03-12 00:00:00+00:00,54.015893824987266,634,14d
2026-03-12 00:00:00+00:00,52.86334170854271,40,30d
2026-03-12 00:00:00+00:00,52.307441063708296,771,7d
2026-03-12 00:00:00+00:00,50.76958448753462,168,90d
2026-03-13 00:00:00+00:00,51.89377903112479,1836,14d
2026-03-13 00:00:00+00:00,51.6955576070901,202,30d
2026-03-13 00:00:00+00:00,51.120551782034646,1776,7d
2026-03-13 00:00:00+00:00,50.4924980224648,361,90d
2026-03-14 00:00:00+00:00,52.51551440902131,375,14d
2026-03-14 00:00:00+00:00,53.96033333333333,22,30d
2026-03-14 00:00:00+00:00,52.5116468885673,474,7d
2026-03-14 00:00:00+00:00,50.90430481283423,185,90d
2026-03-15 00:00:00+00:00,52.912759050667105,1013,14d
2026-03-15 00:00:00+00:00,50.221505747126436,109,30d
2026-03-15 00:00:00+00:00,50.17337796086508,60,60d
2026-03-15 00:00:00+00:00,56.27306167657689,451,7d
2026-03-15 00:00:00+00:00,50.57764367816092,192,90d
2026-03-16 00:00:00+00:00,52.13889385004212,920,14d
2026-03-16 00:00:00+00:00,49.97220359561055,601,30d
2026-03-16 00:00:00+00:00,50.26820382165605,104,60d
2026-03-16 00:00:00+00:00,54.14818741407324,2141,7d
2026-03-16 00:00:00+00:00,49.776377525874814,316,90d
2026-03-17 00:00:00+00:00,49.81534508816121,406,14d
2026-03-17 00:00:00+00:00,49.14275659358119,717,30d
2026-03-17 00:00:00+00:00,49.11300501967169,485,60d
2026-03-17 00:00:00+00:00,53.557810165753715,1738,7d
2026-03-17 00:00:00+00:00,48.03363643321852,210,90d
2026-03-18 00:00:00+00:00,51.873905374216946,371,14d
2026-03-18 00:00:00+00:00,49.22420974889217,544,30d
2026-03-18 00:00:00+00:00,48.49201682176092,222,60d
2026-03-18 00:00:00+00:00,53.423818901634355,1336,7d
2026-03-18 00:00:00+00:00,48.30178845319057,219,90d
2026-03-19 00:00:00+00:00,53.07018859350147,379,14d
2026-03-19 00:00:00+00:00,52.35162175648703,696,30d
2026-03-19 00:00:00+00:00,50.73508548844402,191,60d
2026-03-19 00:00:00+00:00,56.285579627518054,2168,7d
2026-03-19 00:00:00+00:00,50.92225273488498,421,90d
2026-03-20 00:00:00+00:00,52.02154323792215,607,14d
2026-03-20 00:00:00+00:00,50.78796073396459,906,30d
2026-03-20 00:00:00+00:00,50.3288168786594,334,60d
2026-03-20 00:00:00+00:00,51.49823166594709,2047,7d
2026-03-20 00:00:00+00:00,51.423525737131435,203,90d
2026-03-21 00:00:00+00:00,52.89535949367089,304,14d
2026-03-21 00:00:00+00:00,51.24708922476841,230,30d
2026-03-21 00:00:00+00:00,51.01103594080338,85,60d
2026-03-21 00:00:00+00:00,50.79483463964824,647,7d
2026-03-21 00:00:00+00:00,51.26166666666667,123,90d
2026-03-22 00:00:00+00:00,57.295702757916246,654,14d
2026-03-22 00:00:00+00:00,54.43793411764706,701,30d
2026-03-22 00:00:00+00:00,53.7283123046649,459,60d
2026-03-22 00:00:00+00:00,60.75630511174624,1260,7d
2026-03-22 00:00:00+00:00,53.12467680608365,376,90d
2026-03-23 00:00:00+00:00,56.997162477898456,791,14d
2026-03-23 00:00:00+00:00,52.59055408753097,923,30d
2026-03-23 00:00:00+00:00,51.72521108850458,416,60d
2026-03-23 00:00:00+00:00,57.66258872003274,2030,7d
2026-03-23 00:00:00+00:00,51.81798552932216,406,90d
2026-03-24 00:00:00+00:00,53.071928707829414,258,14d
2026-03-24 00:00:00+00:00,50.79515119174671,603,30d
2026-03-24 00:00:00+00:00,50.68986407311928,135,60d
2026-03-24 00:00:00+00:00,54.55413563529677,893,7d
2026-03-24 00:00:00+00:00,50.62256658595642,106,90d
2026-03-25 00:00:00+00:00,49.44111040407254,203,14d
2026-03-25 00:00:00+00:00,49.303580329058796,555,30d
2026-03-25 00:00:00+00:00,48.3361295761079,137,60d
2026-03-25 00:00:00+00:00,50.39346149933883,1113,7d
2026-03-25 00:00:00+00:00,49.1481302939711,217,90d
2026-03-26 00:00:00+00:00,50.256567733990146,382,14d
2026-03-26 00:00:00+00:00,49.89046741344196,872,30d
2026-03-26 00:00:00+00:00,49.84155608504398,243,60d
2026-03-26 00:00:00+00:00,50.45789516390782,1354,7d
2026-03-26 00:00:00+00:00,51.03021316688258,337,90d
2026-03-27 00:00:00+00:00,55.898046054034296,1096,14d
2026-03-27 00:00:00+00:00,52.11928373175754,1669,30d
2026-03-27 00:00:00+00:00,50.79621986639559,359,60d
2026-03-27 00:00:00+00:00,52.90458383356631,2292,7d
2026-03-27 00:00:00+00:00,50.94550418438743,384,90d
2026-03-28 00:00:00+00:00,51.221215559157216,242,14d
2026-03-28 00:00:00+00:00,51.10065022910757,344,30d
2026-03-28 00:00:00+00:00,49.014272076372315,105,60d
2026-03-28 00:00:00+00:00,49.97160619469027,798,7d
2026-03-28 00:00:00+00:00,51.09100569259962,145,90d
2026-03-29 00:00:00+00:00,53.245655802413445,407,14d
2026-03-29 00:00:00+00:00,53.44223416731821,383,30d
2026-03-29 00:00:00+00:00,50.5335609103079,105,60d
2026-03-29 00:00:00+00:00,56.4643562281723,698,7d
2026-03-29 00:00:00+00:00,50.736401869158875,62,90d
2026-03-30 00:00:00+00:00,51.89284646938177,424,14d
2026-03-30 00:00:00+00:00,52.880110486978325,760,30d
2026-03-30 00:00:00+00:00,49.7191047719206,343,60d
2026-03-30 00:00:00+00:00,54.75733516427626,1444,7d
2026-03-30 00:00:00+00:00,48.58942568343671,162,90d
2026-03-31 00:00:00+00:00,52.89513478462251,272,14d
2026-03-31 00:00:00+00:00,51.91780225299562,690,30d
2026-03-31 00:00:00+00:00,49.88023552994237,280,60d
2026-03-31 00:00:00+00:00,54.85181163986072,1183,7d
2026-03-31 00:00:00+00:00,50.54135717363205,346,90d
2026-04-01 00:00:00+00:00,50.301306850084224,348,14d
2026-04-01 00:00:00+00:00,50.58560847077193,1020,30d
2026-04-01 00:00:00+00:00,48.61139046786183,222,60d
2026-04-01 00:00:00+00:00,49.754311636201514,1050,7d
2026-04-01 00:00:00+00:00,48.93502747840982,308,90d
2026-04-02 00:00:00+00:00,49.285217251883914,390,14d
2026-04-02 00:00:00+00:00,53.33530640818525,728,30d
2026-04-02 00:00:00+00:00,49.010292668547606,677,60d
2026-04-02 00:00:00+00:00,49.38213164777681,1396,7d
2026-04-02 00:00:00+00:00,48.323204291560664,436,90d
2026-04-03 00:00:00+00:00,45.84461063261063,967,14d
2026-04-03 00:00:00+00:00,46.39422456813819,640,30d
2026-04-03 00:00:00+00:00,46.40024353284988,444,60d
2026-04-03 00:00:00+00:00,40.93209164122881,1611,7d
2026-04-03 00:00:00+00:00,47.98911651728553,145,90d
2026-04-04 00:00:00+00:00,44.794521921128,842,14d
2026-04-04 00:00:00+00:00,42.94442148760331,148,30d
2026-04-04 00:00:00+00:00,46.33897003745319,58,60d
2026-04-04 00:00:00+00:00,41.07999642013317,690,7d
2026-04-04 00:00:00+00:00,46.98979498861048,49,90d
2026-04-05 00:00:00+00:00,47.03988418644553,1319,14d
2026-04-05 00:00:00+00:00,45.66860902255639,58,60d
2026-04-05 00:00:00+00:00,47.018150668137785,753,7d
2026-04-05 00:00:00+00:00,48.06706993865031,153,90d
2026-04-06 00:00:00+00:00,46.251625048219104,1401,14d
2026-04-06 00:00:00+00:00,45.72675119904077,359,60d
2026-04-06 00:00:00+00:00,46.776572872340424,1798,7d
2026-04-06 00:00:00+00:00,46.81990133729569,539,90d
2026-04-07 00:00:00+00:00,47.91907746440155,1078,14d
2026-04-07 00:00:00+00:00,45.853239068145,259,60d
2026-04-07 00:00:00+00:00,49.70604097408038,1389,7d
2026-04-07 00:00:00+00:00,46.24303574851447,493,90d
2026-04-08 00:00:00+00:00,44.392890926138136,1349,14d
2026-04-08 00:00:00+00:00,43.15538636363637,292,60d
2026-04-08 00:00:00+00:00,43.63173809448169,1378,7d
2026-04-08 00:00:00+00:00,43.60955950991832,398,90d
2026-04-09 00:00:00+00:00,43.11617523560698,613,14d
2026-04-09 00:00:00+00:00,41.300621216109505,152,30d
2026-04-09 00:00:00+00:00,42.981096919609314,295,60d
2026-04-09 00:00:00+00:00,39.88475086986778,1156,7d
2026-04-09 00:00:00+00:00,43.985974877116334,246,90d
2026-04-10 00:00:00+00:00,41.27866679899431,942,14d
2026-04-10 00:00:00+00:00,40.68742717124966,283,30d
2026-04-10 00:00:00+00:00,42.29628834355829,157,60d
2026-04-10 00:00:00+00:00,38.32637522436981,1713,7d
2026-04-10 00:00:00+00:00,43.16168238537435,282,90d
2026-04-11 00:00:00+00:00,42.223142121283075,384,14d
2026-04-11 00:00:00+00:00,42.84318651441001,38,30d
2026-04-11 00:00:00+00:00,42.83997116770783,103,60d
2026-04-11 00:00:00+00:00,42.44424230915306,597,7d
2026-04-11 00:00:00+00:00,43.459347826086955,95,90d
2026-04-12 00:00:00+00:00,45.751895060441846,521,14d
2026-04-12 00:00:00+00:00,44.076332883677495,436,60d
2026-04-12 00:00:00+00:00,47.53508331297337,712,7d
2026-04-12 00:00:00+00:00,44.758084795321636,86,90d
2026-04-13 00:00:00+00:00,42.64239647974726,452,14d
2026-04-13 00:00:00+00:00,43.66448166242805,755,60d
2026-04-13 00:00:00+00:00,43.62537935612347,2700,7d
2026-04-14 00:00:00+00:00,43.46907464387464,796,14d
2026-04-14 00:00:00+00:00,42.95334269268567,422,60d
2026-04-14 00:00:00+00:00,44.80058997924696,1780,7d
2026-04-15 00:00:00+00:00,42.54339379357147,290,14d
2026-04-15 00:00:00+00:00,42.924837220905566,225,60d
2026-04-15 00:00:00+00:00,42.95246804145405,933,7d
2026-04-16 00:00:00+00:00,41.745831936295055,476,14d
2026-04-16 00:00:00+00:00,41.83591536338547,78,30d
2026-04-16 00:00:00+00:00,42.01504979177983,98,60d
2026-04-16 00:00:00+00:00,41.807537239517586,1362,7d
2026-04-17 00:00:00+00:00,42.66087785852816,1619,14d
2026-04-17 00:00:00+00:00,41.423152971940056,443,30d
2026-04-17 00:00:00+00:00,41.96078054895751,707,60d
2026-04-17 00:00:00+00:00,41.89198138495378,3485,7d
2026-04-18 00:00:00+00:00,43.40233708007073,595,14d
2026-04-18 00:00:00+00:00,41.25448,16,30d
2026-04-18 00:00:00+00:00,41.86890476190476,71,60d
2026-04-18 00:00:00+00:00,41.27110809983827,994,7d
2026-04-19 00:00:00+00:00,43.90430086243461,556,14d
2026-04-19 00:00:00+00:00,42.92362466124661,106,30d
2026-04-19 00:00:00+00:00,43.37441272135888,161,60d
2026-04-19 00:00:00+00:00,47.84362740098589,1152,7d
2026-04-20 00:00:00+00:00,42.12744249888708,525,14d
2026-04-20 00:00:00+00:00,41.12761257131215,356,30d
2026-04-20 00:00:00+00:00,41.623508300781246,177,60d
2026-04-20 00:00:00+00:00,45.480408176342436,1596,7d
2026-04-21 00:00:00+00:00,41.03955394480067,351,14d
2026-04-21 00:00:00+00:00,40.85167143384388,342,30d
2026-04-21 00:00:00+00:00,40.98925918367347,145,60d
2026-04-21 00:00:00+00:00,45.834490179967666,1127,7d
2026-04-22 00:00:00+00:00,41.40926055109871,586,14d
2026-04-22 00:00:00+00:00,40.771009752764314,720,30d
2026-04-22 00:00:00+00:00,41.17963071193238,504,60d
2026-04-22 00:00:00+00:00,41.89322017709167,1460,7d
2026-04-23 00:00:00+00:00,41.26706142506143,401,14d
2026-04-23 00:00:00+00:00,41.04315789473684,575,30d
2026-04-23 00:00:00+00:00,41.61297985388532,340,60d
2026-04-23 00:00:00+00:00,41.26340321843748,1083,7d
2026-04-24 00:00:00+00:00,37.89504618098796,949,14d
2026-04-24 00:00:00+00:00,39.233357094229305,765,30d
2026-04-24 00:00:00+00:00,40.43975232831849,327,60d
2026-04-24 00:00:00+00:00,36.76201773949601,1561,7d
2026-04-25 00:00:00+00:00,37.84630316518299,367,14d
2026-04-25 00:00:00+00:00,38.93956738768719,111,30d
2026-04-25 00:00:00+00:00,40.9843413729128,80,60d
2026-04-25 00:00:00+00:00,36.539276982551456,611,7d
2026-04-26 00:00:00+00:00,37.77881153846154,454,14d
2026-04-26 00:00:00+00:00,38.804716981132074,168,30d
2026-04-26 00:00:00+00:00,40.67083798882682,127,60d
2026-04-26 00:00:00+00:00,40.628860470849254,888,7d
2026-04-27 00:00:00+00:00,38.36269803681919,662,14d
2026-04-27 00:00:00+00:00,39.192185864470034,623,30d
2026-04-27 00:00:00+00:00,40.47205324389477,145,60d
2026-04-27 00:00:00+00:00,39.915473633554534,1820,7d
2026-04-28 00:00:00+00:00,38.45857697911608,290,14d
2026-04-28 00:00:00+00:00,39.424618539151965,364,30d
2026-04-28 00:00:00+00:00,40.244989495798315,145,60d
2026-04-28 00:00:00+00:00,38.75325057208238,794,7d
2026-04-29 00:00:00+00:00,37.900930314509736,456,14d
2026-04-29 00:00:00+00:00,39.463725213574726,375,30d
2026-04-29 00:00:00+00:00,40.39029449018366,324,60d
2026-04-29 00:00:00+00:00,35.89216692555861,880,7d
2026-04-30 00:00:00+00:00,37.47118995333516,388,14d
2026-04-30 00:00:00+00:00,37.506513911620296,515,30d
2026-04-30 00:00:00+00:00,38.79824942263279,193,60d
2026-04-30 00:00:00+00:00,34.77523393710543,992,7d
2026-05-01 00:00:00+00:00,36.60088247921627,980,14d
2026-05-01 00:00:00+00:00,37.51825694484888,947,30d
2026-05-01 00:00:00+00:00,38.40606562342251,289,60d
2026-05-01 00:00:00+00:00,34.535632035364024,2157,7d
2026-05-02 00:00:00+00:00,36.49108702021682,281,14d
2026-05-02 00:00:00+00:00,37.486801661474566,232,30d
2026-05-02 00:00:00+00:00,39.82243346007605,84,60d
2026-05-02 00:00:00+00:00,31.68760031104199,613,7d
2026-05-03 00:00:00+00:00,37.70153035624686,332,14d
2026-05-03 00:00:00+00:00,38.87771211904422,387,30d
2026-05-03 00:00:00+00:00,39.31437568097625,190,60d
2026-05-03 00:00:00+00:00,36.11088783022953,614,7d
2026-05-04 00:00:00+00:00,37.63006436795503,808,14d
2026-05-04 00:00:00+00:00,38.510164162807335,1124,30d
2026-05-04 00:00:00+00:00,39.30347211059315,595,60d
2026-05-04 00:00:00+00:00,38.213953466286796,3217,7d
2026-05-05 00:00:00+00:00,38.0388779993241,337,14d
2026-05-05 00:00:00+00:00,38.43636818440884,1339,30d
2026-05-05 00:00:00+00:00,39.22543818571046,620,60d
2026-05-05 00:00:00+00:00,38.35994483050052,1607,7d
2026-05-06 00:00:00+00:00,38.438858019953955,381,14d
2026-05-06 00:00:00+00:00,38.455648595505615,1249,30d
2026-05-06 00:00:00+00:00,38.922934146542495,500,60d
2026-05-06 00:00:00+00:00,38.269452887537994,1295,7d
2026-05-07 00:00:00+00:00,35.705673718315225,265,14d
2026-05-07 00:00:00+00:00,36.917142642416955,1041,30d
2026-05-07 00:00:00+00:00,38.60251345175794,424,60d
2026-05-07 00:00:00+00:00,35.1420007909467,1042,7d
2026-05-08 00:00:00+00:00,35.86970951116664,726,14d
2026-05-08 00:00:00+00:00,36.690415941365096,650,30d
2026-05-08 00:00:00+00:00,38.234893409909475,417,60d
2026-05-08 00:00:00+00:00,32.52770115400978,1450,7d
2026-05-09 00:00:00+00:00,35.63887738256041,475,14d
2026-05-09 00:00:00+00:00,35.24999190611089,123,30d
2026-05-09 00:00:00+00:00,38.24746012269939,130,60d
2026-05-09 00:00:00+00:00,32.671704318671665,846,7d
2026-05-10 00:00:00+00:00,36.05881202691337,259,14d
2026-05-10 00:00:00+00:00,37.94213477088949,177,60d
2026-05-10 00:00:00+00:00,34.755878042564035,497,7d
2026-05-11 00:00:00+00:00,35.99108151495332,1301,14d
2026-05-11 00:00:00+00:00,37.853191610786126,185,60d
2026-05-11 00:00:00+00:00,35.46157837472799,1080,7d
2026-05-12 00:00:00+00:00,37.06059627973297,349,14d
2026-05-12 00:00:00+00:00,37.993431612002794,45,60d
2026-05-12 00:00:00+00:00,36.645296631614464,622,7d
2026-05-13 00:00:00+00:00,38.96676575449753,1031,14d
2026-05-13 00:00:00+00:00,37.21853931466653,958,7d
2026-05-14 00:00:00+00:00,37.005813015710224,869,14d
2026-05-14 00:00:00+00:00,36.64242699289661,148,30d
2026-05-14 00:00:00+00:00,36.21363863195302,1685,7d
2026-05-15 00:00:00+00:00,36.2921468103036,1109,14d
2026-05-15 00:00:00+00:00,36.77711846459299,330,30d
2026-05-15 00:00:00+00:00,34.365459174052425,2080,7d
2026-05-16 00:00:00+00:00,36.48320399764844,1182,14d
2026-05-16 00:00:00+00:00,37.58832305795315,99,30d
2026-05-16 00:00:00+00:00,37.81753727036645,1278,7d
2026-05-17 00:00:00+00:00,36.35572895957588,758,14d
2026-05-17 00:00:00+00:00,38.85975827445147,246,30d
2026-05-17 00:00:00+00:00,39.460708066581304,662,7d
2026-05-18 00:00:00+00:00,37.77497495056032,984,14d
2026-05-18 00:00:00+00:00,38.38107380473464,540,30d
2026-05-18 00:00:00+00:00,39.1423078888534,3557,7d
2026-05-19 00:00:00+00:00,36.62210674791243,297,14d
2026-05-19 00:00:00+00:00,38.263184083569236,280,30d
2026-05-19 00:00:00+00:00,38.26619721389306,789,7d
2026-05-20 00:00:00+00:00,36.76389996191443,348,14d
2026-05-20 00:00:00+00:00,37.204674260313936,368,30d
2026-05-20 00:00:00+00:00,35.42206263982103,1201,7d
2026-05-21 00:00:00+00:00,35.90437111362352,410,14d
2026-05-21 00:00:00+00:00,36.1417802108678,436,30d
2026-05-21 00:00:00+00:00,32.96836335529849,1804,7d
2026-05-22 00:00:00+00:00,33.11356695009878,1179,14d
2026-05-22 00:00:00+00:00,34.46953092030515,1005,30d
2026-05-22 00:00:00+00:00,30.875936268068333,3052,7d
2026-05-23 00:00:00+00:00,35.123033604014,865,14d
2026-05-23 00:00:00+00:00,37.07110199714694,516,30d
2026-05-23 00:00:00+00:00,36.38399397054283,1758,7d
2026-05-24 00:00:00+00:00,32.81078675176057,599,14d
2026-05-24 00:00:00+00:00,34.20243769968051,261,30d
2026-05-24 00:00:00+00:00,35.080095018580366,927,7d
2026-05-25 00:00:00+00:00,31.601742485783912,335,14d
2026-05-25 00:00:00+00:00,33.70180534794884,301,30d
2026-05-25 00:00:00+00:00,33.9619914800055,1601,7d
2026-05-26 00:00:00+00:00,32.89728473945409,551,14d
2026-05-26 00:00:00+00:00,33.453871153707574,637,30d
2026-05-26 00:00:00+00:00,33.43781420552004,1646,7d
2026-05-27 00:00:00+00:00,35.822611987381705,557,14d
2026-05-27 00:00:00+00:00,34.90015253960477,895,30d
2026-05-27 00:00:00+00:00,33.38971884536495,1007,7d
2026-05-28 00:00:00+00:00,35.23446231820185,880,14d
2026-05-28 00:00:00+00:00,35.66233895969687,1512,30d
2026-05-28 00:00:00+00:00,34.812820417108185,2012,7d
2026-05-29 00:00:00+00:00,34.15435171005615,1200,14d
2026-05-29 00:00:00+00:00,34.88793956897087,1215,30d
2026-05-29 00:00:00+00:00,33.685669598840015,1899,7d
2026-05-30 00:00:00+00:00,30.00203306577213,388,14d
2026-05-30 00:00:00+00:00,33.4029584120983,134,30d
2026-05-30 00:00:00+00:00,30.907135797163733,489,7d
2026-05-31 00:00:00+00:00,33.52771069692058,346,14d
2026-05-31 00:00:00+00:00,34.85636153624025,249,30d
2026-05-31 00:00:00+00:00,37.865149700598806,319,7d
2026-06-01 00:00:00+00:00,36.41982454532961,695,14d
2026-06-01 00:00:00+00:00,35.65422064820777,1021,30d
2026-06-01 00:00:00+00:00,37.550742534751215,2135,7d
2026-06-02 00:00:00+00:00,40.82464400060985,988,14d
2026-06-02 00:00:00+00:00,39.7495714869795,2822,30d
2026-06-02 00:00:00+00:00,41.902134004694666,2703,7d
2026-06-03 00:00:00+00:00,44.922837506136474,696,14d
2026-06-03 00:00:00+00:00,43.91633366283933,2120,30d
2026-06-03 00:00:00+00:00,43.2986987243225,1937,7d
2026-06-04 00:00:00+00:00,52.142568733515134,1148,14d
2026-06-04 00:00:00+00:00,47.621002820913866,2460,30d
2026-06-04 00:00:00+00:00,57.16287547091196,2813,7d
2026-06-05 00:00:00+00:00,49.80840389892725,2792,14d
2026-06-05 00:00:00+00:00,48.293284743869265,2670,30d
2026-06-05 00:00:00+00:00,56.643199571019366,2827,7d
2026-06-06 00:00:00+00:00,50.10470576298702,775,14d
2026-06-06 00:00:00+00:00,49.2738846945779,295,30d
2026-06-06 00:00:00+00:00,57.73726079755383,642,7d
2026-06-07 00:00:00+00:00,51.99652056032535,1053,14d
2026-06-07 00:00:00+00:00,65.86272664936082,919,7d
2026-06-08 00:00:00+00:00,44.9696145458234,1296,14d
2026-06-08 00:00:00+00:00,52.95316219198235,1685,7d
2026-06-09 00:00:00+00:00,44.114836321122375,1201,14d
2026-06-09 00:00:00+00:00,47.09071055075014,1375,7d
2026-06-10 00:00:00+00:00,45.31900886656746,1068,14d
2026-06-10 00:00:00+00:00,49.11586928695128,1160,7d
2026-06-11 00:00:00+00:00,43.51112925886899,975,14d
2026-06-11 00:00:00+00:00,42.965409826974266,1248,7d
2026-06-12 00:00:00+00:00,41.35754246705826,740,14d
2026-06-12 00:00:00+00:00,38.98002470786582,1035,7d
2026-06-12 00:00:00+00:00,42.779078694817656,29,90d
2026-06-13 00:00:00+00:00,37.94204007884363,411,14d
2026-06-13 00:00:00+00:00,36.436256549778314,586,7d
2026-06-13 00:00:00+00:00,42.23,1,90d
2026-06-14 00:00:00+00:00,38.67570916232602,452,14d
2026-06-14 00:00:00+00:00,40.05591836734693,651,7d
2026-06-14 00:00:00+00:00,39.81553191489361,4,90d
2026-06-15 00:00:00+00:00,37.56735029204651,317,14d
2026-06-15 00:00:00+00:00,38.95438055056602,2655,7d
2026-06-15 00:00:00+00:00,38.487719298245615,35,90d
2026-06-16 00:00:00+00:00,37.398875948356185,1137,7d
2026-06-16 00:00:00+00:00,37.66089285714286,13,90d
2026-06-17 00:00:00+00:00,39.583208707762715,1412,7d
2026-06-17 00:00:00+00:00,38.93434523809523,16,90d
2026-06-18 00:00:00+00:00,41.48057888052421,1766,7d
2026-06-18 00:00:00+00:00,41.6592774566474,57,90d
2026-06-19 00:00:00+00:00,39.06889078110808,1727,7d
2026-06-19 00:00:00+00:00,41.780468750000004,16,90d
2026-06-20 00:00:00+00:00,35.22846681460561,718,7d
2026-06-20 00:00:00+00:00,41.54530973451327,17,90d
2026-06-21 00:00:00+00:00,40.98222843738723,663,7d
2026-06-21 00:00:00+00:00,41.248888888888885,3,90d
2026-06-22 00:00:00+00:00,40.605951266741975,1460,7d
2026-06-22 00:00:00+00:00,39.26701754385965,12,90d
2026-06-23 00:00:00+00:00,44.71154749423359,453,7d
2026-06-23 00:00:00+00:00,42.17161362367392,19,90d
2026-06-24 00:00:00+00:00,38.0507620614035,613,7d
2026-06-24 00:00:00+00:00,42.20934001941119,91,90d
2026-06-25 00:00:00+00:00,42.8499350889229,590,7d
2026-06-25 00:00:00+00:00,43.090526968381894,78,90d
2026-06-26 00:00:00+00:00,46.14630336122536,836,7d
2026-06-26 00:00:00+00:00,43.737484333034914,160,90d
2026-06-27 00:00:00+00:00,37.51040970240522,172,7d
2026-06-27 00:00:00+00:00,42.62,14,90d
2026-06-28 00:00:00+00:00,40.002720403022664,13,7d
2026-06-28 00:00:00+00:00,43.07808510638297,8,90d
2026-06-29 00:00:00+00:00,43.010589812332434,61,90d
2026-06-30 00:00:00+00:00,40.94126156433978,97,90d
2026-07-01 00:00:00+00:00,35.182857142857145,2,7d
2026-07-01 00:00:00+00:00,41.43026259758694,37,90d
2026-07-02 00:00:00+00:00,35.464,2,7d
