date,atm_iv_30d,n_trades,fwd_rv_30d,vrp,year
2017-02-21 00:00:00+00:00,94.42065420560748,10,93.82448970320146,0.5961645024060118,2017
2017-02-22 00:00:00+00:00,92.545,10,101.24379265379253,-8.698792653792523,2017
2017-02-23 00:00:00+00:00,112.63425872093023,64,99.74886200624891,12.88539671468132,2017
2017-02-24 00:00:00+00:00,108.74333333333334,3,100.05026443484395,8.693068898489386,2017
2017-02-25 00:00:00+00:00,127.10857142857142,3,104.18324906810726,22.925322360464165,2017
2017-02-27 00:00:00+00:00,116.24491525423728,3,107.73816230970155,8.506752944535734,2017
2017-03-01 00:00:00+00:00,96.53,1,108.64702887713686,-12.11702887713686,2017
2017-03-02 00:00:00+00:00,95.71,1,108.09238415191611,-12.382384151916114,2017
2017-03-03 00:00:00+00:00,72.11,1,107.86287017957056,-35.752870179570564,2017
2017-03-04 00:00:00+00:00,174.99434782608697,12,108.93865241615674,66.05569540993022,2017
2017-03-06 00:00:00+00:00,76.066,5,108.96698499650475,-32.90098499650475,2017
2017-03-09 00:00:00+00:00,104.53000000000002,1,107.92586806925102,-3.3958680692510086,2017
2017-03-11 00:00:00+00:00,86.97,1,99.22322265932529,-12.253222659325289,2017
2017-05-21 00:00:00+00:00,99.2011111111111,6,104.61855967823794,-5.41744856712684,2017
2017-05-22 00:00:00+00:00,113.11,1,104.22820883970478,8.881791160295222,2017
2017-05-23 00:00:00+00:00,93.78502702702704,10,101.72297480805265,-7.937947781025613,2017
2017-05-24 00:00:00+00:00,71.1200964630225,10,97.55123720677138,-26.43114074374887,2017
2017-05-25 00:00:00+00:00,98.79815143354982,33,96.95276004574816,1.845391387801655,2017
2017-05-26 00:00:00+00:00,96.46785714285714,25,96.4468924172548,0.020964725602340195,2017
2017-05-27 00:00:00+00:00,98.086125,12,93.58819694769232,4.497928052307671,2017
2017-05-28 00:00:00+00:00,109.19271604938272,2,93.45660484769745,15.736111201685276,2017
2017-05-29 00:00:00+00:00,128.41099273057705,10,90.36740967251167,38.04358305806538,2017
2017-05-31 00:00:00+00:00,112.04557986870896,9,89.06832472170765,22.9772551470013,2017
2017-06-01 00:00:00+00:00,108.78338444687844,17,88.6799288111126,20.10345563576584,2017
2017-06-03 00:00:00+00:00,120.0903693181818,6,89.52489559779646,30.56547372038534,2017
2017-06-04 00:00:00+00:00,115.81133333333334,4,89.05550433288664,26.755829000446695,2017
2017-06-05 00:00:00+00:00,122.66508909752828,52,84.86574722162698,37.799341875901305,2017
2017-06-06 00:00:00+00:00,112.402659050414,29,81.7199391611715,30.682719889242506,2017
2017-06-07 00:00:00+00:00,119.521118363027,16,81.49527245152026,38.025845911506735,2017
2017-06-08 00:00:00+00:00,113.7782191780822,10,81.09724637007781,32.680972808004384,2017
2017-06-09 00:00:00+00:00,94.93616319444445,18,81.16400265885511,13.772160535589336,2017
2017-06-10 00:00:00+00:00,95.43416666666668,3,87.12829324370756,8.305873422959124,2017
2017-06-30 00:00:00+00:00,84.75113091579595,26,125.84669474491534,-41.095563829119385,2017
2017-07-01 00:00:00+00:00,97.36615871675812,70,126.24102704796904,-28.87486833121092,2017
2017-07-02 00:00:00+00:00,82.20167400881057,12,125.90527864364118,-43.70360463483061,2017
2017-07-03 00:00:00+00:00,82.29124999999999,3,126.84982884951623,-44.55857884951624,2017
2017-07-04 00:00:00+00:00,78.53316391359593,29,127.81085883601857,-49.27769492242264,2017
2017-07-05 00:00:00+00:00,85.7075,3,127.93606749961164,-42.22856749961164,2017
2017-07-06 00:00:00+00:00,81.14569767441861,4,135.464391176662,-54.31869350224338,2017
2017-07-07 00:00:00+00:00,75.23040445728437,14,133.84228490697873,-58.61188044969437,2017
2017-07-28 00:00:00+00:00,73.14465517241379,9,73.814878281639,-0.6702231092252049,2017
2017-07-29 00:00:00+00:00,112.78545454545454,6,72.83187066028773,39.95358388516681,2017
2017-07-30 00:00:00+00:00,76.62756097560975,9,73.69032562809737,2.9372353475123845,2017
2017-07-31 00:00:00+00:00,101.65107438016528,17,73.32145314135225,28.329621238813033,2017
2017-08-01 00:00:00+00:00,96.22038961038962,39,71.54403611960798,24.676353490781636,2017
2017-08-02 00:00:00+00:00,89.8325,2,67.92076876274145,21.91173123725855,2017
2017-08-03 00:00:00+00:00,91.742,3,73.12784215820163,18.614157841798374,2017
2017-08-04 00:00:00+00:00,86.11320987654321,9,73.16004915798428,12.953160718558934,2017
2017-08-05 00:00:00+00:00,73.90376470588235,11,66.42969795688529,7.4740667489970605,2017
2017-08-21 00:00:00+00:00,112.4235,6,105.0835909242833,7.3399090757167045,2017
2017-08-22 00:00:00+00:00,97.69959677419354,14,107.53394506687218,-9.83434829267864,2017
2017-08-23 00:00:00+00:00,104.60989130434784,9,107.33419018908874,-2.7242988847409038,2017
2017-08-24 00:00:00+00:00,77.00138989169675,43,107.46787184060153,-30.466481948904786,2017
2017-08-25 00:00:00+00:00,73.72399297423887,85,107.6554775547651,-33.93148458052623,2017
2017-08-26 00:00:00+00:00,78.94907488986784,12,110.84246171069853,-31.893386820830685,2017
2017-08-27 00:00:00+00:00,70.07714606741573,9,110.86739983651293,-40.790253769097205,2017
2017-08-28 00:00:00+00:00,71.97743251349729,26,114.45288907214601,-42.475456558648716,2017
2017-08-29 00:00:00+00:00,66.59685866816521,64,113.03919424139772,-46.44233557323251,2017
2017-08-30 00:00:00+00:00,70.96434751519486,46,113.0436350437876,-42.079287528592744,2017
2017-08-31 00:00:00+00:00,64.9763445807771,78,113.41681704186004,-48.44047246108295,2017
2017-09-01 00:00:00+00:00,82.99685361972952,265,112.75275181916433,-29.75589819943481,2017
2017-09-02 00:00:00+00:00,88.47385866351271,66,110.73462780605855,-22.26076914254584,2017
2017-09-03 00:00:00+00:00,76.79501672240802,15,110.84411063235015,-34.04909390994213,2017
2017-09-04 00:00:00+00:00,93.48712328767124,162,108.51871549677581,-15.031592209104573,2017
2017-09-05 00:00:00+00:00,94.77387181738366,100,108.54250115018533,-13.768629332801666,2017
2017-09-06 00:00:00+00:00,85.72561643835617,27,107.44861034587167,-21.7229939075155,2017
2017-09-07 00:00:00+00:00,89.06983128834356,48,107.64146883353416,-18.571637545190598,2017
2017-09-08 00:00:00+00:00,84.36419484240687,43,106.15958991096832,-21.795395068561447,2017
2017-09-09 00:00:00+00:00,93.22217391304348,3,106.75394557684663,-13.531771663803156,2017
2017-09-29 00:00:00+00:00,81.82719696969697,8,66.50473560910507,15.322461360591902,2017
2017-09-30 00:00:00+00:00,91.59619047619049,9,66.10237456891507,25.49381590727542,2017
2017-10-01 00:00:00+00:00,81.495,5,67.22641995939972,14.268580040600284,2017
2017-10-02 00:00:00+00:00,95.80059701492536,47,68.05054111760306,27.750055897322298,2017
2017-10-03 00:00:00+00:00,87.3824812030075,25,67.92113816410557,19.46134303890193,2017
2017-10-04 00:00:00+00:00,81.91187500000001,12,66.68589262578787,15.225982374212137,2017
2017-10-05 00:00:00+00:00,81.42532110091743,31,66.76622816735882,14.659092933558611,2017
2017-10-06 00:00:00+00:00,75.48760869565217,22,66.92017112308432,8.567437572567854,2017
2017-10-07 00:00:00+00:00,76.39,1,71.45548929413518,4.934510705864824,2017
2017-10-27 00:00:00+00:00,93.68363636363635,3,88.62780669427262,5.055829669363732,2017
2017-10-28 00:00:00+00:00,68.99333333333334,7,89.09198800769612,-20.098654674362777,2017
2017-10-29 00:00:00+00:00,85.1295238095238,6,86.90899334613893,-1.7794695366151245,2017
2017-10-30 00:00:00+00:00,77.73796610169491,10,87.14380196165607,-9.405835859961158,2017
2017-10-31 00:00:00+00:00,90.24582278481012,13,86.56519988987769,3.6806228949324264,2017
2017-11-01 00:00:00+00:00,91.08465346534652,13,88.66161675930098,2.4230367060455364,2017
2017-11-02 00:00:00+00:00,98.61473684210526,20,88.09930825286455,10.515428589240713,2017
2017-11-03 00:00:00+00:00,110.22309523809524,11,88.2905378696273,21.93255736846794,2017
2017-11-04 00:00:00+00:00,78.50166666666667,5,88.40674608737447,-9.905079420707807,2017
2017-11-19 00:00:00+00:00,108.617578125,39,114.46938158197186,-5.851803456971865,2017
2017-11-20 00:00:00+00:00,101.2678801843318,31,119.25420341928282,-17.986323234951016,2017
2017-11-21 00:00:00+00:00,90.9353846153846,26,120.85829110616737,-29.922906490782765,2017
2017-11-22 00:00:00+00:00,97.12948339483394,18,129.82417475921085,-32.69469136437691,2017
2017-11-23 00:00:00+00:00,82.98473321858864,108,129.27939356758088,-46.29466034899224,2017
2017-11-24 00:00:00+00:00,79.34272727272727,70,131.16330729163525,-51.820580018907975,2017
2017-11-25 00:00:00+00:00,78.74173535791758,78,130.49044994807218,-51.748714590154606,2017
2017-11-26 00:00:00+00:00,81.79894654088051,100,135.56773648254594,-53.76878994166543,2017
2017-11-27 00:00:00+00:00,83.44261972402597,174,135.9562503090398,-52.51363058501383,2017
2017-11-28 00:00:00+00:00,81.25029202037351,248,138.7033908061647,-57.453098785791184,2017
2017-11-29 00:00:00+00:00,94.67533549783548,311,138.39273615693773,-43.71740065910225,2017
2017-11-30 00:00:00+00:00,97.18823765020026,136,146.71048903329253,-49.52225138309227,2017
2017-12-01 00:00:00+00:00,103.5962636612022,190,146.89998749768966,-43.303723836487464,2017
2017-12-02 00:00:00+00:00,109.24913793103448,67,147.65875690889615,-38.40961897786167,2017
2017-12-03 00:00:00+00:00,110.67477386934674,145,150.622681165062,-39.94790729571527,2017
2017-12-04 00:00:00+00:00,107.57088757396448,47,150.3965071858005,-42.825619611836004,2017
2017-12-05 00:00:00+00:00,106.94101265822783,59,150.4145876944601,-43.47357503623226,2017
2017-12-06 00:00:00+00:00,109.96330182309252,222,146.03230758057256,-36.06900575748004,2017
2017-12-07 00:00:00+00:00,128.43867139061115,201,129.06421482187372,-0.625543431262571,2017
2017-12-08 00:00:00+00:00,145.16435353535354,199,130.112908691644,15.051444843709533,2017
2017-12-09 00:00:00+00:00,149.92207236842106,40,130.1457193777846,19.776352990636468,2017
2017-12-27 00:00:00+00:00,148.66131926121372,51,145.3905404959444,3.2707787652693128,2017
2017-12-28 00:00:00+00:00,162.78871485943776,26,144.46608144365464,18.322633415783116,2017
2017-12-29 00:00:00+00:00,158.3354411764706,35,144.9929918224185,13.342449354052093,2017
2017-12-30 00:00:00+00:00,147.37224842767296,81,138.90768305632903,8.464565371343923,2017
2017-12-31 00:00:00+00:00,148.11086206896553,12,141.07850534827804,7.032356720687488,2017
2018-01-01 00:00:00+00:00,146.65962962962962,6,141.20697717933882,5.452652450290799,2018
2018-01-02 00:00:00+00:00,151.11669291338583,24,140.68003954077795,10.436653372607879,2018
2018-01-03 00:00:00+00:00,147.92951219512196,25,140.20972781736606,7.7197843777559,2018
2018-01-04 00:00:00+00:00,154.08115384615382,19,140.9380645663206,13.14308927983322,2018
2018-01-05 00:00:00+00:00,148.12200617283952,53,134.0436772123013,14.078328960538215,2018
2018-01-06 00:00:00+00:00,153.77,1,145.87909046345152,7.890909536548492,2018
2018-01-23 00:00:00+00:00,150.9730434782609,5,136.50548780236966,14.467555675891248,2018
2018-01-25 00:00:00+00:00,144.00892857142856,5,137.1462526143396,6.862675957088953,2018
2018-01-26 00:00:00+00:00,129.0129357798165,21,137.15490362428687,-8.141967844470372,2018
2018-01-28 00:00:00+00:00,129.2869565217391,4,139.58909954973313,-10.30214302799402,2018
2018-01-29 00:00:00+00:00,128.008125,3,139.23634328354333,-11.228218283543328,2018
2018-01-30 00:00:00+00:00,134.69840579710143,23,134.2404972106634,0.45790858643803745,2018
2018-01-31 00:00:00+00:00,124.51157894736843,25,134.12721888187156,-9.615639934503122,2018
2018-02-01 00:00:00+00:00,131.3725069637883,50,127.81435270564772,3.55815425814059,2018
2018-02-02 00:00:00+00:00,134.67171397379911,96,127.3673348859442,7.304379087854912,2018
2018-02-03 00:00:00+00:00,122.39,1,127.2643537804224,-4.874353780422396,2018
2018-02-18 00:00:00+00:00,136.20433962264153,8,95.2357551332002,40.96858448944133,2018
2018-02-19 00:00:00+00:00,138.98962328767124,26,90.88762466623005,48.10199862144118,2018
2018-02-20 00:00:00+00:00,141.3634328358209,24,90.97750313612293,50.38592969969797,2018
2018-02-21 00:00:00+00:00,142.91465899753493,63,88.41605980090571,54.498599196629215,2018
2018-02-22 00:00:00+00:00,140.30654028436018,27,86.83735552589607,53.46918475846411,2018
2018-02-23 00:00:00+00:00,143.60033175355449,33,86.16574579117552,57.43458596237896,2018
2018-02-24 00:00:00+00:00,144.8916809116809,30,85.63409019438379,59.25759071729712,2018
2018-02-25 00:00:00+00:00,135.8225,2,86.61431815400277,49.20818184599722,2018
2018-02-26 00:00:00+00:00,139.598,8,81.90322735428414,57.69477264571587,2018
2018-02-27 00:00:00+00:00,138.0239238095238,62,88.73402263166518,49.289901177858624,2018
2018-02-28 00:00:00+00:00,132.5608770257388,119,88.94640463277133,43.61447239296746,2018
2018-03-01 00:00:00+00:00,134.25610281923716,77,85.1943961078619,49.06170671137525,2018
2018-03-02 00:00:00+00:00,132.35415730337078,46,85.06451413046757,47.28964317290321,2018
2018-03-03 00:00:00+00:00,134.6086859688196,53,83.78934458659877,50.81934138222083,2018
2018-03-04 00:00:00+00:00,136.39135135135135,58,87.70338201110967,48.68796934024168,2018
2018-03-05 00:00:00+00:00,134.46278820375335,46,91.10663275592017,43.356155447833174,2018
2018-03-06 00:00:00+00:00,137.07572727272728,27,88.91736980041156,48.158357472315714,2018
2018-03-07 00:00:00+00:00,129.70946740858506,73,86.52037171616436,43.18909569242069,2018
2018-03-08 00:00:00+00:00,135.12575923392612,86,86.5617232582917,48.56403597563441,2018
2018-03-09 00:00:00+00:00,133.52531779661018,96,87.0637198290892,46.46159796752099,2018
2018-03-10 00:00:00+00:00,129.99567567567567,5,86.00043840691367,43.995237268762,2018
2018-03-24 00:00:00+00:00,90.61333333333334,4,87.62378357795819,2.989549755375151,2018
2018-03-25 00:00:00+00:00,90.93954314720813,34,91.93140765437724,-0.9918645071691117,2018
2018-03-26 00:00:00+00:00,93.73895238095238,29,96.72284148188946,-2.983889100937077,2018
2018-03-27 00:00:00+00:00,81.26350877192982,9,96.4272940382807,-15.163785266350885,2018
2018-03-28 00:00:00+00:00,85.6996261682243,13,97.62216200558404,-11.922535837359746,2018
2018-03-29 00:00:00+00:00,84.60935897435897,15,89.06325035595175,-4.453891381592783,2018
2018-03-30 00:00:00+00:00,97.76753583987016,39,87.64605648972054,10.121479350149627,2018
2018-03-31 00:00:00+00:00,91.21157894736842,12,88.28444246011452,2.927136487253904,2018
2018-04-01 00:00:00+00:00,96.2813953488372,16,88.39514520967523,7.886250139161959,2018
2018-04-02 00:00:00+00:00,95.23924528301886,8,88.24400255733124,6.995242725687618,2018
2018-04-03 00:00:00+00:00,100.70005917159764,20,88.00180988777134,12.6982492838263,2018
2018-04-04 00:00:00+00:00,99.13131578947367,8,81.19901213110943,17.932303658364248,2018
2018-04-05 00:00:00+00:00,93.4774,16,80.1242153074611,13.353184692538903,2018
2018-04-06 00:00:00+00:00,97.5477358490566,10,80.67772897677442,16.870006872282175,2018
2018-04-07 00:00:00+00:00,94.13,1,81.071925862948,13.058074137051989,2018
2018-04-26 00:00:00+00:00,79.72,1,55.35451917234736,24.36548082765264,2018
2018-04-27 00:00:00+00:00,81.91264462809917,19,54.23504732792872,27.677597300170454,2018
2018-04-28 00:00:00+00:00,86.10531914893616,19,51.40874377484131,34.69657537409485,2018
2018-04-29 00:00:00+00:00,87.95407894736842,16,54.32919492892938,33.62488401843903,2018
2018-04-30 00:00:00+00:00,90.43,12,54.161898493885055,36.26810150611495,2018
2018-05-01 00:00:00+00:00,91.67884615384617,31,54.603103140802226,37.07574301304394,2018
2018-05-02 00:00:00+00:00,89.308625,18,54.05228299241783,35.25634200758218,2018
2018-05-03 00:00:00+00:00,87.14338345864662,94,49.65324136725201,37.49014209139462,2018
2018-05-04 00:00:00+00:00,83.20078189300412,41,49.96753966756833,33.23324222543579,2018
2018-05-05 00:00:00+00:00,84.72484848484848,7,49.980428492384966,34.74441999246351,2018
2018-05-20 00:00:00+00:00,75.34472868217054,37,62.39108641429474,12.9536422678758,2018
2018-05-21 00:00:00+00:00,74.395,80,62.48723795736096,11.907762042639035,2018
2018-05-22 00:00:00+00:00,74.95377777777777,31,60.595766731279625,14.358011046498149,2018
2018-05-23 00:00:00+00:00,75.50620652173913,105,67.12788972890394,8.378316792835193,2018
2018-05-24 00:00:00+00:00,74.7064459161148,57,67.71998954730086,6.986456368813947,2018
2018-05-25 00:00:00+00:00,74.48229398663698,61,67.69123854221792,6.791055444419058,2018
2018-05-26 00:00:00+00:00,71.84975806451612,13,67.85917430703398,3.990583757482142,2018
2018-05-27 00:00:00+00:00,72.9644,15,68.12184524495355,4.84255475504645,2018
2018-05-28 00:00:00+00:00,70.21788819875776,32,67.62771570356212,2.5901724951956453,2018
2018-05-29 00:00:00+00:00,71.70891719745222,31,66.68776805440008,5.021149143052142,2018
2018-05-30 00:00:00+00:00,72.87071052631579,46,70.162059681771,2.708650844544792,2018
2018-05-31 00:00:00+00:00,74.05768558951966,20,71.12896277365223,2.928722815867431,2018
2018-06-01 00:00:00+00:00,69.58106617647059,27,71.05440611477374,-1.4733399383031553,2018
2018-06-02 00:00:00+00:00,68.89444444444445,26,72.0774532080848,-3.183008763640359,2018
2018-06-03 00:00:00+00:00,66.21469696969697,22,72.02054161518251,-5.805844645485536,2018
2018-06-04 00:00:00+00:00,68.63374429223744,44,71.89235464557996,-3.258610353342519,2018
2018-06-05 00:00:00+00:00,67.98806593406593,46,71.53350134014343,-3.5454354060775017,2018
2018-06-06 00:00:00+00:00,64.5056,28,71.56763202246049,-7.062032022460485,2018
2018-06-07 00:00:00+00:00,63.553820224719104,31,72.45800752742007,-8.904187302700961,2018
2018-06-08 00:00:00+00:00,57.61244736842106,36,72.45012644060417,-14.837679072183107,2018
2018-06-09 00:00:00+00:00,56.528,2,72.3470118241962,-15.819011824196203,2018
2018-06-17 00:00:00+00:00,65.07111111111111,6,67.99912774313695,-2.9280166320258445,2018
2018-06-18 00:00:00+00:00,63.50111111111111,5,66.76341209675194,-3.2623009856408274,2018
2018-06-19 00:00:00+00:00,63.89631578947369,7,66.982388519476,-3.0860727300023143,2018
2018-06-20 00:00:00+00:00,59.1448148148148,5,67.54387919849069,-8.399064383675885,2018
2018-06-21 00:00:00+00:00,60.50246575342466,19,67.5518581146232,-7.049392361198542,2018
2018-06-22 00:00:00+00:00,62.18422516556291,97,55.32935256900474,6.854872596558167,2018
2018-06-23 00:00:00+00:00,66.46242424242425,4,56.44862631735036,10.013797925073888,2018
2018-06-24 00:00:00+00:00,67.35249999999999,39,63.01996252769544,4.332537472304551,2018
2018-06-25 00:00:00+00:00,68.22,24,64.66803323794853,3.551966762051464,2018
2018-06-26 00:00:00+00:00,68.45163265306122,8,65.0090761110306,3.44255654203063,2018
2018-06-27 00:00:00+00:00,69.7769689119171,25,65.29092399029811,4.4860449216189835,2018
2018-06-28 00:00:00+00:00,65.79710227272727,13,62.26936898771756,3.5277332850097096,2018
2018-06-29 00:00:00+00:00,66.74147909967844,47,60.38283060927634,6.3586484904021034,2018
2018-06-30 00:00:00+00:00,65.25368088467614,42,59.97777872345799,5.275902161218156,2018
2018-07-01 00:00:00+00:00,66.325,2,63.476468817975864,2.8485311820241392,2018
2018-07-02 00:00:00+00:00,63.89592063492063,64,63.16404108021565,0.7318795547049817,2018
2018-07-03 00:00:00+00:00,69.32964169381108,26,62.90844278683358,6.4211989069775015,2018
2018-07-04 00:00:00+00:00,65.90101899827289,82,63.32960198602755,2.571417012245341,2018
2018-07-05 00:00:00+00:00,67.18557142857144,23,66.68237130837352,0.503200120197917,2018
2018-07-06 00:00:00+00:00,67.0454347826087,27,66.67113462061299,0.3743001619957056,2018
2018-07-07 00:00:00+00:00,61.60370370370371,6,66.20707909920725,-4.603375395503541,2018
2018-07-22 00:00:00+00:00,69.72904494382021,17,68.01760557610058,1.7114393677196347,2018
2018-07-23 00:00:00+00:00,68.34246753246754,35,66.09669029120707,2.2457772412604697,2018
2018-07-24 00:00:00+00:00,74.04033591731265,54,57.869103006387014,16.17123291092563,2018
2018-07-25 00:00:00+00:00,72.25817824377458,55,58.66661648694665,13.591561756827929,2018
2018-07-26 00:00:00+00:00,74.22675617615468,108,58.23892540483766,15.987830771317022,2018
2018-07-27 00:00:00+00:00,77.11200000000001,52,57.110246152935986,20.001753847064023,2018
2018-07-28 00:00:00+00:00,77.07304347826089,7,58.0746304434155,18.998413034845385,2018
2018-07-29 00:00:00+00:00,75.80659340659341,11,59.11921015018956,16.687383256403848,2018
2018-07-30 00:00:00+00:00,75.97732283464566,38,59.12389334183552,16.853429492810143,2018
2018-07-31 00:00:00+00:00,80.87869565217392,76,56.58935858469195,24.289337067481966,2018
2018-08-01 00:00:00+00:00,74.40280898876405,35,56.41697670874735,17.9858322800167,2018
2018-08-02 00:00:00+00:00,77.9357174392936,48,57.19576225442563,20.739955184867966,2018
2018-08-03 00:00:00+00:00,75.38949720670392,30,57.05224547757971,18.337251729124212,2018
2018-08-04 00:00:00+00:00,72.27273381294964,25,53.35987159874536,18.91286221420428,2018
2018-08-05 00:00:00+00:00,70.94333333333333,11,53.521837461751154,17.421495871582174,2018
2018-08-06 00:00:00+00:00,69.91636718749999,49,63.19865687468662,6.717710312813367,2018
2018-08-07 00:00:00+00:00,71.3583422459893,33,63.18947011746809,8.168872128521215,2018
2018-08-08 00:00:00+00:00,70.92172413793104,49,58.49307318122049,12.428650956710548,2018
2018-08-09 00:00:00+00:00,71.92817427385891,28,57.51495594538125,14.413218328477662,2018
2018-08-10 00:00:00+00:00,75.7643861607143,106,52.720615265448515,23.04377089526578,2018
2018-08-11 00:00:00+00:00,66.33978260869566,9,52.56412236086665,13.775660247829009,2018
2018-08-19 00:00:00+00:00,79.4682225433526,30,50.99665161648899,28.471570926863606,2018
2018-08-20 00:00:00+00:00,81.04488664987404,31,49.548560348934934,31.49632630093911,2018
2018-08-21 00:00:00+00:00,78.6232584269663,10,48.73928173961459,29.883976687351712,2018
2018-08-22 00:00:00+00:00,79.06451193058568,58,50.11138127966511,28.95313065092057,2018
2018-08-23 00:00:00+00:00,78.94465384615386,21,49.37201579895801,29.572638047195845,2018
2018-08-24 00:00:00+00:00,76.67717079530638,62,48.36645912645374,28.31071166885264,2018
2018-08-25 00:00:00+00:00,78.92265700483092,26,48.7626214413312,30.160035563499726,2018
2018-08-26 00:00:00+00:00,75.8039097744361,25,49.32383780831919,26.480071966116903,2018
2018-08-27 00:00:00+00:00,76.84219444444444,40,48.28181883508614,28.560375609358303,2018
2018-08-28 00:00:00+00:00,79.45331761006288,65,48.915025312296954,30.538292297765928,2018
2018-08-29 00:00:00+00:00,77.72228637413396,49,48.92546846726673,28.796817906867226,2018
2018-08-30 00:00:00+00:00,76.54984168865435,37,48.924528385952186,27.625313302702168,2018
2018-08-31 00:00:00+00:00,75.74844311377245,41,48.88688143195498,26.86156168181747,2018
2018-09-01 00:00:00+00:00,75.22119266055046,21,47.90616814047451,27.315024520075944,2018
2018-09-02 00:00:00+00:00,76.07035714285713,12,47.681028582721616,28.389328560135517,2018
2018-09-03 00:00:00+00:00,78.63487804878048,23,47.6814115733886,30.953466475391878,2018
2018-09-04 00:00:00+00:00,73.75552208835342,39,47.654169323853466,26.10135276449995,2018
2018-09-05 00:00:00+00:00,76.71399879372738,183,34.3869348988709,42.32706389485649,2018
2018-09-06 00:00:00+00:00,78.14402347024308,139,32.90346312866082,45.24056034158227,2018
2018-09-07 00:00:00+00:00,72.84148876404494,43,32.630430997209245,40.211057766835694,2018
2018-09-08 00:00:00+00:00,71.19428571428571,3,29.65220958361541,41.5420761306703,2018
2018-09-16 00:00:00+00:00,64.6,1,38.19097757327043,26.409022426729564,2018
2018-09-17 00:00:00+00:00,63.59539877300614,34,35.68958549126132,27.90581328174482,2018
2018-09-18 00:00:00+00:00,65.44130341880343,36,35.510057595264534,29.931245823538895,2018
2018-09-19 00:00:00+00:00,64.95732743362832,48,35.45827492993357,29.49905250369475,2018
2018-09-20 00:00:00+00:00,66.39422413793105,29,34.87192777565852,31.522296362272527,2018
2018-09-21 00:00:00+00:00,65.33509554140127,85,31.784283341178348,33.55081220022292,2018
2018-09-22 00:00:00+00:00,64.1720807453416,24,31.751153698973617,32.420927046367986,2018
2018-09-23 00:00:00+00:00,64.3624907063197,25,31.75272530498467,32.60976540133504,2018
2018-09-24 00:00:00+00:00,62.53941176470588,47,31.13032913822285,31.40908262648303,2018
2018-09-25 00:00:00+00:00,59.57758364312267,63,30.139297700142052,29.43828594298062,2018
2018-09-26 00:00:00+00:00,55.08958213256484,63,30.08681130837147,25.002770824193373,2018
2018-09-27 00:00:00+00:00,53.38581446714522,94,27.47207943604107,25.913735031104146,2018
2018-09-28 00:00:00+00:00,53.55389565217392,92,27.34733893955908,26.20655671261484,2018
2018-09-29 00:00:00+00:00,56.04088709677419,20,28.231269421134908,27.809617675639284,2018
2018-09-30 00:00:00+00:00,57.511892744479496,45,28.212745891567327,29.29914685291217,2018
2018-10-01 00:00:00+00:00,56.37112903225807,40,28.28768412420829,28.083444908049778,2018
2018-10-02 00:00:00+00:00,55.8736268829664,64,28.25463668515788,27.618990197808518,2018
2018-10-03 00:00:00+00:00,55.76253571428571,28,28.196946382428777,27.565589331856934,2018
2018-10-04 00:00:00+00:00,54.83560889929743,62,27.795310139723888,27.040298759573545,2018
2018-10-05 00:00:00+00:00,50.51275974025974,73,28.150325641280645,22.362434098979094,2018
2018-10-06 00:00:00+00:00,53.98586776859504,8,28.07467744717464,25.911190321420403,2018
2018-10-21 00:00:00+00:00,50.50919270833333,20,72.50489492386215,-21.995702215528823,2018
2018-10-22 00:00:00+00:00,50.64904211395541,44,74.61096375062925,-23.961921636673843,2018
2018-10-23 00:00:00+00:00,46.759554621848736,64,77.14087847839373,-30.381323856544995,2018
2018-10-24 00:00:00+00:00,46.81032911392405,52,77.41689927167145,-30.606570157747406,2018
2018-10-25 00:00:00+00:00,46.47694864048338,49,86.76798090675189,-40.29103226626851,2018
2018-10-26 00:00:00+00:00,45.23851617995265,66,88.89575788481633,-43.65724170486369,2018
2018-10-27 00:00:00+00:00,44.68825301204819,34,89.8465187184319,-45.1582657063837,2018
2018-10-28 00:00:00+00:00,44.29145833333333,35,90.6080084437646,-46.31655011043127,2018
2018-10-29 00:00:00+00:00,43.52621987951807,81,100.67297668623902,-57.14675680672096,2018
2018-10-30 00:00:00+00:00,41.70551181102362,33,100.67794905383116,-58.97243724280754,2018
2018-10-31 00:00:00+00:00,40.844545454545454,31,101.78554737001346,-60.94100191546801,2018
2018-11-01 00:00:00+00:00,40.99622504537205,31,103.4164998297673,-62.420274784395254,2018
2018-11-02 00:00:00+00:00,37.90550539744848,82,103.27643952123316,-65.37093412378468,2018
2018-11-03 00:00:00+00:00,35.7614,22,104.8264302656307,-69.0650302656307,2018
2018-11-04 00:00:00+00:00,36.6630101010101,77,104.86031940400768,-68.19730930299758,2018
2018-11-05 00:00:00+00:00,37.333211678832114,29,105.5458051590772,-68.21259348024509,2018
2018-11-06 00:00:00+00:00,41.8951223967848,89,106.65395952301266,-64.75883712622786,2018
2018-11-07 00:00:00+00:00,41.95829,61,106.1511896884491,-64.1928996884491,2018
2018-11-08 00:00:00+00:00,45.680082568807336,103,106.45425052584281,-60.77416795703547,2018
2018-11-09 00:00:00+00:00,40.84837858220211,77,108.81784660093683,-67.96946801873472,2018
2018-11-10 00:00:00+00:00,40.71837209302325,5,108.66462505089731,-67.94625295787407,2018
2018-11-18 00:00:00+00:00,48.3795,6,113.38305499945602,-65.00355499945601,2018
2018-11-19 00:00:00+00:00,61.32525111607144,127,100.55936641734003,-39.23411530126859,2018
2018-11-20 00:00:00+00:00,74.11738932291668,109,104.12055802211371,-30.003168699197033,2018
2018-11-21 00:00:00+00:00,81.65434972677595,57,104.80610753015011,-23.151757803374167,2018
2018-11-22 00:00:00+00:00,70.60785714285714,38,103.2101720600822,-32.60231491722506,2018
2018-11-23 00:00:00+00:00,79.59038759689922,45,103.13211221520511,-23.541724618305892,2018
2018-11-24 00:00:00+00:00,81.45909684439607,73,93.26629496871801,-11.807198124321943,2018
2018-11-25 00:00:00+00:00,97.25319023569024,96,95.30193822839675,1.9512520072934905,2018
2018-11-26 00:00:00+00:00,106.83391592920354,73,93.12458437809049,13.709331551113053,2018
2018-11-27 00:00:00+00:00,103.5942258064516,51,95.14104097283966,8.453184833611942,2018
2018-11-28 00:00:00+00:00,96.55174459176553,66,91.47838243564216,5.073362156123366,2018
2018-11-29 00:00:00+00:00,91.52348600508908,30,92.59637578217782,-1.072889777088733,2018
2018-11-30 00:00:00+00:00,93.48252873563216,78,90.99138289037388,2.4911458452582735,2018
2018-12-01 00:00:00+00:00,96.38703703703705,37,90.5392727312273,5.847764305809747,2018
2018-12-02 00:00:00+00:00,91.81048192771084,13,91.51548639509521,0.29499553261562994,2018
2018-12-03 00:00:00+00:00,91.82581993569131,48,88.66676989008934,3.1590500456019726,2018
2018-12-04 00:00:00+00:00,92.99203216374268,69,89.03361425563652,3.9584179081061563,2018
2018-12-05 00:00:00+00:00,91.0127515151515,105,86.97507954775446,4.037671967397046,2018
2018-12-06 00:00:00+00:00,98.04884459459458,97,83.13554541206273,14.913299182531858,2018
2018-12-07 00:00:00+00:00,109.4759790491539,107,85.35712205154394,24.118856997609967,2018
2018-12-08 00:00:00+00:00,114.98,1,85.54417327780185,29.435826722198158,2018
2018-12-16 00:00:00+00:00,87.66321428571429,11,89.982036202743,-2.318821917028714,2018
2018-12-17 00:00:00+00:00,90.24938023450586,37,84.37221912503911,5.877161109466755,2018
2018-12-18 00:00:00+00:00,91.9160103626943,19,82.77550149507934,9.140508867614955,2018
2018-12-19 00:00:00+00:00,91.37753628582064,56,82.79977715631327,8.57775912950737,2018
2018-12-20 00:00:00+00:00,91.47790865384614,57,74.74006829773684,16.737840356109302,2018
2018-12-21 00:00:00+00:00,92.199232,53,73.34408521898209,18.855146781017908,2018
2018-12-22 00:00:00+00:00,94.42422077922078,39,72.0332327569141,22.390988022306672,2018
2018-12-23 00:00:00+00:00,95.12345013477088,97,72.20659473527816,22.916855399492718,2018
2018-12-24 00:00:00+00:00,102.65969696969697,32,71.57128236398135,31.088414605715613,2018
2018-12-25 00:00:00+00:00,100.9061390186916,133,67.81118153445681,33.0949574842348,2018
2018-12-26 00:00:00+00:00,99.8765637065637,35,67.71176259456597,32.16480111199773,2018
2018-12-27 00:00:00+00:00,99.72860354223435,32,64.54441837115775,35.18418517107661,2018
2018-12-28 00:00:00+00:00,93.10208666666666,77,57.609401740649616,35.49268492601705,2018
2018-12-29 00:00:00+00:00,96.58946646341464,43,56.49896329409457,40.090503169320066,2018
2018-12-30 00:00:00+00:00,97.73793281653748,38,55.36155839432154,42.37637442221594,2018
2018-12-31 00:00:00+00:00,98.15410729991204,35,54.249838190647935,43.904269109264106,2018
2019-01-01 00:00:00+00:00,98.45715953307392,32,52.56598685467602,45.8911726783979,2019
2019-01-02 00:00:00+00:00,89.96497819767443,74,52.16791313879564,37.797065058878786,2019
2019-01-03 00:00:00+00:00,88.7686515071391,95,51.596925321558174,37.17172618558092,2019
2019-01-04 00:00:00+00:00,80.23212473888391,146,51.54890970772434,28.68321503115957,2019
2019-01-05 00:00:00+00:00,73.97290666666666,13,51.5495591533765,22.42334751329016,2019
2019-01-18 00:00:00+00:00,65.0673417721519,23,36.50876235227326,28.558579419878647,2019
2019-01-19 00:00:00+00:00,66.07211849192102,36,42.394894150686596,23.67722434123442,2019
2019-01-20 00:00:00+00:00,70.79273148148148,39,39.51007055096238,31.2826609305191,2019
2019-01-21 00:00:00+00:00,64.81998862343572,55,39.612912393151504,25.207076230284216,2019
2019-01-22 00:00:00+00:00,69.29355864084765,146,39.84236553147309,29.451193109374557,2019
2019-01-23 00:00:00+00:00,68.728000896459,76,39.80542372090593,28.922577175553066,2019
2019-01-24 00:00:00+00:00,65.53771050800279,78,42.029476731334924,23.508233776667865,2019
2019-01-25 00:00:00+00:00,64.32446516730664,92,54.804575193562464,9.519889973744178,2019
2019-01-26 00:00:00+00:00,62.37109600679693,66,55.259854773916196,7.111241232880737,2019
2019-01-27 00:00:00+00:00,60.803333333333335,45,55.22483999472361,5.578493338609725,2019
2019-01-28 00:00:00+00:00,63.77507838283828,121,54.033641084707796,9.741437298130485,2019
2019-01-29 00:00:00+00:00,64.73168117519042,89,53.860663083463976,10.871018091726441,2019
2019-01-30 00:00:00+00:00,62.60066,97,53.77966225163367,8.82099774836633,2019
2019-01-31 00:00:00+00:00,61.36716071428572,84,53.62866907918205,7.738491635103664,2019
2019-02-01 00:00:00+00:00,58.640783912747104,800,53.682224207096866,4.958559705650238,2019
2019-02-02 00:00:00+00:00,57.05029411764706,8,54.4612105894115,2.5890835282355624,2019
2019-02-17 00:00:00+00:00,54.85426356589147,70,49.276652738871526,5.577610827019946,2019
2019-02-18 00:00:00+00:00,55.11619692144373,411,44.057546053007854,11.058650868435876,2019
2019-02-19 00:00:00+00:00,59.60921728971962,250,44.37559049651206,15.233626793207563,2019
2019-02-20 00:00:00+00:00,56.913216195569134,113,44.1823346546774,12.730881540891737,2019
2019-02-21 00:00:00+00:00,58.32593625498008,69,43.97656195249809,14.34937430248199,2019
2019-02-22 00:00:00+00:00,57.766223776223775,120,43.79953123922777,13.966692536996007,2019
2019-02-23 00:00:00+00:00,60.18848833592536,115,41.4448216339468,18.74366670197856,2019
2019-02-24 00:00:00+00:00,62.22308968377398,124,23.59251887183357,38.63057081194041,2019
2019-02-25 00:00:00+00:00,60.57318306546453,122,24.34276109150597,36.230421973958556,2019
2019-02-26 00:00:00+00:00,57.898164601030494,136,24.33941645508493,33.558748145945565,2019
2019-02-27 00:00:00+00:00,58.11989355525449,274,25.017858807552457,33.102034747702035,2019
2019-02-28 00:00:00+00:00,57.268462532299736,117,24.972312427951376,32.29615010434836,2019
2019-03-01 00:00:00+00:00,55.00198601973685,39,24.986930554673283,30.015055465063565,2019
2019-03-02 00:00:00+00:00,55.69956284153005,37,25.150152822438297,30.549410019091756,2019
2019-03-03 00:00:00+00:00,56.09102367688023,50,63.15429510750422,-7.063271430623985,2019
2019-03-04 00:00:00+00:00,54.60590254706534,147,62.10901467231113,-7.503112125245792,2019
2019-03-05 00:00:00+00:00,53.30165111940299,163,61.757246577988276,-8.455595458585286,2019
2019-03-06 00:00:00+00:00,52.1225,135,62.03539041082591,-9.91289041082591,2019
2019-03-07 00:00:00+00:00,49.85220447284345,114,61.99387657425668,-12.141672101413235,2019
2019-03-08 00:00:00+00:00,48.719783616692425,210,62.077795693181095,-13.35801207648867,2019
2019-03-09 00:00:00+00:00,48.27539130434783,27,62.06012993025569,-13.784738625907863,2019
2019-03-17 00:00:00+00:00,47.11982182628062,19,67.29993489380834,-20.18011306752772,2019
2019-03-18 00:00:00+00:00,46.66884542586751,53,67.25983087373744,-20.590985447869933,2019
2019-03-19 00:00:00+00:00,47.051596638655454,18,67.25919208343065,-20.207595444775194,2019
2019-03-20 00:00:00+00:00,47.91458415841584,76,67.31759797865696,-19.40301382024112,2019
2019-03-21 00:00:00+00:00,46.59451063829788,49,66.78678713837931,-20.192276500081427,2019
2019-03-22 00:00:00+00:00,45.73038499506417,60,66.94770695868284,-21.217321963618673,2019
2019-03-23 00:00:00+00:00,46.85454545454545,29,66.8765352021958,-20.021989747650345,2019
2019-03-24 00:00:00+00:00,45.53403465346535,26,67.01599432864207,-21.481959675176718,2019
2019-03-25 00:00:00+00:00,45.22365226337449,92,67.19113052467632,-21.967478261301835,2019
2019-03-26 00:00:00+00:00,45.58629598893499,131,71.08348913740261,-25.497193148467616,2019
2019-03-27 00:00:00+00:00,44.37165883265641,244,70.76366650908135,-26.39200767642494,2019
2019-03-28 00:00:00+00:00,44.4284899451554,100,70.63700067495922,-26.208510729803827,2019
2019-03-29 00:00:00+00:00,44.051027010050255,229,70.62727346498293,-26.57624645493268,2019
2019-03-30 00:00:00+00:00,42.60271805273834,73,70.68439058997319,-28.08167253723485,2019
2019-03-31 00:00:00+00:00,42.92953846153846,15,70.81708422402761,-27.887545762489147,2019
2019-04-01 00:00:00+00:00,44.89911651021535,82,70.82235788364306,-25.923241373427715,2019
2019-04-02 00:00:00+00:00,52.22067253441661,744,40.672549257751015,11.548123276665592,2019
2019-04-03 00:00:00+00:00,73.83748443157133,250,43.40014025978141,30.437344171789917,2019
2019-04-04 00:00:00+00:00,70.86723152022316,106,43.21710276637757,27.650128753845586,2019
2019-04-05 00:00:00+00:00,71.66504032258065,33,42.80095506736507,28.864085255215585,2019
2019-04-21 00:00:00+00:00,51.67556786703601,10,87.34980140026869,-35.67423353323268,2019
2019-04-22 00:00:00+00:00,50.31634218289086,26,89.5934988975003,-39.27715671460944,2019
2019-04-23 00:00:00+00:00,57.546664742109314,137,89.68612850955648,-32.13946376744717,2019
2019-04-24 00:00:00+00:00,59.66403280067283,101,88.98540093379081,-29.321368133117986,2019
2019-04-25 00:00:00+00:00,58.07533984092552,76,85.5056668027745,-27.430326961848976,2019
2019-04-26 00:00:00+00:00,59.06444237050863,133,88.37257682679994,-29.308134456291313,2019
2019-04-27 00:00:00+00:00,56.85747228381374,42,88.33858670919872,-31.48111442538498,2019
2019-04-28 00:00:00+00:00,56.42707567964732,46,88.43233598124235,-32.00526030159503,2019
2019-04-29 00:00:00+00:00,56.73388589881592,22,88.69051631193453,-31.95663041311861,2019
2019-04-30 00:00:00+00:00,58.63509510869565,95,91.28802300063623,-32.65292789194058,2019
2019-05-01 00:00:00+00:00,57.50265765765765,84,91.51507264353545,-34.0124149858778,2019
2019-05-02 00:00:00+00:00,56.349915611814346,51,91.69159855991664,-35.341682948102296,2019
2019-05-03 00:00:00+00:00,58.24771730798712,170,90.98788579598992,-32.7401684880028,2019
2019-05-04 00:00:00+00:00,57.717266576454655,266,96.14588458992098,-38.42861801346633,2019
2019-05-05 00:00:00+00:00,59.35332842415316,53,98.68624972423913,-39.33292130008597,2019
2019-05-06 00:00:00+00:00,62.58642082429501,98,98.52959737471517,-35.943176550420155,2019
2019-05-07 00:00:00+00:00,63.4240879596251,57,98.57787492522903,-35.15378696560393,2019
2019-05-08 00:00:00+00:00,62.729599471830994,65,98.46875101573495,-35.73915154390396,2019
2019-05-09 00:00:00+00:00,61.31002310536044,114,98.33803708624936,-37.028013980888915,2019
2019-05-10 00:00:00+00:00,59.85916984006093,188,99.17315264116428,-39.31398280110335,2019
2019-05-11 00:00:00+00:00,64.33872403560831,134,88.93733799697644,-24.59861396136813,2019
2019-05-19 00:00:00+00:00,99.24267616785431,47,65.30814126964401,33.9345348982103,2019
2019-05-20 00:00:00+00:00,99.04083135391924,73,64.78455841591934,34.25627293799991,2019
2019-05-21 00:00:00+00:00,95.12133116883116,40,65.09985312204665,30.02147804678451,2019
2019-05-22 00:00:00+00:00,91.65869680851064,19,66.40249264900025,25.25620415951039,2019
2019-05-23 00:00:00+00:00,89.42206845238094,46,67.09048686621408,22.331581586166863,2019
2019-05-24 00:00:00+00:00,88.9443670212766,61,67.06411261022916,21.880254411047446,2019
2019-05-25 00:00:00+00:00,86.63777777777777,13,67.10498799103885,19.532789786738917,2019
2019-05-26 00:00:00+00:00,83.89016514806379,80,65.18024465363719,18.709920494426598,2019
2019-05-27 00:00:00+00:00,94.56983462350458,77,71.65548206015579,22.914352563348785,2019
2019-05-28 00:00:00+00:00,91.0508679245283,33,90.8029073755215,0.2479605490068053,2019
2019-05-29 00:00:00+00:00,90.398406374502,53,96.35196672933505,-5.953560354833044,2019
2019-05-30 00:00:00+00:00,90.45712807706028,102,96.17222417539665,-5.7150960983363746,2019
2019-05-31 00:00:00+00:00,87.89052803483942,78,103.13345795235446,-15.242929917515042,2019
2019-06-01 00:00:00+00:00,86.62200750469043,24,103.43202338259682,-16.810015877906395,2019
2019-06-02 00:00:00+00:00,87.12709190096515,69,103.44797993306294,-16.320888032097784,2019
2019-06-03 00:00:00+00:00,84.97783742331288,66,104.07457912794207,-19.096741704629196,2019
2019-06-04 00:00:00+00:00,85.04761431411531,112,105.65152767952317,-20.603913365407863,2019
2019-06-05 00:00:00+00:00,85.21210950080514,23,105.97941371207065,-20.76730421126551,2019
2019-06-06 00:00:00+00:00,79.19500420521446,75,105.96046711370451,-26.76546290849005,2019
2019-06-07 00:00:00+00:00,75.26720029784065,78,105.8335106696308,-30.566310371790152,2019
2019-06-08 00:00:00+00:00,71.17560606060606,11,107.59594116911715,-36.4203351085111,2019
2019-06-16 00:00:00+00:00,74.48418390804598,22,130.59057640073746,-56.106392492691484,2019
2019-06-17 00:00:00+00:00,81.70901423877328,40,130.22797072293756,-48.51895648416428,2019
2019-06-18 00:00:00+00:00,83.69050877192983,43,133.9752087796058,-50.284700007675966,2019
2019-06-19 00:00:00+00:00,84.49900000000001,8,133.97306129958122,-49.47406129958121,2019
2019-06-20 00:00:00+00:00,81.12179378531073,44,133.89478751487428,-52.77299372956355,2019
2019-06-21 00:00:00+00:00,91.48903743315508,53,131.80392600358573,-40.314888570430654,2019
2019-06-22 00:00:00+00:00,103.51764501891552,100,131.25175549779442,-27.734110478878904,2019
2019-06-23 00:00:00+00:00,97.00857280617166,44,132.2100627493613,-35.20148994318964,2019
2019-06-24 00:00:00+00:00,95.09986344537816,40,132.01414180641885,-36.91427836104069,2019
2019-06-25 00:00:00+00:00,94.27901709401708,83,129.80279165850996,-35.52377456449288,2019
2019-06-26 00:00:00+00:00,105.07480748470674,198,124.55699248333451,-19.482184998627773,2019
2019-06-27 00:00:00+00:00,128.22242379023663,148,114.7744118959862,13.448011894250428,2019
2019-06-28 00:00:00+00:00,116.3930494623656,175,108.00667708722618,8.386372375139416,2019
2019-06-29 00:00:00+00:00,102.85747734138972,59,107.32756683518947,-4.4700894937997475,2019
2019-06-30 00:00:00+00:00,98.7732262210797,66,102.34267927214312,-3.5694530510634195,2019
2019-07-01 00:00:00+00:00,100.61596062457568,115,103.98432147598184,-3.368360851406166,2019
2019-07-02 00:00:00+00:00,104.0206313993174,129,104.22820195028926,-0.20757055097186594,2019
2019-07-03 00:00:00+00:00,105.52742545454548,59,97.65907357056055,7.8683518839849285,2019
2019-07-04 00:00:00+00:00,105.32326968973749,47,95.0325145824426,10.290755107294885,2019
2019-07-05 00:00:00+00:00,97.9495825680414,92,95.12171396380532,2.8278686042360732,2019
2019-07-06 00:00:00+00:00,100.49,4,98.33734308244497,2.1526569175550208,2019
2019-07-21 00:00:00+00:00,105.85,7,66.11020106082694,39.739798939173056,2019
2019-07-22 00:00:00+00:00,103.51741794310722,20,68.54760742094803,34.96981052215919,2019
2019-07-23 00:00:00+00:00,105.64621875,19,66.25782092586519,39.38839782413481,2019
2019-07-24 00:00:00+00:00,104.74946043165468,27,66.96883496721182,37.78062546444286,2019
2019-07-25 00:00:00+00:00,104.38365609348917,18,67.64735739625019,36.73629869723898,2019
2019-07-26 00:00:00+00:00,100.54850415512465,28,67.60031190050798,32.94819225461667,2019
2019-07-27 00:00:00+00:00,93.98642960812772,38,66.31690565862726,27.66952394950046,2019
2019-07-28 00:00:00+00:00,96.68289556962026,27,66.72394739841722,29.958948171203033,2019
2019-07-29 00:00:00+00:00,95.18536312849164,14,68.72283251902415,26.462530609467493,2019
2019-07-30 00:00:00+00:00,96.32896678966787,47,69.23154858734247,27.0974182023254,2019
2019-07-31 00:00:00+00:00,97.67100814663952,44,66.91057953460607,30.76042861203345,2019
2019-08-01 00:00:00+00:00,97.56190744920994,47,65.88127739606846,31.680630053141485,2019
2019-08-02 00:00:00+00:00,98.2629392971246,34,65.98087173410318,32.28206756302143,2019
2019-08-03 00:00:00+00:00,94.7765,25,69.20964444938262,25.566855550617376,2019
2019-08-04 00:00:00+00:00,95.30948872180451,21,69.46246975027752,25.847018971526992,2019
2019-08-05 00:00:00+00:00,101.76193985599322,101,63.99485870606081,37.76708114993241,2019
2019-08-06 00:00:00+00:00,102.94214788732394,41,63.28995638486196,39.65219150246198,2019
2019-08-07 00:00:00+00:00,100.54935393258424,23,61.521828414114445,39.027525518469794,2019
2019-08-08 00:00:00+00:00,97.3417250996016,55,61.883399831702576,35.45832526789903,2019
2019-08-09 00:00:00+00:00,96.06738175675676,19,61.83389402882703,34.23348772792973,2019
2019-08-10 00:00:00+00:00,99.0312307692308,4,59.6965060078847,39.3347247613461,2019
2019-08-18 00:00:00+00:00,91.977109375,10,48.91391959753159,43.06318977746841,2019
2019-08-19 00:00:00+00:00,91.45067757009346,15,44.436805629088646,47.013871941004815,2019
2019-08-20 00:00:00+00:00,88.67170100058858,38,44.423073136676436,44.24862786391215,2019
2019-08-21 00:00:00+00:00,89.61393246187363,38,39.48151258568552,50.13241987618811,2019
2019-08-22 00:00:00+00:00,87.21811059907834,34,40.03621469342949,47.18189590564885,2019
2019-08-23 00:00:00+00:00,84.57116666666667,21,38.678755812570316,45.892410854096354,2019
2019-08-24 00:00:00+00:00,87.62106145251397,25,39.51020757184826,48.11085388066571,2019
2019-08-25 00:00:00+00:00,84.24666666666667,7,58.21416410225603,26.032502564410642,2019
2019-08-26 00:00:00+00:00,84.60598198198197,31,57.46737454489742,27.138607437084552,2019
2019-08-27 00:00:00+00:00,85.38256032171581,30,58.92303069155209,26.459529630163722,2019
2019-08-28 00:00:00+00:00,83.25543560606059,38,57.90851325821147,25.346922347849116,2019
2019-08-29 00:00:00+00:00,84.32847862886162,169,57.58475093429233,26.743727694569287,2019
2019-08-30 00:00:00+00:00,81.67519236249645,98,57.46887011283209,24.206322249664353,2019
2019-08-31 00:00:00+00:00,83.5034073441503,38,58.781089309357256,24.722318034793048,2019
2019-09-01 00:00:00+00:00,82.07534328358209,17,58.37230955341543,23.70303373016666,2019
2019-09-02 00:00:00+00:00,83.95576761904762,78,53.15182150543277,30.80394611361485,2019
2019-09-03 00:00:00+00:00,84.30764172335601,141,52.17075119528515,32.136890528070865,2019
2019-09-04 00:00:00+00:00,79.27798691860465,54,52.15568297484919,27.122303943755462,2019
2019-09-05 00:00:00+00:00,80.03833504624872,24,52.106895995766386,27.931439050482332,2019
2019-09-06 00:00:00+00:00,78.95567609254499,132,52.645489280128125,26.310186812416866,2019
2019-09-07 00:00:00+00:00,76.80417582417583,11,55.01584705625191,21.78832876792392,2019
2019-09-15 00:00:00+00:00,70.28,2,58.32129739862671,11.95870260137329,2019
2019-09-16 00:00:00+00:00,69.47019851116626,17,58.46021568625734,11.009982824908917,2019
2019-09-17 00:00:00+00:00,68.84961977186312,18,58.77083210739339,10.07878766446973,2019
2019-09-18 00:00:00+00:00,68.9786976744186,26,58.79245357132547,10.18624410309313,2019
2019-09-19 00:00:00+00:00,70.31768250289687,54,58.41318925730958,11.90449324558729,2019
2019-09-20 00:00:00+00:00,68.69341701534171,34,60.26732122507919,8.426095790262515,2019
2019-09-21 00:00:00+00:00,65.49280487804879,16,60.147094536231535,5.345710341817252,2019
2019-09-22 00:00:00+00:00,65.83396226415094,14,60.2880826877456,5.545879576405341,2019
2019-09-23 00:00:00+00:00,70.166784765279,32,63.58296937945595,6.583815385823051,2019
2019-09-24 00:00:00+00:00,77.79348596193705,280,47.989719121397634,29.803766840539417,2019
2019-09-25 00:00:00+00:00,82.22065599173554,98,73.08466937252918,9.135986619206363,2019
2019-09-26 00:00:00+00:00,88.48929772046972,127,74.51908468215834,13.970213038311385,2019
2019-09-27 00:00:00+00:00,93.65521085880144,137,74.99300334025752,18.662207518543923,2019
2019-09-28 00:00:00+00:00,91.66051565377532,21,76.29749190051372,15.3630237532616,2019
2019-09-29 00:00:00+00:00,89.31457593688361,20,76.0642770723861,13.250298864497509,2019
2019-09-30 00:00:00+00:00,90.00382252559727,75,76.42115891642418,13.582663609173096,2019
2019-10-01 00:00:00+00:00,83.15238062283737,78,76.43649413659274,6.715886486244628,2019
2019-10-02 00:00:00+00:00,83.09315677966102,45,76.45330533886272,6.639851440798296,2019
2019-10-03 00:00:00+00:00,79.24659159159161,56,76.09900194271688,3.147589648874728,2019
2019-10-04 00:00:00+00:00,78.10971962616823,68,76.15126739576583,1.9584522304024006,2019
2019-10-05 00:00:00+00:00,72.06356435643565,4,76.37065988048293,-4.307095524047284,2019
2019-10-20 00:00:00+00:00,64.89104218362283,21,75.38792284748646,-10.496880663863635,2019
2019-10-21 00:00:00+00:00,65.88529702970297,18,75.40569739143493,-9.520400361731959,2019
2019-10-22 00:00:00+00:00,64.30725571725571,16,77.7515948862518,-13.44433916899608,2019
2019-10-23 00:00:00+00:00,67.08166338582677,119,75.27091583447626,-8.189252448649484,2019
2019-10-24 00:00:00+00:00,65.70923821039904,62,75.28342342719121,-9.574185216792173,2019
2019-10-25 00:00:00+00:00,60.63822138336849,212,54.06444567378813,6.57377570958036,2019
2019-10-26 00:00:00+00:00,82.07157112146184,215,49.321936113430354,32.74963500803149,2019
2019-10-27 00:00:00+00:00,88.65318681318682,35,47.46138276783545,41.19180404535137,2019
2019-10-28 00:00:00+00:00,84.67557326793379,49,50.84578349920168,33.829789768732105,2019
2019-10-29 00:00:00+00:00,76.94346583850931,34,49.77672571735908,27.166740121150234,2019
2019-10-30 00:00:00+00:00,73.77607778510219,41,52.16650145042324,21.60957633467895,2019
2019-10-31 00:00:00+00:00,71.88950819672131,49,52.596192432353504,19.293315764367804,2019
2019-11-01 00:00:00+00:00,69.3038032166509,72,52.49432131879141,16.8094818978595,2019
2019-11-02 00:00:00+00:00,66.69636363636364,25,52.25925895431217,14.43710468205147,2019
2019-11-03 00:00:00+00:00,65.1991823899371,19,52.291548431021795,12.907633958915312,2019
2019-11-04 00:00:00+00:00,63.971097560975615,26,51.21032299450192,12.760774566473692,2019
2019-11-05 00:00:00+00:00,63.77594594594594,27,52.755884797671804,11.020061148274138,2019
2019-11-06 00:00:00+00:00,62.47220183486238,39,53.4834990787759,8.988702756086482,2019
2019-11-07 00:00:00+00:00,59.92490066225165,63,53.403306382939554,6.521594279312097,2019
2019-11-08 00:00:00+00:00,55.832644165863066,122,51.22329250287763,4.609351662985439,2019
2019-11-09 00:00:00+00:00,54.26696,6,51.51912248712368,2.747837512876316,2019
2019-11-17 00:00:00+00:00,58.45415263748597,45,51.544403483690736,6.909749153795232,2019
2019-11-18 00:00:00+00:00,59.183768564356434,57,62.1543558241915,-2.9705872598350638,2019
2019-11-19 00:00:00+00:00,58.75009478672987,41,62.377113973652854,-3.627019186922986,2019
2019-11-20 00:00:00+00:00,60.66482360097324,31,62.45502905091706,-1.7902054499438194,2019
2019-11-21 00:00:00+00:00,62.071924217462936,143,59.20874020497706,2.863184012485874,2019
2019-11-22 00:00:00+00:00,74.46242340656093,311,59.926067177629164,14.536356228931766,2019
2019-11-23 00:00:00+00:00,65.21737267080745,79,60.63345326018547,4.583919410621981,2019
2019-11-24 00:00:00+00:00,65.82998004987532,218,56.843716391105026,8.98626365877029,2019
2019-11-25 00:00:00+00:00,70.52374729632301,176,55.7782345803994,14.74551271592361,2019
2019-11-26 00:00:00+00:00,70.36977433913604,68,55.755206860849995,14.614567478286048,2019
2019-11-27 00:00:00+00:00,71.5943689745837,138,52.86793174052919,18.726437234054515,2019
2019-11-28 00:00:00+00:00,68.4421372141372,65,52.80203701171229,15.640100202424918,2019
2019-11-29 00:00:00+00:00,62.12988551065281,255,50.70749972784717,11.422385782805641,2019
2019-11-30 00:00:00+00:00,61.464198895027614,29,50.577553760303516,10.886645134724098,2019
2019-12-01 00:00:00+00:00,62.738328,48,50.151586597908626,12.586741402091377,2019
2019-12-02 00:00:00+00:00,62.859079550187424,72,49.98516110126226,12.873918448925167,2019
2019-12-03 00:00:00+00:00,61.65946595460613,47,51.213628615499765,10.445837339106362,2019
2019-12-04 00:00:00+00:00,62.92410085054679,128,54.43354916636145,8.490551684185341,2019
2019-12-05 00:00:00+00:00,62.32406225680933,76,53.56920633308738,8.754855923721948,2019
2019-12-06 00:00:00+00:00,57.2499405940594,104,53.04822304050639,4.20171755355301,2019
2019-12-07 00:00:00+00:00,58.60462323390895,44,56.409784138107746,2.194839095801207,2019
2019-12-22 00:00:00+00:00,57.49692466460268,52,53.81034938890915,3.686575275693528,2019
2019-12-23 00:00:00+00:00,57.42787915046365,101,52.845614382911165,4.582264767552488,2019
2019-12-24 00:00:00+00:00,57.13094182825485,36,53.98293758917533,3.148004239079519,2019
2019-12-25 00:00:00+00:00,55.24165931642778,59,53.87405770336834,1.367601613059442,2019
2019-12-26 00:00:00+00:00,58.84031227305737,51,54.18873460317635,4.651577669881021,2019
2019-12-27 00:00:00+00:00,55.6593050397878,84,54.950069917237386,0.7092351225504174,2019
2019-12-28 00:00:00+00:00,55.46154411764706,28,55.89092798555636,-0.4293838679093014,2019
2019-12-29 00:00:00+00:00,53.63452813852814,60,58.181495379186806,-4.546967240658667,2019
2019-12-30 00:00:00+00:00,51.03872749342504,83,57.51524021002212,-6.476512716597078,2019
2019-12-31 00:00:00+00:00,56.9657360581919,74,57.46626251883564,-0.5005264606437407,2019
2020-01-01 00:00:00+00:00,56.79345945945946,13,58.21047725668221,-1.4170177972227478,2020
2020-01-02 00:00:00+00:00,58.44323600973236,91,56.289062341895814,2.1541736678365453,2020
2020-01-03 00:00:00+00:00,55.77427446015333,224,54.29564443264076,1.4786300275125654,2020
2020-01-04 00:00:00+00:00,54.86769881556683,35,54.42746491417822,0.4402339013886092,2020
2020-01-05 00:00:00+00:00,54.13701219512195,95,54.87568258752699,-0.7386703924050408,2020
2020-01-06 00:00:00+00:00,54.27618260320135,176,54.19718896065252,0.07899364254883068,2020
2020-01-07 00:00:00+00:00,57.84824322048172,183,52.03725737636179,5.810985844119934,2020
2020-01-08 00:00:00+00:00,65.16484006865346,226,51.51433258132096,13.650507487332504,2020
2020-01-09 00:00:00+00:00,60.13655321782178,77,49.968219888453206,10.168333329368572,2020
2020-01-10 00:00:00+00:00,56.35718723037101,125,48.44206658287881,7.915120647492202,2020
2020-01-11 00:00:00+00:00,54.03769230769231,19,49.25054911061148,4.78714319708083,2020
2020-01-19 00:00:00+00:00,60.87536299765808,45,47.792109167795175,13.083253829862905,2020
2020-01-20 00:00:00+00:00,60.14963756177925,17,52.571612980246854,7.5780245815323966,2020
2020-01-21 00:00:00+00:00,56.80342105263159,49,52.49852045092245,4.304900601709143,2020
2020-01-22 00:00:00+00:00,58.66310924369748,26,52.399654176408546,6.26345506728893,2020
2020-01-23 00:00:00+00:00,54.94655666410847,118,51.01989481160927,3.926661852499201,2020
2020-01-24 00:00:00+00:00,56.11123851525174,44,51.86334733323622,4.247891182015522,2020
2020-01-25 00:00:00+00:00,54.4863694267516,16,53.20372077994182,1.2826486468097826,2020
2020-01-26 00:00:00+00:00,54.774172535211264,34,54.30031287021564,0.47385966499562215,2020
2020-01-27 00:00:00+00:00,56.32429382093317,64,56.9303736829979,-0.6060798620647319,2020
2020-01-28 00:00:00+00:00,58.42450711382113,133,53.58721860181556,4.837288512005571,2020
2020-01-29 00:00:00+00:00,58.56700864553314,136,53.602903068364014,4.9641055771691285,2020
2020-01-30 00:00:00+00:00,58.96543639475185,86,53.18242613111811,5.783010263633734,2020
2020-01-31 00:00:00+00:00,58.87054763690923,169,52.930871942647315,5.939675694261915,2020
2020-02-01 00:00:00+00:00,55.135292056074775,58,55.33750933829258,-0.2022172822178021,2020
2020-02-02 00:00:00+00:00,55.25751202749141,111,55.61935164270394,-0.3618396152125314,2020
2020-02-03 00:00:00+00:00,55.57989929506546,52,55.62355086031564,-0.04365156525017966,2020
2020-02-04 00:00:00+00:00,54.67858987427795,72,56.907494309279286,-2.22890443500134,2020
2020-02-05 00:00:00+00:00,56.49300040766409,180,54.328658023779916,2.1643423838841755,2020
2020-02-06 00:00:00+00:00,59.21103738500684,118,54.698199758464774,4.5128376265420655,2020
2020-02-07 00:00:00+00:00,58.034312997347484,53,64.67141595442756,-6.637102957080074,2020
2020-02-08 00:00:00+00:00,57.384431818181824,8,64.42155350441688,-7.037121686235054,2020
2020-02-16 00:00:00+00:00,62.98958988380042,61,192.3586436825988,-129.36905379879838,2020
2020-02-17 00:00:00+00:00,61.572175995211005,110,192.72373749461246,-131.15156149940145,2020
2020-02-18 00:00:00+00:00,60.24660403299725,159,198.89659462906292,-138.64999059606566,2020
2020-02-19 00:00:00+00:00,60.74377456049638,203,198.42801497679585,-137.68424041629947,2020
2020-02-20 00:00:00+00:00,61.67455531453363,121,198.39462090581057,-136.72006559127695,2020
2020-02-21 00:00:00+00:00,59.41650490449149,69,198.88901704405495,-139.47251213956346,2020
2020-02-22 00:00:00+00:00,57.406040054619936,88,203.9026660879022,-146.49662603328227,2020
2020-02-23 00:00:00+00:00,55.61890929965558,102,204.147036954605,-148.52812765494943,2020
2020-02-24 00:00:00+00:00,56.73178384660082,86,204.02985506667864,-147.29807122007782,2020
2020-02-25 00:00:00+00:00,57.02654348637552,176,203.94648598403452,-146.919942497659,2020
2020-02-26 00:00:00+00:00,58.87666780180487,229,203.9999752376455,-145.12330743584062,2020
2020-02-27 00:00:00+00:00,59.94819242676828,147,203.9525145826485,-144.0043221558802,2020
2020-02-28 00:00:00+00:00,60.02908594319009,219,204.7587887407034,-144.7297027975133,2020
2020-02-29 00:00:00+00:00,55.91520107238607,25,207.54154257258878,-151.62634150020273,2020
2020-03-01 00:00:00+00:00,57.11728591160221,139,207.57353313012374,-150.45624721852153,2020
2020-03-02 00:00:00+00:00,57.1381447368421,95,207.32625035052337,-150.18810561368127,2020
2020-03-03 00:00:00+00:00,54.97727782225781,95,207.58296596030502,-152.6056881380472,2020
2020-03-04 00:00:00+00:00,54.155157894736845,53,207.55782599497627,-153.40266810023942,2020
2020-03-05 00:00:00+00:00,52.7831198478123,186,207.21622654013504,-154.43310669232272,2020
2020-03-06 00:00:00+00:00,51.146772805507744,75,207.1254200935673,-155.97864728805956,2020
2020-03-07 00:00:00+00:00,49.35452229299363,7,209.4088861075484,-160.05436381455476,2020
2020-03-15 00:00:00+00:00,138.68506900878293,27,94.0517476637153,44.63332134506763,2020
2020-03-16 00:00:00+00:00,160.0879874750925,65,92.18933488952047,67.89865258557202,2020
2020-03-17 00:00:00+00:00,145.8613324099723,76,93.02265548409054,52.83867692588177,2020
2020-03-18 00:00:00+00:00,137.86848236775816,33,93.24813385445229,44.62034851330587,2020
2020-03-19 00:00:00+00:00,119.37288238878732,67,81.80549700528022,37.5673853835071,2020
2020-03-20 00:00:00+00:00,128.15140359168242,53,82.19644370487387,45.95495988680855,2020
2020-03-21 00:00:00+00:00,127.20691233947517,41,83.75916058177707,43.4477517576981,2020
2020-03-22 00:00:00+00:00,126.63296836982968,25,80.25211459222228,46.3808537776074,2020
2020-03-23 00:00:00+00:00,131.80268330733227,39,71.70588472129917,60.0967985860331,2020
2020-03-24 00:00:00+00:00,122.91294736842106,38,72.33817083330322,50.574776535117834,2020
2020-03-25 00:00:00+00:00,120.8211931330472,31,72.20560108147673,48.615592051570474,2020
2020-03-26 00:00:00+00:00,121.76375218150088,33,72.1875000240667,49.57625215743418,2020
2020-03-27 00:00:00+00:00,102.56788732394368,132,68.6876787885543,33.880208535389386,2020
2020-03-28 00:00:00+00:00,102.87448796866256,67,68.15253601692687,34.72195195173569,2020
2020-03-29 00:00:00+00:00,107.53115979381444,31,63.34830950063015,44.18285029318429,2020
2020-03-30 00:00:00+00:00,101.84120911214954,47,69.98901968838207,31.85218942376747,2020
2020-03-31 00:00:00+00:00,92.66102882483368,33,70.62140792214345,22.03962090269023,2020
2020-04-01 00:00:00+00:00,93.59708041958042,47,70.13889678846407,23.458183631116356,2020
2020-04-02 00:00:00+00:00,92.24190758293838,87,70.09617157135366,22.145736011584717,2020
2020-04-03 00:00:00+00:00,96.18732838589982,87,70.09308276127011,26.094245624629707,2020
2020-04-04 00:00:00+00:00,86.16586092715231,8,70.10804826303604,16.05781266411627,2020
2020-04-19 00:00:00+00:00,76.98121951219514,18,76.48728864454282,0.49393086765232397,2020
2020-04-20 00:00:00+00:00,80.52066959385292,76,75.43619201244574,5.084477581407171,2020
2020-04-21 00:00:00+00:00,79.73863067292645,67,78.19659206701556,1.5420386059108893,2020
2020-04-22 00:00:00+00:00,77.26024896265561,47,77.40526370903937,-0.14501474638376521,2020
2020-04-23 00:00:00+00:00,76.58898512685916,147,76.06261849234258,0.5263666345165774,2020
2020-04-24 00:00:00+00:00,74.2457925223802,90,78.61463251240842,-4.368839990028221,2020
2020-04-25 00:00:00+00:00,69.21186375321336,29,78.76648361286385,-9.554619859650487,2020
2020-04-26 00:00:00+00:00,68.293203125,34,78.66170823483375,-10.368505109833748,2020
2020-04-27 00:00:00+00:00,68.90353462603878,57,79.58947054111422,-10.685935915075447,2020
2020-04-28 00:00:00+00:00,70.76847376788552,60,80.37068497857469,-9.602211210689163,2020
2020-04-29 00:00:00+00:00,72.94462325581395,348,69.04612881030235,3.898494445511602,2020
2020-04-30 00:00:00+00:00,81.54531554160125,279,69.2624039497811,12.282911591820152,2020
2020-05-01 00:00:00+00:00,77.30523186682521,48,69.69080568981016,7.614426177015048,2020
2020-05-02 00:00:00+00:00,74.08254237288135,26,74.13326560161167,-0.05072322873031965,2020
2020-05-03 00:00:00+00:00,71.9916811594203,77,78.24534660689551,-6.253665447475214,2020
2020-05-04 00:00:00+00:00,77.01175897578625,86,78.3277980118332,-1.316039036046945,2020
2020-05-05 00:00:00+00:00,74.79725063474791,90,78.260544109574,-3.463293474826088,2020
2020-05-06 00:00:00+00:00,78.64674335010784,114,78.45981138720649,0.1869319629013546,2020
2020-05-07 00:00:00+00:00,80.27224945806236,175,72.11681066638741,8.155438791674953,2020
2020-05-08 00:00:00+00:00,81.37400587920898,136,71.84834287103293,9.525663008176053,2020
2020-05-09 00:00:00+00:00,79.96012269938649,14,71.13779886267426,8.82232383671223,2020
2020-05-17 00:00:00+00:00,87.24302637889687,129,59.04102244482811,28.202003934068763,2020
2020-05-18 00:00:00+00:00,90.07066912669127,152,59.05345712084685,31.01721200584442,2020
2020-05-19 00:00:00+00:00,84.33272818455366,64,59.04049886451735,25.292229320036306,2020
2020-05-20 00:00:00+00:00,85.45985609397944,104,58.31135599956756,27.14850009441188,2020
2020-05-21 00:00:00+00:00,81.33815671838023,135,55.75002301138624,25.588133706993993,2020
2020-05-22 00:00:00+00:00,78.09745659526494,126,55.72063398777395,22.376822607490993,2020
2020-05-23 00:00:00+00:00,74.93114265181458,61,57.70330695798735,17.22783569382723,2020
2020-05-24 00:00:00+00:00,72.92410334811191,142,54.70327341406131,18.220829934050606,2020
2020-05-25 00:00:00+00:00,75.61750095675468,63,55.931164084524255,19.686336872230427,2020
2020-05-26 00:00:00+00:00,73.77172246696036,82,55.92352398115319,17.848198485807167,2020
2020-05-27 00:00:00+00:00,72.2006223922114,104,54.29396643886209,17.906655953349308,2020
2020-05-28 00:00:00+00:00,64.85150385772198,224,52.67136939933821,12.180134458383769,2020
2020-05-29 00:00:00+00:00,61.40285393573733,299,52.7331964683914,8.669657467345935,2020
2020-05-30 00:00:00+00:00,65.01101389766266,151,51.72838213195989,13.282631765702774,2020
2020-05-31 00:00:00+00:00,70.45683908045977,126,51.05369084566633,19.40314823479344,2020
2020-06-01 00:00:00+00:00,70.17412494953574,311,43.019656120093245,27.154468829442493,2020
2020-06-02 00:00:00+00:00,75.32123143044006,370,36.396638833849615,38.92459259659045,2020
2020-06-03 00:00:00+00:00,71.39596123417722,152,35.975027240063476,35.420933994113746,2020
2020-06-04 00:00:00+00:00,66.47835359116021,179,35.71215359132439,30.766199999835827,2020
2020-06-05 00:00:00+00:00,64.37745901639344,194,35.308680937262984,29.06877807913046,2020
2020-06-06 00:00:00+00:00,63.97488439306358,42,36.7022836436702,27.272600749393384,2020
2020-06-21 00:00:00+00:00,62.55600122850122,47,29.363078786839125,33.1929224416621,2020
2020-06-22 00:00:00+00:00,60.52943181818183,107,25.554155777314445,34.975276040867385,2020
2020-06-23 00:00:00+00:00,59.544710724902814,145,25.600433761708842,33.94427696319397,2020
2020-06-24 00:00:00+00:00,60.05264836601307,172,22.52880829134416,37.52384007466891,2020
2020-06-25 00:00:00+00:00,59.54861027190332,106,23.052521564560884,36.49608870734244,2020
2020-06-26 00:00:00+00:00,56.605858394292426,202,23.85989141343235,32.745966980860075,2020
2020-06-27 00:00:00+00:00,52.73625218150087,167,42.28341753518626,10.452834646314614,2020
2020-06-28 00:00:00+00:00,55.16328384450088,111,42.622277467203475,12.541006377297407,2020
2020-06-29 00:00:00+00:00,52.22990397805212,84,42.768631657444004,9.461272320608117,2020
2020-06-30 00:00:00+00:00,51.74520102105935,60,42.63227354281737,9.112927478241978,2020
2020-07-01 00:00:00+00:00,49.32289397590362,139,42.9213243348732,6.40156964103042,2020
2020-07-02 00:00:00+00:00,46.10328196257274,160,43.64140859415834,2.4618733684143947,2020
2020-07-03 00:00:00+00:00,46.20334104938272,183,50.709621987612294,-4.5062809382295725,2020
2020-07-04 00:00:00+00:00,48.65310075740188,116,50.811729856605666,-2.158629099203786,2020
2020-07-05 00:00:00+00:00,48.82796476587853,83,50.77558838058822,-1.9476236147096913,2020
2020-07-06 00:00:00+00:00,49.5117897574124,247,52.37024822220955,-2.8584584647971454,2020
2020-07-07 00:00:00+00:00,51.25725924663372,137,52.047578264655755,-0.7903190180220321,2020
2020-07-08 00:00:00+00:00,51.32017672363679,216,52.43812393202407,-1.1179472083872781,2020
2020-07-09 00:00:00+00:00,52.48025438005391,158,51.47786061503263,1.0023937650212744,2020
2020-07-10 00:00:00+00:00,47.12321361940298,147,51.73209825629835,-4.608884636895368,2020
2020-07-11 00:00:00+00:00,48.30029250457038,16,51.63168659347398,-3.3313940889036004,2020
2020-07-19 00:00:00+00:00,50.87776603773585,30,56.31510759643697,-5.437341558701114,2020
2020-07-20 00:00:00+00:00,51.756221122112215,44,56.826767827830174,-5.070546705717959,2020
2020-07-21 00:00:00+00:00,51.09989606868505,78,56.5118284993552,-5.411932430670149,2020
2020-07-22 00:00:00+00:00,51.160543283582086,81,57.92580050201561,-6.765257218433526,2020
2020-07-23 00:00:00+00:00,52.49023210412148,136,57.972409641787046,-5.482177537665564,2020
2020-07-24 00:00:00+00:00,50.14339257768835,121,57.85856802567309,-7.715175447984734,2020
2020-07-25 00:00:00+00:00,47.55502240812668,86,57.7522535094815,-10.197231101354816,2020
2020-07-26 00:00:00+00:00,53.219358974358975,173,59.357006168383464,-6.137647194024488,2020
2020-07-27 00:00:00+00:00,69.71247764503897,547,46.97972024147855,22.73275740356042,2020
2020-07-28 00:00:00+00:00,71.6859269804053,252,47.10606864883897,24.579858331566328,2020
2020-07-29 00:00:00+00:00,61.656157198192375,254,47.29796278382467,14.358194414367702,2020
2020-07-30 00:00:00+00:00,56.34996214272194,216,47.3464001119862,9.003562030735743,2020
2020-07-31 00:00:00+00:00,56.51749948293692,256,47.30612719328095,9.21137228965597,2020
2020-08-01 00:00:00+00:00,61.24443171708185,328,45.17253953288945,16.0718921841924,2020
2020-08-02 00:00:00+00:00,71.94566529492455,425,39.1598678892813,32.78579740564325,2020
2020-08-03 00:00:00+00:00,65.92767835838701,164,42.25521431092073,23.672464047466285,2020
2020-08-04 00:00:00+00:00,63.20544004611837,135,57.61551602364183,5.589924022476538,2020
2020-08-05 00:00:00+00:00,62.10978818443804,143,55.58543462370873,6.52435356072931,2020
2020-08-06 00:00:00+00:00,56.67381223560039,119,56.24310048611133,0.4307117494890562,2020
2020-08-07 00:00:00+00:00,58.64393196781273,174,56.3404043765149,2.3035275912978364,2020
2020-08-08 00:00:00+00:00,57.81279379157428,15,56.2413345799597,1.571459211614581,2020
2020-08-16 00:00:00+00:00,74.10215779202676,91,55.613384115002376,18.488773677024383,2020
2020-08-17 00:00:00+00:00,71.09727683372769,224,54.635867112864,16.461409720863692,2020
2020-08-18 00:00:00+00:00,72.61124396782841,99,53.975111263251776,18.63613270457664,2020
2020-08-19 00:00:00+00:00,66.30626880155265,117,53.747312744148864,12.558956057403783,2020
2020-08-20 00:00:00+00:00,63.9547619047619,53,53.85615510226849,10.098606802493414,2020
2020-08-21 00:00:00+00:00,61.084317431743166,138,53.1447835257415,7.939533906001664,2020
2020-08-22 00:00:00+00:00,61.1376211031175,91,55.145987388526294,5.9916337145912095,2020
2020-08-23 00:00:00+00:00,59.293363446838086,62,55.387062018745205,3.906301428092881,2020
2020-08-24 00:00:00+00:00,56.21316947812336,149,55.88516852128313,0.3280009568402349,2020
2020-08-25 00:00:00+00:00,55.08864402557503,271,57.522816658565,-2.43417263298997,2020
2020-08-26 00:00:00+00:00,53.75647817460317,121,57.326625727154564,-3.570147552551397,2020
2020-08-27 00:00:00+00:00,55.25887736060312,190,57.20788032406353,-1.9490029634604085,2020
2020-08-28 00:00:00+00:00,53.366090357739296,377,56.68761061879687,-3.3215202610575716,2020
2020-08-29 00:00:00+00:00,52.150801487296015,121,56.70586567530375,-4.555064188007734,2020
2020-08-30 00:00:00+00:00,52.35022150189088,131,56.41702621593458,-4.066804714043698,2020
2020-08-31 00:00:00+00:00,52.34889398482978,174,56.42809583011641,-4.079201845286633,2020
2020-09-01 00:00:00+00:00,53.42086389850058,253,55.864580028433345,-2.443716129932767,2020
2020-09-02 00:00:00+00:00,52.10340488916149,362,53.80522980178745,-1.701824912625959,2020
2020-09-03 00:00:00+00:00,54.426737828507015,337,36.6170882127708,17.809649615736213,2020
2020-09-04 00:00:00+00:00,58.82797247124876,346,35.66046256072892,23.167509910519847,2020
2020-09-05 00:00:00+00:00,57.52008298755188,12,34.12194376340129,23.39813922415059,2020
2020-09-10 00:00:00+00:00,61.51654618473896,4,34.79522391063232,26.721322274106633,2020
2020-09-11 00:00:00+00:00,60.72105103969754,35,34.811723900679766,25.909327139017776,2020
2020-09-12 00:00:00+00:00,53.98433147632312,9,35.018942486730936,18.965388989592185,2020
2020-09-17 00:00:00+00:00,51.6678756476684,11,33.29795885985196,18.369916787816443,2020
2020-09-18 00:00:00+00:00,46.42344672995781,71,33.541915314500066,12.881531415457744,2020
2020-09-19 00:00:00+00:00,44.54779883381924,53,33.99062332180105,10.55717551201819,2020
2020-09-20 00:00:00+00:00,47.46105221203666,75,33.6898378863412,13.77121432569546,2020
2020-09-21 00:00:00+00:00,48.43292494042891,168,37.18301515887571,11.2499097815532,2020
2020-09-22 00:00:00+00:00,50.49347239263803,72,37.207903420599166,13.285568972038867,2020
2020-09-23 00:00:00+00:00,48.540621642363774,99,35.19081202683997,13.349809615523803,2020
2020-09-24 00:00:00+00:00,48.757405355494,126,32.151890996122944,16.605514359371057,2020
2020-09-25 00:00:00+00:00,46.75719258805096,233,32.23826375730658,14.518928830744386,2020
2020-09-26 00:00:00+00:00,43.3100623549884,98,32.255389674655675,11.054672680332729,2020
2020-09-27 00:00:00+00:00,46.87203069657616,58,34.70979556917079,12.162235127405374,2020
2020-09-28 00:00:00+00:00,46.77405785562632,117,36.473980690773885,10.300077164852432,2020
2020-09-29 00:00:00+00:00,46.174616963064295,115,36.45084105188693,9.723775911177363,2020
2020-09-30 00:00:00+00:00,47.35738689547581,100,36.1278591216642,11.229527773811611,2020
2020-10-01 00:00:00+00:00,47.90206607613119,233,35.379048774005184,12.523017302126007,2020
2020-10-02 00:00:00+00:00,47.88725782414307,165,35.32929947172948,12.557958352413593,2020
2020-10-03 00:00:00+00:00,47.25581506849315,50,36.00603635568823,11.249778712804918,2020
2020-10-04 00:00:00+00:00,49.0250923872875,41,37.03066067831673,11.994431708970772,2020
2020-10-05 00:00:00+00:00,49.33094009983361,177,37.026689662667785,12.304250437165827,2020
2020-10-06 00:00:00+00:00,47.05244769179674,233,46.90447815842125,0.14796953337549468,2020
2020-10-07 00:00:00+00:00,47.681154458598726,172,47.10181077271893,0.5793436858797989,2020
2020-10-08 00:00:00+00:00,48.00732577238952,380,51.6890782684586,-3.6817524960690804,2020
2020-10-09 00:00:00+00:00,43.154463920922566,318,52.95833939338054,-9.803875472457975,2020
2020-10-10 00:00:00+00:00,44.11451948824754,99,53.30622665614817,-9.191707167900631,2020
2020-10-15 00:00:00+00:00,45.0970353683262,79,54.82910685793715,-9.732071489610945,2020
2020-10-16 00:00:00+00:00,43.38987684729064,154,54.39553151838423,-11.005654671093595,2020
2020-10-18 00:00:00+00:00,48.86780297661234,102,57.59174778017056,-8.723944803558219,2020
2020-10-19 00:00:00+00:00,49.4686552828175,90,57.599546332081964,-8.130891049264463,2020
2020-10-20 00:00:00+00:00,50.24510406342913,136,57.75730378658732,-7.51219972315819,2020
2020-10-21 00:00:00+00:00,57.17561155469664,304,55.005442685080965,2.1701688696156722,2020
2020-10-22 00:00:00+00:00,57.008585278276485,202,55.181840504225455,1.8267447740510292,2020
2020-10-23 00:00:00+00:00,55.24651189935802,319,55.618924807088135,-0.3724129077301157,2020
2020-10-24 00:00:00+00:00,52.61489158716392,133,55.81479536010154,-3.199903772937624,2020
2020-10-25 00:00:00+00:00,53.11752147239264,120,56.32801954679214,-3.210498074399503,2020
2020-10-26 00:00:00+00:00,50.66714967609956,140,57.578041798118086,-6.910892122018524,2020
2020-10-27 00:00:00+00:00,52.490270156627766,379,66.07228141334551,-13.582011256717742,2020
2020-10-28 00:00:00+00:00,53.8359396646008,379,64.95835344066208,-11.12241377606128,2020
2020-10-29 00:00:00+00:00,51.402110056340206,321,65.52606538008354,-14.123955323743331,2020
2020-10-30 00:00:00+00:00,49.8572192513369,514,65.78130425997459,-15.92408500863769,2020
2020-10-31 00:00:00+00:00,56.69794108836744,383,70.18135230925766,-13.483411220890218,2020
2020-11-01 00:00:00+00:00,59.10580344535442,96,73.04998647281712,-13.944183027462707,2020
2020-11-02 00:00:00+00:00,60.29788418149913,245,72.64957458560798,-12.35169040410885,2020
2020-11-03 00:00:00+00:00,59.851248874887496,299,72.22449262265773,-12.373243747770239,2020
2020-11-04 00:00:00+00:00,58.11929132809378,228,74.50840550541236,-16.389114177318575,2020
2020-11-05 00:00:00+00:00,59.66108514840469,992,67.8038299505415,-8.14274480213681,2020
2020-11-06 00:00:00+00:00,62.70227783957483,444,67.76706731431408,-5.064789474739243,2020
2020-11-07 00:00:00+00:00,59.87792207792208,29,64.90648127970685,-5.028559201784773,2020
2020-11-12 00:00:00+00:00,56.88670170827858,230,66.76146186585747,-9.87476015757889,2020
2020-11-13 00:00:00+00:00,56.68344589937974,129,66.92831135040295,-10.244865451023209,2020
2020-11-14 00:00:00+00:00,55.81231132075471,9,66.5076160446511,-10.695304723896392,2020
2020-11-15 00:00:00+00:00,57.65608294930876,46,66.32829681026905,-8.67221386096029,2020
2020-11-16 00:00:00+00:00,56.52987733534629,337,71.7799958634554,-15.250118528109105,2020
2020-11-17 00:00:00+00:00,61.86045956058717,498,72.80770539622957,-10.947245835642399,2020
2020-11-18 00:00:00+00:00,67.83497189748202,544,72.8167965004029,-4.981824602920881,2020
2020-11-19 00:00:00+00:00,61.58528104054682,701,73.16220070877385,-11.576919668227035,2020
2020-11-20 00:00:00+00:00,63.59802170507088,1421,72.37119857171909,-8.773176866648214,2020
2020-11-21 00:00:00+00:00,73.3555036976171,347,73.72476023024117,-0.3692565326240782,2020
2020-11-22 00:00:00+00:00,70.57194094226942,216,74.75131867558311,-4.179377733313686,2020
2020-11-23 00:00:00+00:00,76.63612413528055,243,75.54344555416223,1.0926785811183208,2020
2020-11-24 00:00:00+00:00,76.97793452974412,534,74.76373076056969,2.214203769174432,2020
2020-11-25 00:00:00+00:00,66.47826870832304,358,74.83247682271835,-8.354208114395306,2020
2020-11-26 00:00:00+00:00,74.17330091786945,1154,69.03723472477165,5.136066193097804,2020
2020-11-27 00:00:00+00:00,72.12928363472342,1272,69.3191772997953,2.810106334928122,2020
2020-11-28 00:00:00+00:00,63.14363185123042,550,69.22757866223031,-6.0839468109998975,2020
2020-11-29 00:00:00+00:00,61.98287195671776,473,69.0963699406261,-7.113497983908346,2020
2020-11-30 00:00:00+00:00,78.69489783875488,777,66.51294003658242,12.181957802172462,2020
2020-12-01 00:00:00+00:00,88.82877749214511,547,62.96113219857118,25.86764529357393,2020
2020-12-02 00:00:00+00:00,71.25124283305227,507,62.87920051781166,8.372042315240613,2020
2020-12-03 00:00:00+00:00,67.63854304635761,322,68.3224992723931,-0.683956226035491,2020
2020-12-04 00:00:00+00:00,69.01405181567212,364,65.0300537075765,3.9839981080956193,2020
2020-12-05 00:00:00+00:00,70.10914163090128,30,67.18780603606115,2.92133559484013,2020
2020-12-10 00:00:00+00:00,63.69837377049179,18,67.89163529415556,-4.193261523663772,2020
2020-12-11 00:00:00+00:00,63.24761561306746,87,72.03738806335353,-8.789772450286073,2020
2020-12-12 00:00:00+00:00,62.4685641025641,23,79.78865198499831,-17.32008788243421,2020
2020-12-17 00:00:00+00:00,82.78013303769401,111,86.6478637857732,-3.8677307480791825,2020
2020-12-18 00:00:00+00:00,75.05804827586206,53,87.00551583269124,-11.947467556829181,2020
2020-12-19 00:00:00+00:00,67.2934726688103,22,86.85860072910295,-19.56512806029265,2020
2020-12-20 00:00:00+00:00,86.22630343671418,127,87.00727939554389,-0.780975958829714,2020
2020-12-21 00:00:00+00:00,83.46219328993489,394,85.87400383422168,-2.4118105442867943,2020
2020-12-22 00:00:00+00:00,84.74518934911242,288,100.76368568140934,-16.01849633229692,2020
2020-12-23 00:00:00+00:00,85.42603866721514,277,102.154694805374,-16.72865613815887,2020
2020-12-24 00:00:00+00:00,82.45825464251887,350,103.01786221052784,-20.55960756800897,2020
2020-12-25 00:00:00+00:00,77.95303592671901,589,102.45146141959955,-24.498425492880543,2020
2020-12-26 00:00:00+00:00,81.73118162692846,649,100.17839623285083,-18.44721460592237,2020
2020-12-27 00:00:00+00:00,86.5506088875514,783,100.01806394795771,-13.467455060406309,2020
2020-12-28 00:00:00+00:00,82.09628413793104,275,102.87528359738343,-20.778999459452393,2020
2020-12-29 00:00:00+00:00,82.70686068482418,251,107.56617197872794,-24.859311293903758,2020
2020-12-30 00:00:00+00:00,84.68180141601005,677,106.4482933074876,-21.766491891477557,2020
2020-12-31 00:00:00+00:00,92.47500089110676,426,106.4657685431353,-13.990767652028538,2020
2021-01-01 00:00:00+00:00,83.15896711870705,397,107.37149753690186,-24.212530418194802,2021
2021-01-02 00:00:00+00:00,86.07584932861025,1157,102.78550106456414,-16.709651735953898,2021
2021-01-03 00:00:00+00:00,98.33133606885508,599,104.24696588032126,-5.915629811466175,2021
2021-01-04 00:00:00+00:00,102.60425686378036,546,105.42382039877505,-2.8195635349946855,2021
2021-01-05 00:00:00+00:00,102.22322505045244,801,103.81490279923607,-1.5916777487836242,2021
2021-01-06 00:00:00+00:00,108.85195163641848,1092,100.71671329922829,8.135238337190188,2021
2021-01-07 00:00:00+00:00,131.99412818096135,931,98.29191776171297,33.70221041924839,2021
2021-01-08 00:00:00+00:00,131.2410701570681,945,97.71129167795064,33.529778479117454,2021
2021-01-09 00:00:00+00:00,126.63815830721002,187,115.73304990616158,10.905108401048437,2021
2021-01-14 00:00:00+00:00,139.1310262089332,111,107.53423914546347,31.596787063469733,2021
2021-01-15 00:00:00+00:00,147.82535732647816,91,104.9537163988885,42.87164092758965,2021
2021-01-16 00:00:00+00:00,149.51169491525425,7,104.82086654454581,44.690828370708445,2021
2021-01-17 00:00:00+00:00,125.39734065934064,111,104.7599035263229,20.63743713301774,2021
2021-01-18 00:00:00+00:00,125.2057912345266,156,106.05861766854838,19.14717356597822,2021
2021-01-19 00:00:00+00:00,130.10523880076695,275,105.78149624250268,24.32374255826427,2021
2021-01-20 00:00:00+00:00,122.01522677510168,293,108.03470247348719,13.980524301614494,2021
2021-01-21 00:00:00+00:00,111.41658811228184,468,92.33014259782212,19.086445514459726,2021
2021-01-22 00:00:00+00:00,113.97360824742267,407,90.67527472526307,23.29833352215961,2021
2021-01-23 00:00:00+00:00,105.86484057971016,50,93.46087060814557,12.403969971564592,2021
2021-01-24 00:00:00+00:00,110.30880990415336,92,102.17723682245952,8.131573081693844,2021
2021-01-25 00:00:00+00:00,106.94233818078128,216,102.03599171737723,4.906346463404049,2021
2021-01-26 00:00:00+00:00,104.36010387157695,174,104.75061257927239,-0.39050870769543167,2021
2021-01-27 00:00:00+00:00,111.05318417333962,422,101.37891782846975,9.674266344869864,2021
2021-01-28 00:00:00+00:00,115.8300283286119,162,97.3154097117319,18.51461861688,2021
2021-01-29 00:00:00+00:00,120.14942020411182,1394,97.77056932024216,22.37885088386966,2021
2021-01-30 00:00:00+00:00,113.47171336206895,249,102.07592308892339,11.395790273145565,2021
2021-01-31 00:00:00+00:00,111.51509821836454,150,101.41269895935548,10.102399259009061,2021
2021-02-01 00:00:00+00:00,108.91087112171836,240,101.80098453917763,7.1098865825407245,2021
2021-02-02 00:00:00+00:00,102.21767850604174,272,102.34567443584692,-0.1279959298051807,2021
2021-02-03 00:00:00+00:00,102.57189620117713,358,100.774471520346,1.7974246808311278,2021
2021-02-04 00:00:00+00:00,100.8438186656529,543,100.34659534656474,0.49722331908816386,2021
2021-02-05 00:00:00+00:00,100.93942270509162,383,100.59690561444458,0.3425170906470356,2021
2021-02-06 00:00:00+00:00,102.42638588791355,164,100.66349064040546,1.762895247508098,2021
2021-02-11 00:00:00+00:00,115.0462181818182,43,80.89825521245517,34.147962969363036,2021
2021-02-12 00:00:00+00:00,113.67371559633028,37,82.0546898572373,31.619025739092976,2021
2021-02-13 00:00:00+00:00,108.07046153846154,9,85.0875340427174,22.98292749574415,2021
2021-02-14 00:00:00+00:00,109.86345100864553,89,84.75800275892269,25.10544824972284,2021
2021-02-15 00:00:00+00:00,108.44509746588696,119,85.04146252580097,23.403634940085993,2021
2021-02-16 00:00:00+00:00,112.8075910032554,219,85.3562859892457,27.45130501400969,2021
2021-02-17 00:00:00+00:00,110.31328009503696,315,83.1698433071841,27.143436787852863,2021
2021-02-18 00:00:00+00:00,110.69690133037696,218,83.07475186016384,27.622149470213117,2021
2021-02-19 00:00:00+00:00,99.8464730551478,856,78.43947192836401,21.407001126783783,2021
2021-02-20 00:00:00+00:00,99.9557346491228,413,81.20525106076165,18.75048358836115,2021
2021-02-21 00:00:00+00:00,100.78636403127716,176,80.70904474938472,20.077319281892443,2021
2021-02-22 00:00:00+00:00,103.86803873764052,747,79.06339372690191,24.80464501073861,2021
2021-02-23 00:00:00+00:00,118.71452373878422,761,70.68885586913555,48.02566786964867,2021
2021-02-24 00:00:00+00:00,112.48599697885196,288,74.46050970311607,38.025487275735884,2021
2021-02-25 00:00:00+00:00,109.09725777511964,237,71.63456265639078,37.46269511872886,2021
2021-02-26 00:00:00+00:00,105.3123286958168,902,71.24891741660915,34.063411279207656,2021
2021-02-27 00:00:00+00:00,101.53008586875862,346,71.72165572234816,29.80843014641046,2021
2021-02-28 00:00:00+00:00,105.37954326030447,348,71.048742027497,34.330801232807474,2021
2021-03-01 00:00:00+00:00,102.9230405485282,315,64.03730208120761,38.88573846732059,2021
2021-03-02 00:00:00+00:00,96.50418172341904,667,63.277204688447355,33.22697703497168,2021
2021-03-03 00:00:00+00:00,94.3574330943423,771,62.22869835333184,32.128734741010454,2021
2021-03-04 00:00:00+00:00,94.15332298136646,460,61.50836508140169,32.644957899964766,2021
2021-03-05 00:00:00+00:00,98.11661826794357,865,61.665951600471615,36.45066666747195,2021
2021-03-06 00:00:00+00:00,97.57825167037862,98,61.71009185434172,35.8681598160369,2021
2021-03-11 00:00:00+00:00,96.04504171632895,51,60.545458280443285,35.49958343588567,2021
2021-03-12 00:00:00+00:00,94.80813170551238,164,60.42733607262939,34.38079563288299,2021
2021-03-13 00:00:00+00:00,93.13357326478148,6,55.66629145185499,37.46728181292649,2021
2021-03-18 00:00:00+00:00,89.55437057991513,59,53.506599027537746,36.047771552377384,2021
2021-03-19 00:00:00+00:00,84.01812605514914,157,58.1387647193185,25.879361335830637,2021
2021-03-20 00:00:00+00:00,80.34228373702423,17,58.20889824113765,22.13338549588658,2021
2021-03-21 00:00:00+00:00,81.0636075625958,166,58.34271876600099,22.720888796594814,2021
2021-03-22 00:00:00+00:00,77.55460396957892,340,57.118100189093326,20.436503780485594,2021
2021-03-23 00:00:00+00:00,73.71559617665527,636,58.71256416450634,15.003032012148928,2021
2021-03-24 00:00:00+00:00,75.38177051671734,879,57.27697184007747,18.104798676639867,2021
2021-03-25 00:00:00+00:00,77.84354687994933,1090,57.4347570844846,20.408789795464727,2021
2021-03-26 00:00:00+00:00,70.69522982963677,1667,51.822080115481114,18.87314971415566,2021
2021-03-27 00:00:00+00:00,68.46256942642097,236,62.44443513169754,6.018134294723431,2021
2021-03-28 00:00:00+00:00,66.20329886992066,276,62.79760746033589,3.405691409584769,2021
2021-03-29 00:00:00+00:00,69.2221330548926,409,61.67136387422679,7.550769180665803,2021
2021-03-30 00:00:00+00:00,73.64479222626007,417,61.67638394882334,11.968408277436723,2021
2021-03-31 00:00:00+00:00,75.13737456668491,469,67.53958681053957,7.597787756145337,2021
2021-04-01 00:00:00+00:00,72.58694382022472,201,67.54160109176468,5.045342728460042,2021
2021-04-02 00:00:00+00:00,68.53381366459628,583,67.90767533200206,0.6261383325942234,2021
2021-04-03 00:00:00+00:00,71.73060731132075,134,67.05322871208661,4.677378599234146,2021
2021-04-04 00:00:00+00:00,71.17847832865606,103,71.20166202889493,-0.023183700238874394,2021
2021-04-05 00:00:00+00:00,70.88063016079965,272,76.23892716523213,-5.3582970044324725,2021
2021-04-06 00:00:00+00:00,71.57382056892779,257,76.25303876670347,-4.679218197775683,2021
2021-04-07 00:00:00+00:00,69.28456713570236,585,75.4013380597561,-6.116770924053739,2021
2021-04-08 00:00:00+00:00,60.38512672550351,522,74.86934267103014,-14.484215945526628,2021
2021-04-09 00:00:00+00:00,61.85584586141351,618,74.98724157159218,-13.131395710178666,2021
2021-04-10 00:00:00+00:00,67.71295126661366,498,75.7077712252244,-7.994819958610748,2021
2021-04-15 00:00:00+00:00,66.17065101387406,101,88.90060316251322,-22.729952148639157,2021
2021-04-16 00:00:00+00:00,62.83042506934552,640,88.64664606044332,-25.816220991097794,2021
2021-04-17 00:00:00+00:00,61.86411591355599,61,90.56069793828178,-28.696582024725785,2021
2021-04-18 00:00:00+00:00,79.60673171936759,380,88.44042632374594,-8.833694604378351,2021
2021-04-19 00:00:00+00:00,78.34498931623932,340,101.96275116498705,-23.617761848747733,2021
2021-04-20 00:00:00+00:00,74.17426841923209,194,108.90074834506545,-34.72647992583336,2021
2021-04-21 00:00:00+00:00,73.40684702738811,250,111.05590379445948,-37.64905676707137,2021
2021-04-22 00:00:00+00:00,75.37425120090423,1219,110.73972266215308,-35.36547146124886,2021
2021-04-23 00:00:00+00:00,84.9258815343133,1486,113.17716541230276,-28.25128387798945,2021
2021-04-24 00:00:00+00:00,82.36074875207987,405,121.31072915337127,-38.9499804012914,2021
2021-04-25 00:00:00+00:00,85.63551984198241,381,121.23289230250585,-35.59737246052343,2021
2021-04-26 00:00:00+00:00,73.23570983810708,675,115.67513452374692,-42.439424685639835,2021
2021-04-27 00:00:00+00:00,67.06445977716446,704,115.26222539151907,-48.19776561435461,2021
2021-04-28 00:00:00+00:00,66.26241224489796,585,117.23732269826239,-50.97491045336443,2021
2021-04-29 00:00:00+00:00,65.83492360309141,755,117.35448959336485,-51.519565990273435,2021
2021-04-30 00:00:00+00:00,64.96789532663733,1557,114.01792640041305,-49.05003107377571,2021
2021-05-01 00:00:00+00:00,66.40235294117649,222,115.89489228435686,-49.49253934318037,2021
2021-05-02 00:00:00+00:00,69.32532131147542,221,115.87428661525155,-46.54896530377613,2021
2021-05-03 00:00:00+00:00,68.40411157951385,553,116.35787965915296,-47.953768079639104,2021
2021-05-04 00:00:00+00:00,74.1384948024948,786,115.9668971002114,-41.82840229771659,2021
2021-05-05 00:00:00+00:00,73.63963216145834,346,112.90180754921417,-39.26217538775583,2021
2021-05-06 00:00:00+00:00,69.7211164188304,655,113.09816228149263,-43.37704586266223,2021
2021-05-07 00:00:00+00:00,66.60017721243749,716,112.79943865452641,-46.199261442088925,2021
2021-05-08 00:00:00+00:00,67.46785834738617,129,113.01244428065131,-45.54458593326514,2021
2021-05-13 00:00:00+00:00,78.7303699167075,126,113.5662115488116,-34.83584163210409,2021
2021-05-14 00:00:00+00:00,79.93382423843961,300,119.47146940834419,-39.53764516990458,2021
2021-05-15 00:00:00+00:00,89.55973727422004,13,118.37822587027537,-28.81848859605533,2021
2021-05-16 00:00:00+00:00,95.05326029567054,419,118.37849652885357,-23.325236233183034,2021
2021-05-17 00:00:00+00:00,124.90246312784612,658,117.52975199008644,7.37271113775968,2021
2021-05-18 00:00:00+00:00,103.91424352187238,204,117.47864622605975,-13.564402704187373,2021
2021-05-19 00:00:00+00:00,120.33922319474836,1054,106.31363855168499,14.025584643063368,2021
2021-05-20 00:00:00+00:00,102.90318713028422,392,100.07456048527013,2.828626645014097,2021
2021-05-21 00:00:00+00:00,108.28612520642548,561,95.92512001653306,12.361005189892424,2021
2021-05-22 00:00:00+00:00,123.0117633760362,151,104.09523112733228,18.916532248703916,2021
2021-05-23 00:00:00+00:00,138.7980877931449,183,101.34991268984244,37.44817510330246,2021
2021-05-24 00:00:00+00:00,115.50987167341314,349,93.57886001484641,21.93101165856673,2021
2021-05-25 00:00:00+00:00,111.72295219638242,136,94.33097490657528,17.391977289807144,2021
2021-05-26 00:00:00+00:00,104.03016666666667,120,98.86868033708596,5.161486329580711,2021
2021-05-27 00:00:00+00:00,95.60459422283355,173,99.2148589853616,-3.610264762528047,2021
2021-05-28 00:00:00+00:00,98.59856581532416,707,99.58852108536256,-0.9899552700383936,2021
2021-05-29 00:00:00+00:00,109.64282504012844,136,98.99284569949432,10.649979340634118,2021
2021-05-30 00:00:00+00:00,111.50419058553386,133,99.4133302273919,12.090860358141967,2021
2021-05-31 00:00:00+00:00,100.7584961612284,244,98.36379764781182,2.3946985134165715,2021
2021-06-01 00:00:00+00:00,95.30578189300412,196,99.28843809975773,-3.982656206753603,2021
2021-06-02 00:00:00+00:00,91.9715958416925,277,98.87070772823168,-6.899111886539174,2021
2021-06-03 00:00:00+00:00,86.13495900819836,200,98.10193572101193,-11.966976712813562,2021
2021-06-04 00:00:00+00:00,89.70244766146993,262,96.12200118458475,-6.419553523114814,2021
2021-06-05 00:00:00+00:00,90.68904,48,96.72096839849466,-6.031928398494657,2021
2021-06-10 00:00:00+00:00,89.33497997329772,116,86.25280265408502,3.082177319212704,2021
2021-06-11 00:00:00+00:00,86.21990678404971,323,86.36293332053296,-0.14302653648324792,2021
2021-06-12 00:00:00+00:00,88.02632750397456,291,85.36347661267544,2.662850891299115,2021
2021-06-17 00:00:00+00:00,82.34902964959568,33,75.60687966203254,6.742149987563138,2021
2021-06-18 00:00:00+00:00,85.65189054726369,264,73.24648364285011,12.405406904413582,2021
2021-06-19 00:00:00+00:00,83.43833795013849,126,73.85140790330968,9.586930046828812,2021
2021-06-20 00:00:00+00:00,85.69782696177063,151,74.49549801796273,11.202328943807899,2021
2021-06-21 00:00:00+00:00,92.44729882459312,336,68.08510758939413,24.362191235198992,2021
2021-06-22 00:00:00+00:00,99.23561675635747,454,67.4570913864365,31.77852536992097,2021
2021-06-23 00:00:00+00:00,93.4156734496124,212,67.76640594438453,25.64926750522787,2021
2021-06-24 00:00:00+00:00,92.71188038060716,176,67.27842101468948,25.43345936591767,2021
2021-06-25 00:00:00+00:00,91.89216121308858,1005,59.3452573975366,32.546903815551985,2021
2021-06-26 00:00:00+00:00,99.01258495821727,429,61.37533729487674,37.63724766334053,2021
2021-06-27 00:00:00+00:00,93.84896214896214,307,59.68359176579696,34.16537038316518,2021
2021-06-28 00:00:00+00:00,95.9297247706422,185,59.627184630056476,36.30254014058572,2021
2021-06-29 00:00:00+00:00,91.70320579710145,307,58.24215837786002,33.461047419241424,2021
2021-06-30 00:00:00+00:00,93.70365870077414,294,59.86945190963786,33.83420679113628,2021
2021-07-01 00:00:00+00:00,89.40433291207799,373,57.86474491120861,31.53958800086938,2021
2021-07-02 00:00:00+00:00,89.27278661365143,307,59.89955424636943,29.373232367282,2021
2021-07-03 00:00:00+00:00,87.09980561555076,164,60.01489591218333,27.084909703367437,2021
2021-07-04 00:00:00+00:00,85.26508555989192,268,60.76276148590573,24.502324073986188,2021
2021-07-05 00:00:00+00:00,85.56722531497216,481,59.5630177571326,26.004207557839564,2021
2021-07-06 00:00:00+00:00,85.02994778067885,481,60.01520860926698,25.014739171411875,2021
2021-07-07 00:00:00+00:00,82.99728937728938,255,61.29453758061175,21.702751796677624,2021
2021-07-08 00:00:00+00:00,81.61920340866989,332,60.88825231767483,20.730951090995063,2021
2021-07-09 00:00:00+00:00,79.94141061891297,238,61.43448464498719,18.50692597392578,2021
2021-07-10 00:00:00+00:00,77.90921875,53,63.28923396026275,14.619984789737245,2021
2021-07-15 00:00:00+00:00,76.24266055045872,47,65.8409244508827,10.401736099576027,2021
2021-07-16 00:00:00+00:00,75.90841628959276,44,65.24974240953061,10.658673880062153,2021
2021-07-17 00:00:00+00:00,73.834,8,66.49745737137704,7.336542628622965,2021
2021-07-18 00:00:00+00:00,76.1638053097345,36,67.91890276739375,8.244902542340753,2021
2021-07-19 00:00:00+00:00,77.80464953271029,160,66.2849552468178,11.519694285892484,2021
2021-07-20 00:00:00+00:00,83.20329766151407,243,65.01651724405704,18.18678041745703,2021
2021-07-21 00:00:00+00:00,78.97984402079723,178,62.95381829234551,16.02602572845172,2021
2021-07-22 00:00:00+00:00,78.18266816143498,117,63.461748466133486,14.72091969530149,2021
2021-07-23 00:00:00+00:00,73.12490039840637,129,62.77594176913443,10.34895862927194,2021
2021-07-24 00:00:00+00:00,71.86175655616032,121,62.80052073172371,9.061235824436608,2021
2021-07-25 00:00:00+00:00,74.46229281767955,93,64.67962555401998,9.782667263659576,2021
2021-07-26 00:00:00+00:00,77.31270931688987,593,63.223747021649515,14.08896229524035,2021
2021-07-27 00:00:00+00:00,78.0374721996203,220,63.40301786399852,14.634454335621776,2021
2021-07-28 00:00:00+00:00,84.63758001561281,322,64.94963303771905,19.68794697789376,2021
2021-07-29 00:00:00+00:00,83.75642160278746,175,65.0036997958006,18.752721806986855,2021
2021-07-30 00:00:00+00:00,80.74354910301462,369,62.845994288254516,17.8975548147601,2021
2021-07-31 00:00:00+00:00,81.60558182661103,185,64.06926420666396,17.53631761994707,2021
2021-08-01 00:00:00+00:00,81.17034643008027,353,62.29407298408019,18.876273446000084,2021
2021-08-02 00:00:00+00:00,80.60810017271157,153,62.553968900622756,18.054131272088817,2021
2021-08-03 00:00:00+00:00,80.3548051052087,223,61.309433999730835,19.045371105477862,2021
2021-08-04 00:00:00+00:00,81.5502776957164,257,60.22550836375403,21.324769331962372,2021
2021-08-05 00:00:00+00:00,84.63070358601907,474,59.83313400672371,24.797569579295356,2021
2021-08-06 00:00:00+00:00,83.70992409867172,494,59.11108233019936,24.59884176847236,2021
2021-08-07 00:00:00+00:00,84.15903494176374,212,57.859239254145876,26.29979568761786,2021
2021-08-12 00:00:00+00:00,86.64473420260782,51,69.63164807625463,17.013086126353187,2021
2021-08-13 00:00:00+00:00,84.34394961977186,111,64.82288411244926,19.521065507322604,2021
2021-08-14 00:00:00+00:00,86.95102941176472,18,65.13600958415118,21.81501982761354,2021
2021-08-15 00:00:00+00:00,89.94660550458715,155,67.22296327241257,22.723642232174583,2021
2021-08-16 00:00:00+00:00,90.93557611438185,245,67.10338465299982,23.832191461382024,2021
2021-08-17 00:00:00+00:00,89.27152079956781,268,66.40271342451922,22.86880737504859,2021
2021-08-18 00:00:00+00:00,87.99425000000001,146,66.54857054798629,21.44567945201372,2021
2021-08-19 00:00:00+00:00,85.16060951105156,181,65.22382620291135,19.936783308140207,2021
2021-08-20 00:00:00+00:00,83.71394853183767,319,62.8876603571243,20.826288174713376,2021
2021-08-21 00:00:00+00:00,84.49287810383747,131,71.3303463894505,13.162531714386972,2021
2021-08-22 00:00:00+00:00,83.81842067480257,109,72.97721885877041,10.841201816032154,2021
2021-08-23 00:00:00+00:00,85.0155358032896,256,77.46560469167943,7.549931111610164,2021
2021-08-24 00:00:00+00:00,83.49175164473684,271,77.3923542036979,6.099397441038931,2021
2021-08-25 00:00:00+00:00,83.09555191445327,225,78.21489328551195,4.880658628941319,2021
2021-08-26 00:00:00+00:00,81.39525004967874,338,76.83433382186102,4.560916227817714,2021
2021-08-27 00:00:00+00:00,83.84758921306522,294,74.94766485719234,8.899924355872884,2021
2021-08-28 00:00:00+00:00,83.1285325697924,112,75.26492855689769,7.863604012894712,2021
2021-08-29 00:00:00+00:00,82.32454143646409,131,75.67030883083999,6.654232605624102,2021
2021-08-30 00:00:00+00:00,81.87366004112405,203,74.9967884833032,6.876871557820849,2021
2021-08-31 00:00:00+00:00,82.43512212541064,191,77.70517199786147,4.7299501275491735,2021
2021-09-01 00:00:00+00:00,84.69764984007787,223,83.7783550208073,0.9192948192705757,2021
2021-09-02 00:00:00+00:00,85.88740523067881,197,83.76359892750365,2.123806303175158,2021
2021-09-03 00:00:00+00:00,80.93017214397497,296,83.68714092972323,-2.7569687857482563,2021
2021-09-04 00:00:00+00:00,79.93328205128205,19,84.08656676296462,-4.1532847116825735,2021
2021-09-09 00:00:00+00:00,82.81372093023255,30,77.32217660304467,5.491544327187881,2021
2021-09-10 00:00:00+00:00,80.62047087980173,64,76.1216617413367,4.498809138465035,2021
2021-09-11 00:00:00+00:00,81.48524590163935,5,77.49394347785729,3.9913024237820593,2021
2021-09-16 00:00:00+00:00,74.02658805031447,47,79.9516247474298,-5.925036697115331,2021
2021-09-17 00:00:00+00:00,71.55271619404735,141,79.67545634422602,-8.122740150178672,2021
2021-09-18 00:00:00+00:00,72.7592125984252,29,79.53292970926584,-6.77371711084065,2021
2021-09-19 00:00:00+00:00,79.06411371237459,111,79.25424117723317,-0.1901274648585769,2021
2021-09-20 00:00:00+00:00,81.5451512455516,127,69.10015498750074,12.44499625805085,2021
2021-09-21 00:00:00+00:00,83.92006764374295,217,70.13716200627076,13.782905637472197,2021
2021-09-22 00:00:00+00:00,84.91857183418513,143,68.55669072366992,16.361881110515213,2021
2021-09-23 00:00:00+00:00,77.73111888111889,197,68.22400531318665,9.507113567932237,2021
2021-09-24 00:00:00+00:00,78.9344568286521,580,65.35691122167988,13.577545606972222,2021
2021-09-25 00:00:00+00:00,78.05363684489147,81,65.62722850058061,12.426408344310858,2021
2021-09-26 00:00:00+00:00,78.7086569465863,172,68.66487260687315,10.043784339713156,2021
2021-09-27 00:00:00+00:00,81.38032213845098,71,69.13297027388667,12.247351864564308,2021
2021-09-28 00:00:00+00:00,83.43505502063275,242,68.19768987879638,15.237365141836364,2021
2021-09-29 00:00:00+00:00,82.76771754636233,81,68.37146900227704,14.396248544085296,2021
2021-09-30 00:00:00+00:00,82.83064097814007,163,67.06178222941813,15.76885874872194,2021
2021-10-01 00:00:00+00:00,79.33059938220268,544,60.326446626726785,19.004152755475893,2021
2021-10-02 00:00:00+00:00,75.64139618138425,60,60.216298871353594,15.425097310030658,2021
2021-10-03 00:00:00+00:00,76.65673141326188,79,61.04754115252252,15.60919026073936,2021
2021-10-04 00:00:00+00:00,80.29551148225471,178,61.03429486726616,19.261216614988548,2021
2021-10-05 00:00:00+00:00,84.5187105816398,224,60.67996413436667,23.838746447273124,2021
2021-10-06 00:00:00+00:00,81.80124360886238,320,55.87355454320808,25.9276890656543,2021
2021-10-07 00:00:00+00:00,81.8338403834132,162,54.71408794475605,27.11975243865715,2021
2021-10-08 00:00:00+00:00,78.77840358271865,198,55.34203893743289,23.436364645285764,2021
2021-10-09 00:00:00+00:00,79.30284313725491,12,58.9432515655536,20.35959157170131,2021
2021-10-14 00:00:00+00:00,90.82206611570248,27,57.157454643591365,33.66461147211112,2021
2021-10-15 00:00:00+00:00,92.96291774891776,82,51.75161615633955,41.21130159257821,2021
2021-10-16 00:00:00+00:00,85.51979253112033,6,52.72410957848961,32.79568295263072,2021
2021-10-17 00:00:00+00:00,85.10706666666667,63,56.18695018611084,28.920116480555826,2021
2021-10-18 00:00:00+00:00,85.98160451422963,290,56.11490755697233,29.866696957257304,2021
2021-10-19 00:00:00+00:00,88.01393021120293,449,58.071105996156724,29.94282421504621,2021
2021-10-20 00:00:00+00:00,89.7907444668008,402,57.739238262364076,32.05150620443673,2021
2021-10-21 00:00:00+00:00,87.08953641494222,386,55.146771952408734,31.942764462533482,2021
2021-10-22 00:00:00+00:00,82.09684906240393,291,54.83356026829933,27.263288794104604,2021
2021-10-23 00:00:00+00:00,80.15279472595657,106,56.448879162531696,23.70391556342487,2021
2021-10-24 00:00:00+00:00,84.14900156006239,58,57.09276499071903,27.056236569343355,2021
2021-10-25 00:00:00+00:00,83.30959767329132,190,55.51851733783629,27.791080335455028,2021
2021-10-26 00:00:00+00:00,81.78412790697674,133,54.63609184810028,27.148036058876457,2021
2021-10-27 00:00:00+00:00,84.23532160981944,276,62.368473081456244,21.866848528363192,2021
2021-10-28 00:00:00+00:00,80.92957300425904,304,61.36482978692908,19.564743217329962,2021
2021-10-29 00:00:00+00:00,80.63569934134057,296,62.77878015565993,17.85691918568064,2021
2021-10-30 00:00:00+00:00,81.88164614387556,44,62.89149318136011,18.990152962515445,2021
2021-10-31 00:00:00+00:00,81.21020689655172,64,63.00127437302782,18.208932523523906,2021
2021-11-01 00:00:00+00:00,80.89422255192879,200,63.02905088997319,17.8651716619556,2021
2021-11-02 00:00:00+00:00,85.77205525197327,223,61.51545086484824,24.25660438712503,2021
2021-11-03 00:00:00+00:00,78.49645730027548,134,63.75042560246903,14.746031697806451,2021
2021-11-04 00:00:00+00:00,79.58730437903804,218,69.3852718089002,10.202032570137845,2021
2021-11-05 00:00:00+00:00,78.95628388803175,213,69.47379487829039,9.482489009741357,2021
2021-11-06 00:00:00+00:00,75.45117117117118,19,70.10835428668784,5.342816884483341,2021
2021-11-11 00:00:00+00:00,78.53343629343628,36,68.83913103916863,9.694305254267647,2021
2021-11-12 00:00:00+00:00,81.0649234303216,106,69.32630854418555,11.738614886136048,2021
2021-11-13 00:00:00+00:00,82.515,2,72.31836798973549,10.196632010264508,2021
2021-11-18 00:00:00+00:00,82.06604382929642,61,70.28832595111948,11.777717878176944,2021
2021-11-19 00:00:00+00:00,79.77253263707573,65,69.56952140082538,10.203011236250347,2021
2021-11-20 00:00:00+00:00,75.58658536585365,17,68.59533025403427,6.991255111819385,2021
2021-11-21 00:00:00+00:00,80.2825,51,70.68658127179171,9.59591872820829,2021
2021-11-22 00:00:00+00:00,81.72646964213912,174,69.51753876597375,12.208930876165368,2021
2021-11-23 00:00:00+00:00,81.42700607192901,147,70.94129778244488,10.485708289484137,2021
2021-11-24 00:00:00+00:00,84.98430896805895,155,70.9485858331696,14.035723134889352,2021
2021-11-25 00:00:00+00:00,82.32018158567774,203,69.85620212164673,12.463979464031013,2021
2021-11-26 00:00:00+00:00,81.0782963914766,514,62.63284870184987,18.445447689626725,2021
2021-11-27 00:00:00+00:00,80.03220670391062,102,62.17917122862029,17.853035475290326,2021
2021-11-28 00:00:00+00:00,82.06843814080655,208,63.31892617955454,18.74951196125201,2021
2021-11-29 00:00:00+00:00,79.03608292557301,239,63.34536448689617,15.69071843867684,2021
2021-11-30 00:00:00+00:00,80.15706884641953,334,63.750538098742595,16.40653074767694,2021
2021-12-01 00:00:00+00:00,78.50045881126174,182,63.80185067023375,14.69860814102799,2021
2021-12-02 00:00:00+00:00,77.96595907928389,237,65.2519604504093,12.713998628874592,2021
2021-12-03 00:00:00+00:00,77.55432385661311,459,63.11904575954027,14.435278097072839,2021
2021-12-04 00:00:00+00:00,84.41395316993017,743,56.21478711912678,28.199166050803385,2021
2021-12-05 00:00:00+00:00,83.09509190737647,194,56.315530191552995,26.779561715823476,2021
2021-12-06 00:00:00+00:00,82.61614221966316,290,58.23903073094928,24.37711148871388,2021
2021-12-07 00:00:00+00:00,80.65283271528637,178,58.200278073055514,22.45255464223085,2021
2021-12-08 00:00:00+00:00,80.16909115646258,229,59.248277977030284,20.9208131794323,2021
2021-12-09 00:00:00+00:00,83.07605765969474,243,56.177235259283584,26.898822400411156,2021
2021-12-10 00:00:00+00:00,83.50827634442027,262,56.22488001568174,27.283396328738526,2021
2021-12-11 00:00:00+00:00,82.79936768149882,39,53.27470799816829,29.524659683330533,2021
2021-12-16 00:00:00+00:00,78.11188265537578,85,48.185010986921775,29.926871668454005,2021
2021-12-17 00:00:00+00:00,76.95155511811024,143,47.08906925042413,29.862485867686104,2021
2021-12-18 00:00:00+00:00,76.89764705882354,17,47.08117267110089,29.81647438772265,2021
2021-12-19 00:00:00+00:00,82.39091503267974,71,47.14129355535869,35.24962147732105,2021
2021-12-20 00:00:00+00:00,83.75775163398693,151,47.25001748487597,36.50773414911096,2021
2021-12-21 00:00:00+00:00,83.05463152232383,134,44.691406762320256,38.363224760003575,2021
2021-12-22 00:00:00+00:00,80.166248049922,106,57.54048928495927,22.625758764962733,2021
2021-12-23 00:00:00+00:00,76.74763579927574,201,55.11982278969886,21.627813009576883,2021
2021-12-24 00:00:00+00:00,73.13513668050442,362,57.24014794431711,15.894988736187308,2021
2021-12-25 00:00:00+00:00,74.54995029821075,56,57.8036811679726,16.746269130238147,2021
2021-12-26 00:00:00+00:00,74.05131600660066,95,57.80520678332298,16.246109223277678,2021
2021-12-27 00:00:00+00:00,74.83838709677418,72,57.77331728362236,17.065069813151823,2021
2021-12-28 00:00:00+00:00,73.11576822916666,198,54.7914881256477,18.32428010351896,2021
2021-12-29 00:00:00+00:00,74.12101842012044,209,55.13727875757056,18.983739662549873,2021
2021-12-30 00:00:00+00:00,73.79470378301214,283,55.003729017316594,18.790974765695545,2021
2021-12-31 00:00:00+00:00,73.35158995815898,628,54.79919866833016,18.55239128982882,2021
2022-01-01 00:00:00+00:00,67.9754381443299,139,53.54165066322049,14.433787481109412,2022
2022-01-02 00:00:00+00:00,66.295604970569,84,53.70896430348262,12.586640667086385,2022
2022-01-03 00:00:00+00:00,67.27465333648841,215,55.409378486389116,11.865274850099297,2022
2022-01-04 00:00:00+00:00,67.70863063888252,191,55.69620066271009,12.012429976172434,2022
2022-01-05 00:00:00+00:00,69.78188021376432,471,66.36140559222558,3.4204746215387445,2022
2022-01-06 00:00:00+00:00,69.66312186265087,339,66.3378093141288,3.3253125485220636,2022
2022-01-07 00:00:00+00:00,67.42531499796775,399,65.6133482658846,1.8119667320831496,2022
2022-01-08 00:00:00+00:00,67.17609238451936,38,66.56861963040053,0.607472754118831,2022
2022-01-13 00:00:00+00:00,61.05105322763307,91,65.66384846629273,-4.612795238659665,2022
2022-01-14 00:00:00+00:00,57.677492008851736,106,65.51753618157503,-7.840044172723289,2022
2022-01-15 00:00:00+00:00,57.093434343434346,6,65.6681912319338,-8.574756888499458,2022
2022-01-16 00:00:00+00:00,61.97640066500416,69,67.54152789397675,-5.565127228972592,2022
2022-01-17 00:00:00+00:00,59.7787251908397,172,67.34052790886584,-7.5618027180261365,2022
2022-01-18 00:00:00+00:00,62.36033520809899,68,72.89511315941095,-10.534777951311966,2022
2022-01-19 00:00:00+00:00,61.1081072298944,130,72.84044537793872,-11.73233814804432,2022
2022-01-20 00:00:00+00:00,58.09579366812227,381,72.38981355722869,-14.294019889106423,2022
2022-01-21 00:00:00+00:00,65.65963256011423,923,62.86368947622004,2.795943083894194,2022
2022-01-22 00:00:00+00:00,73.21274139844617,650,62.62932033944877,10.583421058997402,2022
2022-01-23 00:00:00+00:00,69.39986831913245,173,62.56325087093215,6.8366174482003,2022
2022-01-24 00:00:00+00:00,72.9071217894789,701,63.186207597772224,9.720914191706669,2022
2022-01-25 00:00:00+00:00,73.24828872419917,521,63.96467324635711,9.283615477842062,2022
2022-01-26 00:00:00+00:00,73.01665824561404,380,64.33846472780672,8.678193517807316,2022
2022-01-27 00:00:00+00:00,69.52382949180783,332,64.31496447340746,5.208865018400374,2022
2022-01-28 00:00:00+00:00,68.1802380952381,440,65.47001485245644,2.7102232427816517,2022
2022-01-29 00:00:00+00:00,64.5107237936772,146,80.86376006267862,-16.35303626900142,2022
2022-01-30 00:00:00+00:00,64.52902777777777,100,81.20007961010054,-16.671051832322775,2022
2022-01-31 00:00:00+00:00,61.88587061432111,319,81.32736696500707,-19.441496350685966,2022
2022-02-01 00:00:00+00:00,61.18451591062965,276,82.40809028867695,-21.223574378047296,2022
2022-02-02 00:00:00+00:00,63.98770885286783,259,85.78621189195631,-21.79850303908848,2022
2022-02-03 00:00:00+00:00,63.70760668973471,133,85.75633948183928,-22.048732792104566,2022
2022-02-04 00:00:00+00:00,60.17678545716342,719,76.9779562440966,-16.801170786933184,2022
2022-02-05 00:00:00+00:00,56.81157023823495,548,77.00843559982142,-20.196865361586475,2022
2022-02-10 00:00:00+00:00,60.36193957703927,91,83.59737660758412,-23.23543703054485,2022
2022-02-11 00:00:00+00:00,62.2713181448332,119,83.62094232553243,-21.349624180699223,2022
2022-02-12 00:00:00+00:00,63.09259927797833,11,85.49171006369575,-22.39911078571742,2022
2022-02-13 00:00:00+00:00,62.38950364963503,37,85.51149683486905,-23.121993185234018,2022
2022-02-14 00:00:00+00:00,63.15286417176084,181,86.991578459326,-23.838714287565168,2022
2022-02-15 00:00:00+00:00,62.82572549019607,91,85.39545949697226,-22.569734006776194,2022
2022-02-16 00:00:00+00:00,62.22875208681136,70,85.65445863212052,-23.42570654530916,2022
2022-02-17 00:00:00+00:00,59.996871825515385,488,81.05357210774199,-21.0567002822266,2022
2022-02-18 00:00:00+00:00,60.178810346529765,387,81.34113916093973,-21.162328814409967,2022
2022-02-19 00:00:00+00:00,59.46465136054422,134,81.36886206636343,-21.904210705819217,2022
2022-02-20 00:00:00+00:00,60.90377762430939,235,80.43553624556722,-19.53175862125783,2022
2022-02-21 00:00:00+00:00,64.66664111605091,433,79.22533312320715,-14.558692007156239,2022
2022-02-22 00:00:00+00:00,67.77316300405377,426,78.93641572709315,-11.163252723039378,2022
2022-02-23 00:00:00+00:00,62.842138435565566,313,78.15340774836608,-15.311269312800512,2022
2022-02-24 00:00:00+00:00,74.20487262598127,1015,77.680852523362,-3.475979897380739,2022
2022-02-25 00:00:00+00:00,66.17142749081478,533,79.11212839399961,-12.940700903184833,2022
2022-02-26 00:00:00+00:00,63.148304928604325,131,79.04599594224881,-15.897691013644483,2022
2022-02-27 00:00:00+00:00,70.16462919287211,254,77.51079240307752,-7.346163210205404,2022
2022-02-28 00:00:00+00:00,71.24076715328466,486,62.276067428474214,8.964699724810451,2022
2022-03-01 00:00:00+00:00,70.14500087214374,405,62.77725468949663,7.36774618264711,2022
2022-03-02 00:00:00+00:00,70.99818143281051,226,62.8482075061925,8.14997392661801,2022
2022-03-03 00:00:00+00:00,67.90415451194102,313,61.69244152967642,6.211712982264594,2022
2022-03-04 00:00:00+00:00,70.39167709637046,466,53.841654315750056,16.550022780620402,2022
2022-03-05 00:00:00+00:00,73.96846852693058,55,53.84322318476439,20.12524534216619,2022
2022-03-10 00:00:00+00:00,75.7521815889029,53,46.07982137847096,29.67236021043194,2022
2022-03-11 00:00:00+00:00,72.78955574540795,104,45.98986944431769,26.79968630109026,2022
2022-03-12 00:00:00+00:00,74.37820224719101,14,51.45859059519299,22.919611651998025,2022
2022-03-17 00:00:00+00:00,73.50324376199616,27,47.48980144388121,26.013442318114947,2022
2022-03-18 00:00:00+00:00,68.30119615223757,87,47.247591795221474,21.05360435701609,2022
2022-03-19 00:00:00+00:00,65.06521786492374,22,48.182499601151015,16.882718263772723,2022
2022-03-20 00:00:00+00:00,68.37987834549878,57,47.94815271648595,20.43172562901283,2022
2022-03-21 00:00:00+00:00,68.49877744296168,130,47.91797292101575,20.58080452194593,2022
2022-03-22 00:00:00+00:00,67.86876885245901,185,47.044042110245705,20.824726742213308,2022
2022-03-23 00:00:00+00:00,64.90869158878505,219,47.16719162557344,17.74149996321161,2022
2022-03-24 00:00:00+00:00,63.23046143847487,267,46.148959011067085,17.081502427407784,2022
2022-03-25 00:00:00+00:00,60.05992626872695,683,46.00800840147517,14.051917867251774,2022
2022-03-26 00:00:00+00:00,60.92521194029851,94,46.98094590792376,13.944266032374749,2022
2022-03-27 00:00:00+00:00,63.8637179745814,204,46.722615072487784,17.141102902093614,2022
2022-03-28 00:00:00+00:00,60.94544365035734,564,48.208377937461016,12.737065712896324,2022
2022-03-29 00:00:00+00:00,59.28920975609756,202,48.434297006382096,10.854912749715467,2022
2022-03-30 00:00:00+00:00,58.9289791381669,352,49.16536795055572,9.763611187611183,2022
2022-03-31 00:00:00+00:00,58.69201893622946,265,48.69230923321004,9.99970970301942,2022
2022-04-01 00:00:00+00:00,57.986012858044894,722,49.01276150442791,8.973251353616988,2022
2022-04-02 00:00:00+00:00,56.606421541057365,204,49.06178813920318,7.544633401854185,2022
2022-04-03 00:00:00+00:00,55.782356107660455,69,48.877862157550105,6.90449395011035,2022
2022-04-04 00:00:00+00:00,57.66934206052362,186,52.727447232129634,4.941894828393984,2022
2022-04-05 00:00:00+00:00,57.70869366799772,179,58.77991204289445,-1.0712183748967306,2022
2022-04-06 00:00:00+00:00,61.59633831325301,323,56.57873004986881,5.017608263384197,2022
2022-04-07 00:00:00+00:00,59.22501324780365,362,56.481477034526975,2.743536213276677,2022
2022-04-08 00:00:00+00:00,54.46284051007208,436,57.228279596539565,-2.765439086467488,2022
2022-04-09 00:00:00+00:00,55.26740837696335,74,69.70543963209758,-14.438031255134227,2022
2022-04-14 00:00:00+00:00,55.59537793223284,41,71.3666314621318,-15.771253529898964,2022
2022-04-15 00:00:00+00:00,53.25211946050096,55,72.9793310240027,-19.727211563501747,2022
2022-04-16 00:00:00+00:00,51.68470802919708,4,74.20437284642851,-22.51966481723143,2022
2022-04-17 00:00:00+00:00,60.58019756838906,53,74.87092139259732,-14.290723824208264,2022
2022-04-18 00:00:00+00:00,59.49978434504792,215,75.7189990044804,-16.219214659432474,2022
2022-04-19 00:00:00+00:00,56.43505668934241,132,78.65853993980626,-22.22348325046385,2022
2022-04-20 00:00:00+00:00,55.24978082560172,128,79.16214536720813,-23.912364541606408,2022
2022-04-21 00:00:00+00:00,56.88001373626373,433,79.38701710411,-22.507003367846274,2022
2022-04-22 00:00:00+00:00,55.97495107176142,297,80.45571375549837,-24.48076268373695,2022
2022-04-23 00:00:00+00:00,56.6352806122449,70,81.17880592430777,-24.54352531206287,2022
2022-04-24 00:00:00+00:00,57.0345045045045,122,81.72825408188005,-24.693749577375556,2022
2022-04-25 00:00:00+00:00,59.87329781050184,293,80.834779552343,-20.961481741841155,2022
2022-04-26 00:00:00+00:00,60.70635514018692,236,78.9129714084654,-18.206616268278474,2022
2022-04-27 00:00:00+00:00,60.588607095926406,209,77.79050532292162,-17.201898226995212,2022
2022-04-28 00:00:00+00:00,58.00034759358289,283,77.84471305661373,-19.84436546303084,2022
2022-04-29 00:00:00+00:00,53.69636223991062,674,78.00263596798578,-24.306273728075162,2022
2022-04-30 00:00:00+00:00,54.969009523809525,168,82.9206234558508,-27.951613932041276,2022
2022-05-01 00:00:00+00:00,56.75245389344263,128,82.39141720016065,-25.63896330671802,2022
2022-05-02 00:00:00+00:00,56.341258669930646,140,84.81122438801418,-28.469965718083536,2022
2022-05-03 00:00:00+00:00,57.28784681679177,244,85.33363714040222,-28.045790323610447,2022
2022-05-04 00:00:00+00:00,57.18599397590361,339,82.93747245171815,-25.751478475814544,2022
2022-05-05 00:00:00+00:00,58.23726377952755,812,78.88390269362675,-20.6466389140992,2022
2022-05-06 00:00:00+00:00,57.59475183918765,686,78.87324404421706,-21.27849220502941,2022
2022-05-07 00:00:00+00:00,54.96822916666667,47,80.99389380485434,-26.02566463818767,2022
2022-05-12 00:00:00+00:00,98.94594190871368,147,64.31894587921417,34.62699602949951,2022
2022-05-13 00:00:00+00:00,78.48364606060606,173,68.04254412526689,10.441101935339177,2022
2022-05-14 00:00:00+00:00,74.84649032767469,112,88.19576968875734,-13.349279361082651,2022
2022-05-15 00:00:00+00:00,74.62476452905813,73,86.3496730285956,-11.724908499537477,2022
2022-05-16 00:00:00+00:00,76.93200032420167,174,85.99688244948481,-9.064882125283148,2022
2022-05-17 00:00:00+00:00,72.73757128514056,328,91.13324797537825,-18.395676690237693,2022
2022-05-18 00:00:00+00:00,74.72606411837238,388,89.72694203826725,-15.000877919894876,2022
2022-05-19 00:00:00+00:00,77.17537799631224,903,88.9721924433968,-11.796814447084571,2022
2022-05-20 00:00:00+00:00,73.02137606112053,630,94.6411580810249,-21.619782019904363,2022
2022-05-21 00:00:00+00:00,74.8658562992126,66,94.44652105246948,-19.580664753256883,2022
2022-05-22 00:00:00+00:00,72.84601407549584,126,93.58107148902957,-20.735057413533724,2022
2022-05-23 00:00:00+00:00,70.21548623632648,179,93.43908087869298,-23.223594642366493,2022
2022-05-24 00:00:00+00:00,69.92284784784785,162,95.79645326725775,-25.8736054194099,2022
2022-05-25 00:00:00+00:00,70.74208587419598,326,95.94309021880707,-25.201004344611093,2022
2022-05-26 00:00:00+00:00,73.21895362120175,915,96.32052211739229,-23.101568496190538,2022
2022-05-27 00:00:00+00:00,72.735781571111,830,96.34145622887557,-23.605674657764567,2022
2022-05-28 00:00:00+00:00,69.51131961259081,124,95.93293157481278,-26.421611962221974,2022
2022-05-29 00:00:00+00:00,69.84525735294119,106,95.52456281615683,-25.67930546321564,2022
2022-05-30 00:00:00+00:00,65.78828484462377,457,90.34608496441132,-24.557800119787544,2022
2022-05-31 00:00:00+00:00,65.73648509763618,308,90.17347468501345,-24.43698958737727,2022
2022-06-01 00:00:00+00:00,65.85893614157862,454,88.72869397149927,-22.869757829920644,2022
2022-06-02 00:00:00+00:00,66.79219992035046,291,87.91061498068844,-21.11841506033798,2022
2022-06-03 00:00:00+00:00,64.20840587174864,218,88.0776494817499,-23.869243610001263,2022
2022-06-04 00:00:00+00:00,62.483960396039606,40,90.33368962358269,-27.84972922754308,2022
2022-06-09 00:00:00+00:00,68.07473034437946,134,91.04140197982808,-22.96667163544862,2022
2022-06-10 00:00:00+00:00,67.31269042968749,195,91.05724522668065,-23.744554796993157,2022
2022-06-11 00:00:00+00:00,68.72666666666667,2,91.66549860408078,-22.938831937414108,2022
2022-06-16 00:00:00+00:00,102.53483573274272,272,62.767999380853055,39.766836351889665,2022
2022-06-17 00:00:00+00:00,99.4396581914128,450,63.210838110475486,36.22882008093732,2022
2022-06-18 00:00:00+00:00,110.29281980742778,41,62.97785460629923,47.314965201128544,2022
2022-06-19 00:00:00+00:00,92.49481471161884,445,58.36579251486725,34.12902219675159,2022
2022-06-20 00:00:00+00:00,93.55195153613154,326,58.48773963911009,35.06421189702145,2022
2022-06-21 00:00:00+00:00,82.73530402245089,418,58.535805005959865,24.199499016491025,2022
2022-06-22 00:00:00+00:00,85.30946601941747,253,57.35710989674462,27.952356122672853,2022
2022-06-23 00:00:00+00:00,82.9395852221215,363,54.58205625304365,28.35752896907784,2022
2022-06-24 00:00:00+00:00,79.1133923123856,405,54.584142411645054,24.529249900740545,2022
2022-06-25 00:00:00+00:00,78.16938953488372,200,58.334378861520634,19.835010673363087,2022
2022-06-26 00:00:00+00:00,78.8882768361582,54,57.83576916634816,21.05250766981004,2022
2022-06-27 00:00:00+00:00,80.09948026636349,230,63.30698461377925,16.792495652584236,2022
2022-06-28 00:00:00+00:00,76.99258447361072,130,63.747042235754634,13.245542237856085,2022
2022-06-29 00:00:00+00:00,79.58663568215891,163,63.63926535069999,15.94737033145892,2022
2022-06-30 00:00:00+00:00,83.92434077260913,537,63.582279709306036,20.342061063303092,2022
2022-07-01 00:00:00+00:00,82.01569253771918,264,62.231969184519464,19.78372335319971,2022
2022-07-02 00:00:00+00:00,79.73061164333087,65,62.24651092487888,17.48410071845199,2022
2022-07-03 00:00:00+00:00,81.87828481862964,83,62.62048925205463,19.257795566575005,2022
2022-07-04 00:00:00+00:00,78.60432444852941,229,61.007387784045456,17.596936664483955,2022
2022-07-05 00:00:00+00:00,75.78396312836368,274,61.18377520311834,14.600187925245343,2022
2022-07-06 00:00:00+00:00,72.77128440366972,347,61.63831656977577,11.132967833893957,2022
2022-07-07 00:00:00+00:00,73.66289718680429,366,59.59344170426826,14.069455482536029,2022
2022-07-08 00:00:00+00:00,72.73618146586116,373,59.65189461800014,13.084286847861023,2022
2022-07-09 00:00:00+00:00,69.38321739130434,17,60.20126203314939,9.181955358154951,2022
2022-07-14 00:00:00+00:00,74.65614754098361,139,54.66183006086366,19.994317480119953,2022
2022-07-15 00:00:00+00:00,69.13574952561669,206,54.73287559080441,14.402873934812277,2022
2022-07-16 00:00:00+00:00,68.30387978142076,14,54.74641744877133,13.557462332649429,2022
2022-07-17 00:00:00+00:00,74.59634913186298,191,54.29319186330712,20.303157268555857,2022
2022-07-18 00:00:00+00:00,73.01291655969192,430,48.01997610343861,24.992940456253308,2022
2022-07-19 00:00:00+00:00,74.71209019091508,654,45.9552948898037,28.756795301111374,2022
2022-07-20 00:00:00+00:00,75.33466063730876,586,59.293469926891404,16.041190710417354,2022
2022-07-21 00:00:00+00:00,75.3134868959869,548,59.63633400534045,15.677152890646447,2022
2022-07-22 00:00:00+00:00,75.1264453737585,374,59.79672357846909,15.329721795289409,2022
2022-07-23 00:00:00+00:00,75.43396135265701,247,59.709820853154895,15.724140499502113,2022
2022-07-24 00:00:00+00:00,72.94914485165793,88,59.706132488593134,13.2430123630648,2022
2022-07-25 00:00:00+00:00,74.80224251278305,158,56.133610093060504,18.66863241972255,2022
2022-07-26 00:00:00+00:00,75.09172413793102,456,56.213818218670376,18.877905919260648,2022
2022-07-27 00:00:00+00:00,70.75948213791193,520,53.45031447120836,17.309167666703573,2022
2022-07-28 00:00:00+00:00,69.48441711756026,588,51.23784878132288,18.246568336237374,2022
2022-07-29 00:00:00+00:00,69.25161778956495,972,51.655659665504004,17.595958124060942,2022
2022-07-30 00:00:00+00:00,71.77918576729971,217,53.9188389129343,17.86034685436541,2022
2022-07-31 00:00:00+00:00,72.80808080808082,120,54.27293240732727,18.53514840075355,2022
2022-08-01 00:00:00+00:00,72.79081300813009,188,54.63194583469999,18.158867173430096,2022
2022-08-02 00:00:00+00:00,72.2174989366227,258,54.62935950154135,17.588139435081352,2022
2022-08-03 00:00:00+00:00,69.61708188153311,311,54.64893047050061,14.968151411032501,2022
2022-08-04 00:00:00+00:00,67.49261571582346,197,54.613119968521914,12.879495747301547,2022
2022-08-05 00:00:00+00:00,66.7694182918628,166,53.44399723863851,13.325421053224296,2022
2022-08-06 00:00:00+00:00,67.89473101265823,89,53.356383970549906,14.53834704210832,2022
2022-08-11 00:00:00+00:00,65.96467758444217,81,65.52531107917227,0.43936650526990206,2022
2022-08-12 00:00:00+00:00,64.48894396551724,75,65.14716553931488,-0.6582215737976469,2022
2022-08-13 00:00:00+00:00,62.40341463414635,16,65.90187845994534,-3.4984638257989857,2022
2022-08-18 00:00:00+00:00,66.64434693877551,196,75.5299568682358,-8.885609929460287,2022
2022-08-19 00:00:00+00:00,69.0733700852923,303,66.85429934385962,2.219070741432674,2022
2022-08-20 00:00:00+00:00,71.39040384615384,19,66.65473158258126,4.735672263572582,2022
2022-08-21 00:00:00+00:00,71.92780423280423,85,67.14309390659827,4.784710326205968,2022
2022-08-22 00:00:00+00:00,74.51902823018457,188,67.41420723997733,7.104820990207244,2022
2022-08-23 00:00:00+00:00,73.77317433516252,208,69.98628959631567,3.786884738846851,2022
2022-08-24 00:00:00+00:00,68.85699805068226,374,69.98201446537415,-1.1250164146918848,2022
2022-08-25 00:00:00+00:00,66.99078060866029,244,70.04204822855988,-3.0512676198995905,2022
2022-08-26 00:00:00+00:00,66.6126504536757,1234,66.79060942992355,-0.17795897624785084,2022
2022-08-27 00:00:00+00:00,66.23149659863945,231,67.24144743603604,-1.0099508373965875,2022
2022-08-28 00:00:00+00:00,69.07884098101266,214,66.75266820554276,2.3261727754698995,2022
2022-08-29 00:00:00+00:00,69.55044776119404,298,65.63010610885644,3.920341652337598,2022
2022-08-30 00:00:00+00:00,67.40772784019975,450,65.18699524795964,2.220732592240111,2022
2022-08-31 00:00:00+00:00,66.85942959875787,481,65.05320073528009,1.8062288634777843,2022
2022-09-01 00:00:00+00:00,68.15225067385445,338,65.06230284712255,3.089947826731901,2022
2022-09-02 00:00:00+00:00,65.27493228795439,981,65.14993184825516,0.12500043969922103,2022
2022-09-03 00:00:00+00:00,64.91236084452974,59,66.02904650336423,-1.1166856588344842,2022
2022-09-04 00:00:00+00:00,66.56947145877379,56,67.16923192926015,-0.599760470486359,2022
2022-09-05 00:00:00+00:00,66.85268605378361,238,67.15267830130942,-0.29999224752580744,2022
2022-09-06 00:00:00+00:00,70.0217645353052,417,64.50905467441483,5.512709860890368,2022
2022-09-07 00:00:00+00:00,70.30404011887073,434,64.42773155047205,5.876308568398684,2022
2022-09-08 00:00:00+00:00,66.56926730225989,267,64.4573625683751,2.111904733884785,2022
2022-09-09 00:00:00+00:00,66.49696719506825,1100,53.2602802776576,13.236686917410651,2022
2022-09-10 00:00:00+00:00,67.37704433497538,47,53.05100420647679,14.32604012849859,2022
2022-09-15 00:00:00+00:00,69.11596650067904,60,36.910727015470925,32.20523948520811,2022
2022-09-16 00:00:00+00:00,66.13515429524604,204,37.09764430475897,29.037509990487067,2022
2022-09-17 00:00:00+00:00,61.41923497267759,31,36.987148338941886,24.432086633735707,2022
2022-09-18 00:00:00+00:00,67.115,51,35.0278288617071,32.087171138292895,2022
2022-09-19 00:00:00+00:00,66.65321323673389,637,35.12774501484094,31.52546822189295,2022
2022-09-20 00:00:00+00:00,66.98518802762854,181,32.93310179708179,34.05208623054675,2022
2022-09-21 00:00:00+00:00,66.33130051978361,531,32.01791509805936,34.31338542172425,2022
2022-09-22 00:00:00+00:00,68.95284949494949,422,26.8341822872982,42.118667207651285,2022
2022-09-23 00:00:00+00:00,69.97516217810106,661,27.56492102274469,42.41024115535637,2022
2022-09-24 00:00:00+00:00,65.87293194640338,437,27.044180426920033,38.82875151948335,2022
2022-09-25 00:00:00+00:00,66.22193999999999,185,29.99060300986942,36.23133699013057,2022
2022-09-26 00:00:00+00:00,68.34050633725793,530,31.09394630405514,37.2465600332028,2022
2022-09-27 00:00:00+00:00,65.32873762596985,839,32.19612373989084,33.132613886079014,2022
2022-09-28 00:00:00+00:00,70.39799047302537,650,32.09350005963132,38.304490413394056,2022
2022-09-29 00:00:00+00:00,70.69243795036029,895,32.131566105598935,38.56087184476135,2022
2022-09-30 00:00:00+00:00,65.14790452750272,948,32.21784623985959,32.93005828764313,2022
2022-10-01 00:00:00+00:00,63.237928979980936,301,32.200871433290935,31.03705754669,2022
2022-10-02 00:00:00+00:00,67.51972429849283,362,31.735306611779144,35.78441768671369,2022
2022-10-03 00:00:00+00:00,65.1907005846258,444,30.813442744593623,34.37725784003218,2022
2022-10-04 00:00:00+00:00,63.80934270833333,673,28.148886477060337,35.660456231272995,2022
2022-10-05 00:00:00+00:00,65.54761061946904,247,32.13922435580378,33.40838626366526,2022
2022-10-06 00:00:00+00:00,64.14362857142858,218,31.88595523034304,32.257673341085535,2022
2022-10-07 00:00:00+00:00,59.231218223005285,330,31.633403354962468,27.597814868042818,2022
2022-10-08 00:00:00+00:00,55.80178333333333,94,32.098310420118295,23.703472913215037,2022
2022-10-13 00:00:00+00:00,63.11030234529528,330,81.96146064687751,-18.85115830158223,2022
2022-10-14 00:00:00+00:00,55.60378632622207,214,82.34821815297612,-26.744431826754045,2022
2022-10-15 00:00:00+00:00,53.15467153284672,15,82.72707766047151,-29.572406127624788,2022
2022-10-16 00:00:00+00:00,55.56409315589354,98,82.87894656243293,-27.31485340653939,2022
2022-10-17 00:00:00+00:00,54.41344025967826,143,82.62553128747383,-28.212091027795573,2022
2022-10-18 00:00:00+00:00,55.90131676424901,350,82.62779982436342,-26.72648306011441,2022
2022-10-19 00:00:00+00:00,54.56949104844021,218,82.61885238801734,-28.049361339577132,2022
2022-10-20 00:00:00+00:00,54.14203142695357,584,82.63397151977952,-28.49194009282595,2022
2022-10-21 00:00:00+00:00,53.17192144935201,763,82.87313863093513,-29.701217181583118,2022
2022-10-22 00:00:00+00:00,54.56545334507043,173,83.30588458694052,-28.74043124187009,2022
2022-10-23 00:00:00+00:00,55.26910843373494,177,83.69463250310419,-28.425524069369246,2022
2022-10-24 00:00:00+00:00,56.18929827742521,217,84.3241905077776,-28.134892230352392,2022
2022-10-25 00:00:00+00:00,56.17525627335826,478,82.85817262578273,-26.68291635242447,2022
2022-10-26 00:00:00+00:00,58.86658389066589,545,81.66160802215504,-22.795024131489143,2022
2022-10-27 00:00:00+00:00,55.73126150967551,323,81.47970462039527,-25.748443110719755,2022
2022-10-28 00:00:00+00:00,49.30597368264719,597,81.10873640738495,-31.80276272473776,2022
2022-10-29 00:00:00+00:00,50.79051259774109,310,80.86218355585535,-30.07167095811426,2022
2022-10-30 00:00:00+00:00,53.92173091458806,211,81.23015460226323,-27.308423687675166,2022
2022-10-31 00:00:00+00:00,54.96795500814332,324,83.1692595088692,-28.201304500725882,2022
2022-11-01 00:00:00+00:00,53.98693830921553,116,83.16259474958419,-29.175656440368655,2022
2022-11-02 00:00:00+00:00,52.498414779499406,417,83.19742691329633,-30.69901213379692,2022
2022-11-03 00:00:00+00:00,46.56097154691158,348,83.1699036466039,-36.60893209969232,2022
2022-11-04 00:00:00+00:00,47.07603033006245,932,81.39448258476193,-34.31845225469948,2022
2022-11-05 00:00:00+00:00,46.32842989084804,80,81.23193077978046,-34.90350088893241,2022
2022-11-10 00:00:00+00:00,82.10583913379736,367,34.43378290795153,47.67205622584583,2022
2022-11-11 00:00:00+00:00,75.96765294675986,282,32.48425568590743,43.48339726085243,2022
2022-11-12 00:00:00+00:00,85.70577825159916,123,32.18948609047903,53.51629216112013,2022
2022-11-17 00:00:00+00:00,72.60814749000444,95,36.07916176514516,36.52898572485928,2022
2022-11-18 00:00:00+00:00,65.35344496294262,218,36.09113635858115,29.262308604361465,2022
2022-11-19 00:00:00+00:00,62.77996073298429,26,36.6594221300823,26.120538602901995,2022
2022-11-20 00:00:00+00:00,68.944055907173,81,36.75680959499367,32.187246312179326,2022
2022-11-21 00:00:00+00:00,69.24286224741252,267,34.92330707767911,34.319555169733405,2022
2022-11-22 00:00:00+00:00,74.00979423057991,286,33.702389852717076,40.30740437786284,2022
2022-11-23 00:00:00+00:00,67.36862859221534,227,32.70338545290092,34.66524313931443,2022
2022-11-24 00:00:00+00:00,65.90562419974393,177,32.721924323895735,33.18369987584819,2022
2022-11-25 00:00:00+00:00,59.2486246885183,516,32.65485604491642,26.593768643601877,2022
2022-11-26 00:00:00+00:00,58.32450528338137,132,32.6602707659271,25.66423451745427,2022
2022-11-27 00:00:00+00:00,59.3921301411909,67,33.00657219526963,26.38555794592127,2022
2022-11-28 00:00:00+00:00,60.813769136846055,296,32.84603761038557,27.967731526460483,2022
2022-11-29 00:00:00+00:00,58.9897978206643,278,32.55261160391818,26.43718621674612,2022
2022-11-30 00:00:00+00:00,56.55888894604188,748,28.580616725196563,27.97827222084532,2022
2022-12-01 00:00:00+00:00,54.99224313952647,343,28.37513416289123,26.617108976635244,2022
2022-12-02 00:00:00+00:00,51.00267967380535,351,28.326861431022788,22.675818242782565,2022
2022-12-03 00:00:00+00:00,50.60302662490211,142,28.09066247814101,22.512364146761097,2022
2022-12-04 00:00:00+00:00,52.30601244614648,94,27.67126013414762,24.634752311998863,2022
2022-12-05 00:00:00+00:00,49.28813262721621,359,27.813461492867976,21.47467113434823,2022
2022-12-06 00:00:00+00:00,49.71988120621383,272,27.671202331436078,22.04867887477775,2022
2022-12-07 00:00:00+00:00,49.90334064556565,261,27.301014572633957,22.602326072931692,2022
2022-12-08 00:00:00+00:00,49.58611696522655,320,26.035684199482407,23.550432765744144,2022
2022-12-09 00:00:00+00:00,47.83093095679831,384,26.221188718058887,21.609742238739425,2022
2022-12-10 00:00:00+00:00,52.44903448275862,34,26.266083847914583,26.182950634844037,2022
2022-12-15 00:00:00+00:00,45.12911924119241,75,38.27177612121152,6.857343119980889,2022
2022-12-16 00:00:00+00:00,48.94522246765541,347,34.174756321411756,14.770466146243656,2022
2022-12-17 00:00:00+00:00,55.563253205128206,36,34.25846177110904,21.304791434019165,2022
2022-12-18 00:00:00+00:00,58.16424280350438,65,34.24647413422156,23.91776866928282,2022
2022-12-19 00:00:00+00:00,55.72897881586095,84,34.61995677369498,21.109022042165968,2022
2022-12-20 00:00:00+00:00,54.11671537484117,190,34.17413117766496,19.94258419717621,2022
2022-12-21 00:00:00+00:00,52.02061855670103,84,40.50917509065911,11.511443466041918,2022
2022-12-22 00:00:00+00:00,46.93474325421894,449,40.38433256730107,6.550410686917864,2022
2022-12-23 00:00:00+00:00,43.60032028469752,285,40.397398991879115,3.2029212928184023,2022
2022-12-24 00:00:00+00:00,45.845728813559326,51,40.33009209213937,5.515636721419959,2022
2022-12-25 00:00:00+00:00,46.1937703962704,66,40.972849564647554,5.220920831622848,2022
2022-12-26 00:00:00+00:00,46.6127763881941,103,41.03886120606903,5.57391518212507,2022
2022-12-27 00:00:00+00:00,45.78664852255055,150,40.416312329704326,5.370336192846224,2022
2022-12-28 00:00:00+00:00,48.26616726526423,143,39.86723767809675,8.39892958716748,2022
2022-12-29 00:00:00+00:00,45.500992410974895,246,40.083033933814775,5.41795847716012,2022
2022-12-30 00:00:00+00:00,42.616821103699216,471,40.384243663531485,2.2325774401677307,2022
2022-12-31 00:00:00+00:00,42.25103658536586,80,43.90078712666443,-1.6497505412985731,2022
2023-01-01 00:00:00+00:00,40.11211552888221,65,43.86033780573541,-3.7482222768532054,2023
2023-01-02 00:00:00+00:00,39.50734650670431,225,44.06003269387305,-4.552686187168739,2023
2023-01-03 00:00:00+00:00,41.71189839572192,197,44.54028993962109,-2.8283915438991727,2023
2023-01-04 00:00:00+00:00,38.58542463695543,433,44.80959017894281,-6.224165541987382,2023
2023-01-05 00:00:00+00:00,38.003129652068544,277,44.94738861834239,-6.944258966273843,2023
2023-01-06 00:00:00+00:00,34.82633451327434,421,45.932785129125214,-11.106450615850875,2023
2023-01-07 00:00:00+00:00,34.80013307047807,49,46.20956438814641,-11.409431317668343,2023
2023-01-12 00:00:00+00:00,44.98005597014925,264,49.01628731883729,-4.036231348688041,2023
2023-01-13 00:00:00+00:00,49.63023673667597,674,45.537603661460246,4.092633075215723,2023
2023-01-14 00:00:00+00:00,60.585058191584594,228,42.22087865891997,18.36417953266462,2023
2023-01-15 00:00:00+00:00,64.97863046686865,105,42.62813255262536,22.35049791424329,2023
2023-01-16 00:00:00+00:00,63.68893432066968,706,52.71694035588747,10.971993964782207,2023
2023-01-17 00:00:00+00:00,60.59384925665552,322,54.3883772950955,6.205471961560015,2023
2023-01-18 00:00:00+00:00,58.64773838840846,364,55.36316732853287,3.2845710598755957,2023
2023-01-19 00:00:00+00:00,54.977999097821886,388,55.11197053251748,-0.1339714346955958,2023
2023-01-20 00:00:00+00:00,51.674201008818585,817,50.01534218190675,1.6588588269118318,2023
2023-01-21 00:00:00+00:00,57.82521508034611,551,50.523602519404164,7.3016125609419475,2023
2023-01-22 00:00:00+00:00,58.2096951777114,389,50.9169347946297,7.292760383081706,2023
2023-01-23 00:00:00+00:00,61.07460584907932,282,51.06161629224645,10.01298955683287,2023
2023-01-24 00:00:00+00:00,60.16367629524213,135,50.97122333544861,9.192452959793513,2023
2023-01-25 00:00:00+00:00,55.6012614278377,403,51.94356877942871,3.6576926484089896,2023
2023-01-26 00:00:00+00:00,54.21127499999999,295,51.94118919857239,2.270085801427605,2023
2023-01-27 00:00:00+00:00,53.11586393395957,852,52.262754826860835,0.8531091070987316,2023
2023-01-28 00:00:00+00:00,50.8232868405094,87,52.27098650673403,-1.4476996662246364,2023
2023-01-29 00:00:00+00:00,54.20130640902544,370,51.410795213286555,2.790511195738887,2023
2023-01-30 00:00:00+00:00,53.20809241546544,396,50.052616102461144,3.155476313004293,2023
2023-01-31 00:00:00+00:00,53.84845205479452,269,49.95077502092417,3.8976770338703517,2023
2023-02-01 00:00:00+00:00,54.32368587847545,402,51.90132421217921,2.42236166629624,2023
2023-02-02 00:00:00+00:00,53.72535681257707,585,51.82066742729946,1.9046893852776066,2023
2023-02-03 00:00:00+00:00,52.10745267885788,584,51.85112814712709,0.2563245317307903,2023
2023-02-04 00:00:00+00:00,49.180228365384615,65,51.83513562212683,-2.654907256742213,2023
2023-02-09 00:00:00+00:00,45.779185146982975,340,53.42396569831066,-7.644780551327685,2023
2023-02-10 00:00:00+00:00,44.56454918032787,372,59.37196490599766,-14.807415725669784,2023
2023-02-11 00:00:00+00:00,42.62317460317461,41,66.57675485517314,-23.953580251998524,2023
2023-02-16 00:00:00+00:00,53.43588555457488,365,66.56213288256143,-13.126247327986547,2023
2023-02-17 00:00:00+00:00,55.64254671904864,596,66.18068775066403,-10.538141031615396,2023
2023-02-18 00:00:00+00:00,56.99548780487805,29,66.33821598371034,-9.342728178832289,2023
2023-02-19 00:00:00+00:00,56.55811403508772,162,66.07081421225568,-9.512700177167964,2023
2023-02-20 00:00:00+00:00,58.053989535148254,324,66.91717460027245,-8.863185065124192,2023
2023-02-21 00:00:00+00:00,58.089238230332775,469,67.5655369417447,-9.476298711411921,2023
2023-02-22 00:00:00+00:00,55.989047016898496,330,68.49005264385387,-12.501005626955376,2023
2023-02-23 00:00:00+00:00,53.2617108789774,303,68.31186701746954,-15.050156138492142,2023
2023-02-24 00:00:00+00:00,50.48022959579955,928,67.16077390075176,-16.680544304952214,2023
2023-02-25 00:00:00+00:00,46.26646551724138,211,68.39808638070902,-22.13162086346764,2023
2023-02-26 00:00:00+00:00,48.57146377638334,322,68.26880509293322,-19.69734131654988,2023
2023-02-27 00:00:00+00:00,48.0375697187313,908,69.22763478557452,-21.190065066843225,2023
2023-02-28 00:00:00+00:00,47.46912235746317,773,69.07787823466103,-21.608755877197858,2023
2023-03-01 00:00:00+00:00,50.66950468540831,715,68.92821945713736,-18.258714771729046,2023
2023-03-02 00:00:00+00:00,50.51161974532065,725,68.79422151378749,-18.28260176846684,2023
2023-03-03 00:00:00+00:00,49.79217672790901,1121,66.15936540118412,-16.36718867327511,2023
2023-03-04 00:00:00+00:00,47.54354512635379,232,66.54331722655918,-18.99977210020539,2023
2023-03-05 00:00:00+00:00,47.333655204898726,163,66.55921709323472,-19.225561888335996,2023
2023-03-06 00:00:00+00:00,48.572552602436325,266,66.54439221525774,-17.97183961282142,2023
2023-03-07 00:00:00+00:00,47.6528587196468,396,66.41298528939141,-18.760126569744614,2023
2023-03-08 00:00:00+00:00,46.866885359116026,480,65.66143112303682,-18.794545763920794,2023
2023-03-09 00:00:00+00:00,46.66892572912977,1464,60.410462985791426,-13.741537256661658,2023
2023-03-10 00:00:00+00:00,51.15005583693638,1151,60.085421904321,-8.93536606738462,2023
2023-03-11 00:00:00+00:00,52.21356284153006,427,61.20331175743989,-8.989748915909828,2023
2023-03-16 00:00:00+00:00,58.13476695718075,205,49.28591689994638,8.848850057234372,2023
2023-03-17 00:00:00+00:00,62.6196640223985,713,38.55710012250479,24.06256389989371,2023
2023-03-18 00:00:00+00:00,62.87804979253112,30,39.6068448603921,23.27120493213902,2023
2023-03-19 00:00:00+00:00,67.10289695398575,241,38.88187520485761,28.22102174912814,2023
2023-03-20 00:00:00+00:00,65.65446556357867,491,43.34594787086687,22.308517692711796,2023
2023-03-21 00:00:00+00:00,64.78505303425491,319,43.743167571116835,21.04188546313808,2023
2023-03-22 00:00:00+00:00,64.2582242207149,332,44.100058893737085,20.15816532697781,2023
2023-03-23 00:00:00+00:00,61.43701897018971,400,42.651003264924924,18.786015705264788,2023
2023-03-24 00:00:00+00:00,63.37312666947842,409,41.37516298376756,21.997963685710857,2023
2023-03-25 00:00:00+00:00,59.092658528314686,117,41.38166976140016,17.710988766914525,2023
2023-03-26 00:00:00+00:00,58.798237597911225,65,42.029723125123034,16.76851447278819,2023
2023-03-27 00:00:00+00:00,58.9955838097416,248,40.458731204337425,18.536852605404178,2023
2023-03-28 00:00:00+00:00,57.17214029550997,191,42.218955193345614,14.953185102164355,2023
2023-03-29 00:00:00+00:00,60.93776532246324,304,40.177659873601094,20.76010544886215,2023
2023-03-30 00:00:00+00:00,61.398162640725765,482,39.94965408443991,21.44850855628585,2023
2023-03-31 00:00:00+00:00,56.7527098964894,551,39.62656351963813,17.126146376851267,2023
2023-04-01 00:00:00+00:00,54.75766680743243,75,42.02865733234371,12.729009475088716,2023
2023-04-02 00:00:00+00:00,55.909465400271365,327,42.561155541386384,13.348309858884981,2023
2023-04-03 00:00:00+00:00,56.95148867166088,904,42.40516659018036,14.546322081480525,2023
2023-04-04 00:00:00+00:00,57.05908388343261,179,42.267561561497985,14.791522321934629,2023
2023-04-05 00:00:00+00:00,56.66703263189997,276,42.99652494512819,13.670507686771778,2023
2023-04-06 00:00:00+00:00,55.23287820899524,288,43.701147530797364,11.531730678197874,2023
2023-04-07 00:00:00+00:00,52.741016005567154,263,44.07188529001252,8.669130715554637,2023
2023-04-08 00:00:00+00:00,50.68268449727588,62,45.10437056140948,5.578313935866397,2023
2023-04-13 00:00:00+00:00,52.75836129032258,74,40.73722615428664,12.021135136035944,2023
2023-04-14 00:00:00+00:00,52.440213977832514,328,40.80760803425944,11.632605943573076,2023
2023-04-15 00:00:00+00:00,49.4956611570248,34,41.05866656443815,8.43699459258665,2023
2023-04-16 00:00:00+00:00,53.24914338919925,53,41.0398496380015,12.209293751197748,2023
2023-04-17 00:00:00+00:00,54.7091271876045,293,40.39027463406293,14.318852553541568,2023
2023-04-18 00:00:00+00:00,53.42477403035413,244,38.97198364530317,14.45279038505096,2023
2023-04-19 00:00:00+00:00,52.857882364965,319,34.78537778487538,18.07250458008962,2023
2023-04-20 00:00:00+00:00,52.25925354944854,438,34.35897043622235,17.900283113226187,2023
2023-04-21 00:00:00+00:00,51.528102605498006,797,32.491853659421004,19.036248946077002,2023
2023-04-22 00:00:00+00:00,50.96036572622779,145,31.700662930086633,19.25970279614116,2023
2023-04-23 00:00:00+00:00,51.339091337099816,98,32.0076363238966,19.331455013203218,2023
2023-04-24 00:00:00+00:00,49.20803667953668,154,34.02331830733743,15.18471837219925,2023
2023-04-25 00:00:00+00:00,48.75499237804878,201,32.46793345809243,16.28705891995635,2023
2023-04-26 00:00:00+00:00,52.17685783161215,644,32.62449716930463,19.55236066230752,2023
2023-04-27 00:00:00+00:00,51.94431551935736,485,29.730643404096956,22.213672115260405,2023
2023-04-28 00:00:00+00:00,49.29840362992981,455,33.91361798889479,15.384785641035016,2023
2023-04-29 00:00:00+00:00,46.6874193548387,91,34.10401718097714,12.583402173861565,2023
2023-04-30 00:00:00+00:00,48.3988785046729,167,34.10384676054443,14.295031744128472,2023
2023-05-01 00:00:00+00:00,51.44134573103701,392,31.84641173204537,19.59493399899164,2023
2023-05-02 00:00:00+00:00,50.225839855012765,235,31.150447852483392,19.075392002529373,2023
2023-05-03 00:00:00+00:00,49.63884232640424,272,31.40190366667173,18.23693865973251,2023
2023-05-04 00:00:00+00:00,50.54693272431679,269,31.410291232076602,19.136641492240187,2023
2023-05-05 00:00:00+00:00,49.07580914687775,222,30.078668813265065,18.997140333612688,2023
2023-05-06 00:00:00+00:00,49.051522727272726,43,34.207028826844734,14.844493900427992,2023
2023-05-11 00:00:00+00:00,46.45797250859107,120,40.609388958870106,5.8485835497209635,2023
2023-05-12 00:00:00+00:00,47.60482145822953,178,40.588584655329846,7.016236802899684,2023
2023-05-13 00:00:00+00:00,46.24422198041349,62,40.58844193029851,5.655780050114984,2023
2023-05-18 00:00:00+00:00,43.12638274737224,91,42.78542429635125,0.3409584510209882,2023
2023-05-19 00:00:00+00:00,43.12057303681831,126,42.824161881599856,0.2964111552184505,2023
2023-05-20 00:00:00+00:00,42.97336318051576,32,43.24713497591351,-0.27377179539774943,2023
2023-05-21 00:00:00+00:00,44.13396184062852,65,46.89021067192653,-2.7562488312980093,2023
2023-05-22 00:00:00+00:00,44.0178718316595,162,50.71479373682367,-6.696921905164174,2023
2023-05-23 00:00:00+00:00,45.14093266475645,254,50.637190134340415,-5.496257469583966,2023
2023-05-24 00:00:00+00:00,46.44301076478752,727,49.49761414788449,-3.0546033830969677,2023
2023-05-25 00:00:00+00:00,43.88668957562359,507,49.61900377082038,-5.7323141951967855,2023
2023-05-26 00:00:00+00:00,41.05854254677128,882,49.6596100443097,-8.601067497538423,2023
2023-05-27 00:00:00+00:00,39.95179856115108,154,49.79785634101297,-9.846057779861887,2023
2023-05-28 00:00:00+00:00,42.69584543401098,670,47.830377914568636,-5.1345324805576595,2023
2023-05-29 00:00:00+00:00,43.22583507065092,515,48.22960923657049,-5.003774165919566,2023
2023-05-30 00:00:00+00:00,41.68736531871145,341,48.31892453605011,-6.631559217338662,2023
2023-05-31 00:00:00+00:00,40.20154788610871,358,47.76765896133629,-7.566111075227575,2023
2023-06-01 00:00:00+00:00,38.47478538579459,639,47.30327711018836,-8.828491724393771,2023
2023-06-02 00:00:00+00:00,36.3825196689486,1550,47.13230373871788,-10.749784069769277,2023
2023-06-03 00:00:00+00:00,35.70712779156327,193,47.20706444800361,-11.499936656440333,2023
2023-06-04 00:00:00+00:00,35.82824070290152,256,47.56798667382785,-11.739745970926336,2023
2023-06-05 00:00:00+00:00,37.87844273289776,1111,43.20944832255032,-5.3310055896525625,2023
2023-06-06 00:00:00+00:00,38.43692923571778,1190,39.94694863152848,-1.5100193958107013,2023
2023-06-07 00:00:00+00:00,41.0845399803949,994,37.91411820461001,3.170421775784888,2023
2023-06-08 00:00:00+00:00,39.60153017241379,217,37.978223571870444,1.6233066005433443,2023
2023-06-09 00:00:00+00:00,37.67620931716656,333,38.04555581467873,-0.3693464975121685,2023
2023-06-10 00:00:00+00:00,39.44572195535462,290,36.642877470205384,2.8028444851492367,2023
2023-06-15 00:00:00+00:00,42.51595644983462,259,38.86756385916482,3.6483925906698005,2023
2023-06-16 00:00:00+00:00,40.14335372069316,441,38.01651723105409,2.126836489639075,2023
2023-06-17 00:00:00+00:00,39.18773584905661,80,38.108283018376234,1.0794528306803741,2023
2023-06-18 00:00:00+00:00,39.72827478532397,101,38.21437112801494,1.5139036573090294,2023
2023-06-19 00:00:00+00:00,40.86542509072058,209,37.85596231566733,3.009462775053251,2023
2023-06-20 00:00:00+00:00,46.1420451843044,685,33.28657889952218,12.855466284782217,2023
2023-06-21 00:00:00+00:00,50.01470901613807,1167,26.60374625905686,23.41096275708121,2023
2023-06-22 00:00:00+00:00,50.02307731466752,760,26.617232446088547,23.40584486857897,2023
2023-06-23 00:00:00+00:00,48.4802176,1286,25.095844615396874,23.38437298460313,2023
2023-06-24 00:00:00+00:00,45.45097203253964,585,27.155433804784707,18.295538227754932,2023
2023-06-25 00:00:00+00:00,46.12134507606084,187,27.1789739946744,18.94237108138644,2023
2023-06-26 00:00:00+00:00,45.94747760165403,636,27.175631652138065,18.771845949515964,2023
2023-06-27 00:00:00+00:00,45.8042065626681,260,26.68410973381202,19.12009682885608,2023
2023-06-28 00:00:00+00:00,44.44620026651437,296,25.89896860673887,18.5472316597755,2023
2023-06-29 00:00:00+00:00,43.97539860073295,396,25.46212491778792,18.51327368294503,2023
2023-06-30 00:00:00+00:00,41.812086771716864,1833,25.460373972762106,16.351712798954757,2023
2023-07-01 00:00:00+00:00,42.37590438247012,113,25.390922415526028,16.98498196694409,2023
2023-07-02 00:00:00+00:00,44.43666744675872,143,26.093241053430454,18.343426393328265,2023
2023-07-03 00:00:00+00:00,44.996099687080914,299,25.881156752683893,19.11494293439702,2023
2023-07-04 00:00:00+00:00,46.00448576066106,271,25.644102721625227,20.360383039035835,2023
2023-07-05 00:00:00+00:00,42.78349225378089,604,25.53372579846397,17.249766455316923,2023
2023-07-06 00:00:00+00:00,44.5778642931453,1348,24.673391710439326,19.904472582705978,2023
2023-07-07 00:00:00+00:00,42.89557237992484,673,24.041499463205522,18.85407291671932,2023
2023-07-08 00:00:00+00:00,40.42704697986577,251,24.13832952989497,16.2887174499708,2023
2023-07-13 00:00:00+00:00,41.295993998499625,279,21.218098784189777,20.077895214309848,2023
2023-07-14 00:00:00+00:00,41.49175596228508,549,17.113314116573562,24.37844184571152,2023
2023-07-15 00:00:00+00:00,38.39605831533478,46,17.224108734958147,21.17194958037663,2023
2023-07-16 00:00:00+00:00,41.02320996978852,98,17.40660429750657,23.61660567228195,2023
2023-07-17 00:00:00+00:00,40.3506943293477,318,18.164375783288826,22.18631854605887,2023
2023-07-18 00:00:00+00:00,41.0138493670886,356,31.288794667529796,9.725054699558807,2023
2023-07-19 00:00:00+00:00,39.27230090100986,485,31.856124114832028,7.416176786177829,2023
2023-07-20 00:00:00+00:00,38.60393664373663,499,31.922970980944992,6.680965662791639,2023
2023-07-21 00:00:00+00:00,37.32093742125158,521,31.939289306943326,5.381648114308252,2023
2023-07-22 00:00:00+00:00,34.82333980582524,269,31.945190170213365,2.8781496356118765,2023
2023-07-23 00:00:00+00:00,36.48832684824903,199,31.5298091637453,4.958517684503732,2023
2023-07-24 00:00:00+00:00,36.53708661417323,663,30.8285573618377,5.708529252335527,2023
2023-07-25 00:00:00+00:00,34.9793851632845,463,30.853666415052828,4.1257187482316695,2023
2023-07-26 00:00:00+00:00,36.07627793725651,606,30.734349820721,5.341928116535513,2023
2023-07-27 00:00:00+00:00,33.7447834274953,539,30.744214721792645,3.000568705702655,2023
2023-07-28 00:00:00+00:00,32.360495323409296,787,30.735678643992152,1.624816679417144,2023
2023-07-29 00:00:00+00:00,30.662046511627903,223,30.720067068365942,-0.05802055673803963,2023
2023-07-30 00:00:00+00:00,31.421043307086617,255,38.03657041637058,-6.615527109283963,2023
2023-07-31 00:00:00+00:00,33.05129471162075,272,38.326947230833994,-5.275652519213246,2023
2023-08-01 00:00:00+00:00,32.460909057260245,709,41.43848623144609,-8.977577174185846,2023
2023-08-02 00:00:00+00:00,33.15674279296144,453,41.14442170862431,-7.987678915662869,2023
2023-08-03 00:00:00+00:00,32.24608154330278,358,41.17730993694375,-8.931228393640971,2023
2023-08-04 00:00:00+00:00,30.547072348621644,388,41.27289610685774,-10.7258237582361,2023
2023-08-05 00:00:00+00:00,29.866995073891623,38,41.2682215784201,-11.40122650452848,2023
2023-08-10 00:00:00+00:00,33.23224120603015,95,41.236320377540274,-8.00407917151012,2023
2023-08-11 00:00:00+00:00,31.27824478816409,323,41.224521096601805,-9.946276308437714,2023
2023-08-12 00:00:00+00:00,27.1156338028169,37,41.89902641653308,-14.783392613716181,2023
2023-08-17 00:00:00+00:00,39.36739870004149,746,35.25341175844983,4.113986941591662,2023
2023-08-18 00:00:00+00:00,41.2466963334378,941,34.35116110782476,6.895535225613038,2023
2023-08-19 00:00:00+00:00,38.78519287833827,77,34.46535117152045,4.319841706817819,2023
2023-08-20 00:00:00+00:00,38.01825,144,34.8974229313667,3.1208270686333037,2023
2023-08-21 00:00:00+00:00,38.38419761606023,457,34.90786661137224,3.476331004687985,2023
2023-08-22 00:00:00+00:00,38.74669941060904,580,35.713973649790546,3.0327257608184937,2023
2023-08-23 00:00:00+00:00,36.58516941451383,942,35.34697149361157,1.2381979209022589,2023
2023-08-24 00:00:00+00:00,37.08137934468678,621,35.15606196055409,1.9253173841326898,2023
2023-08-25 00:00:00+00:00,35.436789819376024,1023,35.41460548955598,0.022184329820042592,2023
2023-08-26 00:00:00+00:00,32.78508731082655,169,35.41146388049851,-2.6263765696719616,2023
2023-08-27 00:00:00+00:00,32.44877646534433,257,35.41598500348232,-2.9672085381379887,2023
2023-08-28 00:00:00+00:00,33.31906403127237,681,35.463118010959896,-2.144053979687527,2023
2023-08-29 00:00:00+00:00,36.9572048091877,2072,29.59589443725634,7.36131037193136,2023
2023-08-30 00:00:00+00:00,35.82210060597714,615,29.16474010969648,6.65736049628066,2023
2023-08-31 00:00:00+00:00,34.46593668671871,1114,22.545106540805985,11.920830145912728,2023
2023-09-01 00:00:00+00:00,33.19710959360426,1569,25.592545381712632,7.604564211891628,2023
2023-09-02 00:00:00+00:00,32.33021474878444,138,26.518193690598512,5.81202105818593,2023
2023-09-03 00:00:00+00:00,33.57232558139535,198,26.56520951774255,7.0071160636527985,2023
2023-09-04 00:00:00+00:00,34.56447238252267,522,26.689746734991715,7.874725647530958,2023
2023-09-05 00:00:00+00:00,34.05904341297531,760,27.264041843635223,6.795001569340091,2023
2023-09-06 00:00:00+00:00,35.4457813982488,1198,27.904065116251026,7.541716281997772,2023
2023-09-07 00:00:00+00:00,34.620536191472056,699,27.25135620738608,7.369179984085974,2023
2023-09-08 00:00:00+00:00,35.99326680789386,539,26.697565378007006,9.295701429886854,2023
2023-09-09 00:00:00+00:00,33.733502109704645,49,27.18504347440162,6.5484586353030245,2023
2023-09-14 00:00:00+00:00,35.576192425793245,152,24.27193078439004,11.304261641403205,2023
2023-09-15 00:00:00+00:00,33.331855370001534,348,24.580914311933995,8.75094105806754,2023
2023-09-16 00:00:00+00:00,31.931956521739128,46,29.627658476175455,2.304298045563673,2023
2023-09-17 00:00:00+00:00,37.07793541264145,61,29.68223374423212,7.39570166840933,2023
2023-09-18 00:00:00+00:00,38.42650610419437,437,29.641033996284182,8.785472107910184,2023
2023-09-19 00:00:00+00:00,38.81639017757159,273,29.489717689138566,9.326672488433026,2023
2023-09-20 00:00:00+00:00,39.78586910994765,363,31.28679670131777,8.499072408629878,2023
2023-09-21 00:00:00+00:00,36.7797459070072,708,30.132244664318208,6.647501242688989,2023
2023-09-22 00:00:00+00:00,34.09191779141104,776,30.10833059005915,3.9835872013518916,2023
2023-09-23 00:00:00+00:00,32.02780187997107,179,44.38222668673602,-12.354424806764946,2023
2023-09-24 00:00:00+00:00,34.76312635574837,328,44.18938110012667,-9.426254744378298,2023
2023-09-25 00:00:00+00:00,33.75792929791646,609,44.22000404655693,-10.462074748640468,2023
2023-09-26 00:00:00+00:00,34.70014121264121,458,44.52240433330107,-9.822263120659855,2023
2023-09-27 00:00:00+00:00,32.732334227206245,1104,44.85763694409276,-12.125302716886516,2023
2023-09-28 00:00:00+00:00,33.83308249601104,1745,44.46196839994068,-10.628885903929643,2023
2023-09-29 00:00:00+00:00,32.08702963971688,1799,44.281812251033806,-12.194782611316924,2023
2023-09-30 00:00:00+00:00,30.7067400199049,375,44.359567240772506,-13.652827220867607,2023
2023-10-01 00:00:00+00:00,32.45127139364303,582,43.144169212318545,-10.692897818675512,2023
2023-10-02 00:00:00+00:00,34.44389930535946,1354,42.53734936403868,-8.093450058679224,2023
2023-10-03 00:00:00+00:00,32.650722994256064,554,43.093346851805336,-10.442623857549272,2023
2023-10-04 00:00:00+00:00,32.535974765974764,350,43.31722830263758,-10.781253536662817,2023
2023-10-05 00:00:00+00:00,33.26295754168283,636,42.63618943090748,-9.373231889224648,2023
2023-10-06 00:00:00+00:00,31.73495283018868,1148,42.551030225818245,-10.816077395629566,2023
2023-10-07 00:00:00+00:00,31.541464088397785,98,42.57237780976323,-11.030913721365447,2023
2023-10-12 00:00:00+00:00,30.45628765792031,362,40.7926036917649,-10.336316033844593,2023
2023-10-13 00:00:00+00:00,30.67041759327897,338,40.96839337284282,-10.29797577956385,2023
2023-10-14 00:00:00+00:00,33.66526170798898,51,41.86944237865039,-8.204180670661408,2023
2023-10-15 00:00:00+00:00,34.46658313253012,111,43.69834343520347,-9.23176030267335,2023
2023-10-16 00:00:00+00:00,36.48741185722399,1602,45.6915702031176,-9.20415834589361,2023
2023-10-17 00:00:00+00:00,37.80155985617597,411,49.522196627537355,-11.720636771361384,2023
2023-10-18 00:00:00+00:00,35.798177494530584,396,49.38871644386808,-13.590538949337493,2023
2023-10-19 00:00:00+00:00,35.920578205203846,591,49.45142824237136,-13.530850037167511,2023
2023-10-20 00:00:00+00:00,38.87240166621142,1793,48.92873100309243,-10.056329336881014,2023
2023-10-21 00:00:00+00:00,42.86255410279532,409,48.96598280346382,-6.103428700668495,2023
2023-10-22 00:00:00+00:00,44.31955084745763,311,52.51116532772101,-8.191614480263382,2023
2023-10-23 00:00:00+00:00,49.26180245456211,2412,43.370040711912004,5.891761742650104,2023
2023-10-24 00:00:00+00:00,53.75228847146592,2225,42.786026006258034,10.966262465207883,2023
2023-10-25 00:00:00+00:00,51.85294599841807,766,42.597570866330564,9.255375132087508,2023
2023-10-26 00:00:00+00:00,55.32081694402421,618,42.34434541703089,12.976471526993322,2023
2023-10-27 00:00:00+00:00,47.915573443025615,1357,42.41752064913656,5.498052793889052,2023
2023-10-28 00:00:00+00:00,44.37230421686747,276,42.52501068094306,1.8472935359244076,2023
2023-10-29 00:00:00+00:00,49.248000643915,272,42.617992949454965,6.6300076944600335,2023
2023-10-30 00:00:00+00:00,51.985968051581125,621,42.599095740732395,9.38687231084873,2023
2023-10-31 00:00:00+00:00,49.588376176875066,388,42.666187276815116,6.92218890005995,2023
2023-11-01 00:00:00+00:00,52.80803578690525,767,42.88960310643377,9.918432680471483,2023
2023-11-02 00:00:00+00:00,55.09302101222346,993,42.814457963188474,12.278563049034986,2023
2023-11-03 00:00:00+00:00,53.62257019766853,531,42.7685890374952,10.853981160173333,2023
2023-11-04 00:00:00+00:00,53.25079521031624,144,45.43824479383979,7.812550416476448,2023
2023-11-09 00:00:00+00:00,58.026500808029255,577,48.27099813695206,9.755502671077195,2023
2023-11-10 00:00:00+00:00,53.4054513778904,473,48.14054884868911,5.264902529201294,2023
2023-11-11 00:00:00+00:00,52.4350469483568,50,53.18310224549543,-0.7480552971386274,2023
2023-11-16 00:00:00+00:00,53.55973633819414,210,45.984484845901974,7.575251492292168,2023
2023-11-17 00:00:00+00:00,51.40013533208411,384,46.803579542134614,4.596555789949498,2023
2023-11-18 00:00:00+00:00,48.78010370370371,136,47.703714793598856,1.0763889101048534,2023
2023-11-19 00:00:00+00:00,53.414384334550284,160,47.56813912485474,5.846245209695546,2023
2023-11-20 00:00:00+00:00,54.95841067285382,708,48.599872858731565,6.358537814122258,2023
2023-11-21 00:00:00+00:00,54.788189073556026,689,44.833392899300456,9.95479617425557,2023
2023-11-22 00:00:00+00:00,53.11321451647642,545,42.61617044184045,10.497044074635966,2023
2023-11-23 00:00:00+00:00,52.500347721822536,520,42.69574090868526,9.804606813137276,2023
2023-11-24 00:00:00+00:00,50.58137111288871,1518,43.33620746654068,7.245163646348033,2023
2023-11-25 00:00:00+00:00,49.65156141223272,175,43.451006353295774,6.200555058936942,2023
2023-11-26 00:00:00+00:00,50.754657534246576,384,44.428489194775366,6.326168339471209,2023
2023-11-27 00:00:00+00:00,48.91366092970887,593,44.69832445675196,4.215336472956906,2023
2023-11-28 00:00:00+00:00,48.03222838587471,942,45.366883604553855,2.6653447813208544,2023
2023-11-29 00:00:00+00:00,48.44215923470162,816,45.709917100013364,2.7322421346882564,2023
2023-11-30 00:00:00+00:00,47.29973235427779,1195,45.63525468519771,1.6644776690800853,2023
2023-12-01 00:00:00+00:00,47.40795532349826,1598,44.928182143537136,2.4797731799611213,2023
2023-12-02 00:00:00+00:00,47.84797166469894,624,46.890818698976375,0.9571529657225639,2023
2023-12-03 00:00:00+00:00,50.33800908632004,738,47.01775658723593,3.3202524990841127,2023
2023-12-04 00:00:00+00:00,49.870663596966416,2775,47.45618290086414,2.414480696102274,2023
2023-12-05 00:00:00+00:00,49.07990630063282,2371,45.570918395878444,3.5089879047543775,2023
2023-12-06 00:00:00+00:00,49.977268641343365,1558,45.49892104854895,4.478347592794414,2023
2023-12-07 00:00:00+00:00,46.41308499333749,1167,45.35036108053021,1.0627239128072787,2023
2023-12-08 00:00:00+00:00,45.861875123395855,1481,44.77277568428875,1.0890994391071018,2023
2023-12-09 00:00:00+00:00,46.75315846520702,351,50.34770103352789,-3.5945425683208683,2023
2023-12-14 00:00:00+00:00,48.45284119807856,513,53.243953666389956,-4.791112468311397,2023
2023-12-15 00:00:00+00:00,49.45631767076103,780,53.31383093289269,-3.8575132621316612,2023
2023-12-16 00:00:00+00:00,49.67021917808219,125,53.66148739309362,-3.9912682150114307,2023
2023-12-17 00:00:00+00:00,52.25206821480406,298,53.330398894545205,-1.0783306797411427,2023
2023-12-18 00:00:00+00:00,53.09072998687664,453,52.3477667153564,0.7429632715202388,2023
2023-12-19 00:00:00+00:00,54.456967290603146,389,53.679140091956256,0.7778271986468894,2023
2023-12-20 00:00:00+00:00,55.28683071992675,655,52.42079947303625,2.8660312468905005,2023
2023-12-21 00:00:00+00:00,55.52213484320558,556,52.376945703586685,3.1451891396188927,2023
2023-12-22 00:00:00+00:00,54.30777794804997,476,52.351967204221616,1.9558107438283514,2023
2023-12-23 00:00:00+00:00,54.20834119782214,274,55.06199634922996,-0.8536551514078141,2023
2023-12-24 00:00:00+00:00,55.03181611804767,151,55.004355806710215,0.027460311337456744,2023
2023-12-25 00:00:00+00:00,55.68684471575734,179,54.761414792488985,0.9254299232683536,2023
2023-12-26 00:00:00+00:00,56.33041761579348,513,54.17378520197536,2.156632413818116,2023
2023-12-27 00:00:00+00:00,60.55065092748736,418,56.166654733814504,4.383996193672857,2023
2023-12-28 00:00:00+00:00,61.9331901584654,463,55.82599608049315,6.107194077972252,2023
2023-12-29 00:00:00+00:00,61.57104472271914,887,55.664301438022065,5.906743284697072,2023
2023-12-30 00:00:00+00:00,62.13330766952917,293,56.61251318672369,5.520794482805478,2023
2023-12-31 00:00:00+00:00,63.20515974440895,306,56.6883843992234,6.51677534518555,2023
2024-01-01 00:00:00+00:00,65.60768189806679,549,54.49572966303017,11.111952235036618,2024
2024-01-02 00:00:00+00:00,64.95255105802552,1111,54.30705006540721,10.64550099261831,2024
2024-01-03 00:00:00+00:00,62.670483533108346,960,51.688146262178094,10.982337270930252,2024
2024-01-04 00:00:00+00:00,65.13459915611814,723,50.495901165600465,14.638697990517677,2024
2024-01-05 00:00:00+00:00,67.90907753643113,742,50.59220031440225,17.31687722202888,2024
2024-01-06 00:00:00+00:00,67.88471223021583,75,50.59160498450531,17.293107245710516,2024
2024-01-11 00:00:00+00:00,57.91910179640719,202,48.17896885191064,9.740132944496551,2024
2024-01-12 00:00:00+00:00,53.31012464854733,610,38.30917945527603,15.0009451932713,2024
2024-01-13 00:00:00+00:00,53.65986261040236,163,39.6820655080681,13.977797102334257,2024
2024-01-14 00:00:00+00:00,53.856195804195806,78,38.142832812885636,15.71336299131017,2024
2024-01-15 00:00:00+00:00,53.71959459459459,116,39.87986406633221,13.839730528262379,2024
2024-01-16 00:00:00+00:00,53.15617846750728,243,39.788183925353195,13.367994542154086,2024
2024-01-17 00:00:00+00:00,50.22775969962453,163,39.40989040716188,10.817869292462646,2024
2024-01-18 00:00:00+00:00,45.42026502805236,685,36.945972359805666,8.474292668246697,2024
2024-01-19 00:00:00+00:00,45.35932721537137,669,36.94898533822399,8.410341877147381,2024
2024-01-20 00:00:00+00:00,45.26662442396314,92,37.21813189993184,8.048492524031296,2024
2024-01-21 00:00:00+00:00,45.17328159645233,37,37.05991244827698,8.113369148175344,2024
2024-01-22 00:00:00+00:00,46.28576643730887,313,31.072004858321158,15.213761578987715,2024
2024-01-23 00:00:00+00:00,47.9522460828464,753,31.88430417510989,16.06794190773651,2024
2024-01-24 00:00:00+00:00,47.09876648234793,270,32.540371043789406,14.558395438558527,2024
2024-01-25 00:00:00+00:00,43.24492998678996,453,32.37470972887356,10.870220257916401,2024
2024-01-26 00:00:00+00:00,41.513772429679925,1760,29.39095692495085,12.122815504729076,2024
2024-01-27 00:00:00+00:00,39.817791731066464,304,33.440113008754686,6.377678722311778,2024
2024-01-28 00:00:00+00:00,42.8940332733813,407,35.6217480188868,7.2722852544944985,2024
2024-01-29 00:00:00+00:00,42.84698605030038,506,44.98560080007491,-2.1386147497745327,2024
2024-01-30 00:00:00+00:00,43.85931159420289,429,46.0067811888089,-2.147469594606008,2024
2024-01-31 00:00:00+00:00,43.53237098445596,446,45.45474193558463,-1.92237095112867,2024
2024-02-01 00:00:00+00:00,41.67476445396146,498,45.963493584024704,-4.2887291300632455,2024
2024-02-02 00:00:00+00:00,40.33750867763968,731,45.87556919711171,-5.538060519472026,2024
2024-02-03 00:00:00+00:00,37.97354838709678,64,50.88496650696746,-12.911418119870682,2024
2024-02-08 00:00:00+00:00,41.70991494790559,515,58.16982325121665,-16.45990830331106,2024
2024-02-09 00:00:00+00:00,44.35002742666348,886,57.44541774892529,-13.095390322261807,2024
2024-02-10 00:00:00+00:00,42.87624192059096,78,58.45715558478557,-15.580913664194611,2024
2024-02-15 00:00:00+00:00,53.818020040588536,519,65.33325167732156,-11.51523163673302,2024
2024-02-16 00:00:00+00:00,51.80361937716263,386,66.70019693328032,-14.896577556117691,2024
2024-02-17 00:00:00+00:00,51.17944444444444,10,66.77202404190096,-15.59257959745652,2024
2024-02-18 00:00:00+00:00,55.46271171171171,202,74.78340505811765,-19.32069334640594,2024
2024-02-19 00:00:00+00:00,55.67882129980586,436,80.40097374189335,-24.72215244208749,2024
2024-02-20 00:00:00+00:00,55.55460690596957,784,81.88659968151543,-26.331992775545864,2024
2024-02-21 00:00:00+00:00,53.4261454174018,448,82.55082310314005,-29.12467768573825,2024
2024-02-22 00:00:00+00:00,53.30774706029523,691,82.29890807742383,-28.991161017128604,2024
2024-02-23 00:00:00+00:00,51.0061763423144,1104,83.2372773208241,-32.23110097850971,2024
2024-02-24 00:00:00+00:00,52.68313820422536,1077,83.89109653441253,-31.207958330187168,2024
2024-02-25 00:00:00+00:00,53.8782509838216,327,83.91798567949523,-30.03973469567363,2024
2024-02-26 00:00:00+00:00,54.78023863037265,1484,82.70374311366668,-27.923504483294025,2024
2024-02-27 00:00:00+00:00,57.81752716966816,2052,81.69662990529123,-23.87910273562307,2024
2024-02-28 00:00:00+00:00,60.84480165567504,3208,76.14599760014794,-15.301195944472894,2024
2024-02-29 00:00:00+00:00,67.77487913138486,2166,75.65321631510116,-7.878337183716297,2024
2024-03-01 00:00:00+00:00,63.03040044784476,1149,75.75649004134183,-12.726089593497072,2024
2024-03-02 00:00:00+00:00,63.134106813996326,461,76.2829881468243,-13.148881332827969,2024
2024-03-03 00:00:00+00:00,67.07265746638357,478,79.51339932034537,-12.440741853961796,2024
2024-03-04 00:00:00+00:00,75.40865126443958,1464,74.49515762262631,0.9134936418132753,2024
2024-03-05 00:00:00+00:00,73.03228331551755,2130,71.67366203839494,1.3586212771226087,2024
2024-03-06 00:00:00+00:00,74.2082433311646,994,70.83029002125669,3.377953309907909,2024
2024-03-07 00:00:00+00:00,70.13084772663618,532,70.89699200596613,-0.76614427932995,2024
2024-03-08 00:00:00+00:00,68.72171014766242,1030,70.59262997751112,-1.8709198298487024,2024
2024-03-09 00:00:00+00:00,69.95265746333045,383,71.45611598381379,-1.5034585204833348,2024
2024-03-14 00:00:00+00:00,70.44753919239905,678,73.50207374959106,-3.0545345571920137,2024
2024-03-15 00:00:00+00:00,73.54576366559486,920,73.76635309442428,-0.22058942882941324,2024
2024-03-16 00:00:00+00:00,72.22711832061069,260,71.49609494895171,0.7310233716589778,2024
2024-03-17 00:00:00+00:00,76.23784274193548,80,69.48767635479656,6.750166387138918,2024
2024-03-18 00:00:00+00:00,74.6930221838087,555,70.71412725452213,3.978894929286568,2024
2024-03-19 00:00:00+00:00,72.94626425721661,1586,65.06194860600797,7.884315651208638,2024
2024-03-20 00:00:00+00:00,76.11160249964085,1132,56.23881200177633,19.87279049786452,2024
2024-03-21 00:00:00+00:00,74.71439964423362,856,55.31088586309589,19.403513781137733,2024
2024-03-22 00:00:00+00:00,73.66121807204937,881,54.532367833859475,19.12885023818989,2024
2024-03-23 00:00:00+00:00,71.71341137123744,415,55.409280195170474,16.304131176066967,2024
2024-03-24 00:00:00+00:00,72.30651567944251,177,52.82000506195832,19.486510617484193,2024
2024-03-25 00:00:00+00:00,74.01413207367116,664,51.92749243507171,22.08663963859945,2024
2024-03-26 00:00:00+00:00,76.53003423892817,328,51.95358321318872,24.576451025739445,2024
2024-03-27 00:00:00+00:00,74.47556257449344,504,52.00739258926138,22.46816998523206,2024
2024-03-28 00:00:00+00:00,75.27147946859903,605,51.36950665617338,23.901972812425647,2024
2024-03-29 00:00:00+00:00,72.70951052188552,916,51.27239060638544,21.437119915500077,2024
2024-03-30 00:00:00+00:00,71.19060730828616,519,51.529973323818524,19.660633984467637,2024
2024-03-31 00:00:00+00:00,74.83653645833334,168,53.2804628319589,21.55607362637444,2024
2024-04-01 00:00:00+00:00,74.8707537414966,574,54.2892452858387,20.581508455657897,2024
2024-04-02 00:00:00+00:00,73.19541179683233,1005,50.69960748646878,22.495804310363553,2024
2024-04-03 00:00:00+00:00,71.22164713886158,553,55.60745052643404,15.614196612427541,2024
2024-04-04 00:00:00+00:00,68.9370741695738,523,54.163769337859115,14.77330483171469,2024
2024-04-05 00:00:00+00:00,69.82307844690966,418,54.114371609822754,15.708706837086908,2024
2024-04-06 00:00:00+00:00,68.51872865275142,189,53.89555199516881,14.623176657582611,2024
2024-04-11 00:00:00+00:00,66.76830296437313,839,53.341532126032284,13.42677083834085,2024
2024-04-12 00:00:00+00:00,64.3309995517705,1279,51.90580917207088,12.425190379699622,2024
2024-04-13 00:00:00+00:00,65.0039720129171,355,50.02931667881037,14.974655334106735,2024
2024-04-18 00:00:00+00:00,67.20550143266475,420,52.264244537170704,14.941256895494043,2024
2024-04-19 00:00:00+00:00,69.54344202898551,664,52.407028323053936,17.136413705931574,2024
2024-04-20 00:00:00+00:00,67.12570642201835,244,58.119074321964206,9.006632100054148,2024
2024-04-21 00:00:00+00:00,70.57110953058323,107,58.572089045640205,11.999020484943024,2024
2024-04-22 00:00:00+00:00,68.99223279648609,306,58.08159035739998,10.91064243908611,2024
2024-04-23 00:00:00+00:00,66.37346572181939,381,58.377848271870626,7.99561744994876,2024
2024-04-24 00:00:00+00:00,62.481320657759504,400,57.158292666967355,5.3230279907921485,2024
2024-04-25 00:00:00+00:00,57.87362687331883,732,57.23694535494626,0.6366815183725691,2024
2024-04-26 00:00:00+00:00,53.15496875260395,1113,57.241234606664236,-4.0862658540602865,2024
2024-04-27 00:00:00+00:00,53.13745419847328,584,57.29233196702015,-4.154877768546868,2024
2024-04-28 00:00:00+00:00,54.71868159909271,227,57.58718663957434,-2.8685050404816295,2024
2024-04-29 00:00:00+00:00,53.80087427144046,457,57.688538494827846,-3.8876642233873824,2024
2024-04-30 00:00:00+00:00,56.20206369426752,1087,54.42482070055831,1.7772429937092156,2024
2024-05-01 00:00:00+00:00,58.718315808394,1612,52.451425322336796,6.266890486057207,2024
2024-05-02 00:00:00+00:00,55.0399126940133,1358,52.34497385036432,2.694938843648984,2024
2024-05-03 00:00:00+00:00,52.9974558762765,1613,47.95487293486218,5.042582941414317,2024
2024-05-04 00:00:00+00:00,54.94439084299469,816,47.94518181097069,6.999209032024005,2024
2024-05-05 00:00:00+00:00,55.99826509368494,494,48.59363181343635,7.404633280248589,2024
2024-05-06 00:00:00+00:00,56.156720800406,622,48.23002438606028,7.92669641434572,2024
2024-05-07 00:00:00+00:00,52.43694680081541,469,47.93466073954738,4.50228606126803,2024
2024-05-08 00:00:00+00:00,51.34491193545214,435,48.055033401588474,3.2898785338636642,2024
2024-05-09 00:00:00+00:00,49.73268179173939,831,47.131031979338985,2.601649812400403,2024
2024-05-10 00:00:00+00:00,49.65061488927281,707,44.868248416229,4.782366473043808,2024
2024-05-11 00:00:00+00:00,50.698344988344985,178,44.90400679438315,5.794338193961835,2024
2024-05-16 00:00:00+00:00,53.685150631681246,172,38.303661486806696,15.38148914487455,2024
2024-05-17 00:00:00+00:00,50.84269595877407,423,37.147799106969245,13.694896851804828,2024
2024-05-18 00:00:00+00:00,50.82033932135729,146,37.15016299727507,13.67017632408222,2024
2024-05-19 00:00:00+00:00,56.49308917197452,177,37.653617148215645,18.839472023758873,2024
2024-05-20 00:00:00+00:00,58.88650322726758,754,26.077797016479842,32.80870621078774,2024
2024-05-21 00:00:00+00:00,59.96520533880904,736,25.532996277087346,34.43220906172169,2024
2024-05-22 00:00:00+00:00,56.76631187410587,396,25.36646929109226,31.39984258301361,2024
2024-05-23 00:00:00+00:00,53.61389551103221,695,24.846302279684018,28.767593231348194,2024
2024-05-24 00:00:00+00:00,50.11692800249883,849,25.070063633032397,25.046864369466434,2024
2024-05-25 00:00:00+00:00,50.67877272727273,443,28.953072571706826,21.725700155565903,2024
2024-05-26 00:00:00+00:00,52.04286751988931,583,30.624774375432207,21.418093144457107,2024
2024-05-27 00:00:00+00:00,53.02507326603712,555,30.337279518371307,22.68779374766581,2024
2024-05-28 00:00:00+00:00,53.88854765277216,673,30.648776107991456,23.239771544780705,2024
2024-05-29 00:00:00+00:00,52.17927570891698,586,31.179863945627197,20.999411763289785,2024
2024-05-30 00:00:00+00:00,50.68212375033775,682,31.05739922976676,19.624724520570993,2024
2024-05-31 00:00:00+00:00,48.62180528691167,1457,32.932435761819065,15.689369525092609,2024
2024-06-01 00:00:00+00:00,48.85869104204753,464,32.911436987114584,15.947254054932948,2024
2024-06-02 00:00:00+00:00,48.70304545454545,257,33.096271447051826,15.606774007493627,2024
2024-06-03 00:00:00+00:00,50.539260103626944,756,33.785398439339396,16.753861664287548,2024
2024-06-04 00:00:00+00:00,50.78498230795571,866,36.082540520782494,14.702441787173214,2024
2024-06-05 00:00:00+00:00,54.383135959048026,1158,35.6816728400405,18.701463119007528,2024
2024-06-06 00:00:00+00:00,51.492120596205964,921,37.75118683491553,13.740933761290435,2024
2024-06-07 00:00:00+00:00,48.856834048522856,1105,39.450982871763834,9.405851176759022,2024
2024-06-08 00:00:00+00:00,45.7075719844358,213,40.163278898878104,5.5442930855576975,2024
2024-06-13 00:00:00+00:00,45.68724789915966,160,40.70784250018106,4.979405398978599,2024
2024-06-14 00:00:00+00:00,44.06707655926692,791,41.954919193588935,2.1121573656779873,2024
2024-06-15 00:00:00+00:00,45.300106951871655,62,47.8127460988684,-2.5126391469967473,2024
2024-06-16 00:00:00+00:00,48.218472440944886,100,47.78168680900906,0.43678563193582676,2024
2024-06-17 00:00:00+00:00,48.8564459161148,440,48.02968743639806,0.8267584797167373,2024
2024-06-18 00:00:00+00:00,49.34548802530501,400,47.54492665418567,1.8005613711193362,2024
2024-06-19 00:00:00+00:00,49.906020696143,287,49.784305347323766,0.12171534881923662,2024
2024-06-20 00:00:00+00:00,47.90983819563618,476,49.81863467116966,-1.908796475533478,2024
2024-06-21 00:00:00+00:00,45.49862762520194,900,49.82480649949706,-4.326178874295117,2024
2024-06-22 00:00:00+00:00,45.1499453125,247,49.95809582971282,-4.808150517212816,2024
2024-06-23 00:00:00+00:00,47.07372355430183,93,50.40934476251717,-3.3356212082153434,2024
2024-06-24 00:00:00+00:00,49.106826640899016,1580,47.460997234494684,1.6458294064043315,2024
2024-06-25 00:00:00+00:00,47.90926384669315,683,46.79176983044851,1.1174940162446418,2024
2024-06-26 00:00:00+00:00,46.38943302797722,752,47.433765210084125,-1.0443321821069063,2024
2024-06-27 00:00:00+00:00,45.0448801399825,453,47.33754122234169,-2.2926610823591886,2024
2024-06-28 00:00:00+00:00,43.16975011975092,1196,46.50083372921587,-3.3310836094649474,2024
2024-06-29 00:00:00+00:00,42.046546299606725,405,47.33168729976115,-5.285141000154425,2024
2024-06-30 00:00:00+00:00,42.404907749077495,530,46.53527119626478,-4.130363447187285,2024
2024-07-01 00:00:00+00:00,42.72660050848848,810,47.41631141036898,-4.689710901880495,2024
2024-07-02 00:00:00+00:00,40.17438904899135,684,47.29192254669638,-7.1175334977050255,2024
2024-07-03 00:00:00+00:00,40.9040793370945,1409,51.19915435786997,-10.29507502077547,2024
2024-07-04 00:00:00+00:00,46.85626450953268,1174,47.66381693477023,-0.807552425237553,2024
2024-07-05 00:00:00+00:00,50.542335282310844,1274,50.09218165673882,0.4501536255720211,2024
2024-07-06 00:00:00+00:00,48.311137521222406,199,55.55042402058413,-7.239286499361725,2024
2024-07-11 00:00:00+00:00,47.00051696284329,215,68.09238952928114,-21.091872566437843,2024
2024-07-12 00:00:00+00:00,45.48574254587156,439,69.32734408708284,-23.841601541211276,2024
2024-07-13 00:00:00+00:00,44.74981566820277,130,68.98177283112187,-24.2319571629191,2024
2024-07-18 00:00:00+00:00,54.41995863495346,152,66.55439790722455,-12.134439272271095,2024
2024-07-19 00:00:00+00:00,56.97172967092739,549,64.77190216287958,-7.800172491952196,2024
2024-07-20 00:00:00+00:00,57.43338199513382,46,65.12266167796068,-7.689279682826857,2024
2024-07-21 00:00:00+00:00,64.61717434869739,348,64.77689127490754,-0.15971692621015166,2024
2024-07-22 00:00:00+00:00,64.65934045077105,439,66.29225290905856,-1.6329124582875068,2024
2024-07-23 00:00:00+00:00,66.0977610186092,381,65.93630319332968,0.1614578252795269,2024
2024-07-24 00:00:00+00:00,60.25597308075773,474,69.40812846354558,-9.152155382787853,2024
2024-07-25 00:00:00+00:00,59.335429102311,808,69.36699528274694,-10.031566180435945,2024
2024-07-26 00:00:00+00:00,59.54978614837747,1016,68.372482562851,-8.822696414473533,2024
2024-07-27 00:00:00+00:00,57.31991772707328,547,68.76508308764396,-11.445165360570677,2024
2024-07-28 00:00:00+00:00,52.56597324126025,263,71.13459899986705,-18.5686257586068,2024
2024-07-29 00:00:00+00:00,53.91525391325128,1112,70.8672455683537,-16.951991655102418,2024
2024-07-30 00:00:00+00:00,49.35915845070423,431,70.93028118887005,-21.571122738165826,2024
2024-07-31 00:00:00+00:00,47.43926531585221,427,70.53914096877014,-23.09987565291793,2024
2024-08-01 00:00:00+00:00,45.81899062657272,1502,70.33589627622027,-24.516905649647548,2024
2024-08-02 00:00:00+00:00,46.67413790286344,1536,67.684986564161,-21.01084866129755,2024
2024-08-03 00:00:00+00:00,48.45199506331832,646,68.58730427173315,-20.135309208414824,2024
2024-08-04 00:00:00+00:00,53.01580725840783,651,67.65211132644359,-14.636304068035756,2024
2024-08-05 00:00:00+00:00,63.75433343401858,2649,62.20567138459819,1.5486620494203862,2024
2024-08-06 00:00:00+00:00,59.148723958333335,771,61.908929796556436,-2.7602058382231007,2024
2024-08-07 00:00:00+00:00,56.5571712564544,619,63.188637120753086,-6.631465864298683,2024
2024-08-08 00:00:00+00:00,56.03015706806283,1290,48.00323702269568,8.026920045367149,2024
2024-08-09 00:00:00+00:00,53.66440341210131,696,48.24359792596438,5.420805486136928,2024
2024-08-10 00:00:00+00:00,51.92151866151866,53,50.510877088564854,1.410641572953807,2024
2024-08-15 00:00:00+00:00,52.49683535911602,265,49.07709029178914,3.419745067326879,2024
2024-08-16 00:00:00+00:00,50.90751876876877,214,48.72775796486647,2.1797608039022975,2024
2024-08-17 00:00:00+00:00,49.7761473880597,101,48.90539846618748,0.8707489218722202,2024
2024-08-18 00:00:00+00:00,53.66008111239861,41,50.10922264417197,3.550858468226636,2024
2024-08-19 00:00:00+00:00,53.10973081558858,193,50.40195126829047,2.7077795472981094,2024
2024-08-20 00:00:00+00:00,52.65915275723643,322,50.65371386741686,2.0054388898195654,2024
2024-08-21 00:00:00+00:00,53.827153088630254,512,49.179846828865756,4.647306259764498,2024
2024-08-22 00:00:00+00:00,53.393121374865736,455,48.91742640328779,4.475694971577944,2024
2024-08-23 00:00:00+00:00,51.579056100072464,1547,44.221518334692824,7.357537765379639,2024
2024-08-24 00:00:00+00:00,52.314892086330936,278,44.23420115825738,8.080690928073558,2024
2024-08-25 00:00:00+00:00,52.83264887063655,95,44.53896584658029,8.293683024056257,2024
2024-08-26 00:00:00+00:00,51.02848834594919,389,44.23034001039264,6.798148335556554,2024
2024-08-27 00:00:00+00:00,50.68755458515284,525,40.709954834890695,9.977599750262144,2024
2024-08-28 00:00:00+00:00,50.93539365828302,596,40.60009903499592,10.335294623287098,2024
2024-08-29 00:00:00+00:00,50.10651409182189,723,40.60052915591329,9.5059849359086,2024
2024-08-30 00:00:00+00:00,49.8923209516873,1513,40.5866428697916,9.3056780818957,2024
2024-08-31 00:00:00+00:00,47.69655864197532,147,42.81488216918986,4.881676472785465,2024
2024-09-01 00:00:00+00:00,49.49762524398179,193,44.021861045588636,5.475764198393151,2024
2024-09-02 00:00:00+00:00,51.37816564088841,309,42.74377622209878,8.634389418789631,2024
2024-09-03 00:00:00+00:00,51.21252577616497,2853,41.43217590226728,9.780349873897691,2024
2024-09-04 00:00:00+00:00,53.9613379062551,571,41.95409568741456,12.007242218840545,2024
2024-09-05 00:00:00+00:00,53.69348256191783,3045,40.14511071053983,13.548371851378,2024
2024-09-06 00:00:00+00:00,56.46621363835696,1048,37.048436289399376,19.417777348957586,2024
2024-09-07 00:00:00+00:00,54.289598051157135,84,37.38206908649212,16.907528964665012,2024
2024-09-12 00:00:00+00:00,51.93201015965166,898,38.195365499437706,13.736644660213955,2024
2024-09-13 00:00:00+00:00,50.43212868310282,889,35.707057941270364,14.725070741832454,2024
2024-09-14 00:00:00+00:00,48.0804375,40,39.29821065789071,8.782226842109289,2024
2024-09-15 00:00:00+00:00,51.601884349185084,88,38.95816475450227,12.643719594682814,2024
2024-09-16 00:00:00+00:00,51.659243447716825,233,38.30888047183602,13.350362975880806,2024
2024-09-17 00:00:00+00:00,52.78586306800854,351,36.769646161993066,16.016216906015472,2024
2024-09-18 00:00:00+00:00,51.599280440571285,764,36.29789667322545,15.301383767345833,2024
2024-09-19 00:00:00+00:00,50.41377956642241,2013,35.881164602321384,14.532614964101029,2024
2024-09-20 00:00:00+00:00,49.85725062531266,861,35.948506829098434,13.908743796214225,2024
2024-09-21 00:00:00+00:00,49.23529220779221,258,37.20038571276656,12.034906495025652,2024
2024-09-22 00:00:00+00:00,49.90896150190114,250,37.20064817062392,12.708313331277218,2024
2024-09-23 00:00:00+00:00,49.787170948303206,462,37.440383720205524,12.346787228097682,2024
2024-09-24 00:00:00+00:00,49.0834607630273,311,37.90096685192861,11.182493911098689,2024
2024-09-25 00:00:00+00:00,48.29599070847851,414,38.30369011242415,9.992300596054363,2024
2024-09-26 00:00:00+00:00,48.44537066446449,1196,36.79244565355455,11.65292501090994,2024
2024-09-27 00:00:00+00:00,48.80931783446346,1593,36.95167151715402,11.857646317309438,2024
2024-09-28 00:00:00+00:00,47.97891696750902,319,38.18924713451244,9.78966983299658,2024
2024-09-29 00:00:00+00:00,49.319397129186605,250,40.2376991985019,9.081697930684705,2024
2024-09-30 00:00:00+00:00,49.53978403603017,909,37.8187779738019,11.72100606222827,2024
2024-10-01 00:00:00+00:00,49.85187172538392,1622,36.4163959500528,13.43547577533112,2024
2024-10-02 00:00:00+00:00,50.00073850551894,1084,36.7196799877121,13.28105851780684,2024
2024-10-03 00:00:00+00:00,50.28865201631173,746,36.78646174803081,13.50219026828092,2024
2024-10-04 00:00:00+00:00,50.43763802334768,666,36.48839117308141,13.94924685026627,2024
2024-10-05 00:00:00+00:00,52.53278247501922,148,36.96099307865764,15.57178939636158,2024
2024-10-06 00:00:00+00:00,55.05398884239888,67,37.48989851888035,17.564090323518528,2024
2024-10-07 00:00:00+00:00,55.71135068153655,166,47.088607299930175,8.622743381606377,2024
2024-10-08 00:00:00+00:00,53.26772906518209,246,47.01008448291244,6.2576445822696485,2024
2024-10-09 00:00:00+00:00,53.75608595800525,170,45.57403136806207,8.182054589943178,2024
2024-10-10 00:00:00+00:00,50.06397919442451,587,45.382770277826715,4.681208916597797,2024
2024-10-11 00:00:00+00:00,49.66846561594458,599,46.37718999077365,3.2912756251709254,2024
2024-10-12 00:00:00+00:00,52.95171941830625,87,56.03183840098384,-3.0801189826775897,2024
2024-10-13 00:00:00+00:00,54.93562437562437,73,56.18113985603986,-1.2455154804154915,2024
2024-10-14 00:00:00+00:00,56.906587294838,326,54.80675612065929,2.0998311741787106,2024
2024-10-15 00:00:00+00:00,57.15666584597203,435,57.089037151162444,0.067628694809585,2024
2024-10-16 00:00:00+00:00,57.82658420181163,354,58.25686564139778,-0.43028143958615317,2024
2024-10-17 00:00:00+00:00,55.90046168582376,295,58.33038231089641,-2.429920625072654,2024
2024-10-18 00:00:00+00:00,54.64862930379059,578,58.64238203731863,-3.9937527335280407,2024
2024-10-19 00:00:00+00:00,53.04622278056952,103,58.54313230203822,-5.4969095214686945,2024
2024-10-20 00:00:00+00:00,55.26329489935509,290,58.66865482456317,-3.4053599252080815,2024
2024-10-21 00:00:00+00:00,53.90102445193929,340,57.470300368805546,-3.5692759168662533,2024
2024-10-22 00:00:00+00:00,54.1223197262283,254,58.34268087166434,-4.220361145436044,2024
2024-10-23 00:00:00+00:00,54.197064632834646,449,57.76069117462589,-3.563626541791244,2024
2024-10-24 00:00:00+00:00,55.047455388648046,487,58.33091859580579,-3.2834632071577445,2024
2024-10-25 00:00:00+00:00,55.06239956912939,906,57.058886100672204,-1.9964865315428142,2024
2024-10-26 00:00:00+00:00,55.05424418604651,139,61.46201769265428,-6.407773506607768,2024
2024-10-27 00:00:00+00:00,54.788345323741005,85,61.95199609735309,-7.163650773612083,2024
2024-10-28 00:00:00+00:00,55.95525626140322,361,62.68546840652153,-6.730212145118308,2024
2024-10-29 00:00:00+00:00,57.74828958667811,929,61.99501571256376,-4.246726125885651,2024
2024-10-30 00:00:00+00:00,57.63761904761905,349,61.86732602981181,-4.229706982192759,2024
2024-10-31 00:00:00+00:00,58.636065523198425,630,60.682274066464494,-2.0462085432660686,2024
2024-11-01 00:00:00+00:00,58.977997915701714,1290,60.2058426197977,-1.2278447040959861,2024
2024-11-02 00:00:00+00:00,59.68198340248963,140,60.70135308475304,-1.0193696822634095,2024
2024-11-03 00:00:00+00:00,62.20541503694047,277,60.42642844511501,1.7789865918254648,2024
2024-11-04 00:00:00+00:00,63.36075705477828,463,60.043768692901665,3.316988361876618,2024
2024-11-05 00:00:00+00:00,63.87177636199458,862,60.806060927191616,3.0657154348029607,2024
2024-11-06 00:00:00+00:00,56.023964976598336,1785,54.85432860099291,1.1696363756054282,2024
2024-11-07 00:00:00+00:00,53.28984634413206,1079,54.90696859500518,-1.6171222508731233,2024
2024-11-08 00:00:00+00:00,48.94725751148816,1236,54.9193409405884,-5.972083429100238,2024
2024-11-09 00:00:00+00:00,47.28208355091384,136,57.3417176825035,-10.059634131589661,2024
2024-11-14 00:00:00+00:00,58.1839490022173,360,44.391023390076086,13.792925612141211,2024
2024-11-15 00:00:00+00:00,57.76630324431693,414,43.24840943040813,14.517893813908799,2024
2024-11-16 00:00:00+00:00,53.990686274509805,37,43.26914686111699,10.721539413392819,2024
2024-11-17 00:00:00+00:00,55.261520912547525,184,43.02283284896889,12.238688063578635,2024
2024-11-18 00:00:00+00:00,56.55177422211726,700,48.41655569097999,8.13521853113727,2024
2024-11-19 00:00:00+00:00,57.20695823828742,845,49.18489415011637,8.02206408817105,2024
2024-11-20 00:00:00+00:00,60.02575821398484,1131,48.68555804731985,11.340200166664985,2024
2024-11-21 00:00:00+00:00,60.698655101415,1931,46.38882885141954,14.30982624999546,2024
2024-11-22 00:00:00+00:00,60.17299603494406,1342,46.935904194929876,13.237091840014187,2024
2024-11-23 00:00:00+00:00,58.95800049431537,365,46.77333186700234,12.18466862731303,2024
2024-11-24 00:00:00+00:00,61.1608742375835,336,48.9076767606531,12.253197476930396,2024
2024-11-25 00:00:00+00:00,59.91979243820515,816,45.05590872072027,14.863883717484882,2024
2024-11-26 00:00:00+00:00,56.81805136506366,3325,46.87379884636657,9.944252518697091,2024
2024-11-27 00:00:00+00:00,56.82921762888441,878,44.75686140063601,12.072356228248395,2024
2024-11-28 00:00:00+00:00,55.2291395182184,1708,44.91574869353158,10.31339082468682,2024
2024-11-29 00:00:00+00:00,54.705359571327286,2002,44.72516508885327,9.980194482474019,2024
2024-11-30 00:00:00+00:00,53.306617592933385,477,44.706714081400726,8.59990351153266,2024
2024-12-01 00:00:00+00:00,54.260058258083305,276,44.70248453221937,9.557573725863932,2024
2024-12-02 00:00:00+00:00,54.42818083961249,784,44.64624455370794,9.78193628590455,2024
2024-12-03 00:00:00+00:00,53.39820655781229,531,45.57182104064314,7.82638551716915,2024
2024-12-04 00:00:00+00:00,53.20091143935881,807,44.64498117030421,8.555930269054599,2024
2024-12-05 00:00:00+00:00,57.80294549874313,3012,44.214717141287984,13.588228357455144,2024
2024-12-06 00:00:00+00:00,56.29146823278164,898,43.02313410658465,13.26833412619699,2024
2024-12-07 00:00:00+00:00,54.31894644037911,159,45.2068798176909,9.11206662268821,2024
2024-12-12 00:00:00+00:00,57.415028585632605,411,45.92027265133137,11.494755934301232,2024
2024-12-13 00:00:00+00:00,54.18924659702439,826,45.56130550393437,8.627941093090023,2024
2024-12-14 00:00:00+00:00,53.67576419213973,304,45.56772581272215,8.108038379417579,2024
2024-12-19 00:00:00+00:00,54.95774858757063,549,43.44358282313376,11.514165764436868,2024
2024-12-20 00:00:00+00:00,57.19594215155617,893,44.97694882401186,12.218993327544304,2024
2024-12-21 00:00:00+00:00,55.68424528301887,75,44.987613316713656,10.696631966305212,2024
2024-12-22 00:00:00+00:00,56.59532958199357,52,45.923434659823954,10.671894922169614,2024
2024-12-23 00:00:00+00:00,58.8730334618993,518,46.872279541600285,12.000753920299012,2024
2024-12-24 00:00:00+00:00,58.70492373629145,404,44.934494358664935,13.770429377626513,2024
2024-12-25 00:00:00+00:00,58.03535539215686,168,44.96286908427327,13.072486307883587,2024
2024-12-26 00:00:00+00:00,58.30959478757586,402,42.74422538504428,15.56536940253158,2024
2024-12-27 00:00:00+00:00,58.14614594461336,1554,43.00986187872509,15.136284065888269,2024
2024-12-28 00:00:00+00:00,57.5221623419827,285,43.000943353484594,14.521218988498106,2024
2024-12-29 00:00:00+00:00,57.6855039193729,239,42.60082632512824,15.08467759424466,2024
2024-12-30 00:00:00+00:00,57.93404239326518,611,42.956575294502215,14.977467098762965,2024
2024-12-31 00:00:00+00:00,58.01892392589673,250,42.9803679358087,15.038555990088028,2024
2025-01-01 00:00:00+00:00,57.86469794050343,190,43.85827657911129,14.006421361392142,2025
2025-01-02 00:00:00+00:00,58.63307521201168,557,43.57594125750997,15.057133954501715,2025
2025-01-03 00:00:00+00:00,56.017734972268016,760,44.702599878762165,11.315135093505852,2025
2025-01-04 00:00:00+00:00,56.012148876404495,287,46.625363265371305,9.38678561103319,2025
2025-01-05 00:00:00+00:00,56.83771505376343,144,48.41967014176065,8.418044912002784,2025
2025-01-06 00:00:00+00:00,55.99527525221074,818,46.440123698957926,9.555151553252813,2025
2025-01-07 00:00:00+00:00,55.63674728774758,745,42.513262841035896,13.123484446711686,2025
2025-01-08 00:00:00+00:00,56.508621402214025,796,41.91397698806897,14.594644414145058,2025
2025-01-09 00:00:00+00:00,56.44931941409727,676,40.77425932774315,15.675060086354115,2025
2025-01-10 00:00:00+00:00,55.85792334978408,674,40.00802717047584,15.849896179308239,2025
2025-01-11 00:00:00+00:00,53.94396341463416,69,40.13637529878324,13.807588115850919,2025
2025-01-16 00:00:00+00:00,59.119094381664816,282,38.418817046660216,20.7002773350046,2025
2025-01-17 00:00:00+00:00,60.337835933568186,401,35.696604595322796,24.64123133824539,2025
2025-01-18 00:00:00+00:00,61.46368794326242,118,35.63893048971609,25.824757453546333,2025
2025-01-19 00:00:00+00:00,64.3882889817462,281,34.15006689206374,30.23822208968246,2025
2025-01-20 00:00:00+00:00,62.83466134707213,1056,34.24843020114633,28.5862311459258,2025
2025-01-21 00:00:00+00:00,59.937405082514935,496,31.82091596485564,28.116489117659295,2025
2025-01-22 00:00:00+00:00,58.81853874538746,313,31.712755111563855,27.105783633823602,2025
2025-01-23 00:00:00+00:00,58.78387280461032,689,31.758428527913274,27.025444276697044,2025
2025-01-24 00:00:00+00:00,56.75782255907267,1184,31.506509993348864,25.251312565723808,2025
2025-01-25 00:00:00+00:00,54.89936398467433,228,35.62880479201802,19.270559192656307,2025
2025-01-26 00:00:00+00:00,54.863896484375,108,36.53803413462366,18.32586234975134,2025
2025-01-27 00:00:00+00:00,57.205322914579575,658,40.126796005550425,17.07852690902915,2025
2025-01-28 00:00:00+00:00,56.285002426791785,268,40.393421739941914,15.89158068684987,2025
2025-01-29 00:00:00+00:00,54.15416241496598,237,38.96912341696597,15.18503899800001,2025
2025-01-30 00:00:00+00:00,53.239854002713706,560,39.668178125918736,13.57167587679497,2025
2025-01-31 00:00:00+00:00,51.4381768805083,1059,51.91848550755027,-0.4803086270419712,2025
2025-02-01 00:00:00+00:00,50.39269248343614,491,60.02820551195247,-9.635513028516328,2025
2025-02-02 00:00:00+00:00,53.9333009487666,737,59.631523208871194,-5.698222260104593,2025
2025-02-03 00:00:00+00:00,56.12482799440399,1527,59.59476949513876,-3.4699415007347767,2025
2025-02-04 00:00:00+00:00,53.74221602598809,538,58.44331003693581,-4.70109401094772,2025
2025-02-05 00:00:00+00:00,51.86290579949378,329,59.517871147386,-7.654965347892222,2025
2025-02-06 00:00:00+00:00,51.44032533456392,230,59.513224408333286,-8.072899073769364,2025
2025-02-07 00:00:00+00:00,49.75593956798602,612,63.27905940477443,-13.52311983678841,2025
2025-02-08 00:00:00+00:00,49.165390995260665,106,63.65291623477041,-14.487525239509743,2025
2025-02-13 00:00:00+00:00,48.62019713261648,124,68.41526849430541,-19.795071361688926,2025
2025-02-14 00:00:00+00:00,47.24670331473581,589,68.46639124882596,-21.219687934090146,2025
2025-02-15 00:00:00+00:00,46.015886524822704,72,68.90207792831995,-22.88619140349725,2025
2025-02-16 00:00:00+00:00,51.166049004594186,48,68.91906768754278,-17.753018682948593,2025
2025-02-17 00:00:00+00:00,51.19033055475711,317,71.46924963560846,-20.278919080851352,2025
2025-02-18 00:00:00+00:00,51.413273536364905,320,72.12958182227133,-20.71630828590643,2025
2025-02-19 00:00:00+00:00,49.06683535940803,346,71.92030308398112,-22.853467724573093,2025
2025-02-20 00:00:00+00:00,48.61412740267851,801,71.48568855073052,-22.871561148052002,2025
2025-02-21 00:00:00+00:00,46.17760578058779,1937,72.03205419913705,-25.85444841854926,2025
2025-02-22 00:00:00+00:00,46.64494152046783,502,72.32494370249898,-25.680002182031153,2025
2025-02-23 00:00:00+00:00,46.78795790671218,171,72.33263796943447,-25.544680062722293,2025
2025-02-24 00:00:00+00:00,45.167049791125656,795,70.30115533706328,-25.134105545937622,2025
2025-02-25 00:00:00+00:00,47.84250197463179,2378,69.43780693085355,-21.595304956221767,2025
2025-02-26 00:00:00+00:00,47.10632032569622,1568,67.92998971080728,-20.82366938511106,2025
2025-02-27 00:00:00+00:00,48.73527165255303,1435,68.27332978940814,-19.538058136855106,2025
2025-02-28 00:00:00+00:00,53.12407756893184,3508,68.27089477909001,-15.146817210158176,2025
2025-03-01 00:00:00+00:00,49.60085708707536,599,67.87659077012454,-18.275733683049175,2025
2025-03-02 00:00:00+00:00,54.319727138884346,2010,60.36078968614558,-6.041062547261234,2025
2025-03-03 00:00:00+00:00,55.6045268934013,1733,52.803199417622736,2.801327475778564,2025
2025-03-04 00:00:00+00:00,60.04543108050395,1659,52.673624159899965,7.371806920603987,2025
2025-03-05 00:00:00+00:00,58.1419637098715,853,50.91819407942031,7.223769630451187,2025
2025-03-06 00:00:00+00:00,57.43588322796578,933,50.89626430017007,6.539618927795715,2025
2025-03-07 00:00:00+00:00,54.05929448012951,1301,54.02114681016926,0.03814766996024588,2025
2025-03-08 00:00:00+00:00,51.19365331870543,273,54.20743762408724,-3.0137843053818116,2025
2025-03-13 00:00:00+00:00,55.32999274573813,194,57.48168103535455,-2.1516882896164162,2025
2025-03-14 00:00:00+00:00,53.08480049875311,460,56.59428342159757,-3.5094829228444553,2025
2025-03-15 00:00:00+00:00,50.84928095872171,104,56.70233527550044,-5.8530543167787314,2025
2025-03-16 00:00:00+00:00,53.15791493775933,85,56.33258689884292,-3.1746719610835896,2025
2025-03-17 00:00:00+00:00,53.42652686084142,350,56.02117330532012,-2.5946464444786983,2025
2025-03-18 00:00:00+00:00,51.66217091516924,357,55.84414789804833,-4.181976982879085,2025
2025-03-19 00:00:00+00:00,50.92716838995569,526,53.08016773200933,-2.15299934205364,2025
2025-03-20 00:00:00+00:00,49.3579388259227,581,52.000056084204836,-2.642117258282134,2025
2025-03-21 00:00:00+00:00,47.59471404912082,719,51.99447579581159,-4.399761746690771,2025
2025-03-22 00:00:00+00:00,46.33037621359223,279,52.81477522717609,-6.484399013583861,2025
2025-03-23 00:00:00+00:00,46.91328125,88,56.80379642909729,-9.890515179097292,2025
2025-03-24 00:00:00+00:00,46.49088992537314,576,56.58506889470861,-10.094178969335474,2025
2025-03-25 00:00:00+00:00,45.909291914428266,343,56.57822802936242,-10.668936114934155,2025
2025-03-26 00:00:00+00:00,45.40157546378298,387,56.51095181685224,-11.109376353069258,2025
2025-03-27 00:00:00+00:00,44.23709975485575,444,56.525976994292684,-12.288877239436935,2025
2025-03-28 00:00:00+00:00,47.21999909559555,1118,55.22230924183387,-8.002310146238322,2025
2025-03-29 00:00:00+00:00,48.85057224606581,470,54.59727664561157,-5.746704399545763,2025
2025-03-30 00:00:00+00:00,51.48163531114327,161,54.710520783876916,-3.2288854727336442,2025
2025-03-31 00:00:00+00:00,51.65285484159656,559,54.73454951197938,-3.0816946703828236,2025
2025-04-01 00:00:00+00:00,47.6341312044429,650,54.34440831121202,-6.710277106769119,2025
2025-04-02 00:00:00+00:00,47.18520988261324,1222,52.776991079898586,-5.591781197285343,2025
2025-04-03 00:00:00+00:00,50.221467609932034,965,53.063832771046236,-2.842365161114202,2025
2025-04-04 00:00:00+00:00,52.18641387226367,1117,53.57014870031773,-1.3837348280540596,2025
2025-04-05 00:00:00+00:00,52.1970895522388,135,53.49283850226689,-1.2957489500280914,2025
2025-04-10 00:00:00+00:00,52.03826086956522,294,39.0511641318745,12.98709673769072,2025
2025-04-11 00:00:00+00:00,52.02838621068535,799,36.99217484985194,15.036211360833406,2025
2025-04-12 00:00:00+00:00,53.679607072691546,103,37.226507472017744,16.453099600673802,2025
2025-04-17 00:00:00+00:00,45.617505622020325,280,36.19201052883986,9.425495093180466,2025
2025-04-18 00:00:00+00:00,44.076614824619455,612,36.926603076792794,7.15001174782666,2025
2025-04-19 00:00:00+00:00,43.18190165715838,113,37.339231099188574,5.842670557969804,2025
2025-04-20 00:00:00+00:00,48.01863636363637,111,37.30443536624462,10.71420099739175,2025
2025-04-21 00:00:00+00:00,49.37841654439466,764,37.21276764399826,12.165648900396398,2025
2025-04-22 00:00:00+00:00,49.26126482723053,1254,31.021373880127772,18.239890947102754,2025
2025-04-23 00:00:00+00:00,50.18297927017304,1607,34.92899754545053,15.253981724722514,2025
2025-04-24 00:00:00+00:00,46.26219704010867,2081,34.92546149128303,11.336735548825636,2025
2025-04-25 00:00:00+00:00,45.99895836155284,2740,34.98902323226139,11.00993512929145,2025
2025-04-26 00:00:00+00:00,45.38361818614615,609,34.931793345917626,10.451824840228525,2025
2025-04-27 00:00:00+00:00,46.74302830964408,862,34.72221623533079,12.020812074313291,2025
2025-04-28 00:00:00+00:00,45.58519790132547,2238,35.02242831186966,10.562769589455812,2025
2025-04-29 00:00:00+00:00,44.95497348667447,412,35.86496865806745,9.090004828607022,2025
2025-04-30 00:00:00+00:00,44.39369438264738,518,36.42877805751838,7.964916325129003,2025
2025-05-01 00:00:00+00:00,44.30870460226438,1263,35.6538533210552,8.654851281209176,2025
2025-05-02 00:00:00+00:00,44.81308401944251,1425,35.740717435601375,9.072366583841138,2025
2025-05-03 00:00:00+00:00,42.215519216996896,676,35.40853930582762,6.806979911169279,2025
2025-05-04 00:00:00+00:00,43.42260853432282,396,34.77623417619681,8.64637435812601,2025
2025-05-05 00:00:00+00:00,43.86100205468626,936,34.96427038531062,8.89673166937564,2025
2025-05-06 00:00:00+00:00,42.91699582489879,666,36.26458182251252,6.652414002386273,2025
2025-05-07 00:00:00+00:00,43.02670085126349,838,37.37832655386884,5.648374297394653,2025
2025-05-08 00:00:00+00:00,43.28985953982793,2358,30.792812526766117,12.497047013061813,2025
2025-05-09 00:00:00+00:00,43.86999954885861,1353,30.767354445849136,13.102645103009472,2025
2025-05-10 00:00:00+00:00,43.63786177105831,182,33.532769642716694,10.105092128341617,2025
2025-05-15 00:00:00+00:00,40.97401094890511,246,34.801220148168696,6.172790800736415,2025
2025-05-16 00:00:00+00:00,39.40517995026829,479,34.78422182584106,4.620958124427233,2025
2025-05-17 00:00:00+00:00,39.13382151029749,77,34.94927436696407,4.184547143333418,2025
2025-05-18 00:00:00+00:00,43.73715338941118,700,34.00766024051439,9.729493148896793,2025
2025-05-19 00:00:00+00:00,43.20313568698451,829,33.9202369800511,9.282898706933409,2025
2025-05-20 00:00:00+00:00,44.64528702666368,1540,33.651584403241955,10.993702623421726,2025
2025-05-21 00:00:00+00:00,46.46610345143836,2195,32.51090165467748,13.955201796760875,2025
2025-05-22 00:00:00+00:00,46.92790660182175,1122,31.801935656642083,15.12597094517967,2025
2025-05-23 00:00:00+00:00,45.9815627863145,1420,29.03332869914689,16.94823408716761,2025
2025-05-24 00:00:00+00:00,47.42197730654762,491,32.94201258978299,14.479964716764627,2025
2025-05-25 00:00:00+00:00,48.17548806179775,692,32.764984257318645,15.410503804479106,2025
2025-05-26 00:00:00+00:00,47.239800125657744,514,33.025173567113534,14.21462655854421,2025
2025-05-27 00:00:00+00:00,46.1023125724058,650,33.01619056759894,13.08612200480686,2025
2025-05-28 00:00:00+00:00,44.5395407627171,840,32.812447400735145,11.727093361981957,2025
2025-05-29 00:00:00+00:00,42.73691717421051,1523,31.95836325120492,10.778553923005592,2025
2025-05-30 00:00:00+00:00,43.64282932777945,2931,31.608450695836915,12.034378631942538,2025
2025-05-31 00:00:00+00:00,43.78169649423879,1067,31.86803490152002,11.913661592718768,2025
2025-06-01 00:00:00+00:00,45.01802067126029,743,32.07683510611386,12.941185565146426,2025
2025-06-02 00:00:00+00:00,42.5277624297542,757,33.69340929588468,8.83435313386952,2025
2025-06-03 00:00:00+00:00,41.46394405219412,660,33.70388650543891,7.760057546755213,2025
2025-06-04 00:00:00+00:00,40.37334642678878,912,34.053669028207054,6.3196773985817245,2025
2025-06-05 00:00:00+00:00,40.0224240639065,2227,32.0527434358836,7.9696806280229,2025
2025-06-06 00:00:00+00:00,38.93670639243075,2002,30.832324972007935,8.104381420422815,2025
2025-06-07 00:00:00+00:00,37.85494089834516,71,30.805881354711843,7.049059543633319,2025
2025-06-12 00:00:00+00:00,38.31818542389688,242,29.3482855413904,8.969899882506478,2025
2025-06-13 00:00:00+00:00,39.57282501124607,521,29.59137960797461,9.981445403271458,2025
2025-06-14 00:00:00+00:00,38.62245762711864,35,29.376823243194277,9.245634383924365,2025
2025-06-15 00:00:00+00:00,41.97481132075471,248,30.346097498824765,11.628713821929946,2025
2025-06-16 00:00:00+00:00,40.55238458112722,922,30.26308662186722,10.28929795926,2025
2025-06-17 00:00:00+00:00,41.10569321786848,1330,28.94859382818671,12.157099389681768,2025
2025-06-18 00:00:00+00:00,40.08034439730472,804,29.415821743720027,10.664522653584694,2025
2025-06-19 00:00:00+00:00,38.58447038213966,612,29.377706611016695,9.206763771122969,2025
2025-06-20 00:00:00+00:00,39.39357904071441,1985,28.915392611231333,10.478186429483074,2025
2025-06-21 00:00:00+00:00,39.78269041481135,796,28.396508097271468,11.38618231753988,2025
2025-06-22 00:00:00+00:00,42.21241133910568,1543,28.410045863397222,13.802365475708456,2025
2025-06-23 00:00:00+00:00,40.521892450586165,1147,25.569215695838327,14.952676754747838,2025
2025-06-24 00:00:00+00:00,39.405477432366645,971,25.683304006496776,13.722173425869869,2025
2025-06-25 00:00:00+00:00,37.89439676290464,828,25.729639465718424,12.164757297186217,2025
2025-06-26 00:00:00+00:00,36.6278095796022,727,25.612977639104006,11.014831940498194,2025
2025-06-27 00:00:00+00:00,36.13068847223043,1910,25.797378364520206,10.333310107710226,2025
2025-06-28 00:00:00+00:00,36.03064859117491,196,26.354507761233766,9.676140829941144,2025
2025-06-29 00:00:00+00:00,37.89717990606494,408,26.281178893410306,11.616001012654635,2025
2025-06-30 00:00:00+00:00,37.2290688804866,718,25.816241450629065,11.412827429857536,2025
2025-07-01 00:00:00+00:00,35.90164642507346,1394,26.198301773368264,9.703344651705194,2025
2025-07-02 00:00:00+00:00,36.19426107039333,1753,25.74733894455159,10.446922125841741,2025
2025-07-03 00:00:00+00:00,37.36440574213218,790,25.808579243776336,11.555826498355842,2025
2025-07-04 00:00:00+00:00,35.65109202994276,786,25.631138846963463,10.019953182979297,2025
2025-07-05 00:00:00+00:00,35.81288461538462,59,25.70072846988598,10.112156145498638,2025
2025-07-10 00:00:00+00:00,37.34293255701116,493,21.37171880664492,15.971213750366239,2025
2025-07-11 00:00:00+00:00,36.76738720499769,693,22.47045641626523,14.29693078873246,2025
2025-07-12 00:00:00+00:00,35.75207171314741,53,22.549181515629215,13.202890197518194,2025
2025-07-17 00:00:00+00:00,37.61317817770659,315,27.547530089659045,10.065648088047542,2025
2025-07-18 00:00:00+00:00,37.7906709599517,667,27.3056432952761,10.485027664675599,2025
2025-07-19 00:00:00+00:00,37.23294117647059,19,27.532339005577093,9.700602170893497,2025
2025-07-20 00:00:00+00:00,38.61910433979687,238,29.324824908256037,9.294279431540833,2025
2025-07-21 00:00:00+00:00,38.4538037787389,733,29.71271431399144,8.74108946474746,2025
2025-07-22 00:00:00+00:00,38.13678671625236,899,28.994171059458544,9.142615656793815,2025
2025-07-23 00:00:00+00:00,38.439771779555954,861,32.10709471557817,6.332677063977783,2025
2025-07-24 00:00:00+00:00,37.4845221796276,1129,32.385693085072106,5.098829094555491,2025
2025-07-25 00:00:00+00:00,39.54213665390312,4394,32.80179571938778,6.740340934515338,2025
2025-07-26 00:00:00+00:00,37.66435203740815,271,34.25886971298483,3.4054823244233177,2025
2025-07-27 00:00:00+00:00,39.80398827667057,309,34.41007013188661,5.39391814478396,2025
2025-07-28 00:00:00+00:00,38.525742881427966,972,34.2481533177118,4.27758956371617,2025
2025-07-29 00:00:00+00:00,34.67217551727074,1240,34.57633744065076,0.09583807661997668,2025
2025-07-30 00:00:00+00:00,35.01928219886553,1267,36.83738586809708,-1.8181036692315473,2025
2025-07-31 00:00:00+00:00,34.81876942277691,1181,36.50109196595835,-1.6823225431814421,2025
2025-08-01 00:00:00+00:00,35.23231652492069,2019,35.83866816747864,-0.6063516425579465,2025
2025-08-02 00:00:00+00:00,35.30094272228601,404,35.97700929067548,-0.6760665683894729,2025
2025-08-03 00:00:00+00:00,35.89203064326781,222,36.16033811677381,-0.26830747350599893,2025
2025-08-04 00:00:00+00:00,35.14848348247325,579,36.09661741860249,-0.9481339361292385,2025
2025-08-05 00:00:00+00:00,33.821269032019934,2247,36.12786059284726,-2.3065915608273286,2025
2025-08-06 00:00:00+00:00,32.57410663667042,958,35.98211876128927,-3.4080121246188497,2025
2025-08-07 00:00:00+00:00,31.702349383421254,834,35.05446202691662,-3.3521126434953636,2025
2025-08-08 00:00:00+00:00,31.61600980939964,638,35.190700448129704,-3.5746906387300648,2025
2025-08-09 00:00:00+00:00,31.338994382022477,122,35.363896733555734,-4.024902351533257,2025
2025-08-14 00:00:00+00:00,35.45309207613988,376,30.75490482774547,4.698187248394412,2025
2025-08-15 00:00:00+00:00,33.36230422172091,357,30.687547775696338,2.674756446024574,2025
2025-08-16 00:00:00+00:00,33.85862385321101,30,30.688251375479503,3.1703724777315045,2025
2025-08-17 00:00:00+00:00,35.47711656441718,116,31.00802827817028,4.469088286246901,2025
2025-08-18 00:00:00+00:00,37.10526741849039,1357,30.816878552613037,6.288388865877355,2025
2025-08-19 00:00:00+00:00,34.79866842309852,2052,28.93635327133433,5.862315151764189,2025
2025-08-20 00:00:00+00:00,33.5467748163983,1000,29.00812086234918,4.538653954049117,2025
2025-08-21 00:00:00+00:00,35.07825920896283,816,28.400810569441088,6.677448639521739,2025
2025-08-22 00:00:00+00:00,34.0293425434076,2275,24.98682132133972,9.042521222067883,2025
2025-08-23 00:00:00+00:00,33.35504881681285,578,25.806013436200853,7.549035380611993,2025
2025-08-24 00:00:00+00:00,34.64827917016429,698,25.25902075916786,9.389258410996426,2025
2025-08-25 00:00:00+00:00,35.84301712969627,1475,23.229252510806,12.613764618890272,2025
2025-08-26 00:00:00+00:00,37.722113101330606,1761,26.456393823699404,11.265719277631202,2025
2025-08-27 00:00:00+00:00,36.74109450375643,812,26.523075854838684,10.218018648917745,2025
2025-08-28 00:00:00+00:00,36.44521674510775,733,26.159422856656278,10.285793888451472,2025
2025-08-29 00:00:00+00:00,37.74484593610999,2643,23.766328470393915,13.978517465716074,2025
2025-08-30 00:00:00+00:00,36.860046242774565,548,24.59836381711664,12.261682425657927,2025
2025-08-31 00:00:00+00:00,36.37669969721993,223,24.538178704125137,11.83852099309479,2025
2025-09-01 00:00:00+00:00,37.13213901947616,576,27.717986206373656,9.414152813102508,2025
2025-09-02 00:00:00+00:00,37.71050932758164,1559,27.63744101454117,10.07306831304047,2025
2025-09-03 00:00:00+00:00,36.52541473259334,904,27.90292060050878,8.622494132084562,2025
2025-09-04 00:00:00+00:00,37.43157214701417,1494,27.556565841130627,9.875006305883545,2025
2025-09-05 00:00:00+00:00,36.6903262563077,1684,27.584536333850362,9.105789922457337,2025
2025-09-06 00:00:00+00:00,34.84215973003374,72,27.526154482529762,7.3160052475039805,2025
2025-09-11 00:00:00+00:00,33.89438738738739,147,40.025792231994785,-6.131404844607395,2025
2025-09-12 00:00:00+00:00,31.707718842351984,837,42.28613788339634,-10.57841904104436,2025
2025-09-13 00:00:00+00:00,32.135701992753624,54,42.28890561662694,-10.153203623873317,2025
2025-09-18 00:00:00+00:00,31.9603558259587,217,43.9816320236887,-12.021276197729996,2025
2025-09-19 00:00:00+00:00,30.46612372004645,378,44.223606158630396,-13.757482438583946,2025
2025-09-20 00:00:00+00:00,29.80259012016021,52,44.725890623537595,-14.923300503377384,2025
2025-09-21 00:00:00+00:00,33.60983576642335,281,45.18920386844696,-11.579368102023608,2025
2025-09-22 00:00:00+00:00,34.08213621357374,2517,44.62203881225953,-10.539902598685792,2025
2025-09-23 00:00:00+00:00,34.46675043265925,1438,45.386154620983184,-10.91940418832393,2025
2025-09-24 00:00:00+00:00,33.38937770132244,1424,45.28820499918575,-11.898827297863313,2025
2025-09-25 00:00:00+00:00,35.520700875556194,2411,43.2039722295797,-7.683271354023503,2025
2025-09-26 00:00:00+00:00,34.787382473410084,2170,44.01523063303827,-9.227848159628188,2025
2025-09-27 00:00:00+00:00,35.667307692307695,238,44.04611980580336,-8.378812113495663,2025
2025-09-28 00:00:00+00:00,34.66667697063369,356,43.545894626906744,-8.879217656273056,2025
2025-09-29 00:00:00+00:00,35.26171412813144,1257,43.88532277773337,-8.623608649601934,2025
2025-09-30 00:00:00+00:00,34.731713798876,1772,44.18018576815263,-9.448471969276632,2025
2025-10-01 00:00:00+00:00,34.88120261977206,1520,41.95356302711988,-7.072360407347816,2025
2025-10-02 00:00:00+00:00,35.18949348266872,3179,41.45687489947373,-6.267381416805009,2025
2025-10-03 00:00:00+00:00,36.12251897690203,5104,41.10240545441351,-4.979886477511478,2025
2025-10-04 00:00:00+00:00,35.82230364040735,890,42.67831697198171,-6.85601333157436,2025
2025-10-05 00:00:00+00:00,36.66382184106255,3150,45.06451852864543,-8.40069668758288,2025
2025-10-06 00:00:00+00:00,36.64453729489104,2625,45.93965396667245,-9.295116671781415,2025
2025-10-07 00:00:00+00:00,37.42266315404317,1827,45.84682545868596,-8.424162304642792,2025
2025-10-08 00:00:00+00:00,37.675883875826685,1323,46.08983494436952,-8.413951068542836,2025
2025-10-09 00:00:00+00:00,37.80138250393416,1237,46.032071538478434,-8.230689034544277,2025
2025-10-10 00:00:00+00:00,40.47828148864853,4317,39.92886341631553,0.5494180723329976,2025
2025-10-11 00:00:00+00:00,43.75876563606325,1498,39.741211549185195,4.017554086878057,2025
2025-10-16 00:00:00+00:00,44.37936224741252,645,41.39113827367274,2.9882239737397853,2025
2025-10-17 00:00:00+00:00,50.281081339526175,961,41.31317913158994,8.967902207936234,2025
2025-10-18 00:00:00+00:00,46.01994871794872,93,41.59788659896356,4.42206211898516,2025
2025-10-19 00:00:00+00:00,47.06598575498575,627,41.35554904263032,5.710436712355431,2025
2025-10-20 00:00:00+00:00,44.962131076388886,623,40.70164158652012,4.2604894898687675,2025
2025-10-21 00:00:00+00:00,45.53008898015058,966,43.949967401869024,1.580121578281556,2025
2025-10-22 00:00:00+00:00,46.23181133473268,895,44.07070580167471,2.1611055330579703,2025
2025-10-23 00:00:00+00:00,44.28237511439573,1607,42.67616643242468,1.6062086819710473,2025
2025-10-24 00:00:00+00:00,42.89137389524142,1929,43.86103312247015,-0.9696592272287248,2025
2025-10-25 00:00:00+00:00,41.54054248679789,584,44.47286875904417,-2.9323262722462786,2025
2025-10-26 00:00:00+00:00,41.88738337531486,983,42.83777008847243,-0.9503867131575703,2025
2025-10-27 00:00:00+00:00,40.693301808927714,944,45.57382854807031,-4.880526739142596,2025
2025-10-28 00:00:00+00:00,39.122321127777326,1590,45.93166586110456,-6.8093447333272366,2025
2025-10-29 00:00:00+00:00,41.56676784460166,1815,45.43928916104169,-3.872521316440036,2025
2025-10-30 00:00:00+00:00,42.95829673466434,3315,45.34502773639713,-2.386731001732791,2025
2025-10-31 00:00:00+00:00,41.52350069121528,1615,44.90674004130894,-3.3832393500936604,2025
2025-11-01 00:00:00+00:00,40.69134406405752,509,46.769354108444034,-6.078010044386517,2025
2025-11-02 00:00:00+00:00,41.1525332795482,508,51.76489755371235,-10.61236427416415,2025
2025-11-03 00:00:00+00:00,42.70823980692697,2186,51.54821913423259,-8.83997932730562,2025
2025-11-04 00:00:00+00:00,46.1873712143864,3049,49.157002194375785,-2.9696309799893825,2025
2025-11-05 00:00:00+00:00,44.5528696003696,1779,49.05200749071321,-4.4991378903436114,2025
2025-11-06 00:00:00+00:00,42.11852006834746,1915,48.510673224549514,-6.392153156202056,2025
2025-11-07 00:00:00+00:00,42.52045002303086,1504,48.16077507982892,-5.640325056798062,2025
2025-11-08 00:00:00+00:00,39.98714294400194,369,48.183577205468005,-8.196434261466067,2025
2025-11-13 00:00:00+00:00,42.39127830856334,595,47.264610400255066,-4.873332091691729,2025
2025-11-14 00:00:00+00:00,47.27307946506945,1545,44.3776396194453,2.8954398456241535,2025
2025-11-15 00:00:00+00:00,46.883416789396165,63,44.53864247185468,2.3447743175414857,2025
2025-11-16 00:00:00+00:00,47.72046710338934,603,44.876251569157674,2.8442155342316653,2025
2025-11-17 00:00:00+00:00,47.4858225301101,1238,44.68128525178325,2.8045372783268476,2025
2025-11-18 00:00:00+00:00,50.61289837825225,1566,44.55214238031872,6.060755997933526,2025
2025-11-19 00:00:00+00:00,49.97627563771969,1548,45.751393463779436,4.224882173940252,2025
2025-11-20 00:00:00+00:00,50.37319653041825,2279,41.36226449147049,9.010932038947757,2025
2025-11-21 00:00:00+00:00,56.05186544141299,3828,40.87866615290331,15.173199288509686,2025
2025-11-22 00:00:00+00:00,53.41290579511124,520,40.833370428395014,12.579535366716229,2025
2025-11-23 00:00:00+00:00,53.81915673458925,488,40.210608437296735,13.608548297292515,2025
2025-11-24 00:00:00+00:00,52.16499952790105,998,39.77167092743098,12.39332860047007,2025
2025-11-25 00:00:00+00:00,49.40216545939764,611,39.62358700990418,9.778578449493459,2025
2025-11-26 00:00:00+00:00,48.22283559008788,872,37.47372588819501,10.74910970189287,2025
2025-11-27 00:00:00+00:00,47.755607396116375,905,37.382240934958936,10.373366461157438,2025
2025-11-28 00:00:00+00:00,47.11680206827045,1359,37.36926767924955,9.747534389020899,2025
2025-11-29 00:00:00+00:00,47.29951392681595,304,37.44701148334661,9.85250244346934,2025
2025-11-30 00:00:00+00:00,47.14246553966189,531,37.83328970623626,9.309175833425634,2025
2025-12-01 00:00:00+00:00,50.368200270636,2476,34.36683474472677,16.00136552590923,2025
2025-12-02 00:00:00+00:00,47.70900662063478,1623,28.339133912073923,19.36987270856086,2025
2025-12-03 00:00:00+00:00,46.822561251011976,966,27.507015780480852,19.315545470531124,2025
2025-12-04 00:00:00+00:00,45.1530526366068,635,27.223440747599685,17.929611889007116,2025
2025-12-05 00:00:00+00:00,47.69910843642038,930,25.25545679838511,22.44365163803527,2025
2025-12-06 00:00:00+00:00,48.74096750902527,192,26.64432284129692,22.09664466772835,2025
2025-12-11 00:00:00+00:00,42.73190702157633,475,26.747441568402607,15.984465453173726,2025
2025-12-12 00:00:00+00:00,40.82938273179441,372,25.382405009266257,15.446977722528153,2025
2025-12-13 00:00:00+00:00,45.27194444444444,36,25.410309172638705,19.86163527180574,2025
2025-12-18 00:00:00+00:00,43.671477853492334,230,26.57660677438804,17.094871079104294,2025
2025-12-19 00:00:00+00:00,43.57410226550921,423,25.555650452040286,18.018451813468925,2025
2025-12-20 00:00:00+00:00,42.57534615384616,33,25.973711828548467,16.601634325297695,2025
2025-12-21 00:00:00+00:00,44.07722304283604,108,30.990917588636417,13.086305454199621,2025
2025-12-22 00:00:00+00:00,43.84280576527111,580,31.269035203043806,12.573770562227303,2025
2025-12-23 00:00:00+00:00,42.68173283072211,486,30.949640978319966,11.732091852402146,2025
2025-12-24 00:00:00+00:00,41.13635476393802,340,30.946269294659807,10.190085469278216,2025
2025-12-25 00:00:00+00:00,40.25061258835409,246,30.938393257016845,9.312219331337243,2025
2025-12-26 00:00:00+00:00,40.06496463967961,1086,32.58745554474858,7.47750909493103,2025
2025-12-27 00:00:00+00:00,40.684780635400905,213,33.26087543547776,7.423905199923148,2025
2025-12-28 00:00:00+00:00,39.94271406727828,237,33.41292806964912,6.529785997629162,2025
2025-12-29 00:00:00+00:00,39.844498279057454,631,33.2700812102259,6.574417068831558,2025
2025-12-30 00:00:00+00:00,39.806026247848536,378,37.765074676477646,2.04095157137089,2025
2025-12-31 00:00:00+00:00,40.40081466025583,555,37.647046902362426,2.7537677578934066,2025
2026-01-01 00:00:00+00:00,39.64730641759567,309,43.599009508444595,-3.9517030908489232,2026
2026-01-02 00:00:00+00:00,40.87097276513938,1240,43.61128623722061,-2.740313472081233,2026
2026-01-03 00:00:00+00:00,42.01193241056984,460,44.51932575097309,-2.5073933404032474,2026
2026-01-04 00:00:00+00:00,42.99229715206878,519,45.754906151253174,-2.762608999184394,2026
2026-01-05 00:00:00+00:00,43.68560131379485,1220,45.369818814799416,-1.684217501004568,2026
2026-01-06 00:00:00+00:00,42.74747231543624,968,67.09581992492163,-24.348347609485387,2026
2026-01-07 00:00:00+00:00,42.79448077561102,992,80.56903250391566,-37.774551728304644,2026
2026-01-08 00:00:00+00:00,41.71285502854324,533,80.60443792156818,-38.89158289302494,2026
2026-01-09 00:00:00+00:00,39.140529274004685,540,81.03603046852761,-41.89550119452293,2026
2026-01-10 00:00:00+00:00,37.33330721003134,40,81.01770514553039,-43.68439793549904,2026
2026-01-15 00:00:00+00:00,38.51536214242239,185,80.38740116547348,-41.87203902305109,2026
2026-01-16 00:00:00+00:00,37.31165666686084,441,80.31445877283848,-43.002802105977636,2026
2026-01-17 00:00:00+00:00,35.84377586206897,19,80.39519909338946,-44.55142323132049,2026
2026-01-18 00:00:00+00:00,38.474806629834255,69,80.44870332468739,-41.97389669485313,2026
2026-01-19 00:00:00+00:00,38.6502649354056,502,80.46410138727282,-41.81383645186722,2026
2026-01-20 00:00:00+00:00,38.89861481191223,947,79.64989161531166,-40.75127680339943,2026
2026-01-21 00:00:00+00:00,39.4177574386398,698,79.77581218813076,-40.358054749490954,2026
2026-01-22 00:00:00+00:00,37.567213548387095,384,79.76109926555021,-42.19388571716312,2026
2026-01-23 00:00:00+00:00,36.6627134601044,1120,79.7009662994297,-43.038252839325295,2026
2026-01-24 00:00:00+00:00,36.26816101694915,157,80.65411092062261,-44.38594990367346,2026
2026-01-25 00:00:00+00:00,38.739405727923625,669,80.3936720136427,-41.654266285719075,2026
2026-01-26 00:00:00+00:00,39.81948097684892,695,83.42423539121145,-43.60475441436253,2026
2026-01-27 00:00:00+00:00,36.39608156764991,548,83.1723575218311,-46.776275954181195,2026
2026-01-28 00:00:00+00:00,36.33826588439229,798,83.24685947339219,-46.9085935889999,2026
2026-01-29 00:00:00+00:00,38.052906896623725,1976,82.27445351035986,-44.22154661373614,2026
2026-01-30 00:00:00+00:00,40.38459709293535,2377,82.3516127834247,-41.96701569048935,2026
2026-01-31 00:00:00+00:00,43.87406561537068,1773,81.60147484954388,-37.727409234173194,2026
2026-02-01 00:00:00+00:00,44.599320343663706,653,81.33247167894386,-36.733151335280155,2026
2026-02-02 00:00:00+00:00,46.00024158729113,1439,84.07322373181572,-38.07298214452459,2026
2026-02-03 00:00:00+00:00,48.83319300185617,1597,83.45738835226884,-34.62419535041266,2026
2026-02-04 00:00:00+00:00,51.3935770234987,1505,83.68723931938823,-32.293662295889526,2026
2026-02-05 00:00:00+00:00,66.43593307348607,2998,64.60145459263494,1.834478480851132,2026
2026-02-06 00:00:00+00:00,66.48287989932784,1561,50.3848037114537,16.098076187874142,2026
2026-02-07 00:00:00+00:00,57.76481186365648,200,51.83772281106508,5.9270890525914055,2026
2026-02-12 00:00:00+00:00,54.82495712754555,138,50.56366544228897,4.26129168525658,2026
2026-02-13 00:00:00+00:00,49.14793025790048,443,49.42453160093435,-0.2766013430338745,2026
2026-02-14 00:00:00+00:00,50.97021201413428,38,50.09501795357549,0.8751940605587905,2026
2026-02-15 00:00:00+00:00,47.22664983937586,214,50.045721093698646,-2.819071254322786,2026
2026-02-16 00:00:00+00:00,48.59320316361839,272,51.851860162510896,-3.258656998892505,2026
2026-02-17 00:00:00+00:00,49.41246811594203,562,51.78197205342416,-2.369503937482129,2026
2026-02-18 00:00:00+00:00,48.81936343298759,715,51.482381229300636,-2.663017796313042,2026
2026-02-19 00:00:00+00:00,50.2907554552295,544,52.199944735151085,-1.9091892799215842,2026
2026-02-20 00:00:00+00:00,48.740321877554194,955,52.20018695488662,-3.4598650773324238,2026
2026-02-21 00:00:00+00:00,46.70704727272727,107,54.39831754243416,-7.691270269706884,2026
2026-02-22 00:00:00+00:00,48.22023765996343,104,54.401864579425855,-6.181626919462424,2026
2026-02-23 00:00:00+00:00,52.68050242483026,1054,51.80374773666677,0.8767546881634871,2026
2026-02-24 00:00:00+00:00,55.59760851961818,703,53.41267581799867,2.184932701619509,2026
2026-02-25 00:00:00+00:00,49.55288572755288,1029,50.84097184564372,-1.2880861180908454,2026
2026-02-26 00:00:00+00:00,48.68842486495335,730,50.77738551152867,-2.088960646575323,2026
2026-02-27 00:00:00+00:00,49.24262389582383,1304,50.11865252800841,-0.8760286321845783,2026
2026-02-28 00:00:00+00:00,52.80198801076585,955,49.94135881562679,2.8606291951390546,2026
2026-03-01 00:00:00+00:00,51.94620498614959,422,50.065852852150506,1.8803521339990823,2026
2026-03-02 00:00:00+00:00,50.64194142537128,1188,47.45673415226614,3.185207273105142,2026
2026-03-03 00:00:00+00:00,52.598009681413934,689,47.78359500108718,4.814414680326756,2026
2026-03-04 00:00:00+00:00,52.724644103615006,1783,42.05815778250112,10.666486321113887,2026
2026-03-05 00:00:00+00:00,53.43991590013141,592,41.32373349977828,12.116182400353132,2026
2026-03-06 00:00:00+00:00,54.37347882352942,813,39.96457941820438,14.408899405325037,2026
2026-03-07 00:00:00+00:00,55.23621241702459,166,39.69777260425974,15.53843981276485,2026
2026-03-12 00:00:00+00:00,52.86334170854271,40,39.89041734192209,12.972924366620624,2026
2026-03-13 00:00:00+00:00,51.6955576070901,202,41.50069682393087,10.194860783159228,2026
2026-03-14 00:00:00+00:00,53.96033333333333,22,45.15172578586206,8.808607547471269,2026
2026-03-15 00:00:00+00:00,50.22150574712644,109,44.5513901264728,5.67011562065364,2026
2026-03-16 00:00:00+00:00,49.97220359561055,601,43.56010568814735,6.412097907463199,2026
2026-03-17 00:00:00+00:00,49.14275659358119,717,43.337556891316105,5.805199702265085,2026
2026-03-18 00:00:00+00:00,49.22420974889217,544,42.08941973534358,7.134790013548589,2026
2026-03-19 00:00:00+00:00,52.35162175648703,696,42.06513937155499,10.286482384932036,2026
2026-03-20 00:00:00+00:00,50.78796073396459,906,43.13717961773489,7.650781116229702,2026
2026-03-21 00:00:00+00:00,51.24708922476841,230,43.06568405626553,8.181405168502877,2026
2026-03-22 00:00:00+00:00,54.43793411764706,701,42.59010899316308,11.847825124483983,2026
2026-03-23 00:00:00+00:00,52.59055408753097,923,40.7888807113865,11.801673376144471,2026
2026-03-24 00:00:00+00:00,50.79515119174671,603,40.68153220486921,10.113618986877505,2026
2026-03-25 00:00:00+00:00,49.3035803290588,555,40.88041907765361,8.42316125140519,2026
2026-03-26 00:00:00+00:00,49.89046741344196,872,38.443955448204534,11.446511965237427,2026
2026-03-27 00:00:00+00:00,52.11928373175754,1669,35.73091512782142,16.388368603936122,2026
2026-03-28 00:00:00+00:00,51.10065022910757,344,36.507511749856434,14.593138479251138,2026
2026-03-29 00:00:00+00:00,53.44223416731821,383,36.892108981656165,16.550125185662047,2026
2026-03-30 00:00:00+00:00,52.880110486978325,760,37.05883663497578,15.821273852002541,2026
2026-03-31 00:00:00+00:00,51.91780225299562,690,36.52051106655833,15.397291186437293,2026
2026-04-01 00:00:00+00:00,50.58560847077193,1020,37.20026138683278,13.385347083939152,2026
2026-04-02 00:00:00+00:00,53.33530640818525,728,36.32860806530889,17.006698342876355,2026
2026-04-03 00:00:00+00:00,46.39422456813819,640,36.36559031697212,10.028634251166075,2026
2026-04-04 00:00:00+00:00,42.94442148760331,148,36.54986945374963,6.394552033853678,2026
2026-04-09 00:00:00+00:00,41.30062121610951,152,33.62240708776772,7.678214128341793,2026
2026-04-10 00:00:00+00:00,40.68742717124966,283,33.70700479204338,6.980422379206281,2026
2026-04-11 00:00:00+00:00,42.84318651441001,38,33.85760208798298,8.985584426427025,2026
2026-04-16 00:00:00+00:00,41.83591536338547,78,30.607826069647516,11.228089293737952,2026
2026-04-17 00:00:00+00:00,41.423152971940056,443,29.4511609283918,11.971992043548255,2026
2026-04-18 00:00:00+00:00,41.25448,16,28.75873592222078,12.495744077779221,2026
2026-04-19 00:00:00+00:00,42.92362466124661,106,27.208278759946573,15.71534590130004,2026
2026-04-20 00:00:00+00:00,41.12761257131215,356,25.694525909038813,15.433086662273336,2026
2026-04-21 00:00:00+00:00,40.85167143384388,342,25.623831328147645,15.227840105696238,2026
2026-04-22 00:00:00+00:00,40.77100975276432,720,25.97315151053397,14.797858242230351,2026
2026-04-23 00:00:00+00:00,41.04315789473684,575,26.653688644326756,14.38946925041008,2026
2026-04-24 00:00:00+00:00,39.233357094229305,765,26.449107311238144,12.78424978299116,2026
2026-04-25 00:00:00+00:00,38.93956738768719,111,26.470264797268168,12.469302590419023,2026
2026-04-26 00:00:00+00:00,38.80471698113208,168,26.779421443551605,12.025295537580476,2026
2026-04-27 00:00:00+00:00,39.192185864470034,623,27.035586881257657,12.156598983212376,2026
2026-04-28 00:00:00+00:00,39.424618539151965,364,26.904734028863807,12.519884510288158,2026
2026-04-29 00:00:00+00:00,39.463725213574726,375,26.806334681881566,12.65739053169316,2026
2026-04-30 00:00:00+00:00,37.506513911620296,515,26.743062049934036,10.76345186168626,2026
2026-05-01 00:00:00+00:00,37.51825694484888,947,25.017159219468414,12.501097725380465,2026
2026-05-02 00:00:00+00:00,37.486801661474566,232,26.87111582492455,10.615685836550014,2026
2026-05-03 00:00:00+00:00,38.87771211904422,387,34.959866722917084,3.9178453961271344,2026
2026-05-04 00:00:00+00:00,38.510164162807335,1124,36.114777443019584,2.3953867197877514,2026
2026-05-05 00:00:00+00:00,38.43636818440884,1339,35.32679029495915,3.109577889449689,2026
2026-05-06 00:00:00+00:00,38.455648595505615,1249,36.97133515035712,1.4843134451484943,2026
2026-05-07 00:00:00+00:00,36.91714264241696,1041,36.940316243848805,-0.023173601431842883,2026
2026-05-08 00:00:00+00:00,36.690415941365096,650,40.356021354853574,-3.6656054134884783,2026
2026-05-09 00:00:00+00:00,35.24999190611089,123,40.08113249231364,-4.83114058620275,2026
2026-05-14 00:00:00+00:00,36.64242699289661,148,41.25828096665559,-4.6158539737589805,2026
2026-05-15 00:00:00+00:00,36.77711846459299,330,41.89533589079348,-5.118217426200495,2026
2026-05-16 00:00:00+00:00,37.58832305795315,99,42.152870458362074,-4.564547400408927,2026
2026-05-17 00:00:00+00:00,38.85975827445147,246,42.169061891015346,-3.3093036165638736,2026
2026-05-18 00:00:00+00:00,38.38107380473464,540,42.387946299638976,-4.006872494904336,2026
2026-05-19 00:00:00+00:00,38.26318408356924,280,42.84362809000178,-4.580444006432536,2026
2026-05-20 00:00:00+00:00,37.204674260313936,368,42.85363331950484,-5.648959059190901,2026
2026-05-21 00:00:00+00:00,36.1417802108678,436,43.26794920325911,-7.126168992391307,2026
2026-05-22 00:00:00+00:00,34.46953092030515,1005,42.732835832755924,-8.263304912450778,2026
2026-05-23 00:00:00+00:00,37.07110199714694,516,42.461806615902304,-5.390704618755365,2026
2026-05-24 00:00:00+00:00,34.20243769968051,261,42.58965171740973,-8.387214017729221,2026
2026-05-25 00:00:00+00:00,33.70180534794884,301,42.98852402216103,-9.286718674212189,2026
2026-05-26 00:00:00+00:00,33.453871153707574,637,43.07569543152912,-9.621824277821545,2026
2026-05-27 00:00:00+00:00,34.90015253960477,895,43.08105872808895,-8.18090618848418,2026
2026-05-28 00:00:00+00:00,35.66233895969687,1512,43.11229433100932,-7.4499553713124556,2026
2026-05-29 00:00:00+00:00,34.88793956897087,1215,43.080526291259744,-8.192586722288873,2026
2026-05-30 00:00:00+00:00,33.4029584120983,134,43.32757187160487,-9.924613459506567,2026
2026-05-31 00:00:00+00:00,34.85636153624025,249,43.828925547596526,-8.972564011356276,2026
2026-06-01 00:00:00+00:00,35.65422064820777,1021,44.246997916390626,-8.592777268182857,2026
2026-06-02 00:00:00+00:00,39.7495714869795,2822,38.23894728711902,1.5106241998604801,2026
2026-06-03 00:00:00+00:00,43.91633366283933,2120,36.52038236504675,7.395951297792578,2026
2026-06-04 00:00:00+00:00,47.621002820913866,2460,37.180571558322626,10.44043126259124,2026
2026-06-05 00:00:00+00:00,48.29328474386927,2670,34.557726155675056,13.735558588194216,2026
2026-06-06 00:00:00+00:00,49.2738846945779,295,35.238319958891786,14.035564735686116,2026
