run_dir,run_name,run_card,annual_return,annual_profit,final_value,period_profit,total_return,max_drawdown,sharpe,sortino,calmar,profit_factor,win_rate,trade_count,benchmark_return,excess_return,information_ratio,avg_holding_days,initial_cash,start_date,end_date,interval,source,engine,codes,strategy_hash,config_hash,config_path,signal_path,warnings,validation
agent/runs/20260630_044631_81_90164a,20260630_044631_81_90164a,agent/runs/20260630_044631_81_90164a/run_card.json,1.5497527201257828,1549752.7201257828,1077268.0831042535,77268.08310425351,0.0772680831042536,-0.1009896324954083,2.3070024121754447,2.0673,15.3457,1.5552,0.64,75,0.005468,0.0718,2.1006,11.3,1000000.0,2026-06-01,2026-06-29,15m,auto,,"SOXL.US,SOXS.US,SOXX.US,SMH.US,QQQ.US,TQQQ.US,SQQQ.US",f2f137e9037b440b68bdee5ec014826bed2001e2db0e3603af948788b985aff2,d3f60f0c57ae4fae9f6dad4ef23773a5b2252304173935e9f3ff88a8bf29e682,agent/runs/20260630_044631_81_90164a/config.json,agent/runs/20260630_044631_81_90164a/code/signal_engine.py,,"{'monte_carlo': {'actual_max_dd': -0.075, 'actual_sharpe': 2.2378, 'n_simulations': 1000, 'n_trades': 75, 'p_value_max_dd': 0.997, 'p_value_sharpe': 0.452, 'simulated_sharpe_mean': 2.2425, 'simulated_sharpe_p5': 1.9783, 'simulated_sharpe_p95': 2.5868, 'simulated_sharpe_std': 0.2264}}"
agent/runs/v_V_btcsol_extended_train,v_V_btcsol_extended_train,agent/runs/v_V_btcsol_extended_train/run_card.json,1.503210484295499,1503210.484295499,72325336.79075299,71325336.79075299,71.32533679075298,-0.473830305155406,1.6597452110327964,2.5503,3.1725,2.1358,0.3475609756097561,164,6.798972332015803,71.325337,1.6597,15.8,1000000.0,2020-11-01,2025-06-30,1D,okx,daily,"BTC-USDT,SOL-USDT",d30fcf0a3c7d7dfdd2063bad69fa8f6381843f2f02b7bc96b767fc7a023595d8,b2ebccb11e091f4d7e15b2d1c00c3004c276b637432a5d7576aff0ef3e85d828,agent/runs/v_V_btcsol_extended_train/config.json,agent/runs/v_V_btcsol_extended_train/code/signal_engine.py,,"{'bootstrap': {'ci_lower': 0.7828, 'ci_upper': 2.4851, 'confidence': 0.95, 'median_sharpe': 1.6568, 'n_bootstrap': 1000, 'observed_sharpe': 1.6607, 'prob_positive': 0.999}, 'monte_carlo': {'actual_max_dd': -0.3756, 'actual_sharpe': 3.0727, 'n_simulations': 1000, 'n_trades': 164, 'p_value_max_dd': 0.064, 'p_value_sharpe': 0.019, 'simulated_sharpe_mean': 0.584, 'simulated_sharpe_p5': -1.7057, 'simulated_sharpe_p95': 2.7036, 'simulated_sharpe_std': 1.5296}, 'walk_forward': {'consistency_rate': 0.8333, 'n_windows': 6, 'profitable_windows': 5, 'return_mean': 1.567614, 'return_std': 1.894421, 'sharpe_mean': 1.5672, 'sharpe_std': 1.0307, 'windows': [{'end': '2021-08-10', 'max_dd': -0.449907, 'return': 5.528778, 'sharpe': 2.7508, 'start': '2020-11-01', 'trades': 17, 'win_rate': 0.5294, 'window': 1}, {'end': '2022-05-20', 'max_dd': -0.32169, 'return': 1.784949, 'sharpe': 2.3783, 'start': '2021-08-11', 'trades': 28, 'win_rate': 0.4286, 'window': 2}, {'end': '2023-02-27', 'max_dd': -0.448694, 'return': -0.113969, 'sharpe': -0.0881, 'start': '2022-05-21', 'trades': 32, 'win_rate': 0.4062, 'window': 3}, {'end': '2023-12-07', 'max_dd': -0.353675, 'return': 1.420148, 'sharpe': 2.2214, 'start': '2023-02-28', 'trades': 37, 'win_rate': 0.2162, 'window': 4}, {'end': '2024-09-15', 'max_dd': -0.409547, 'return': 0.088331, 'sharpe': 0.4987, 'start': '2023-12-08', 'trades': 25, 'win_rate': 0.24, 'window': 5}, {'end': '2025-06-30', 'max_dd': -0.214541, 'return': 0.697444, 'sharpe': 1.6423, 'start': '2024-09-16', 'trades': 25, 'win_rate': 0.36, 'window': 6}]}}"
agent/runs/v_Rung1_naivebh_train,v_Rung1_naivebh_train,agent/runs/v_Rung1_naivebh_train/run_card.json,1.4895518761460678,1489551.8761460679,9766980.465037923,8766980.465037923,8.766980465037923,-0.5359343730035042,1.6253556927995798,2.8482,2.7794,0.0,1.0,2,5.4441996931170795,8.76698,1.6254,910.0,1000000.0,2023-01-01,2025-06-30,1D,auto,daily,"BTC-USDT,SOL-USDT",880755cad7ea30e28bd10dd92ce23b4bebb8a720cca0c42a767f98b029258dc6,6c1820f52d2220f159c5943a019e9ca1d47828b5f9fbd02a793b04928b7e104b,agent/runs/v_Rung1_naivebh_train/config.json,agent/runs/v_Rung1_naivebh_train/code/signal_engine.py,,"{'bootstrap': {'ci_lower': 0.3659, 'ci_upper': 2.8407, 'confidence': 0.95, 'median_sharpe': 1.564, 'n_bootstrap': 1000, 'observed_sharpe': 1.6271, 'prob_positive': 0.993}, 'monte_carlo': {'error': 'need at least 3 trades', 'p_value_sharpe': 1.0}, 'walk_forward': {'consistency_rate': 0.75, 'n_windows': 4, 'profitable_windows': 3, 'return_mean': 1.465778, 'return_std': 2.076294, 'sharpe_mean': 1.6667, 'sharpe_std': 1.6698, 'windows': [{'end': '2023-08-16', 'max_dd': -0.309446, 'return': 0.860129, 'sharpe': 1.7327, 'start': '2023-01-01', 'trades': 2, 'win_rate': 1.0, 'window': 1}, {'end': '2024-03-31', 'max_dd': -0.285094, 'return': 5.000993, 'sharpe': 4.3138, 'start': '2023-08-17', 'trades': 0, 'win_rate': 0.0, 'window': 2}, {'end': '2024-11-14', 'max_dd': -0.30764, 'return': 0.211055, 'sharpe': 0.7902, 'start': '2024-04-01', 'trades': 0, 'win_rate': 0.0, 'window': 3}, {'end': '2025-06-30', 'max_dd': -0.535934, 'return': -0.209065, 'sharpe': -0.17, 'start': '2024-11-15', 'trades': 0, 'win_rate': 0.0, 'window': 4}]}}"
agent/runs/20260630_143522_65_eb0647/audit_runs/trackA_1h_trend,trackA_1h_trend,agent/runs/20260630_143522_65_eb0647/audit_runs/trackA_1h_trend/run_card.json,1.31929984710511,1319299.84710511,2290719.0122278673,1290719.0122278673,1.2907190122278673,-0.3619900794732024,1.4908101748212228,1.2833,3.6446,1.5827,0.3559322033898305,59,8.719745538442092,-7.429027,-2.0939,15.5,1000000.0,2025-07-01,2026-06-29,1H,yfinance,,"SOXL.US,SOXX.US,SMH.US,QQQ.US",cb41c20f7bc596f005bb60a1d691a78e6750082c801f65d3d952f3fb9df35897,7c0b774f4256f33f76a74c63c62392e768c901c5c2c8e813ff610942aad9cb9c,agent/runs/20260630_143522_65_eb0647/audit_runs/trackA_1h_trend/config.json,agent/runs/20260630_143522_65_eb0647/audit_runs/trackA_1h_trend/code/signal_engine.py,,
agent/runs/v_ZA1_grossrecovery_ext_train,v_ZA1_grossrecovery_ext_train,agent/runs/v_ZA1_grossrecovery_ext_train/run_card.json,1.255274779960288,1255274.779960288,44457148.73572779,43457148.73572779,43.457148735727785,-0.4470081526022914,1.5654646005059176,2.3025,2.8082,2.1943,0.3475609756097561,164,46.884211,-3.427062,-0.1561,15.8,1000000.0,2020-11-01,2025-06-30,1D,okx,daily,"BTC-USDT,SOL-USDT",2f7757cca561d1bde56af4b825e9288841b49cc283b3cef0eb97164e6f473e85,d1debc0662cdf52dc67b38686a8a36c55c64f54ce2c02c7c75e530edc3ea16c6,agent/runs/v_ZA1_grossrecovery_ext_train/config.json,agent/runs/v_ZA1_grossrecovery_ext_train/code/signal_engine.py,,"{'bootstrap': {'ci_lower': 0.661, 'ci_upper': 2.3894, 'confidence': 0.95, 'median_sharpe': 1.5583, 'n_bootstrap': 1000, 'observed_sharpe': 1.5664, 'prob_positive': 0.999}, 'monte_carlo': {'actual_max_dd': -0.3347, 'actual_sharpe': 2.8289, 'n_simulations': 1000, 'n_trades': 164, 'p_value_max_dd': 0.066, 'p_value_sharpe': 0.059, 'simulated_sharpe_mean': 0.8106, 'simulated_sharpe_p5': -1.7215, 'simulated_sharpe_p95': 2.8685, 'simulated_sharpe_std': 1.5442}, 'walk_forward': {'consistency_rate': 0.8333, 'n_windows': 6, 'profitable_windows': 5, 'return_mean': 1.431949, 'return_std': 2.036171, 'sharpe_mean': 1.4367, 'sharpe_std': 1.0547, 'windows': [{'end': '2021-08-10', 'max_dd': -0.442865, 'return': 5.832819, 'sharpe': 2.7753, 'start': '2020-11-01', 'trades': 17, 'win_rate': 0.5294, 'window': 1}, {'end': '2022-05-20', 'max_dd': -0.281423, 'return': 0.771686, 'sharpe': 1.796, 'start': '2021-08-11', 'trades': 28, 'win_rate': 0.4286, 'window': 2}, {'end': '2023-02-27', 'max_dd': -0.399422, 'return': -0.129169, 'sharpe': -0.2847, 'start': '2022-05-21', 'trades': 32, 'win_rate': 0.4062, 'window': 3}, {'end': '2023-12-07', 'max_dd': -0.344968, 'return': 1.506633, 'sharpe': 2.3935, 'start': '2023-02-28', 'trades': 37, 'win_rate': 0.2162, 'window': 4}, {'end': '2024-09-15', 'max_dd': -0.391361, 'return': 0.093876, 'sharpe': 0.5014, 'start': '2023-12-08', 'trades': 25, 'win_rate': 0.24, 'window': 5}, {'end': '2025-06-30', 'max_dd': -0.195841, 'return': 0.515847, 'sharpe': 1.4389, 'start': '2024-09-16', 'trades': 25, 'win_rate': 0.36, 'window': 6}]}}"
agent/runs/v_ZA4_regimeconviction_ext_train,v_ZA4_regimeconviction_ext_train,agent/runs/v_ZA4_regimeconviction_ext_train/run_card.json,1.2007654809208677,1200765.4809208678,39661096.75321917,38661096.75321917,38.66109675321917,-0.43531678444488836,1.559788120290648,2.2416,2.7584,2.1863,0.35119047619047616,168,46.884211,-8.223114,-0.2044,15.8,1000000.0,2020-11-01,2025-06-30,1D,okx,daily,"BTC-USDT,SOL-USDT",37cb3973f3023773eb5cd450520d141d0ce26d10d40b44991c7a5bcdfb3d8101,d1debc0662cdf52dc67b38686a8a36c55c64f54ce2c02c7c75e530edc3ea16c6,agent/runs/v_ZA4_regimeconviction_ext_train/config.json,agent/runs/v_ZA4_regimeconviction_ext_train/code/signal_engine.py,,"{'bootstrap': {'ci_lower': 0.6743, 'ci_upper': 2.3446, 'confidence': 0.95, 'median_sharpe': 1.5538, 'n_bootstrap': 1000, 'observed_sharpe': 1.5607, 'prob_positive': 0.999}, 'monte_carlo': {'actual_max_dd': -0.3323, 'actual_sharpe': 2.7252, 'n_simulations': 1000, 'n_trades': 168, 'p_value_max_dd': 0.06, 'p_value_sharpe': 0.069, 'simulated_sharpe_mean': 0.8488, 'simulated_sharpe_p5': -1.7123, 'simulated_sharpe_p95': 2.8228, 'simulated_sharpe_std': 1.548}, 'walk_forward': {'consistency_rate': 0.8333, 'n_windows': 6, 'profitable_windows': 5, 'return_mean': 1.429351, 'return_std': 2.117964, 'sharpe_mean': 1.3856, 'sharpe_std': 1.1118, 'windows': [{'end': '2021-08-10', 'max_dd': -0.435317, 'return': 6.014088, 'sharpe': 2.8069, 'start': '2020-11-01', 'trades': 17, 'win_rate': 0.5294, 'window': 1}, {'end': '2022-05-20', 'max_dd': -0.251425, 'return': 0.750501, 'sharpe': 1.8671, 'start': '2021-08-11', 'trades': 28, 'win_rate': 0.4286, 'window': 2}, {'end': '2023-02-27', 'max_dd': -0.33714, 'return': -0.131801, 'sharpe': -0.4242, 'start': '2022-05-21', 'trades': 32, 'win_rate': 0.4062, 'window': 3}, {'end': '2023-12-07', 'max_dd': -0.339797, 'return': 1.526482, 'sharpe': 2.4516, 'start': '2023-02-28', 'trades': 36, 'win_rate': 0.2222, 'window': 4}, {'end': '2024-09-15', 'max_dd': -0.35812, 'return': 0.153618, 'sharpe': 0.605, 'start': '2023-12-08', 'trades': 27, 'win_rate': 0.2593, 'window': 5}, {'end': '2025-06-30', 'max_dd': -0.17938, 'return': 0.263219, 'sharpe': 1.0069, 'start': '2024-09-16', 'trades': 28, 'win_rate': 0.3571, 'window': 6}]}}"
agent/runs/v_X1_singlevol_train,v_X1_singlevol_train,agent/runs/v_X1_singlevol_train/run_card.json,1.1936349498408836,1193634.9498408835,7119402.449800025,6119402.449800025,6.119402449800025,-0.4799071423764092,1.5442848795142223,2.6591,2.4872,2.268,0.2872340425531915,94,5.4441996931170795,6.119402,1.5443,14.0,1000000.0,2023-01-01,2025-06-30,1D,auto,daily,"BTC-USDT,SOL-USDT",80a10be874bf9dbd53d91a23db2aa309f6ebcc577b0656b4fec31da6aeb89dff,90553bb221f20d5613eabe21ac6577d3efde31682e4173872a139389587d9771,agent/runs/v_X1_singlevol_train/config.json,agent/runs/v_X1_singlevol_train/code/signal_engine.py,,"{'bootstrap': {'ci_lower': 0.2562, 'ci_upper': 2.5642, 'confidence': 0.95, 'median_sharpe': 1.5451, 'n_bootstrap': 1000, 'observed_sharpe': 1.546, 'prob_positive': 0.996}, 'monte_carlo': {'actual_max_dd': -0.39, 'actual_sharpe': 2.4683, 'n_simulations': 1000, 'n_trades': 94, 'p_value_max_dd': 0.337, 'p_value_sharpe': 0.659, 'simulated_sharpe_mean': 2.4516, 'simulated_sharpe_p5': -1.4374, 'simulated_sharpe_p95': 3.5494, 'simulated_sharpe_std': 1.3072}, 'walk_forward': {'consistency_rate': 0.75, 'n_windows': 4, 'profitable_windows': 3, 'return_mean': 1.188143, 'return_std': 1.827885, 'sharpe_mean': 1.3845, 'sharpe_std': 1.4903, 'windows': [{'end': '2023-08-16', 'max_dd': -0.315603, 'return': 0.24402, 'sharpe': 0.8476, 'start': '2023-01-01', 'trades': 37, 'win_rate': 0.2703, 'window': 1}, {'end': '2024-03-31', 'max_dd': -0.354751, 'return': 4.332935, 'sharpe': 3.7405, 'start': '2023-08-17', 'trades': 13, 'win_rate': 0.3846, 'window': 2}, {'end': '2024-11-14', 'max_dd': -0.45583, 'return': -0.196879, 'sharpe': -0.3588, 'start': '2024-04-01', 'trades': 25, 'win_rate': 0.24, 'window': 3}, {'end': '2025-06-30', 'max_dd': -0.232258, 'return': 0.372497, 'sharpe': 1.3087, 'start': '2024-11-15', 'trades': 19, 'win_rate': 0.3158, 'window': 4}]}}"
agent/runs/v_Rung3_signalonly_train,v_Rung3_signalonly_train,agent/runs/v_Rung3_signalonly_train/run_card.json,1.1559839201580977,1155983.9201580978,6817996.0452700155,5817996.0452700155,5.817996045270015,-0.4084118111047415,1.6135666130217936,2.7601,2.8304,2.3752,0.28846153846153844,104,5.4441996931170795,5.817996,1.6136,13.8,1000000.0,2023-01-01,2025-06-30,1D,auto,daily,"BTC-USDT,SOL-USDT",13ebe14024d5cc104ce421d620334b36b5fa65d2e18126e0c89afd8e80e12952,6c1820f52d2220f159c5943a019e9ca1d47828b5f9fbd02a793b04928b7e104b,agent/runs/v_Rung3_signalonly_train/config.json,agent/runs/v_Rung3_signalonly_train/code/signal_engine.py,,"{'bootstrap': {'ci_lower': 0.3647, 'ci_upper': 2.7202, 'confidence': 0.95, 'median_sharpe': 1.5995, 'n_bootstrap': 1000, 'observed_sharpe': 1.6153, 'prob_positive': 0.994}, 'monte_carlo': {'actual_max_dd': -0.3129, 'actual_sharpe': 2.293, 'n_simulations': 1000, 'n_trades': 104, 'p_value_max_dd': 0.257, 'p_value_sharpe': 0.722, 'simulated_sharpe_mean': 2.4544, 'simulated_sharpe_p5': -0.6244, 'simulated_sharpe_p95': 3.4511, 'simulated_sharpe_std': 1.1664}, 'walk_forward': {'consistency_rate': 0.75, 'n_windows': 4, 'profitable_windows': 3, 'return_mean': 1.202133, 'return_std': 1.931231, 'sharpe_mean': 1.3359, 'sharpe_std': 1.4701, 'windows': [{'end': '2023-08-16', 'max_dd': -0.357532, 'return': 0.131333, 'sharpe': 0.6229, 'start': '2023-01-01', 'trades': 38, 'win_rate': 0.2632, 'window': 1}, {'end': '2024-03-31', 'max_dd': -0.364733, 'return': 4.541951, 'sharpe': 3.79, 'start': '2023-08-17', 'trades': 15, 'win_rate': 0.3333, 'window': 2}, {'end': '2024-11-14', 'max_dd': -0.372771, 'return': -0.079661, 'sharpe': -0.0817, 'start': '2024-04-01', 'trades': 29, 'win_rate': 0.2759, 'window': 3}, {'end': '2025-06-30', 'max_dd': -0.202153, 'return': 0.214908, 'sharpe': 1.0123, 'start': '2024-11-15', 'trades': 22, 'win_rate': 0.3182, 'window': 4}]}}"
agent/runs/v_Z0_extended_control_train,v_Z0_extended_control_train,agent/runs/v_Z0_extended_control_train/run_card.json,1.1315718153285035,1131571.8153285035,34169058.061935544,33169058.061935544,33.169058061935544,-0.44408738893611654,1.5144576868528041,2.1757,2.5481,2.1923,0.3475609756097561,164,46.884211,-13.715152,-0.238,15.8,1000000.0,2020-11-01,2025-06-30,1D,okx,daily,"BTC-USDT,SOL-USDT",c7c24b1a1af26d49f04dea2478614cfbe73b5b776a84e292576afc160192278b,d1debc0662cdf52dc67b38686a8a36c55c64f54ce2c02c7c75e530edc3ea16c6,agent/runs/v_Z0_extended_control_train/config.json,agent/runs/v_Z0_extended_control_train/code/signal_engine.py,,"{'bootstrap': {'ci_lower': 0.6188, 'ci_upper': 2.3344, 'confidence': 0.95, 'median_sharpe': 1.5054, 'n_bootstrap': 1000, 'observed_sharpe': 1.5154, 'prob_positive': 0.999}, 'monte_carlo': {'actual_max_dd': -0.3352, 'actual_sharpe': 2.6972, 'n_simulations': 1000, 'n_trades': 164, 'p_value_max_dd': 0.083, 'p_value_sharpe': 0.088, 'simulated_sharpe_mean': 0.9354, 'simulated_sharpe_p5': -1.7353, 'simulated_sharpe_p95': 2.8485, 'simulated_sharpe_std': 1.5439}, 'walk_forward': {'consistency_rate': 0.8333, 'n_windows': 6, 'profitable_windows': 5, 'return_mean': 1.255296, 'return_std': 1.737101, 'sharpe_mean': 1.3653, 'sharpe_std': 1.0642, 'windows': [{'end': '2021-08-10', 'max_dd': -0.441206, 'return': 4.953394, 'sharpe': 2.6865, 'start': '2020-11-01', 'trades': 17, 'win_rate': 0.5294, 'window': 1}, {'end': '2022-05-20', 'max_dd': -0.276288, 'return': 0.673508, 'sharpe': 1.6768, 'start': '2021-08-11', 'trades': 28, 'win_rate': 0.4286, 'window': 2}, {'end': '2023-02-27', 'max_dd': -0.385858, 'return': -0.136368, 'sharpe': -0.372, 'start': '2022-05-21', 'trades': 32, 'win_rate': 0.4062, 'window': 3}, {'end': '2023-12-07', 'max_dd': -0.335286, 'return': 1.543768, 'sharpe': 2.4526, 'start': '2023-02-28', 'trades': 37, 'win_rate': 0.2162, 'window': 4}, {'end': '2024-09-15', 'max_dd': -0.388146, 'return': 0.099653, 'sharpe': 0.5071, 'start': '2023-12-08', 'trades': 25, 'win_rate': 0.24, 'window': 5}, {'end': '2025-06-30', 'max_dd': -0.195841, 'return': 0.397821, 'sharpe': 1.2406, 'start': '2024-09-16', 'trades': 25, 'win_rate': 0.36, 'window': 6}]}}"
agent/runs/v_ZA3_grossvol_ext_train,v_ZA3_grossvol_ext_train,agent/runs/v_ZA3_grossvol_ext_train/run_card.json,1.1297840035717175,1129784.0035717175,34035549.54886325,33035549.548863247,33.035549548863244,-0.46293434726884014,1.5179984003590485,2.2477,2.4405,2.2257,0.3333333333333333,177,46.884211,-13.848661,-0.2448,15.3,1000000.0,2020-11-01,2025-06-30,1D,okx,daily,"BTC-USDT,SOL-USDT",6bee5558d3e27a897a9c2e0d6ee3f2e1f140da60c23e3508e1c302429e6f7415,d1debc0662cdf52dc67b38686a8a36c55c64f54ce2c02c7c75e530edc3ea16c6,agent/runs/v_ZA3_grossvol_ext_train/config.json,agent/runs/v_ZA3_grossvol_ext_train/code/signal_engine.py,,"{'bootstrap': {'ci_lower': 0.6453, 'ci_upper': 2.2865, 'confidence': 0.95, 'median_sharpe': 1.5178, 'n_bootstrap': 1000, 'observed_sharpe': 1.5189, 'prob_positive': 0.999}, 'monte_carlo': {'actual_max_dd': -0.328, 'actual_sharpe': 2.5968, 'n_simulations': 1000, 'n_trades': 177, 'p_value_max_dd': 0.082, 'p_value_sharpe': 0.086, 'simulated_sharpe_mean': 0.8995, 'simulated_sharpe_p5': -1.6613, 'simulated_sharpe_p95': 2.7813, 'simulated_sharpe_std': 1.5162}, 'walk_forward': {'consistency_rate': 0.8333, 'n_windows': 6, 'profitable_windows': 5, 'return_mean': 1.224587, 'return_std': 1.640466, 'sharpe_mean': 1.4277, 'sharpe_std': 0.9727, 'windows': [{'end': '2021-08-10', 'max_dd': -0.462934, 'return': 4.734286, 'sharpe': 2.7121, 'start': '2020-11-01', 'trades': 23, 'win_rate': 0.4348, 'window': 1}, {'end': '2022-05-20', 'max_dd': -0.278713, 'return': 0.543128, 'sharpe': 1.5326, 'start': '2021-08-11', 'trades': 31, 'win_rate': 0.3871, 'window': 2}, {'end': '2023-02-27', 'max_dd': -0.375627, 'return': -0.070135, 'sharpe': -0.0489, 'start': '2022-05-21', 'trades': 32, 'win_rate': 0.4062, 'window': 3}, {'end': '2023-12-07', 'max_dd': -0.368547, 'return': 1.379883, 'sharpe': 2.2296, 'start': '2023-02-28', 'trades': 37, 'win_rate': 0.2162, 'window': 4}, {'end': '2024-09-15', 'max_dd': -0.411652, 'return': 0.035272, 'sharpe': 0.3858, 'start': '2023-12-08', 'trades': 27, 'win_rate': 0.2222, 'window': 5}, {'end': '2025-06-30', 'max_dd': -0.195111, 'return': 0.725088, 'sharpe': 1.755, 'start': '2024-09-16', 'trades': 27, 'win_rate': 0.3704, 'window': 6}]}}"
agent/runs/v_Rung2_riskmanagedbh_train,v_Rung2_riskmanagedbh_train,agent/runs/v_Rung2_riskmanagedbh_train/run_card.json,1.1222740360301833,1122274.0360301833,6554747.688635818,5554747.688635818,5.554747688635818,-0.4133980403870855,1.6469715683833928,2.7299,2.7148,0.0,1.0,2,5.4441996931170795,5.554748,1.647,900.0,1000000.0,2023-01-01,2025-06-30,1D,auto,daily,"BTC-USDT,SOL-USDT",9f3bad510ba89506b2e84ffbcfc2463a5cc0e687d4c89fe62108b91bbee94ac2,6c1820f52d2220f159c5943a019e9ca1d47828b5f9fbd02a793b04928b7e104b,agent/runs/v_Rung2_riskmanagedbh_train/config.json,agent/runs/v_Rung2_riskmanagedbh_train/code/signal_engine.py,,"{'bootstrap': {'ci_lower': 0.2725, 'ci_upper': 2.9024, 'confidence': 0.95, 'median_sharpe': 1.5844, 'n_bootstrap': 1000, 'observed_sharpe': 1.6488, 'prob_positive': 0.992}, 'monte_carlo': {'error': 'need at least 3 trades', 'p_value_sharpe': 1.0}, 'walk_forward': {'consistency_rate': 0.75, 'n_windows': 4, 'profitable_windows': 3, 'return_mean': 0.901363, 'return_std': 1.136857, 'sharpe_mean': 1.7648, 'sharpe_std': 1.6023, 'windows': [{'end': '2023-08-16', 'max_dd': -0.234054, 'return': 0.518585, 'sharpe': 1.4871, 'start': '2023-01-01', 'trades': 2, 'win_rate': 1.0, 'window': 1}, {'end': '2024-03-31', 'max_dd': -0.205603, 'return': 2.84121, 'sharpe': 4.4185, 'start': '2023-08-17', 'trades': 0, 'win_rate': 0.0, 'window': 2}, {'end': '2024-11-14', 'max_dd': -0.273432, 'return': 0.277776, 'sharpe': 0.9817, 'start': '2024-04-01', 'trades': 0, 'win_rate': 0.0, 'window': 3}, {'end': '2025-06-30', 'max_dd': -0.413398, 'return': -0.032119, 'sharpe': 0.172, 'start': '2024-11-15', 'trades': 0, 'win_rate': 0.0, 'window': 4}]}}"
agent/runs/v_Z4_leverage15_train,v_Z4_leverage15_train,agent/runs/v_Z4_leverage15_train/run_card.json,1.0585062429429537,1058506.2429429537,6073666.584991845,5073666.584991845,5.073666584991845,-0.4522723748195364,1.453877097791343,2.3252,2.3404,2.3707,0.29464285714285715,112,5.4441996931170795,-0.370533,0.0765,13.9,1000000.0,2023-01-01,2025-06-30,1D,ccxt,daily,"BTC-USDC:USDC,SOL-USDC:USDC",87236a504a7c3f24014d65015f04edce21c71b81282a0bfcc5def135aa625690,b0568221579b60ca2a421574f067d42ace186543eb355234bfef98945845013d,agent/runs/v_Z4_leverage15_train/config.json,agent/runs/v_Z4_leverage15_train/code/signal_engine.py,,"{'bootstrap': {'ci_lower': 0.2029, 'ci_upper': 2.5847, 'confidence': 0.95, 'median_sharpe': 1.4322, 'n_bootstrap': 1000, 'observed_sharpe': 1.4555, 'prob_positive': 0.988}, 'monte_carlo': {'actual_max_dd': -0.341, 'actual_sharpe': 2.0122, 'n_simulations': 1000, 'n_trades': 112, 'p_value_max_dd': 0.331, 'p_value_sharpe': 0.714, 'simulated_sharpe_mean': 2.1025, 'simulated_sharpe_p5': -0.9485, 'simulated_sharpe_p95': 3.0053, 'simulated_sharpe_std': 1.0836}, 'walk_forward': {'consistency_rate': 0.75, 'n_windows': 4, 'profitable_windows': 3, 'return_mean': 1.043539, 'return_std': 1.690357, 'sharpe_mean': 1.2352, 'sharpe_std': 1.4132, 'windows': [{'end': '2023-08-16', 'max_dd': -0.26732, 'return': 0.188752, 'sharpe': 0.7684, 'start': '2023-01-01', 'trades': 35, 'win_rate': 0.2571, 'window': 1}, {'end': '2024-03-31', 'max_dd': -0.352064, 'return': 3.961878, 'sharpe': 3.5928, 'start': '2023-08-17', 'trades': 18, 'win_rate': 0.3889, 'window': 2}, {'end': '2024-11-14', 'max_dd': -0.385857, 'return': -0.15063, 'sharpe': -0.171, 'start': '2024-04-01', 'trades': 32, 'win_rate': 0.25, 'window': 3}, {'end': '2025-06-30', 'max_dd': -0.209591, 'return': 0.174156, 'sharpe': 0.7506, 'start': '2024-11-15', 'trades': 27, 'win_rate': 0.3333, 'window': 4}]}}"
agent/runs/v_L_dropeth_train,v_L_dropeth_train,agent/runs/v_L_dropeth_train/run_card.json,1.0220310053073223,1022031.0053073223,5808321.392938686,4808321.392938686,4.808321392938685,-0.46700942321193967,1.4804789738082593,2.4124,2.1885,2.3022,0.2903225806451613,93,5.4441996931170795,4.808321,1.4805,13.9,1000000.0,2023-01-01,2025-06-30,1D,auto,daily,"BTC-USDT,SOL-USDT",d30fcf0a3c7d7dfdd2063bad69fa8f6381843f2f02b7bc96b767fc7a023595d8,90553bb221f20d5613eabe21ac6577d3efde31682e4173872a139389587d9771,agent/runs/v_L_dropeth_train/config.json,agent/runs/v_L_dropeth_train/code/signal_engine.py,,"{'bootstrap': {'ci_lower': 0.195, 'ci_upper': 2.6045, 'confidence': 0.95, 'median_sharpe': 1.4763, 'n_bootstrap': 1000, 'observed_sharpe': 1.4821, 'prob_positive': 0.992}, 'monte_carlo': {'actual_max_dd': -0.3776, 'actual_sharpe': 2.2338, 'n_simulations': 1000, 'n_trades': 93, 'p_value_max_dd': 0.389, 'p_value_sharpe': 0.787, 'simulated_sharpe_mean': 2.4127, 'simulated_sharpe_p5': -1.5852, 'simulated_sharpe_p95': 3.5062, 'simulated_sharpe_std': 1.33}, 'walk_forward': {'consistency_rate': 0.5, 'n_windows': 4, 'profitable_windows': 2, 'return_mean': 1.102259, 'return_std': 1.793874, 'sharpe_mean': 1.2598, 'sharpe_std': 1.5384, 'windows': [{'end': '2023-08-16', 'max_dd': -0.302604, 'return': -0.000833, 'sharpe': 0.2325, 'start': '2023-01-01', 'trades': 36, 'win_rate': 0.2778, 'window': 1}, {'end': '2024-03-31', 'max_dd': -0.354751, 'return': 4.188244, 'sharpe': 3.7056, 'start': '2023-08-17', 'trades': 13, 'win_rate': 0.3846, 'window': 2}, {'end': '2024-11-14', 'max_dd': -0.445123, 'return': -0.177187, 'sharpe': -0.293, 'start': '2024-04-01', 'trades': 25, 'win_rate': 0.24, 'window': 3}, {'end': '2025-06-30', 'max_dd': -0.214541, 'return': 0.398814, 'sharpe': 1.3943, 'start': '2024-11-15', 'trades': 19, 'win_rate': 0.3158, 'window': 4}]}}"
agent/runs/v_Rung4_signalvol_train,v_Rung4_signalvol_train,agent/runs/v_Rung4_signalvol_train/run_card.json,0.9954074649878855,995407.4649878854,5619115.762960047,4619115.762960047,4.619115762960048,-0.3835402092950859,1.5742110338185804,2.6318,2.5953,2.358,0.29523809523809524,105,5.4441996931170795,4.619116,1.5742,14.8,1000000.0,2023-01-01,2025-06-30,1D,auto,daily,"BTC-USDT,SOL-USDT",b473dee3971efdb26ec2369f95c09cbed138288fea5bba2276d144bcbe0e013a,6c1820f52d2220f159c5943a019e9ca1d47828b5f9fbd02a793b04928b7e104b,agent/runs/v_Rung4_signalvol_train/config.json,agent/runs/v_Rung4_signalvol_train/code/signal_engine.py,,"{'bootstrap': {'ci_lower': 0.3462, 'ci_upper': 2.667, 'confidence': 0.95, 'median_sharpe': 1.5564, 'n_bootstrap': 1000, 'observed_sharpe': 1.5759, 'prob_positive': 0.995}, 'monte_carlo': {'actual_max_dd': -0.2861, 'actual_sharpe': 2.1078, 'n_simulations': 1000, 'n_trades': 105, 'p_value_max_dd': 0.274, 'p_value_sharpe': 0.837, 'simulated_sharpe_mean': 2.482, 'simulated_sharpe_p5': 1.6153, 'simulated_sharpe_p95': 3.3191, 'simulated_sharpe_std': 0.9084}, 'walk_forward': {'consistency_rate': 0.5, 'n_windows': 4, 'profitable_windows': 2, 'return_mean': 1.19458, 'return_std': 2.064513, 'sharpe_mean': 1.1855, 'sharpe_std': 1.6885, 'windows': [{'end': '2023-08-16', 'max_dd': -0.363555, 'return': -0.102105, 'sharpe': -0.1712, 'start': '2023-01-01', 'trades': 37, 'win_rate': 0.2703, 'window': 1}, {'end': '2024-03-31', 'max_dd': -0.329441, 'return': 4.766797, 'sharpe': 4.0401, 'start': '2023-08-17', 'trades': 16, 'win_rate': 0.375, 'window': 2}, {'end': '2024-11-14', 'max_dd': -0.345981, 'return': -0.03728, 'sharpe': 0.0536, 'start': '2024-04-01', 'trades': 30, 'win_rate': 0.2667, 'window': 3}, {'end': '2025-06-30', 'max_dd': -0.176235, 'return': 0.150909, 'sharpe': 0.8197, 'start': '2024-11-15', 'trades': 22, 'win_rate': 0.3182, 'window': 4}]}}"
agent/runs/20260630_143522_65_eb0647/audit_runs/trackA_15m_orb,trackA_15m_orb,agent/runs/20260630_143522_65_eb0647/audit_runs/trackA_15m_orb/run_card.json,0.9917778101457613,991777.8101457612,1085485.222442884,85485.222442884,0.08548522244288392,-0.11258035945959069,1.96139985102236,1.697,8.8095,1.7331,0.5625,16,0.4314330120806176,-0.345948,-2.1807,14.7,1000000.0,2026-05-15,2026-06-29,15m,yfinance,,"SOXL.US,SOXX.US,SMH.US,QQQ.US",50071955d23983356f976077ac3af8bc5e878d1b61730ced018c587084408f88,023cbf71a6e6fe0130612d8bdb016d52f7ea411411e0ef7e9c04ceb292079551,agent/runs/20260630_143522_65_eb0647/audit_runs/trackA_15m_orb/config.json,agent/runs/20260630_143522_65_eb0647/audit_runs/trackA_15m_orb/code/signal_engine.py,,
agent/runs/v_Z8_voltarget_train,v_Z8_voltarget_train,agent/runs/v_Z8_voltarget_train/run_card.json,0.9656253190805528,965625.3190805528,5411900.312315706,4411900.312315706,4.411900312315706,-0.37238432283326967,1.621255371100698,2.5317,2.5931,3.0634,0.28846153846153844,104,5.4441996931170795,4.4119,1.6213,14.9,1000000.0,2023-01-01,2025-06-30,1D,auto,daily,"BTC-USDT,SOL-USDT",3034b3571e137ef581976c5f256e304cb334e1806a4585535c10f45001d1c2f4,411c93d76eaea379b82aaedba06107b1d0c2ed9aa79286fa5320a756de63b32f,agent/runs/v_Z8_voltarget_train/config.json,agent/runs/v_Z8_voltarget_train/code/signal_engine.py,,"{'bootstrap': {'ci_lower': 0.3548, 'ci_upper': 2.6884, 'confidence': 0.95, 'median_sharpe': 1.6093, 'n_bootstrap': 1000, 'observed_sharpe': 1.623, 'prob_positive': 0.994}, 'monte_carlo': {'actual_max_dd': -0.2073, 'actual_sharpe': 2.0476, 'n_simulations': 1000, 'n_trades': 104, 'p_value_max_dd': 0.281, 'p_value_sharpe': 0.863, 'simulated_sharpe_mean': 2.5221, 'simulated_sharpe_p5': 1.9091, 'simulated_sharpe_p95': 3.1608, 'simulated_sharpe_std': 0.5061}, 'walk_forward': {'consistency_rate': 0.75, 'n_windows': 4, 'profitable_windows': 3, 'return_mean': 0.894136, 'return_std': 1.387936, 'sharpe_mean': 1.304, 'sharpe_std': 1.4564, 'windows': [{'end': '2023-08-16', 'max_dd': -0.234387, 'return': 0.052847, 'sharpe': 0.4058, 'start': '2023-01-01', 'trades': 36, 'win_rate': 0.2778, 'window': 1}, {'end': '2024-03-31', 'max_dd': -0.322089, 'return': 3.283043, 'sharpe': 3.6249, 'start': '2023-08-17', 'trades': 16, 'win_rate': 0.375, 'window': 2}, {'end': '2024-11-14', 'max_dd': -0.281488, 'return': -0.095612, 'sharpe': -0.2071, 'start': '2024-04-01', 'trades': 29, 'win_rate': 0.2414, 'window': 3}, {'end': '2025-06-30', 'max_dd': -0.147598, 'return': 0.336265, 'sharpe': 1.3923, 'start': '2024-11-15', 'trades': 23, 'win_rate': 0.3043, 'window': 4}]}}"
agent/runs/v_ZA2_notilt_ext_train,v_ZA2_notilt_ext_train,agent/runs/v_ZA2_notilt_ext_train/run_card.json,0.9532064123469994,953206.4123469994,22727890.923273683,21727890.923273683,21.727890923273684,-0.3982674328888967,1.592462155789029,2.2559,2.3934,2.6711,0.33507853403141363,191,46.884211,-25.15632,-0.4697,15.5,1000000.0,2020-11-01,2025-06-30,1D,okx,daily,"BTC-USDT,SOL-USDT",47aa1ec392858879a655e3fac0c038e3fdabaffc0b2792b702b1ac4aa540f1c1,d1debc0662cdf52dc67b38686a8a36c55c64f54ce2c02c7c75e530edc3ea16c6,agent/runs/v_ZA2_notilt_ext_train/config.json,agent/runs/v_ZA2_notilt_ext_train/code/signal_engine.py,,"{'bootstrap': {'ci_lower': 0.7541, 'ci_upper': 2.3787, 'confidence': 0.95, 'median_sharpe': 1.59, 'n_bootstrap': 1000, 'observed_sharpe': 1.5934, 'prob_positive': 1.0}, 'monte_carlo': {'actual_max_dd': -0.249, 'actual_sharpe': 2.7641, 'n_simulations': 1000, 'n_trades': 191, 'p_value_max_dd': 0.12, 'p_value_sharpe': 0.124, 'simulated_sharpe_mean': 1.507, 'simulated_sharpe_p5': -1.3905, 'simulated_sharpe_p95': 2.9475, 'simulated_sharpe_std': 1.3668}, 'walk_forward': {'consistency_rate': 0.8333, 'n_windows': 6, 'profitable_windows': 5, 'return_mean': 1.070881, 'return_std': 1.543378, 'sharpe_mean': 1.421, 'sharpe_std': 1.1899, 'windows': [{'end': '2021-08-10', 'max_dd': -0.398267, 'return': 4.405073, 'sharpe': 2.8952, 'start': '2020-11-01', 'trades': 27, 'win_rate': 0.4444, 'window': 1}, {'end': '2022-05-20', 'max_dd': -0.224907, 'return': 0.326653, 'sharpe': 1.3078, 'start': '2021-08-11', 'trades': 31, 'win_rate': 0.3871, 'window': 2}, {'end': '2023-02-27', 'max_dd': -0.277298, 'return': -0.116777, 'sharpe': -0.5908, 'start': '2022-05-21', 'trades': 32, 'win_rate': 0.4062, 'window': 3}, {'end': '2023-12-07', 'max_dd': -0.235995, 'return': 1.168927, 'sharpe': 2.6068, 'start': '2023-02-28', 'trades': 40, 'win_rate': 0.225, 'window': 4}, {'end': '2024-09-15', 'max_dd': -0.3021, 'return': 0.126135, 'sharpe': 0.5569, 'start': '2023-12-08', 'trades': 29, 'win_rate': 0.2414, 'window': 5}, {'end': '2025-06-30', 'max_dd': -0.136337, 'return': 0.515274, 'sharpe': 1.7504, 'start': '2024-09-16', 'trades': 32, 'win_rate': 0.3438, 'window': 6}]}}"
agent/runs/v_Z8vol45_train,v_Z8vol45_train,agent/runs/v_Z8vol45_train/run_card.json,0.9531716833877726,953171.6833877725,5326632.981858879,4326632.981858879,4.32663298185888,-0.3879061306681964,1.5756642557396328,2.4587,2.4572,2.8565,0.29411764705882354,102,5.4441996931170795,4.326633,1.5757,15.0,1000000.0,2023-01-01,2025-06-30,1D,auto,daily,"BTC-USDT,SOL-USDT",cd9fb17d5238659e3e45933256e39c6487eb70c9f3a6786edff88c8429ea6c2a,411c93d76eaea379b82aaedba06107b1d0c2ed9aa79286fa5320a756de63b32f,agent/runs/v_Z8vol45_train/config.json,agent/runs/v_Z8vol45_train/code/signal_engine.py,,"{'bootstrap': {'ci_lower': 0.2814, 'ci_upper': 2.6347, 'confidence': 0.95, 'median_sharpe': 1.5623, 'n_bootstrap': 1000, 'observed_sharpe': 1.5774, 'prob_positive': 0.994}, 'monte_carlo': {'actual_max_dd': -0.2265, 'actual_sharpe': 2.0629, 'n_simulations': 1000, 'n_trades': 102, 'p_value_max_dd': 0.285, 'p_value_sharpe': 0.87, 'simulated_sharpe_mean': 2.5488, 'simulated_sharpe_p5': 1.9277, 'simulated_sharpe_p95': 3.1953, 'simulated_sharpe_std': 0.5497}, 'walk_forward': {'consistency_rate': 0.75, 'n_windows': 4, 'profitable_windows': 3, 'return_mean': 0.897161, 'return_std': 1.400899, 'sharpe_mean': 1.2791, 'sharpe_std': 1.4643, 'windows': [{'end': '2023-08-16', 'max_dd': -0.239797, 'return': 0.045407, 'sharpe': 0.3737, 'start': '2023-01-01', 'trades': 36, 'win_rate': 0.2778, 'window': 1}, {'end': '2024-03-31', 'max_dd': -0.341434, 'return': 3.305301, 'sharpe': 3.587, 'start': '2023-08-17', 'trades': 16, 'win_rate': 0.375, 'window': 2}, {'end': '2024-11-14', 'max_dd': -0.297091, 'return': -0.120073, 'sharpe': -0.2727, 'start': '2024-04-01', 'trades': 29, 'win_rate': 0.2414, 'window': 3}, {'end': '2025-06-30', 'max_dd': -0.158148, 'return': 0.35801, 'sharpe': 1.4284, 'start': '2024-11-15', 'trades': 21, 'win_rate': 0.3333, 'window': 4}]}}"
agent/runs/v_Z4_extended_train,v_Z4_extended_train,agent/runs/v_Z4_extended_train/run_card.json,0.9477170310066867,947717.0310066867,22431394.902372602,21431394.902372602,21.431394902372602,-0.4073751447792755,1.587757332151884,2.2489,2.3264,2.6731,0.33507853403141363,191,46.884211,-25.452816,-0.4777,15.5,1000000.0,2020-11-01,2025-06-30,1D,okx,daily,"BTC-USDT,SOL-USDT",87236a504a7c3f24014d65015f04edce21c71b81282a0bfcc5def135aa625690,d1debc0662cdf52dc67b38686a8a36c55c64f54ce2c02c7c75e530edc3ea16c6,agent/runs/v_Z4_extended_train/config.json,agent/runs/v_Z4_extended_train/code/signal_engine.py,,"{'bootstrap': {'ci_lower': 0.7486, 'ci_upper': 2.3651, 'confidence': 0.95, 'median_sharpe': 1.5819, 'n_bootstrap': 1000, 'observed_sharpe': 1.5887, 'prob_positive': 1.0}, 'monte_carlo': {'actual_max_dd': -0.2451, 'actual_sharpe': 2.7557, 'n_simulations': 1000, 'n_trades': 191, 'p_value_max_dd': 0.111, 'p_value_sharpe': 0.132, 'simulated_sharpe_mean': 1.5411, 'simulated_sharpe_p5': -1.3826, 'simulated_sharpe_p95': 2.9439, 'simulated_sharpe_std': 1.3365}, 'walk_forward': {'consistency_rate': 0.8333, 'n_windows': 6, 'profitable_windows': 5, 'return_mean': 1.057885, 'return_std': 1.509268, 'sharpe_mean': 1.4175, 'sharpe_std': 1.2012, 'windows': [{'end': '2021-08-10', 'max_dd': -0.407375, 'return': 4.306812, 'sharpe': 2.8692, 'start': '2020-11-01', 'trades': 27, 'win_rate': 0.4444, 'window': 1}, {'end': '2022-05-20', 'max_dd': -0.223917, 'return': 0.327141, 'sharpe': 1.318, 'start': '2021-08-11', 'trades': 31, 'win_rate': 0.3871, 'window': 2}, {'end': '2023-02-27', 'max_dd': -0.282493, 'return': -0.123126, 'sharpe': -0.6303, 'start': '2022-05-21', 'trades': 32, 'win_rate': 0.4062, 'window': 3}, {'end': '2023-12-07', 'max_dd': -0.226116, 'return': 1.196974, 'sharpe': 2.6436, 'start': '2023-02-28', 'trades': 40, 'win_rate': 0.225, 'window': 4}, {'end': '2024-09-15', 'max_dd': -0.3021, 'return': 0.127369, 'sharpe': 0.5599, 'start': '2023-12-08', 'trades': 29, 'win_rate': 0.2414, 'window': 5}, {'end': '2025-06-30', 'max_dd': -0.136337, 'return': 0.51214, 'sharpe': 1.7446, 'start': '2024-09-16', 'trades': 32, 'win_rate': 0.3438, 'window': 6}]}}"
agent/runs/v_Z8vol55_train,v_Z8vol55_train,agent/runs/v_Z8vol55_train/run_card.json,0.9467520992815246,946752.0992815245,5282996.381986485,4282996.381986485,4.282996381986485,-0.39127984378278674,1.5502493901748249,2.4147,2.4196,2.7498,0.29411764705882354,102,5.4441996931170795,4.282996,1.5502,15.0,1000000.0,2023-01-01,2025-06-30,1D,auto,daily,"BTC-USDT,SOL-USDT",096c0937c10fbcb758fa0c4b13d9e75e7826f7ab0c32fcd12e79a45207d3fe82,411c93d76eaea379b82aaedba06107b1d0c2ed9aa79286fa5320a756de63b32f,agent/runs/v_Z8vol55_train/config.json,agent/runs/v_Z8vol55_train/code/signal_engine.py,,"{'bootstrap': {'ci_lower': 0.2591, 'ci_upper': 2.615, 'confidence': 0.95, 'median_sharpe': 1.5414, 'n_bootstrap': 1000, 'observed_sharpe': 1.552, 'prob_positive': 0.994}, 'monte_carlo': {'actual_max_dd': -0.2442, 'actual_sharpe': 2.061, 'n_simulations': 1000, 'n_trades': 102, 'p_value_max_dd': 0.293, 'p_value_sharpe': 0.863, 'simulated_sharpe_mean': 2.5176, 'simulated_sharpe_p5': 1.8902, 'simulated_sharpe_p95': 3.1955, 'simulated_sharpe_std': 0.6467}, 'walk_forward': {'consistency_rate': 0.75, 'n_windows': 4, 'profitable_windows': 3, 'return_mean': 0.915663, 'return_std': 1.447217, 'sharpe_mean': 1.2595, 'sharpe_std': 1.4953, 'windows': [{'end': '2023-08-16', 'max_dd': -0.245725, 'return': 0.037255, 'sharpe': 0.3417, 'start': '2023-01-01', 'trades': 36, 'win_rate': 0.2778, 'window': 1}, {'end': '2024-03-31', 'max_dd': -0.348557, 'return': 3.402457, 'sharpe': 3.6013, 'start': '2023-08-17', 'trades': 16, 'win_rate': 0.375, 'window': 2}, {'end': '2024-11-14', 'max_dd': -0.30861, 'return': -0.142054, 'sharpe': -0.3479, 'start': '2024-04-01', 'trades': 29, 'win_rate': 0.2414, 'window': 3}, {'end': '2025-06-30', 'max_dd': -0.160681, 'return': 0.364994, 'sharpe': 1.443, 'start': '2024-11-15', 'trades': 21, 'win_rate': 0.3333, 'window': 4}]}}"
agent/runs/v_Z1_disagreescalar_train,v_Z1_disagreescalar_train,agent/runs/v_Z1_disagreescalar_train/run_card.json,0.9127424245867533,912742.4245867532,5055398.505686417,4055398.505686417,4.0553985056864175,-0.4428622197475782,1.452969527226664,2.2282,2.061,2.5174,0.2857142857142857,91,5.4441996931170795,4.055399,1.453,13.9,1000000.0,2023-01-01,2025-06-30,1D,auto,daily,"BTC-USDT,SOL-USDT",19a550188955af6157b4242172c0fd8f3c27e11272aeb65f03fdd54ecc476ae3,411c93d76eaea379b82aaedba06107b1d0c2ed9aa79286fa5320a756de63b32f,agent/runs/v_Z1_disagreescalar_train/config.json,agent/runs/v_Z1_disagreescalar_train/code/signal_engine.py,,"{'bootstrap': {'ci_lower': 0.1758, 'ci_upper': 2.5592, 'confidence': 0.95, 'median_sharpe': 1.4404, 'n_bootstrap': 1000, 'observed_sharpe': 1.4546, 'prob_positive': 0.989}, 'monte_carlo': {'actual_max_dd': -0.3059, 'actual_sharpe': 2.1299, 'n_simulations': 1000, 'n_trades': 91, 'p_value_max_dd': 0.362, 'p_value_sharpe': 0.841, 'simulated_sharpe_mean': 2.5094, 'simulated_sharpe_p5': 1.9135, 'simulated_sharpe_p95': 3.2381, 'simulated_sharpe_std': 0.7674}, 'walk_forward': {'consistency_rate': 0.75, 'n_windows': 4, 'profitable_windows': 3, 'return_mean': 0.848456, 'return_std': 1.357588, 'sharpe_mean': 1.1652, 'sharpe_std': 1.4159, 'windows': [{'end': '2023-08-16', 'max_dd': -0.267622, 'return': 0.045439, 'sharpe': 0.3773, 'start': '2023-01-01', 'trades': 34, 'win_rate': 0.2647, 'window': 1}, {'end': '2024-03-31', 'max_dd': -0.354751, 'return': 3.175135, 'sharpe': 3.3287, 'start': '2023-08-17', 'trades': 13, 'win_rate': 0.3846, 'window': 2}, {'end': '2024-11-14', 'max_dd': -0.360675, 'return': -0.190088, 'sharpe': -0.4638, 'start': '2024-04-01', 'trades': 25, 'win_rate': 0.24, 'window': 3}, {'end': '2025-06-30', 'max_dd': -0.159444, 'return': 0.363338, 'sharpe': 1.4187, 'start': '2024-11-15', 'trades': 19, 'win_rate': 0.3158, 'window': 4}]}}"
agent/runs/v_Z8_extended_train,v_Z8_extended_train,agent/runs/v_Z8_extended_train/run_card.json,0.9117103523736174,911710.3523736175,20561087.883887254,19561087.883887254,19.561087883887254,-0.37238432407696137,1.5403597701319947,2.1488,2.4483,2.7018,0.3351063829787234,188,46.884211,-27.323123,-0.4865,15.7,1000000.0,2020-11-01,2025-06-30,1D,okx,daily,"BTC-USDT,SOL-USDT",3034b3571e137ef581976c5f256e304cb334e1806a4585535c10f45001d1c2f4,d1debc0662cdf52dc67b38686a8a36c55c64f54ce2c02c7c75e530edc3ea16c6,agent/runs/v_Z8_extended_train/config.json,agent/runs/v_Z8_extended_train/code/signal_engine.py,,"{'bootstrap': {'ci_lower': 0.6723, 'ci_upper': 2.3324, 'confidence': 0.95, 'median_sharpe': 1.5342, 'n_bootstrap': 1000, 'observed_sharpe': 1.5413, 'prob_positive': 1.0}, 'monte_carlo': {'actual_max_dd': -0.2655, 'actual_sharpe': 2.3143, 'n_simulations': 1000, 'n_trades': 188, 'p_value_max_dd': 0.116, 'p_value_sharpe': 0.277, 'simulated_sharpe_mean': 1.4278, 'simulated_sharpe_p5': -1.4166, 'simulated_sharpe_p95': 2.7993, 'simulated_sharpe_std': 1.3131}, 'walk_forward': {'consistency_rate': 0.8333, 'n_windows': 6, 'profitable_windows': 5, 'return_mean': 0.941286, 'return_std': 1.206578, 'sharpe_mean': 1.3606, 'sharpe_std': 1.0535, 'windows': [{'end': '2021-08-10', 'max_dd': -0.339293, 'return': 3.382659, 'sharpe': 2.7834, 'start': '2020-11-01', 'trades': 27, 'win_rate': 0.4444, 'window': 1}, {'end': '2022-05-20', 'max_dd': -0.209909, 'return': 0.20963, 'sharpe': 1.0608, 'start': '2021-08-11', 'trades': 31, 'win_rate': 0.3871, 'window': 2}, {'end': '2023-02-27', 'max_dd': -0.260179, 'return': -0.067006, 'sharpe': -0.2529, 'start': '2022-05-21', 'trades': 32, 'win_rate': 0.4062, 'window': 3}, {'end': '2023-12-07', 'max_dd': -0.320587, 'return': 1.526318, 'sharpe': 2.4997, 'start': '2023-02-28', 'trades': 39, 'win_rate': 0.2308, 'window': 4}, {'end': '2024-09-15', 'max_dd': -0.323995, 'return': 0.135333, 'sharpe': 0.5703, 'start': '2023-12-08', 'trades': 28, 'win_rate': 0.2143, 'window': 5}, {'end': '2025-06-30', 'max_dd': -0.147598, 'return': 0.46078, 'sharpe': 1.5022, 'start': '2024-09-16', 'trades': 31, 'win_rate': 0.3548, 'window': 6}]}}"
agent/runs/v_Z0_control_train,v_Z0_control_train,agent/runs/v_Z0_control_train/run_card.json,0.8997962302547831,899796.2302547831,4970336.171638306,3970336.171638306,3.970336171638306,-0.44408738985839474,1.444678223842526,2.2275,2.0262,2.431,0.2903225806451613,93,5.4441996931170795,3.970336,1.4447,13.9,1000000.0,2023-01-01,2025-06-30,1D,auto,daily,"BTC-USDT,SOL-USDT",c7c24b1a1af26d49f04dea2478614cfbe73b5b776a84e292576afc160192278b,411c93d76eaea379b82aaedba06107b1d0c2ed9aa79286fa5320a756de63b32f,agent/runs/v_Z0_control_train/config.json,agent/runs/v_Z0_control_train/code/signal_engine.py,,"{'bootstrap': {'ci_lower': 0.1427, 'ci_upper': 2.5559, 'confidence': 0.95, 'median_sharpe': 1.4304, 'n_bootstrap': 1000, 'observed_sharpe': 1.4463, 'prob_positive': 0.987}, 'monte_carlo': {'actual_max_dd': -0.3074, 'actual_sharpe': 2.0965, 'n_simulations': 1000, 'n_trades': 93, 'p_value_max_dd': 0.354, 'p_value_sharpe': 0.825, 'simulated_sharpe_mean': 2.4034, 'simulated_sharpe_p5': 1.5579, 'simulated_sharpe_p95': 3.1837, 'simulated_sharpe_std': 0.8866}, 'walk_forward': {'consistency_rate': 0.75, 'n_windows': 4, 'profitable_windows': 3, 'return_mean': 0.932321, 'return_std': 1.527109, 'sharpe_mean': 1.1813, 'sharpe_std': 1.5062, 'windows': [{'end': '2023-08-16', 'max_dd': -0.27907, 'return': 0.029098, 'sharpe': 0.3186, 'start': '2023-01-01', 'trades': 36, 'win_rate': 0.2778, 'window': 1}, {'end': '2024-03-31', 'max_dd': -0.354751, 'return': 3.55746, 'sharpe': 3.5439, 'start': '2023-08-17', 'trades': 13, 'win_rate': 0.3846, 'window': 2}, {'end': '2024-11-14', 'max_dd': -0.360675, 'return': -0.191869, 'sharpe': -0.4695, 'start': '2024-04-01', 'trades': 25, 'win_rate': 0.24, 'window': 3}, {'end': '2025-06-30', 'max_dd': -0.16778, 'return': 0.334595, 'sharpe': 1.3323, 'start': '2024-11-15', 'trades': 19, 'win_rate': 0.3158, 'window': 4}]}}"
agent/runs/v_ZC1_oidamp_ext_train,v_ZC1_oidamp_ext_train,agent/runs/v_ZC1_oidamp_ext_train/run_card.json,0.8912233460700754,891223.3460700754,19553016.276930757,18553016.276930757,18.553016276930755,-0.4073751447792755,1.566516442801696,2.1907,2.1877,2.7359,0.33507853403141363,191,46.884211,-28.331194,-0.5352,15.5,1000000.0,2020-11-01,2025-06-30,1D,okx,daily,"BTC-USDT,SOL-USDT",24e515d7ca86cf278378e270d587a4f93b39150a72e9c0f974b3f3f1bf5767de,d1debc0662cdf52dc67b38686a8a36c55c64f54ce2c02c7c75e530edc3ea16c6,agent/runs/v_ZC1_oidamp_ext_train/config.json,agent/runs/v_ZC1_oidamp_ext_train/code/signal_engine.py,,"{'bootstrap': {'ci_lower': 0.7196, 'ci_upper': 2.3622, 'confidence': 0.95, 'median_sharpe': 1.5567, 'n_bootstrap': 1000, 'observed_sharpe': 1.5674, 'prob_positive': 0.999}, 'monte_carlo': {'actual_max_dd': -0.2451, 'actual_sharpe': 2.6705, 'n_simulations': 1000, 'n_trades': 191, 'p_value_max_dd': 0.138, 'p_value_sharpe': 0.184, 'simulated_sharpe_mean': 1.7375, 'simulated_sharpe_p5': -1.3274, 'simulated_sharpe_p95': 2.9789, 'simulated_sharpe_std': 1.219}, 'walk_forward': {'consistency_rate': 0.8333, 'n_windows': 6, 'profitable_windows': 5, 'return_mean': 1.022235, 'return_std': 1.523748, 'sharpe_mean': 1.3837, 'sharpe_std': 1.1839, 'windows': [{'end': '2021-08-10', 'max_dd': -0.407375, 'return': 4.306812, 'sharpe': 2.8692, 'start': '2020-11-01', 'trades': 27, 'win_rate': 0.4444, 'window': 1}, {'end': '2022-05-20', 'max_dd': -0.223917, 'return': 0.327141, 'sharpe': 1.318, 'start': '2021-08-11', 'trades': 31, 'win_rate': 0.3871, 'window': 2}, {'end': '2023-02-27', 'max_dd': -0.282493, 'return': -0.123126, 'sharpe': -0.6303, 'start': '2022-05-21', 'trades': 32, 'win_rate': 0.4062, 'window': 3}, {'end': '2023-12-07', 'max_dd': -0.226116, 'return': 1.196974, 'sharpe': 2.6436, 'start': '2023-02-28', 'trades': 40, 'win_rate': 0.225, 'window': 4}, {'end': '2024-09-15', 'max_dd': -0.3021, 'return': 0.155807, 'sharpe': 0.6425, 'start': '2023-12-08', 'trades': 29, 'win_rate': 0.2414, 'window': 5}, {'end': '2025-06-30', 'max_dd': -0.133706, 'return': 0.269801, 'sharpe': 1.459, 'start': '2024-09-16', 'trades': 32, 'win_rate': 0.3438, 'window': 6}]}}"
agent/runs/v_Z17_funding_confirm_train,v_Z17_funding_confirm_train,agent/runs/v_Z17_funding_confirm_train/run_card.json,0.8519791034344579,851979.1034344579,4663624.556189692,3663624.5561896916,3.663624556189692,-0.3328570522788773,1.641867836612861,2.5342,2.5596,3.1611,0.2897196261682243,107,5.4441996931170795,3.663625,1.6419,14.6,1000000.0,2023-01-01,2025-06-30,1D,auto,daily,"BTC-USDT,SOL-USDT",12065120b13f62194aa9024ce5ddebb815620081e7f57c49497615e52d6b2d51,411c93d76eaea379b82aaedba06107b1d0c2ed9aa79286fa5320a756de63b32f,agent/runs/v_Z17_funding_confirm_train/config.json,agent/runs/v_Z17_funding_confirm_train/code/signal_engine.py,,"{'bootstrap': {'ci_lower': 0.3708, 'ci_upper': 2.7006, 'confidence': 0.95, 'median_sharpe': 1.6238, 'n_bootstrap': 1000, 'observed_sharpe': 1.6437, 'prob_positive': 0.997}, 'monte_carlo': {'actual_max_dd': -0.1891, 'actual_sharpe': 2.2775, 'n_simulations': 1000, 'n_trades': 107, 'p_value_max_dd': 0.359, 'p_value_sharpe': 0.809, 'simulated_sharpe_mean': 2.7662, 'simulated_sharpe_p5': 2.0674, 'simulated_sharpe_p95': 3.4276, 'simulated_sharpe_std': 0.4638}, 'walk_forward': {'consistency_rate': 0.75, 'n_windows': 4, 'profitable_windows': 3, 'return_mean': 0.67951, 'return_std': 0.972756, 'sharpe_mean': 1.3852, 'sharpe_std': 1.298, 'windows': [{'end': '2023-08-16', 'max_dd': -0.21189, 'return': 0.080568, 'sharpe': 0.5261, 'start': '2023-01-01', 'trades': 37, 'win_rate': 0.2703, 'window': 1}, {'end': '2024-03-31', 'max_dd': -0.3021, 'return': 2.354354, 'sharpe': 3.5057, 'start': '2023-08-17', 'trades': 16, 'win_rate': 0.375, 'window': 2}, {'end': '2024-11-14', 'max_dd': -0.24539, 'return': -0.004038, 'sharpe': 0.1591, 'start': '2024-04-01', 'trades': 31, 'win_rate': 0.2581, 'window': 3}, {'end': '2025-06-30', 'max_dd': -0.13673, 'return': 0.287155, 'sharpe': 1.3498, 'start': '2024-11-15', 'trades': 23, 'win_rate': 0.3043, 'window': 4}]}}"
agent/runs/v_Z16_ema_ensemble_train,v_Z16_ema_ensemble_train,agent/runs/v_Z16_ema_ensemble_train/run_card.json,0.8487462038852089,848746.2038852089,4643309.716379354,3643309.716379354,3.6433097163793535,-0.32962898833927806,1.6361835166675391,2.5297,2.5749,3.1566,0.27522935779816515,109,5.4441996931170795,3.64331,1.6362,14.3,1000000.0,2023-01-01,2025-06-30,1D,auto,daily,"BTC-USDT,SOL-USDT",1315858ef1184d67e8af6de5fbc66fee6b7c812ac02f82a92c36970f720d092b,411c93d76eaea379b82aaedba06107b1d0c2ed9aa79286fa5320a756de63b32f,agent/runs/v_Z16_ema_ensemble_train/config.json,agent/runs/v_Z16_ema_ensemble_train/code/signal_engine.py,,"{'bootstrap': {'ci_lower': 0.3596, 'ci_upper': 2.7126, 'confidence': 0.95, 'median_sharpe': 1.633, 'n_bootstrap': 1000, 'observed_sharpe': 1.638, 'prob_positive': 0.998}, 'monte_carlo': {'actual_max_dd': -0.1855, 'actual_sharpe': 2.2523, 'n_simulations': 1000, 'n_trades': 109, 'p_value_max_dd': 0.337, 'p_value_sharpe': 0.81, 'simulated_sharpe_mean': 2.7451, 'simulated_sharpe_p5': 2.0423, 'simulated_sharpe_p95': 3.3513, 'simulated_sharpe_std': 0.4398}, 'walk_forward': {'consistency_rate': 1.0, 'n_windows': 4, 'profitable_windows': 4, 'return_mean': 0.677748, 'return_std': 0.97336, 'sharpe_mean': 1.3833, 'sharpe_std': 1.2925, 'windows': [{'end': '2023-08-16', 'max_dd': -0.209699, 'return': 0.083571, 'sharpe': 0.5332, 'start': '2023-01-01', 'trades': 38, 'win_rate': 0.2368, 'window': 1}, {'end': '2024-03-31', 'max_dd': -0.3021, 'return': 2.35507, 'sharpe': 3.5063, 'start': '2023-08-17', 'trades': 16, 'win_rate': 0.375, 'window': 2}, {'end': '2024-11-14', 'max_dd': -0.242278, 'return': 0.000783, 'sharpe': 0.1803, 'start': '2024-04-01', 'trades': 31, 'win_rate': 0.2581, 'window': 3}, {'end': '2025-06-30', 'max_dd': -0.136337, 'return': 0.271568, 'sharpe': 1.3132, 'start': '2024-11-15', 'trades': 24, 'win_rate': 0.2917, 'window': 4}]}}"
agent/runs/v_Z4_chopfreq_train,v_Z4_chopfreq_train,agent/runs/v_Z4_chopfreq_train/run_card.json,0.8473190539711535,847319.0539711535,4634358.73457531,3634358.73457531,3.6343587345753097,-0.3296289890812771,1.6408630118201295,2.5266,2.5705,3.1585,0.2897196261682243,107,5.4441996931170795,3.634359,1.6409,14.6,1000000.0,2023-01-01,2025-06-30,1D,auto,daily,"BTC-USDT,SOL-USDT",87236a504a7c3f24014d65015f04edce21c71b81282a0bfcc5def135aa625690,411c93d76eaea379b82aaedba06107b1d0c2ed9aa79286fa5320a756de63b32f,agent/runs/v_Z4_chopfreq_train/config.json,agent/runs/v_Z4_chopfreq_train/code/signal_engine.py,,"{'bootstrap': {'ci_lower': 0.3638, 'ci_upper': 2.6884, 'confidence': 0.95, 'median_sharpe': 1.6203, 'n_bootstrap': 1000, 'observed_sharpe': 1.6427, 'prob_positive': 0.997}, 'monte_carlo': {'actual_max_dd': -0.1855, 'actual_sharpe': 2.2708, 'n_simulations': 1000, 'n_trades': 107, 'p_value_max_dd': 0.347, 'p_value_sharpe': 0.806, 'simulated_sharpe_mean': 2.7474, 'simulated_sharpe_p5': 2.061, 'simulated_sharpe_p95': 3.399, 'simulated_sharpe_std': 0.4609}, 'walk_forward': {'consistency_rate': 1.0, 'n_windows': 4, 'profitable_windows': 4, 'return_mean': 0.677267, 'return_std': 0.973708, 'sharpe_mean': 1.3824, 'sharpe_std': 1.2936, 'windows': [{'end': '2023-08-16', 'max_dd': -0.211901, 'return': 0.080552, 'sharpe': 0.5261, 'start': '2023-01-01', 'trades': 37, 'win_rate': 0.2703, 'window': 1}, {'end': '2024-03-31', 'max_dd': -0.3021, 'return': 2.35507, 'sharpe': 3.5063, 'start': '2023-08-17', 'trades': 16, 'win_rate': 0.375, 'window': 2}, {'end': '2024-11-14', 'max_dd': -0.242278, 'return': 0.000783, 'sharpe': 0.1803, 'start': '2024-04-01', 'trades': 31, 'win_rate': 0.2581, 'window': 3}, {'end': '2025-06-30', 'max_dd': -0.136337, 'return': 0.272663, 'sharpe': 1.3171, 'start': '2024-11-15', 'trades': 23, 'win_rate': 0.3043, 'window': 4}]}}"
agent/runs/v_Z4_resize_control_train,v_Z4_resize_control_train,agent/runs/v_Z4_resize_control_train/run_card.json,0.8473190539711535,847319.0539711535,4634358.73457531,3634358.73457531,3.6343587345753097,-0.3296289890812771,1.6408630118201295,2.5266,2.5705,3.1585,0.2897196261682243,107,5.4441996931170795,3.634359,1.6409,14.6,1000000.0,2023-01-01,2025-06-30,1D,auto,daily,"BTC-USDT,SOL-USDT",87236a504a7c3f24014d65015f04edce21c71b81282a0bfcc5def135aa625690,5680595d753976610de949c37f0568d5ff7e7db3a1f2b2545ab303b52a99c7f6,agent/runs/v_Z4_resize_control_train/config.json,agent/runs/v_Z4_resize_control_train/code/signal_engine.py,,"{'bootstrap': {'ci_lower': 0.3638, 'ci_upper': 2.6884, 'confidence': 0.95, 'median_sharpe': 1.6203, 'n_bootstrap': 1000, 'observed_sharpe': 1.6427, 'prob_positive': 0.997}, 'monte_carlo': {'actual_max_dd': -0.1855, 'actual_sharpe': 2.2708, 'n_simulations': 1000, 'n_trades': 107, 'p_value_max_dd': 0.347, 'p_value_sharpe': 0.806, 'simulated_sharpe_mean': 2.7474, 'simulated_sharpe_p5': 2.061, 'simulated_sharpe_p95': 3.399, 'simulated_sharpe_std': 0.4609}, 'walk_forward': {'consistency_rate': 1.0, 'n_windows': 4, 'profitable_windows': 4, 'return_mean': 0.677267, 'return_std': 0.973708, 'sharpe_mean': 1.3824, 'sharpe_std': 1.2936, 'windows': [{'end': '2023-08-16', 'max_dd': -0.211901, 'return': 0.080552, 'sharpe': 0.5261, 'start': '2023-01-01', 'trades': 37, 'win_rate': 0.2703, 'window': 1}, {'end': '2024-03-31', 'max_dd': -0.3021, 'return': 2.35507, 'sharpe': 3.5063, 'start': '2023-08-17', 'trades': 16, 'win_rate': 0.375, 'window': 2}, {'end': '2024-11-14', 'max_dd': -0.242278, 'return': 0.000783, 'sharpe': 0.1803, 'start': '2024-04-01', 'trades': 31, 'win_rate': 0.2581, 'window': 3}, {'end': '2025-06-30', 'max_dd': -0.136337, 'return': 0.272663, 'sharpe': 1.3171, 'start': '2024-11-15', 'trades': 23, 'win_rate': 0.3043, 'window': 4}]}}"
agent/runs/v_Z18_realoptimizer_train,v_Z18_realoptimizer_train,agent/runs/v_Z18_realoptimizer_train/run_card.json,0.8473153058574343,847315.3058574343,4634335.240313102,3634335.2403131016,3.634335240313102,-0.3296308895418525,1.6408583085118769,2.5266,2.5705,3.1585,0.2897196261682243,107,5.4441996931170795,3.634335,1.6409,14.6,1000000.0,2023-01-01,2025-06-30,1D,auto,daily,"BTC-USDT,SOL-USDT",63eb35ee8e7581441bea80c5f78ab9078d887f69fe6e23cba61b9a4ea5d4e689,411c93d76eaea379b82aaedba06107b1d0c2ed9aa79286fa5320a756de63b32f,agent/runs/v_Z18_realoptimizer_train/config.json,agent/runs/v_Z18_realoptimizer_train/code/signal_engine.py,,"{'bootstrap': {'ci_lower': 0.3638, 'ci_upper': 2.6884, 'confidence': 0.95, 'median_sharpe': 1.6203, 'n_bootstrap': 1000, 'observed_sharpe': 1.6427, 'prob_positive': 0.997}, 'monte_carlo': {'actual_max_dd': -0.1855, 'actual_sharpe': 2.2708, 'n_simulations': 1000, 'n_trades': 107, 'p_value_max_dd': 0.347, 'p_value_sharpe': 0.806, 'simulated_sharpe_mean': 2.7474, 'simulated_sharpe_p5': 2.061, 'simulated_sharpe_p95': 3.399, 'simulated_sharpe_std': 0.4609}, 'walk_forward': {'consistency_rate': 1.0, 'n_windows': 4, 'profitable_windows': 4, 'return_mean': 0.677263, 'return_std': 0.9737, 'sharpe_mean': 1.3824, 'sharpe_std': 1.2936, 'windows': [{'end': '2023-08-16', 'max_dd': -0.211901, 'return': 0.080552, 'sharpe': 0.5261, 'start': '2023-01-01', 'trades': 37, 'win_rate': 0.2703, 'window': 1}, {'end': '2024-03-31', 'max_dd': -0.302101, 'return': 2.355053, 'sharpe': 3.5063, 'start': '2023-08-17', 'trades': 16, 'win_rate': 0.375, 'window': 2}, {'end': '2024-11-14', 'max_dd': -0.242278, 'return': 0.000784, 'sharpe': 0.1803, 'start': '2024-04-01', 'trades': 31, 'win_rate': 0.2581, 'window': 3}, {'end': '2025-06-30', 'max_dd': -0.136337, 'return': 0.272662, 'sharpe': 1.3171, 'start': '2024-11-15', 'trades': 23, 'win_rate': 0.3043, 'window': 4}]}}"
agent/runs/v_Z19_onchain_dampen_train,v_Z19_onchain_dampen_train,agent/runs/v_Z19_onchain_dampen_train/run_card.json,0.8408683473426133,840868.3473426133,4594029.514749777,3594029.5147497766,3.594029514749777,-0.3321338902787619,1.6556645582071765,2.5915,2.5317,3.1322,0.2897196261682243,107,5.4441996931170795,3.59403,1.6557,14.6,1000000.0,2023-01-01,2025-06-30,1D,auto,daily,"BTC-USDT,SOL-USDT",922278cd006469d0c4ef73a4ffb19fe43d349b3e2e7f847e7c5f23b7ed958362,411c93d76eaea379b82aaedba06107b1d0c2ed9aa79286fa5320a756de63b32f,agent/runs/v_Z19_onchain_dampen_train/config.json,agent/runs/v_Z19_onchain_dampen_train/code/signal_engine.py,,"{'bootstrap': {'ci_lower': 0.3775, 'ci_upper': 2.6966, 'confidence': 0.95, 'median_sharpe': 1.6468, 'n_bootstrap': 1000, 'observed_sharpe': 1.6575, 'prob_positive': 0.998}, 'monte_carlo': {'actual_max_dd': -0.1886, 'actual_sharpe': 2.2649, 'n_simulations': 1000, 'n_trades': 107, 'p_value_max_dd': 0.349, 'p_value_sharpe': 0.807, 'simulated_sharpe_mean': 2.7275, 'simulated_sharpe_p5': 2.0509, 'simulated_sharpe_p95': 3.3746, 'simulated_sharpe_std': 0.4569}, 'walk_forward': {'consistency_rate': 0.75, 'n_windows': 4, 'profitable_windows': 3, 'return_mean': 0.674929, 'return_std': 0.975961, 'sharpe_mean': 1.3778, 'sharpe_std': 1.2956, 'windows': [{'end': '2023-08-16', 'max_dd': -0.202501, 'return': 0.084532, 'sharpe': 0.5555, 'start': '2023-01-01', 'trades': 37, 'win_rate': 0.2703, 'window': 1}, {'end': '2024-03-31', 'max_dd': -0.3021, 'return': 2.357315, 'sharpe': 3.5082, 'start': '2023-08-17', 'trades': 16, 'win_rate': 0.375, 'window': 2}, {'end': '2024-11-14', 'max_dd': -0.231688, 'return': -0.002957, 'sharpe': 0.1563, 'start': '2024-04-01', 'trades': 31, 'win_rate': 0.2581, 'window': 3}, {'end': '2025-06-30', 'max_dd': -0.136337, 'return': 0.260828, 'sharpe': 1.2913, 'start': '2024-11-15', 'trades': 23, 'win_rate': 0.3043, 'window': 4}]}}"
agent/runs/v_ZB1_z8derisk_ext_train,v_ZB1_z8derisk_ext_train,agent/runs/v_ZB1_z8derisk_ext_train/run_card.json,0.8340221549454729,834022.154945473,16942629.356927354,15942629.356927354,15.942629356927355,-0.33929261551045903,1.5577756583949456,2.1558,2.4581,2.8052,0.33507853403141363,191,46.884211,-30.941581,-0.5802,15.5,1000000.0,2020-11-01,2025-06-30,1D,okx,daily,"BTC-USDT,SOL-USDT",868639f56ade224713d9ff1ab831b80dfd82e9e5302c71d01797b1da358ee08c,d1debc0662cdf52dc67b38686a8a36c55c64f54ce2c02c7c75e530edc3ea16c6,agent/runs/v_ZB1_z8derisk_ext_train/config.json,agent/runs/v_ZB1_z8derisk_ext_train/code/signal_engine.py,,"{'bootstrap': {'ci_lower': 0.7053, 'ci_upper': 2.3537, 'confidence': 0.95, 'median_sharpe': 1.5547, 'n_bootstrap': 1000, 'observed_sharpe': 1.5587, 'prob_positive': 1.0}, 'monte_carlo': {'actual_max_dd': -0.2311, 'actual_sharpe': 2.6443, 'n_simulations': 1000, 'n_trades': 191, 'p_value_max_dd': 0.149, 'p_value_sharpe': 0.202, 'simulated_sharpe_mean': 1.7772, 'simulated_sharpe_p5': -1.2846, 'simulated_sharpe_p95': 2.9638, 'simulated_sharpe_std': 1.2002}, 'walk_forward': {'consistency_rate': 0.8333, 'n_windows': 6, 'profitable_windows': 5, 'return_mean': 0.855831, 'return_std': 1.116232, 'sharpe_mean': 1.3812, 'sharpe_std': 1.1602, 'windows': [{'end': '2021-08-10', 'max_dd': -0.339293, 'return': 3.17793, 'sharpe': 2.7539, 'start': '2020-11-01', 'trades': 27, 'win_rate': 0.4444, 'window': 1}, {'end': '2022-05-20', 'max_dd': -0.205527, 'return': 0.218289, 'sharpe': 1.1081, 'start': '2021-08-11', 'trades': 31, 'win_rate': 0.3871, 'window': 2}, {'end': '2023-02-27', 'max_dd': -0.244655, 'return': -0.095029, 'sharpe': -0.5305, 'start': '2022-05-21', 'trades': 32, 'win_rate': 0.4062, 'window': 3}, {'end': '2023-12-07', 'max_dd': -0.22668, 'return': 1.195373, 'sharpe': 2.6431, 'start': '2023-02-28', 'trades': 40, 'win_rate': 0.225, 'window': 4}, {'end': '2024-09-15', 'max_dd': -0.297768, 'return': 0.116857, 'sharpe': 0.5362, 'start': '2023-12-08', 'trades': 29, 'win_rate': 0.2414, 'window': 5}, {'end': '2025-06-30', 'max_dd': -0.136338, 'return': 0.521565, 'sharpe': 1.7762, 'start': '2024-09-16', 'trades': 32, 'win_rate': 0.3438, 'window': 6}]}}"
agent/runs/v_Z12_ensemble_train,v_Z12_ensemble_train,agent/runs/v_Z12_ensemble_train/run_card.json,0.8248906902568374,824890.6902568374,4495047.4480374735,3495047.4480374735,3.4950474480374734,-0.29097781259171585,1.6265592272495561,2.5448,2.8349,2.927,0.2897196261682243,107,5.4441996931170795,3.495047,1.6266,14.6,1000000.0,2023-01-01,2025-06-30,1D,auto,daily,"BTC-USDT,SOL-USDT",6b682ce8e55db9f6b29438823971edd9a06cfb0780906c91dbb5070f5d02b13b,411c93d76eaea379b82aaedba06107b1d0c2ed9aa79286fa5320a756de63b32f,agent/runs/v_Z12_ensemble_train/config.json,agent/runs/v_Z12_ensemble_train/code/signal_engine.py,,"{'bootstrap': {'ci_lower': 0.3198, 'ci_upper': 2.6904, 'confidence': 0.95, 'median_sharpe': 1.6201, 'n_bootstrap': 1000, 'observed_sharpe': 1.6284, 'prob_positive': 0.998}, 'monte_carlo': {'actual_max_dd': -0.2002, 'actual_sharpe': 2.4186, 'n_simulations': 1000, 'n_trades': 107, 'p_value_max_dd': 0.388, 'p_value_sharpe': 0.8, 'simulated_sharpe_mean': 2.8713, 'simulated_sharpe_p5': 2.1357, 'simulated_sharpe_p95': 3.557, 'simulated_sharpe_std': 0.4717}, 'walk_forward': {'consistency_rate': 0.75, 'n_windows': 4, 'profitable_windows': 3, 'return_mean': 0.684456, 'return_std': 1.016504, 'sharpe_mean': 1.3691, 'sharpe_std': 1.3875, 'windows': [{'end': '2023-08-16', 'max_dd': -0.228653, 'return': 0.07496, 'sharpe': 0.4934, 'start': '2023-01-01', 'trades': 37, 'win_rate': 0.2703, 'window': 1}, {'end': '2024-03-31', 'max_dd': -0.290978, 'return': 2.438222, 'sharpe': 3.6758, 'start': '2023-08-17', 'trades': 16, 'win_rate': 0.375, 'window': 2}, {'end': '2024-11-14', 'max_dd': -0.240974, 'return': -0.01271, 'sharpe': 0.1108, 'start': '2024-04-01', 'trades': 31, 'win_rate': 0.2581, 'window': 3}, {'end': '2025-06-30', 'max_dd': -0.144656, 'return': 0.237351, 'sharpe': 1.1963, 'start': '2024-11-15', 'trades': 23, 'win_rate': 0.3043, 'window': 4}]}}"
agent/runs/v_ZB2_scliquidity_ext_train,v_ZB2_scliquidity_ext_train,agent/runs/v_ZB2_scliquidity_ext_train/run_card.json,0.8139658824741707,813965.8824741706,16095322.262546925,15095322.262546925,15.095322262546926,-0.38087675478021943,1.5564898783381402,2.1334,2.1371,2.7188,0.33507853403141363,191,46.884211,-31.788888,-0.6314,15.5,1000000.0,2020-11-01,2025-06-30,1D,okx,daily,"BTC-USDT,SOL-USDT",7db98ce0df98ad5c8b1bc4408ead676f07208f5c8d83efd9d34819cc00e1efc5,d1debc0662cdf52dc67b38686a8a36c55c64f54ce2c02c7c75e530edc3ea16c6,agent/runs/v_ZB2_scliquidity_ext_train/config.json,agent/runs/v_ZB2_scliquidity_ext_train/code/signal_engine.py,,"{'bootstrap': {'ci_lower': 0.7048, 'ci_upper': 2.3452, 'confidence': 0.95, 'median_sharpe': 1.5496, 'n_bootstrap': 1000, 'observed_sharpe': 1.5574, 'prob_positive': 1.0}, 'monte_carlo': {'actual_max_dd': -0.1733, 'actual_sharpe': 2.9365, 'n_simulations': 1000, 'n_trades': 191, 'p_value_max_dd': 0.062, 'p_value_sharpe': 0.12, 'simulated_sharpe_mean': 1.9252, 'simulated_sharpe_p5': -1.1549, 'simulated_sharpe_p95': 3.1307, 'simulated_sharpe_std': 1.173}, 'walk_forward': {'consistency_rate': 0.8333, 'n_windows': 6, 'profitable_windows': 5, 'return_mean': 0.979083, 'return_std': 1.603733, 'sharpe_mean': 1.409, 'sharpe_std': 1.1624, 'windows': [{'end': '2021-08-10', 'max_dd': -0.380877, 'return': 4.532372, 'sharpe': 2.9375, 'start': '2020-11-01', 'trades': 27, 'win_rate': 0.4444, 'window': 1}, {'end': '2022-05-20', 'max_dd': -0.176534, 'return': 0.283831, 'sharpe': 1.3064, 'start': '2021-08-11', 'trades': 31, 'win_rate': 0.3871, 'window': 2}, {'end': '2023-02-27', 'max_dd': -0.18651, 'return': -0.070688, 'sharpe': -0.5547, 'start': '2022-05-21', 'trades': 32, 'win_rate': 0.4062, 'window': 3}, {'end': '2023-12-07', 'max_dd': -0.191398, 'return': 0.599281, 'sharpe': 2.273, 'start': '2023-02-28', 'trades': 40, 'win_rate': 0.225, 'window': 4}, {'end': '2024-09-15', 'max_dd': -0.260392, 'return': 0.097541, 'sharpe': 0.5028, 'start': '2023-12-08', 'trades': 29, 'win_rate': 0.2414, 'window': 5}, {'end': '2025-06-30', 'max_dd': -0.116499, 'return': 0.432159, 'sharpe': 1.9892, 'start': '2024-09-16', 'trades': 32, 'win_rate': 0.3438, 'window': 6}]}}"
agent/runs/v_Z2_broadtrigger_train,v_Z2_broadtrigger_train,agent/runs/v_Z2_broadtrigger_train/run_card.json,0.8012996817503313,801299.6817503313,4351257.781442506,3351257.7814425062,3.3512577814425066,-0.2807553781156019,1.6101385222216937,2.5412,2.8541,2.7608,0.2897196261682243,107,5.4441996931170795,3.351258,1.6101,14.6,1000000.0,2023-01-01,2025-06-30,1D,auto,daily,"BTC-USDT,SOL-USDT",d0f16755ec5584327938c6fb7e3168cc4eaac3642955604c65df9ce1e7424dcf,411c93d76eaea379b82aaedba06107b1d0c2ed9aa79286fa5320a756de63b32f,agent/runs/v_Z2_broadtrigger_train/config.json,agent/runs/v_Z2_broadtrigger_train/code/signal_engine.py,,"{'bootstrap': {'ci_lower': 0.3185, 'ci_upper': 2.6922, 'confidence': 0.95, 'median_sharpe': 1.5929, 'n_bootstrap': 1000, 'observed_sharpe': 1.6119, 'prob_positive': 0.998}, 'monte_carlo': {'actual_max_dd': -0.2106, 'actual_sharpe': 2.6, 'n_simulations': 1000, 'n_trades': 107, 'p_value_max_dd': 0.403, 'p_value_sharpe': 0.774, 'simulated_sharpe_mean': 2.9856, 'simulated_sharpe_p5': 2.2224, 'simulated_sharpe_p95': 3.6723, 'simulated_sharpe_std': 0.4446}, 'walk_forward': {'consistency_rate': 0.75, 'n_windows': 4, 'profitable_windows': 3, 'return_mean': 0.68712, 'return_std': 1.048404, 'sharpe_mean': 1.3559, 'sharpe_std': 1.4681, 'windows': [{'end': '2023-08-16', 'max_dd': -0.238588, 'return': 0.065516, 'sharpe': 0.4541, 'start': '2023-01-01', 'trades': 37, 'win_rate': 0.2703, 'window': 1}, {'end': '2024-03-31', 'max_dd': -0.277923, 'return': 2.497599, 'sharpe': 3.8208, 'start': '2023-08-17', 'trades': 16, 'win_rate': 0.375, 'window': 2}, {'end': '2024-11-14', 'max_dd': -0.255396, 'return': -0.020594, 'sharpe': 0.0689, 'start': '2024-04-01', 'trades': 31, 'win_rate': 0.2581, 'window': 3}, {'end': '2025-06-30', 'max_dd': -0.153012, 'return': 0.205958, 'sharpe': 1.0798, 'start': '2024-11-15', 'trades': 23, 'win_rate': 0.3043, 'window': 4}]}}"
agent/runs/v_Z9_convictionweight_train,v_Z9_convictionweight_train,agent/runs/v_Z9_convictionweight_train/run_card.json,0.7714753393152955,771475.3393152956,4173472.845933656,3173472.845933656,3.173472845933656,-0.36921107613206927,1.580733959486883,2.3797,2.0895,3.5897,0.2897196261682243,107,5.4441996931170795,3.173473,1.5807,14.6,1000000.0,2023-01-01,2025-06-30,1D,auto,daily,"BTC-USDT,SOL-USDT",8419e2f53ef6f55a80fcdc1254b961248e19abb553b0ec08eaefee4fbc8e8b01,411c93d76eaea379b82aaedba06107b1d0c2ed9aa79286fa5320a756de63b32f,agent/runs/v_Z9_convictionweight_train/config.json,agent/runs/v_Z9_convictionweight_train/code/signal_engine.py,,"{'bootstrap': {'ci_lower': 0.2906, 'ci_upper': 2.6551, 'confidence': 0.95, 'median_sharpe': 1.5705, 'n_bootstrap': 1000, 'observed_sharpe': 1.5825, 'prob_positive': 0.994}, 'monte_carlo': {'actual_max_dd': -0.1735, 'actual_sharpe': 2.1215, 'n_simulations': 1000, 'n_trades': 107, 'p_value_max_dd': 0.383, 'p_value_sharpe': 0.838, 'simulated_sharpe_mean': 2.526, 'simulated_sharpe_p5': 1.9596, 'simulated_sharpe_p95': 3.0514, 'simulated_sharpe_std': 0.3541}, 'walk_forward': {'consistency_rate': 1.0, 'n_windows': 4, 'profitable_windows': 4, 'return_mean': 0.577648, 'return_std': 0.792709, 'sharpe_mean': 1.335, 'sharpe_std': 1.1319, 'windows': [{'end': '2023-08-16', 'max_dd': -0.215172, 'return': 0.072822, 'sharpe': 0.5022, 'start': '2023-01-01', 'trades': 37, 'win_rate': 0.2703, 'window': 1}, {'end': '2024-03-31', 'max_dd': -0.298703, 'return': 1.943214, 'sharpe': 3.1955, 'start': '2023-08-17', 'trades': 16, 'win_rate': 0.375, 'window': 2}, {'end': '2024-11-14', 'max_dd': -0.212646, 'return': 0.038897, 'sharpe': 0.3511, 'start': '2024-04-01', 'trades': 31, 'win_rate': 0.2581, 'window': 3}, {'end': '2025-06-30', 'max_dd': -0.132469, 'return': 0.255658, 'sharpe': 1.2911, 'start': '2024-11-15', 'trades': 23, 'win_rate': 0.3043, 'window': 4}]}}"
agent/runs/v_Z4_leverage10_control_train,v_Z4_leverage10_control_train,agent/runs/v_Z4_leverage10_control_train/run_card.json,0.7650394267659659,765039.4267659659,4135690.2839035634,3135690.2839035634,3.135690283903563,-0.3711631726173013,1.4412949181832035,2.2797,2.0612,2.7108,0.29464285714285715,112,5.4441996931170795,-2.308509,-0.3149,13.9,1000000.0,2023-01-01,2025-06-30,1D,ccxt,daily,"BTC-USDC:USDC,SOL-USDC:USDC",87236a504a7c3f24014d65015f04edce21c71b81282a0bfcc5def135aa625690,c2931d8e825d4f10a43e232129e292225ae0c7c930b6b3b5bbd948d15aa780ec,agent/runs/v_Z4_leverage10_control_train/config.json,agent/runs/v_Z4_leverage10_control_train/code/signal_engine.py,,"{'bootstrap': {'ci_lower': 0.2002, 'ci_upper': 2.5729, 'confidence': 0.95, 'median_sharpe': 1.4158, 'n_bootstrap': 1000, 'observed_sharpe': 1.4429, 'prob_positive': 0.988}, 'monte_carlo': {'actual_max_dd': -0.2412, 'actual_sharpe': 2.0297, 'n_simulations': 1000, 'n_trades': 112, 'p_value_max_dd': 0.431, 'p_value_sharpe': 0.802, 'simulated_sharpe_mean': 2.3475, 'simulated_sharpe_p5': 1.8402, 'simulated_sharpe_p95': 2.8601, 'simulated_sharpe_std': 0.3256}, 'walk_forward': {'consistency_rate': 0.75, 'n_windows': 4, 'profitable_windows': 3, 'return_mean': 0.666206, 'return_std': 1.064062, 'sharpe_mean': 1.145, 'sharpe_std': 1.3531, 'windows': [{'end': '2023-08-16', 'max_dd': -0.19, 'return': 0.133207, 'sharpe': 0.707, 'start': '2023-01-01', 'trades': 35, 'win_rate': 0.2571, 'window': 1}, {'end': '2024-03-31', 'max_dd': -0.301738, 'return': 2.502656, 'sharpe': 3.4007, 'start': '2023-08-17', 'trades': 18, 'win_rate': 0.3889, 'window': 2}, {'end': '2024-11-14', 'max_dd': -0.275898, 'return': -0.092249, 'sharpe': -0.2063, 'start': '2024-04-01', 'trades': 32, 'win_rate': 0.25, 'window': 3}, {'end': '2025-06-30', 'max_dd': -0.152618, 'return': 0.12121, 'sharpe': 0.6785, 'start': '2024-11-15', 'trades': 27, 'win_rate': 0.3333, 'window': 4}]}}"
agent/runs/v_ZB3_binanceperp_train,v_ZB3_binanceperp_train,agent/runs/v_ZB3_binanceperp_train/run_card.json,0.7542372710683198,754237.2710683198,4072737.948364677,3072737.948364677,3.0727379483646766,-0.3759016633944322,1.4291315274845047,2.273,2.0065,2.7224,0.3063063063063063,111,10.471428,-7.39869,-0.7838,14.0,1000000.0,2023-01-01,2025-06-30,1D,ccxt,daily,"BTC-USDT:USDT,SOL-USDT:USDT",87236a504a7c3f24014d65015f04edce21c71b81282a0bfcc5def135aa625690,fc682fcf789680e5fb7f12a8dc1a7ac5ae786ec77305c89c2db7aafdecb73ae7,agent/runs/v_ZB3_binanceperp_train/config.json,agent/runs/v_ZB3_binanceperp_train/code/signal_engine.py,,"{'bootstrap': {'ci_lower': 0.1847, 'ci_upper': 2.5632, 'confidence': 0.95, 'median_sharpe': 1.395, 'n_bootstrap': 1000, 'observed_sharpe': 1.4307, 'prob_positive': 0.987}, 'monte_carlo': {'actual_max_dd': -0.2377, 'actual_sharpe': 2.0475, 'n_simulations': 1000, 'n_trades': 111, 'p_value_max_dd': 0.432, 'p_value_sharpe': 0.822, 'simulated_sharpe_mean': 2.4025, 'simulated_sharpe_p5': 1.901, 'simulated_sharpe_p95': 2.8988, 'simulated_sharpe_std': 0.3226}, 'walk_forward': {'consistency_rate': 0.75, 'n_windows': 4, 'profitable_windows': 3, 'return_mean': 0.6612, 'return_std': 1.063602, 'sharpe_mean': 1.1309, 'sharpe_std': 1.3663, 'windows': [{'end': '2023-08-16', 'max_dd': -0.181965, 'return': 0.143795, 'sharpe': 0.7437, 'start': '2023-01-01', 'trades': 34, 'win_rate': 0.2941, 'window': 1}, {'end': '2024-03-31', 'max_dd': -0.300686, 'return': 2.496542, 'sharpe': 3.4065, 'start': '2023-08-17', 'trades': 18, 'win_rate': 0.3889, 'window': 2}, {'end': '2024-11-14', 'max_dd': -0.280618, 'return': -0.098593, 'sharpe': -0.2352, 'start': '2024-04-01', 'trades': 32, 'win_rate': 0.25, 'window': 3}, {'end': '2025-06-30', 'max_dd': -0.154035, 'return': 0.103058, 'sharpe': 0.6086, 'start': '2024-11-15', 'trades': 27, 'win_rate': 0.3333, 'window': 4}]}}"
agent/runs/v_K_longbias_fixedhook_train,v_K_longbias_fixedhook_train,agent/runs/v_K_longbias_fixedhook_train/run_card.json,0.746711120905275,746711.120905275,4029219.281514539,3029219.281514539,3.029219281514539,-0.30482619082323076,1.3912969505838073,2.1845,2.4496,2.0855,0.2867647058823529,136,5.4441996931170795,3.029219,1.3913,15.2,1000000.0,2023-01-01,2025-06-30,1D,auto,daily,"BTC-USDT,ETH-USDT,SOL-USDT",d30fcf0a3c7d7dfdd2063bad69fa8f6381843f2f02b7bc96b767fc7a023595d8,819b1320bd0389e8686570b03ba382c1d098afb488b07db187b94d112402dbb4,agent/runs/v_K_longbias_fixedhook_train/config.json,agent/runs/v_K_longbias_fixedhook_train/code/signal_engine.py,,"{'bootstrap': {'ci_lower': 0.1311, 'ci_upper': 2.5279, 'confidence': 0.95, 'median_sharpe': 1.3649, 'n_bootstrap': 1000, 'observed_sharpe': 1.3928, 'prob_positive': 0.986}, 'monte_carlo': {'actual_max_dd': -0.2029, 'actual_sharpe': 2.3346, 'n_simulations': 1000, 'n_trades': 136, 'p_value_max_dd': 0.199, 'p_value_sharpe': 0.786, 'simulated_sharpe_mean': 2.6664, 'simulated_sharpe_p5': 1.9736, 'simulated_sharpe_p95': 3.299, 'simulated_sharpe_std': 0.4775}, 'walk_forward': {'consistency_rate': 0.5, 'n_windows': 4, 'profitable_windows': 2, 'return_mean': 0.617706, 'return_std': 0.951307, 'sharpe_mean': 1.247, 'sharpe_std': 1.4092, 'windows': [{'end': '2023-08-16', 'max_dd': -0.304826, 'return': -0.015862, 'sharpe': 0.1648, 'start': '2023-01-01', 'trades': 48, 'win_rate': 0.2708, 'window': 1}, {'end': '2024-03-31', 'max_dd': -0.294939, 'return': 2.249647, 'sharpe': 3.5649, 'start': '2023-08-17', 'trades': 22, 'win_rate': 0.3182, 'window': 2}, {'end': '2024-11-14', 'max_dd': -0.236538, 'return': -0.050193, 'sharpe': 0.0654, 'start': '2024-04-01', 'trades': 35, 'win_rate': 0.2571, 'window': 3}, {'end': '2025-06-30', 'max_dd': -0.221387, 'return': 0.28723, 'sharpe': 1.1927, 'start': '2024-11-15', 'trades': 31, 'win_rate': 0.3226, 'window': 4}]}}"
agent/runs/v_Z11_binance_train,v_Z11_binance_train,agent/runs/v_Z11_binance_train/run_card.json,0.7451826053560868,745182.6053560869,4020415.143762116,3020415.143762116,3.020415143762116,-0.3767488787781044,1.4272342696253486,2.2663,1.9779,2.7081,0.29464285714285715,112,10.464021,-7.443606,-0.7932,13.9,1000000.0,2023-01-01,2025-06-30,1D,ccxt,daily,"BTC-USDT,SOL-USDT",87236a504a7c3f24014d65015f04edce21c71b81282a0bfcc5def135aa625690,faf1b7acdfd798ce4cb5eaf54090b893266d588b0651b48542c08c74fb0414b6,agent/runs/v_Z11_binance_train/config.json,agent/runs/v_Z11_binance_train/code/signal_engine.py,,"{'bootstrap': {'ci_lower': 0.1884, 'ci_upper': 2.5558, 'confidence': 0.95, 'median_sharpe': 1.3907, 'n_bootstrap': 1000, 'observed_sharpe': 1.4288, 'prob_positive': 0.987}, 'monte_carlo': {'actual_max_dd': -0.2383, 'actual_sharpe': 2.0279, 'n_simulations': 1000, 'n_trades': 112, 'p_value_max_dd': 0.421, 'p_value_sharpe': 0.783, 'simulated_sharpe_mean': 2.3274, 'simulated_sharpe_p5': 1.831, 'simulated_sharpe_p95': 2.8156, 'simulated_sharpe_std': 0.3193}, 'walk_forward': {'consistency_rate': 0.75, 'n_windows': 4, 'profitable_windows': 3, 'return_mean': 0.656001, 'return_std': 1.06108, 'sharpe_mean': 1.1239, 'sharpe_std': 1.369, 'windows': [{'end': '2023-08-16', 'max_dd': -0.184268, 'return': 0.132607, 'sharpe': 0.7197, 'start': '2023-01-01', 'trades': 35, 'win_rate': 0.2857, 'window': 1}, {'end': '2024-03-31', 'max_dd': -0.30053, 'return': 2.48726, 'sharpe': 3.4053, 'start': '2023-08-17', 'trades': 18, 'win_rate': 0.3333, 'window': 2}, {'end': '2024-11-14', 'max_dd': -0.281023, 'return': -0.100055, 'sharpe': -0.2427, 'start': '2024-04-01', 'trades': 32, 'win_rate': 0.25, 'window': 3}, {'end': '2025-06-30', 'max_dd': -0.154046, 'return': 0.104191, 'sharpe': 0.6134, 'start': '2024-11-15', 'trades': 27, 'win_rate': 0.3333, 'window': 4}]}}"
agent/runs/v_Z4shuf_seed038_train,v_Z4shuf_seed038_train,agent/runs/v_Z4shuf_seed038_train/run_card.json,0.7440351360083917,744035.1360083916,4013813.3934584595,3013813.3934584595,3.0138133934584594,-0.1719478753186749,1.833414019993096,2.9165,4.3271,2.4426,0.5652173913043478,184,5.4441996931170795,3.013813,1.8334,8.5,1000000.0,2023-01-01,2025-06-30,1D,auto,daily,"BTC-USDT,SOL-USDT",1553468a82f7bb4e5a1d1c21855ba2877c25b924f9231040407fccd2856781fc,5680595d753976610de949c37f0568d5ff7e7db3a1f2b2545ab303b52a99c7f6,agent/runs/v_Z4shuf_seed038_train/config.json,agent/runs/v_Z4shuf_seed038_train/code/signal_engine.py,,"{'bootstrap': {'ci_lower': 0.7221, 'ci_upper': 2.9399, 'confidence': 0.95, 'median_sharpe': 1.8287, 'n_bootstrap': 1000, 'observed_sharpe': 1.8354, 'prob_positive': 0.997}, 'monte_carlo': {'actual_max_dd': -0.0912, 'actual_sharpe': 4.4956, 'n_simulations': 1000, 'n_trades': 184, 'p_value_max_dd': 0.035, 'p_value_sharpe': 0.043, 'simulated_sharpe_mean': 3.6766, 'simulated_sharpe_p5': 2.9281, 'simulated_sharpe_p95': 4.4669, 'simulated_sharpe_std': 0.473}, 'walk_forward': {'consistency_rate': 1.0, 'n_windows': 4, 'profitable_windows': 4, 'return_mean': 0.431679, 'return_std': 0.349934, 'sharpe_mean': 1.5755, 'sharpe_std': 0.9836, 'windows': [{'end': '2023-08-16', 'max_dd': -0.15192, 'return': 0.825409, 'sharpe': 2.5157, 'start': '2023-01-01', 'trades': 51, 'win_rate': 0.6078, 'window': 1}, {'end': '2024-03-31', 'max_dd': -0.170757, 'return': 0.725011, 'sharpe': 2.4832, 'start': '2023-08-17', 'trades': 49, 'win_rate': 0.6122, 'window': 2}, {'end': '2024-11-14', 'max_dd': -0.171948, 'return': 0.008394, 'sharpe': 0.1748, 'start': '2024-04-01', 'trades': 47, 'win_rate': 0.5106, 'window': 3}, {'end': '2025-06-30', 'max_dd': -0.085541, 'return': 0.167904, 'sharpe': 1.1283, 'start': '2024-11-15', 'trades': 37, 'win_rate': 0.5135, 'window': 4}]}}"
agent/runs/v_ZD1_durability_ext_train,v_ZD1_durability_ext_train,agent/runs/v_ZD1_durability_ext_train/run_card.json,0.7345644675706893,734564.4675706893,13061818.386043388,12061818.386043388,12.061818386043388,-0.39137830283470776,1.4419182920281202,2.2027,1.8769,1.9457,0.2857142857142857,189,46.884211,-34.822392,-0.6045,15.3,1000000.0,2020-11-01,2025-06-30,1D,okx,daily,"BTC-USDT,SOL-USDT",e77ff3a0de490d2d0d309e75844b2f37990b86e90a35485c4cd0f249aba2e782,b6e663d5e1db5b3b372337ce0430f7d84793f7d2f789ac0f58241203d7dedb40,agent/runs/v_ZD1_durability_ext_train/config.json,agent/runs/v_ZD1_durability_ext_train/code/signal_engine.py,,"{'bootstrap': {'ci_lower': 0.5286, 'ci_upper': 2.2435, 'confidence': 0.95, 'median_sharpe': 1.4362, 'n_bootstrap': 1000, 'observed_sharpe': 1.4428, 'prob_positive': 0.999}, 'monte_carlo': {'actual_max_dd': -0.7101, 'actual_sharpe': 1.7577, 'n_simulations': 1000, 'n_trades': 189, 'p_value_max_dd': 0.551, 'p_value_sharpe': 0.552, 'simulated_sharpe_mean': 1.4083, 'simulated_sharpe_p5': -1.4046, 'simulated_sharpe_p95': 2.4708, 'simulated_sharpe_std': 1.1884}, 'walk_forward': {'consistency_rate': 0.8333, 'n_windows': 6, 'profitable_windows': 5, 'return_mean': 0.695214, 'return_std': 0.739592, 'sharpe_mean': 1.3148, 'sharpe_std': 1.1733, 'windows': [{'end': '2021-08-10', 'max_dd': -0.370701, 'return': 2.010082, 'sharpe': 2.4268, 'start': '2020-11-01', 'trades': 25, 'win_rate': 0.32, 'window': 1}, {'end': '2022-05-20', 'max_dd': -0.254379, 'return': 0.312665, 'sharpe': 1.1669, 'start': '2021-08-11', 'trades': 31, 'win_rate': 0.3871, 'window': 2}, {'end': '2023-02-27', 'max_dd': -0.321208, 'return': -0.156654, 'sharpe': -0.7439, 'start': '2022-05-21', 'trades': 32, 'win_rate': 0.3125, 'window': 3}, {'end': '2023-12-07', 'max_dd': -0.246227, 'return': 1.278976, 'sharpe': 2.7046, 'start': '2023-02-28', 'trades': 40, 'win_rate': 0.2, 'window': 4}, {'end': '2024-09-15', 'max_dd': -0.287895, 'return': 0.118459, 'sharpe': 0.5392, 'start': '2023-12-08', 'trades': 29, 'win_rate': 0.1724, 'window': 5}, {'end': '2025-06-30', 'max_dd': -0.152631, 'return': 0.607754, 'sharpe': 1.795, 'start': '2024-09-16', 'trades': 32, 'win_rate': 0.3438, 'window': 6}]}}"
agent/runs/v_H_longbias_train,v_H_longbias_train,agent/runs/v_H_longbias_train/run_card.json,0.7215490666729294,721549.0666729294,3885754.2962169354,2885754.2962169354,2.8857542962169354,-0.3328180988011669,1.3771501393217565,2.1447,2.168,2.1598,0.30434782608695654,138,5.4441996931170795,2.885754,1.3772,15.6,1000000.0,2023-01-01,2025-06-30,1D,auto,daily,"BTC-USDT,ETH-USDT,SOL-USDT",d30fcf0a3c7d7dfdd2063bad69fa8f6381843f2f02b7bc96b767fc7a023595d8,1e0b01f94d091c15fcb2d614f0a12bdd52e03dd950c9099d22af538656815792,agent/runs/v_H_longbias_train/config.json,agent/runs/v_H_longbias_train/code/signal_engine.py,,"{'bootstrap': {'ci_lower': 0.1361, 'ci_upper': 2.5633, 'confidence': 0.95, 'median_sharpe': 1.351, 'n_bootstrap': 1000, 'observed_sharpe': 1.3787, 'prob_positive': 0.986}, 'monte_carlo': {'actual_max_dd': -0.2216, 'actual_sharpe': 2.6726, 'n_simulations': 1000, 'n_trades': 138, 'p_value_max_dd': 0.355, 'p_value_sharpe': 0.792, 'simulated_sharpe_mean': 3.0134, 'simulated_sharpe_p5': 2.334, 'simulated_sharpe_p95': 3.5954, 'simulated_sharpe_std': 0.4597}, 'walk_forward': {'consistency_rate': 0.5, 'n_windows': 4, 'profitable_windows': 2, 'return_mean': 0.556033, 'return_std': 0.789994, 'sharpe_mean': 1.31, 'sharpe_std': 1.3916, 'windows': [{'end': '2023-08-16', 'max_dd': -0.332818, 'return': -0.039612, 'sharpe': 0.0764, 'start': '2023-01-01', 'trades': 48, 'win_rate': 0.2708, 'window': 1}, {'end': '2024-03-31', 'max_dd': -0.266245, 'return': 1.885931, 'sharpe': 3.4903, 'start': '2023-08-17', 'trades': 25, 'win_rate': 0.4, 'window': 2}, {'end': '2024-11-14', 'max_dd': -0.251591, 'return': -0.038441, 'sharpe': 0.1215, 'start': '2024-04-01', 'trades': 34, 'win_rate': 0.2647, 'window': 3}, {'end': '2025-06-30', 'max_dd': -0.218992, 'return': 0.416253, 'sharpe': 1.5518, 'start': '2024-11-15', 'trades': 31, 'win_rate': 0.3226, 'window': 4}]}}"
agent/runs/v_E_riskparity_train,v_E_riskparity_train,agent/runs/v_E_riskparity_train/run_card.json,0.7215490666729294,721549.0666729294,3885754.2962169354,2885754.2962169354,2.8857542962169354,-0.3328180988011669,1.3771501393217565,2.1447,2.168,2.1598,0.30434782608695654,138,5.4441996931170795,2.885754,1.3772,15.6,1000000.0,2023-01-01,2025-06-30,1D,auto,daily,"BTC-USDT,ETH-USDT,SOL-USDT",8353d8308507695d2688bb1c911c56f08328af70bc134066bce5ea074b018e13,1e0b01f94d091c15fcb2d614f0a12bdd52e03dd950c9099d22af538656815792,agent/runs/v_E_riskparity_train/config.json,agent/runs/v_E_riskparity_train/code/signal_engine.py,,"{'bootstrap': {'ci_lower': 0.1361, 'ci_upper': 2.5633, 'confidence': 0.95, 'median_sharpe': 1.351, 'n_bootstrap': 1000, 'observed_sharpe': 1.3787, 'prob_positive': 0.986}, 'monte_carlo': {'actual_max_dd': -0.2216, 'actual_sharpe': 2.6726, 'n_simulations': 1000, 'n_trades': 138, 'p_value_max_dd': 0.355, 'p_value_sharpe': 0.792, 'simulated_sharpe_mean': 3.0134, 'simulated_sharpe_p5': 2.334, 'simulated_sharpe_p95': 3.5954, 'simulated_sharpe_std': 0.4597}, 'walk_forward': {'consistency_rate': 0.5, 'n_windows': 4, 'profitable_windows': 2, 'return_mean': 0.556033, 'return_std': 0.789994, 'sharpe_mean': 1.31, 'sharpe_std': 1.3916, 'windows': [{'end': '2023-08-16', 'max_dd': -0.332818, 'return': -0.039612, 'sharpe': 0.0764, 'start': '2023-01-01', 'trades': 48, 'win_rate': 0.2708, 'window': 1}, {'end': '2024-03-31', 'max_dd': -0.266245, 'return': 1.885931, 'sharpe': 3.4903, 'start': '2023-08-17', 'trades': 25, 'win_rate': 0.4, 'window': 2}, {'end': '2024-11-14', 'max_dd': -0.251591, 'return': -0.038441, 'sharpe': 0.1215, 'start': '2024-04-01', 'trades': 34, 'win_rate': 0.2647, 'window': 3}, {'end': '2025-06-30', 'max_dd': -0.218992, 'return': 0.416253, 'sharpe': 1.5518, 'start': '2024-11-15', 'trades': 31, 'win_rate': 0.3226, 'window': 4}]}}"
agent/runs/v_CP1_z4only_matched,v_CP1_z4only_matched,agent/runs/v_CP1_z4only_matched/run_card.json,0.7209858831866387,720985.8831866387,6671932.285497341,5671932.285497341,5.671932285497341,-0.3296289890812771,1.5476595734623304,2.4074,2.1873,2.7416,0.3006535947712418,153,2.617328675930954,5.671932,1.5477,14.3,1000000.0,2023-01-01,2026-06-29,1D,auto,daily,"BTC-USDT,SOL-USDT",87236a504a7c3f24014d65015f04edce21c71b81282a0bfcc5def135aa625690,06d58ff1dd1965883eb498746b56f6e96abefedde8bc23af61981c4aefddbbdc,agent/runs/v_CP1_z4only_matched/config.json,agent/runs/v_CP1_z4only_matched/code/signal_engine.py,,"{'bootstrap': {'ci_lower': 0.5032, 'ci_upper': 2.5069, 'confidence': 0.95, 'median_sharpe': 1.5595, 'n_bootstrap': 1000, 'observed_sharpe': 1.5489, 'prob_positive': 0.997}, 'monte_carlo': {'actual_max_dd': -0.1855, 'actual_sharpe': 2.2125, 'n_simulations': 1000, 'n_trades': 153, 'p_value_max_dd': 0.228, 'p_value_sharpe': 0.847, 'simulated_sharpe_mean': 2.8002, 'simulated_sharpe_p5': 1.968, 'simulated_sharpe_p95': 3.5658, 'simulated_sharpe_std': 0.5564}, 'walk_forward': {'consistency_rate': 1.0, 'n_windows': 4, 'profitable_windows': 4, 'return_mean': 0.679784, 'return_std': 0.362589, 'sharpe_mean': 1.6647, 'sharpe_std': 0.505, 'windows': [{'end': '2023-11-15', 'max_dd': -0.242711, 'return': 1.306475, 'sharpe': 2.4701, 'start': '2023-01-01', 'trades': 46, 'win_rate': 0.2826, 'window': 1}, {'end': '2024-09-29', 'max_dd': -0.3021, 'return': 0.437263, 'sharpe': 1.0904, 'start': '2023-11-16', 'trades': 32, 'win_rate': 0.25, 'window': 2}, {'end': '2025-08-14', 'max_dd': -0.136337, 'return': 0.504008, 'sharpe': 1.6357, 'start': '2024-09-30', 'trades': 35, 'win_rate': 0.4, 'window': 3}, {'end': '2026-06-29', 'max_dd': -0.191942, 'return': 0.471389, 'sharpe': 1.4627, 'start': '2025-08-15', 'trades': 40, 'win_rate': 0.275, 'window': 4}]}}"
agent/runs/v_Z15_binanceextendedcontrol_train,v_Z15_binanceextendedcontrol_train,agent/runs/v_Z15_binanceextendedcontrol_train/run_card.json,0.7170892334701915,717089.2334701915,12459069.672412582,11459069.672412582,11.459069672412582,-0.5657937337627238,1.1688447527735564,1.8362,1.2674,1.5491,0.3136094674556213,169,46.508976,-35.049906,-0.453,15.2,1000000.0,2020-11-01,2025-06-30,1D,ccxt,daily,"BTC-USDT,SOL-USDT",c7c24b1a1af26d49f04dea2478614cfbe73b5b776a84e292576afc160192278b,3952c236d0e2eb5f77b66651c8c3a2b46201aa658401d219c6c14d35645d4dee,agent/runs/v_Z15_binanceextendedcontrol_train/config.json,agent/runs/v_Z15_binanceextendedcontrol_train/code/signal_engine.py,,"{'bootstrap': {'ci_lower': 0.2342, 'ci_upper': 1.9883, 'confidence': 0.95, 'median_sharpe': 1.1645, 'n_bootstrap': 1000, 'observed_sharpe': 1.1695, 'prob_positive': 0.997}, 'monte_carlo': {'actual_max_dd': -0.4291, 'actual_sharpe': 2.2347, 'n_simulations': 1000, 'n_trades': 169, 'p_value_max_dd': 0.037, 'p_value_sharpe': 0.031, 'simulated_sharpe_mean': 0.0837, 'simulated_sharpe_p5': -2.1029, 'simulated_sharpe_p95': 2.1038, 'simulated_sharpe_std': 1.4724}, 'walk_forward': {'consistency_rate': 0.6667, 'n_windows': 6, 'profitable_windows': 4, 'return_mean': 0.649139, 'return_std': 0.670538, 'sharpe_mean': 1.1666, 'sharpe_std': 1.0059, 'windows': [{'end': '2021-08-10', 'max_dd': -0.286216, 'return': 1.540219, 'sharpe': 2.4897, 'start': '2020-11-01', 'trades': 27, 'win_rate': 0.4444, 'window': 1}, {'end': '2022-05-20', 'max_dd': -0.253565, 'return': 0.495009, 'sharpe': 1.4624, 'start': '2021-08-11', 'trades': 27, 'win_rate': 0.4074, 'window': 2}, {'end': '2023-02-27', 'max_dd': -0.244289, 'return': 0.795476, 'sharpe': 1.3107, 'start': '2022-05-21', 'trades': 29, 'win_rate': 0.3103, 'window': 3}, {'end': '2023-12-07', 'max_dd': -0.339918, 'return': 1.383912, 'sharpe': 1.989, 'start': '2023-02-28', 'trades': 27, 'win_rate': 0.2593, 'window': 4}, {'end': '2024-09-15', 'max_dd': -0.488304, 'return': -0.090642, 'sharpe': 0.1851, 'start': '2023-12-08', 'trades': 27, 'win_rate': 0.1852, 'window': 5}, {'end': '2025-06-30', 'max_dd': -0.341273, 'return': -0.229137, 'sharpe': -0.4373, 'start': '2024-09-16', 'trades': 32, 'win_rate': 0.2812, 'window': 6}]}}"
agent/runs/v_Z4param_8_24_train,v_Z4param_8_24_train,agent/runs/v_Z4param_8_24_train/run_card.json,0.6960592315623986,696059.2315623986,3743589.6243413338,2743589.6243413338,2.743589624341334,-0.33153617091747933,1.4910836269597103,2.2864,2.0995,2.4584,0.32061068702290074,131,5.4441996931170795,2.74359,1.4911,11.9,1000000.0,2023-01-01,2025-06-30,1D,auto,daily,"BTC-USDT,SOL-USDT",ec9eb6bd80151c37b50526fb3ffe37d879239fbf5ee513600841be9d0c4d5b12,411c93d76eaea379b82aaedba06107b1d0c2ed9aa79286fa5320a756de63b32f,agent/runs/v_Z4param_8_24_train/config.json,agent/runs/v_Z4param_8_24_train/code/signal_engine.py,,"{'bootstrap': {'ci_lower': 0.3052, 'ci_upper': 2.5313, 'confidence': 0.95, 'median_sharpe': 1.4649, 'n_bootstrap': 1000, 'observed_sharpe': 1.4927, 'prob_positive': 0.991}, 'monte_carlo': {'actual_max_dd': -0.2225, 'actual_sharpe': 1.7866, 'n_simulations': 1000, 'n_trades': 131, 'p_value_max_dd': 0.366, 'p_value_sharpe': 0.922, 'simulated_sharpe_mean': 2.2508, 'simulated_sharpe_p5': 1.7439, 'simulated_sharpe_p95': 2.7325, 'simulated_sharpe_std': 0.3143}, 'walk_forward': {'consistency_rate': 0.5, 'n_windows': 4, 'profitable_windows': 2, 'return_mean': 0.60882, 'return_std': 0.972755, 'sharpe_mean': 1.233, 'sharpe_std': 1.47, 'windows': [{'end': '2023-08-16', 'max_dd': -0.316243, 'return': -0.062306, 'sharpe': -0.0909, 'start': '2023-01-01', 'trades': 38, 'win_rate': 0.2895, 'window': 1}, {'end': '2024-03-31', 'max_dd': -0.287241, 'return': 2.282742, 'sharpe': 3.5975, 'start': '2023-08-17', 'trades': 24, 'win_rate': 0.3333, 'window': 2}, {'end': '2024-11-14', 'max_dd': -0.24622, 'return': -0.014605, 'sharpe': 0.0967, 'start': '2024-04-01', 'trades': 37, 'win_rate': 0.3243, 'window': 3}, {'end': '2025-06-30', 'max_dd': -0.158808, 'return': 0.229449, 'sharpe': 1.3286, 'start': '2024-11-15', 'trades': 32, 'win_rate': 0.3438, 'window': 4}]}}"
agent/runs/v_Z4param_12_36_train,v_Z4param_12_36_train,agent/runs/v_Z4param_12_36_train/run_card.json,0.6804608630051296,680460.8630051296,3658155.8172925552,2658155.8172925552,2.6581558172925552,-0.36213476261874916,1.4334963586060336,2.1866,1.879,2.4416,0.2653061224489796,98,5.4441996931170795,2.658156,1.4335,15.9,1000000.0,2023-01-01,2025-06-30,1D,auto,daily,"BTC-USDT,SOL-USDT",2a358176e8c99a4370965df597db64135d6d828ecf0f594fbbaa1e7823a44866,411c93d76eaea379b82aaedba06107b1d0c2ed9aa79286fa5320a756de63b32f,agent/runs/v_Z4param_12_36_train/config.json,agent/runs/v_Z4param_12_36_train/code/signal_engine.py,,"{'bootstrap': {'ci_lower': 0.1236, 'ci_upper': 2.4963, 'confidence': 0.95, 'median_sharpe': 1.4332, 'n_bootstrap': 1000, 'observed_sharpe': 1.4351, 'prob_positive': 0.987}, 'monte_carlo': {'actual_max_dd': -0.2758, 'actual_sharpe': 2.1886, 'n_simulations': 1000, 'n_trades': 98, 'p_value_max_dd': 0.402, 'p_value_sharpe': 0.675, 'simulated_sharpe_mean': 2.3315, 'simulated_sharpe_p5': 1.8974, 'simulated_sharpe_p95': 2.7888, 'simulated_sharpe_std': 0.3835}, 'walk_forward': {'consistency_rate': 0.75, 'n_windows': 4, 'profitable_windows': 3, 'return_mean': 0.673336, 'return_std': 1.139046, 'sharpe_mean': 1.0519, 'sharpe_std': 1.7179, 'windows': [{'end': '2023-08-16', 'max_dd': -0.203073, 'return': 0.118822, 'sharpe': 0.6646, 'start': '2023-01-01', 'trades': 32, 'win_rate': 0.25, 'window': 1}, {'end': '2024-03-31', 'max_dd': -0.244361, 'return': 2.629481, 'sharpe': 3.6987, 'start': '2023-08-17', 'trades': 14, 'win_rate': 0.4286, 'window': 2}, {'end': '2024-11-14', 'max_dd': -0.32381, 'return': -0.219086, 'sharpe': -1.1018, 'start': '2024-04-01', 'trades': 28, 'win_rate': 0.2143, 'window': 3}, {'end': '2025-06-30', 'max_dd': -0.164535, 'return': 0.164128, 'sharpe': 0.946, 'start': '2024-11-15', 'trades': 24, 'win_rate': 0.25, 'window': 4}]}}"
agent/runs/v_O_continuousema_train,v_O_continuousema_train,agent/runs/v_O_continuousema_train/run_card.json,0.6661145374329023,666114.5374329023,3580621.616038479,2580621.616038479,2.5806216160384787,-0.5201166213961669,1.1054601292117847,1.4512,1.2807,1.5748,0.22857142857142856,140,10.568664,-7.988042,-0.5602,45.4,1000000.0,2023-01-01,2025-06-30,4H,ccxt,daily,"BTC-USDT,SOL-USDT",5f4ffabc6a8aa897d665ba2758f4957eace9cfe21009f01ecf743ab31742e6c6,e6234d7828f12d7e62ff4c121c8fb6dcc4cdaf8ee0b0c6d808ac59d3e4a87b81,agent/runs/v_O_continuousema_train/config.json,agent/runs/v_O_continuousema_train/code/signal_engine.py,,"{'bootstrap': {'ci_lower': -0.169, 'ci_upper': 2.283, 'confidence': 0.95, 'median_sharpe': 1.1179, 'n_bootstrap': 1000, 'observed_sharpe': 1.1057, 'prob_positive': 0.956}, 'monte_carlo': {'actual_max_dd': -0.3946, 'actual_sharpe': 4.2115, 'n_simulations': 1000, 'n_trades': 140, 'p_value_max_dd': 0.122, 'p_value_sharpe': 0.519, 'simulated_sharpe_mean': 2.8801, 'simulated_sharpe_p5': -4.2927, 'simulated_sharpe_p95': 5.6042, 'simulated_sharpe_std': 3.33}, 'walk_forward': {'consistency_rate': 0.25, 'n_windows': 4, 'profitable_windows': 1, 'return_mean': 0.982112, 'return_std': 1.894683, 'sharpe_mean': 0.8702, 'sharpe_std': 1.6216, 'windows': [{'end': '2023-08-16', 'max_dd': -0.325953, 'return': -0.018784, 'sharpe': 0.2091, 'start': '2023-01-01', 'trades': 37, 'win_rate': 0.2703, 'window': 1}, {'end': '2024-03-31', 'max_dd': -0.429025, 'return': 4.256918, 'sharpe': 3.6077, 'start': '2023-08-17', 'trades': 33, 'win_rate': 0.2424, 'window': 2}, {'end': '2024-11-14', 'max_dd': -0.50791, 'return': -0.309457, 'sharpe': -0.6326, 'start': '2024-04-01', 'trades': 34, 'win_rate': 0.2059, 'window': 3}, {'end': '2025-06-30', 'max_dd': -0.28827, 'return': -0.000227, 'sharpe': 0.2968, 'start': '2024-11-15', 'trades': 36, 'win_rate': 0.1944, 'window': 4}]}}"
agent/runs/v_N_ensemble_train,v_N_ensemble_train,agent/runs/v_N_ensemble_train/run_card.json,0.63066012148946,630660.12148946,3393264.529299601,2393264.529299601,2.393264529299601,-0.5490687680942319,1.1456049984619798,1.4528,1.1486,1.8464,0.2987012987012987,77,10.568664,-8.175399,-0.7088,108.2,1000000.0,2023-01-01,2025-06-30,4H,ccxt,daily,"BTC-USDT,SOL-USDT",e060573dba95a56f39c060bac19e687790c41fef0d00f461bc732e977866b60d,b5030740d2c1f7f939741495ca9245495f0d71202e7e3c9cbd440a64d207c7d1,agent/runs/v_N_ensemble_train/config.json,agent/runs/v_N_ensemble_train/code/signal_engine.py,,"{'bootstrap': {'ci_lower': -0.1232, 'ci_upper': 2.3627, 'confidence': 0.95, 'median_sharpe': 1.1522, 'n_bootstrap': 1000, 'observed_sharpe': 1.1458, 'prob_positive': 0.961}, 'monte_carlo': {'actual_max_dd': -0.4741, 'actual_sharpe': 5.2713, 'n_simulations': 1000, 'n_trades': 77, 'p_value_max_dd': 0.348, 'p_value_sharpe': 0.592, 'simulated_sharpe_mean': 4.1493, 'simulated_sharpe_p5': -5.5392, 'simulated_sharpe_p95': 6.831, 'simulated_sharpe_std': 3.7665}, 'walk_forward': {'consistency_rate': 0.5, 'n_windows': 4, 'profitable_windows': 2, 'return_mean': 1.011845, 'return_std': 1.934143, 'sharpe_mean': 0.7797, 'sharpe_std': 1.9569, 'windows': [{'end': '2023-08-16', 'max_dd': -0.33289, 'return': -0.086395, 'sharpe': -0.1435, 'start': '2023-01-01', 'trades': 23, 'win_rate': 0.3913, 'window': 1}, {'end': '2024-03-31', 'max_dd': -0.291213, 'return': 4.337636, 'sharpe': 3.8328, 'start': '2023-08-17', 'trades': 14, 'win_rate': 0.4286, 'window': 2}, {'end': '2024-11-14', 'max_dd': -0.460517, 'return': -0.43028, 'sharpe': -1.4843, 'start': '2024-04-01', 'trades': 20, 'win_rate': 0.15, 'window': 3}, {'end': '2025-06-30', 'max_dd': -0.19343, 'return': 0.226417, 'sharpe': 0.9138, 'start': '2024-11-15', 'trades': 20, 'win_rate': 0.25, 'window': 4}]}}"
agent/runs/v_F_trailingstop_train,v_F_trailingstop_train,agent/runs/v_F_trailingstop_train/run_card.json,0.6276463029448296,627646.3029448296,3377616.067437362,2377616.067437362,2.377616067437362,-0.5761933724584646,1.1339809580984537,1.7471,1.0893,1.5031,0.2857142857142857,105,5.4441996931170795,2.377616,1.134,20.9,1000000.0,2023-01-01,2025-06-30,1D,auto,daily,"BTC-USDT,ETH-USDT,SOL-USDT",6d2905a4200b7e42e6afee6c5fd04d33f0de52bef839173480989e545799ec5a,1e0b01f94d091c15fcb2d614f0a12bdd52e03dd950c9099d22af538656815792,agent/runs/v_F_trailingstop_train/config.json,agent/runs/v_F_trailingstop_train/code/signal_engine.py,,"{'bootstrap': {'ci_lower': -0.0628, 'ci_upper': 2.2199, 'confidence': 0.95, 'median_sharpe': 1.1066, 'n_bootstrap': 1000, 'observed_sharpe': 1.1352, 'prob_positive': 0.966}, 'monte_carlo': {'actual_max_dd': -0.4975, 'actual_sharpe': 1.7791, 'n_simulations': 1000, 'n_trades': 105, 'p_value_max_dd': 0.237, 'p_value_sharpe': 0.605, 'simulated_sharpe_mean': 1.1472, 'simulated_sharpe_p5': -2.2074, 'simulated_sharpe_p95': 2.5145, 'simulated_sharpe_std': 1.6002}, 'walk_forward': {'consistency_rate': 0.5, 'n_windows': 4, 'profitable_windows': 2, 'return_mean': 1.063177, 'return_std': 2.089756, 'sharpe_mean': 0.8084, 'sharpe_std': 1.9165, 'windows': [{'end': '2023-08-16', 'max_dd': -0.369295, 'return': -0.103572, 'sharpe': -0.1721, 'start': '2023-01-01', 'trades': 34, 'win_rate': 0.3235, 'window': 1}, {'end': '2024-03-31', 'max_dd': -0.37652, 'return': 4.67331, 'sharpe': 4.0116, 'start': '2023-08-17', 'trades': 14, 'win_rate': 0.4286, 'window': 2}, {'end': '2024-11-14', 'max_dd': -0.550817, 'return': -0.369342, 'sharpe': -1.01, 'start': '2024-04-01', 'trades': 32, 'win_rate': 0.1562, 'window': 3}, {'end': '2025-06-30', 'max_dd': -0.33505, 'return': 0.052313, 'sharpe': 0.4042, 'start': '2024-11-15', 'trades': 25, 'win_rate': 0.32, 'window': 4}]}}"
agent/runs/v_I_manualparity_longbias_train,v_I_manualparity_longbias_train,agent/runs/v_I_manualparity_longbias_train/run_card.json,0.6261681168425048,626168.1168425048,3369956.826392472,2369956.826392472,2.369956826392472,-0.3128349523987322,1.3917585411447488,2.1353,2.0016,2.1258,0.29411764705882354,153,5.4441996931170795,2.369957,1.3918,15.0,1000000.0,2023-01-01,2025-06-30,1D,auto,daily,"BTC-USDT,ETH-USDT,SOL-USDT",af9c3c5174125b168e9db61e08642e2f6e7d357964eec005742307d2d8137209,8ae7bd6889576767f57f0b3b866511dc7feff5a7307a17eb24e8bd666adb88db,agent/runs/v_I_manualparity_longbias_train/config.json,agent/runs/v_I_manualparity_longbias_train/code/signal_engine.py,,"{'bootstrap': {'ci_lower': 0.1423, 'ci_upper': 2.5227, 'confidence': 0.95, 'median_sharpe': 1.3687, 'n_bootstrap': 1000, 'observed_sharpe': 1.3933, 'prob_positive': 0.989}, 'monte_carlo': {'actual_max_dd': -0.24, 'actual_sharpe': 2.5207, 'n_simulations': 1000, 'n_trades': 153, 'p_value_max_dd': 0.592, 'p_value_sharpe': 0.742, 'simulated_sharpe_mean': 2.7828, 'simulated_sharpe_p5': 2.2031, 'simulated_sharpe_p95': 3.3226, 'simulated_sharpe_std': 0.3506}, 'walk_forward': {'consistency_rate': 0.5, 'n_windows': 4, 'profitable_windows': 2, 'return_mean': 0.536944, 'return_std': 0.854337, 'sharpe_mean': 1.2209, 'sharpe_std': 1.5918, 'windows': [{'end': '2023-08-16', 'max_dd': -0.30755, 'return': -0.057883, 'sharpe': -0.0532, 'start': '2023-01-01', 'trades': 52, 'win_rate': 0.25, 'window': 1}, {'end': '2024-03-31', 'max_dd': -0.238298, 'return': 1.993179, 'sharpe': 3.7591, 'start': '2023-08-17', 'trades': 25, 'win_rate': 0.4, 'window': 2}, {'end': '2024-11-14', 'max_dd': -0.259096, 'return': -0.086267, 'sharpe': -0.208, 'start': '2024-04-01', 'trades': 45, 'win_rate': 0.2667, 'window': 3}, {'end': '2025-06-30', 'max_dd': -0.172883, 'return': 0.298746, 'sharpe': 1.3857, 'start': '2024-11-15', 'trades': 31, 'win_rate': 0.3226, 'window': 4}]}}"
agent/runs/v_Z15_binanceextended_train,v_Z15_binanceextended_train,agent/runs/v_Z15_binanceextended_train/run_card.json,0.6237164253064902,623716.4253064902,9598173.846002199,8598173.846002199,8.598173846002199,-0.3767488782301502,1.3327149860184888,2.0321,1.6555,2.5334,0.32124352331606215,193,46.508976,-37.910802,-0.6838,15.4,1000000.0,2020-11-01,2025-06-30,1D,ccxt,daily,"BTC-USDT,SOL-USDT",87236a504a7c3f24014d65015f04edce21c71b81282a0bfcc5def135aa625690,3952c236d0e2eb5f77b66651c8c3a2b46201aa658401d219c6c14d35645d4dee,agent/runs/v_Z15_binanceextended_train/config.json,agent/runs/v_Z15_binanceextended_train/code/signal_engine.py,,"{'bootstrap': {'ci_lower': 0.4905, 'ci_upper': 2.1426, 'confidence': 0.95, 'median_sharpe': 1.3304, 'n_bootstrap': 1000, 'observed_sharpe': 1.3335, 'prob_positive': 0.998}, 'monte_carlo': {'actual_max_dd': -0.237, 'actual_sharpe': 2.3003, 'n_simulations': 1000, 'n_trades': 193, 'p_value_max_dd': 0.185, 'p_value_sharpe': 0.304, 'simulated_sharpe_mean': 1.9337, 'simulated_sharpe_p5': 1.104, 'simulated_sharpe_p95': 2.7212, 'simulated_sharpe_std': 0.7721}, 'walk_forward': {'consistency_rate': 1.0, 'n_windows': 6, 'profitable_windows': 6, 'return_mean': 0.487968, 'return_std': 0.400963, 'sharpe_mean': 1.3524, 'sharpe_std': 0.7273, 'windows': [{'end': '2021-08-10', 'max_dd': -0.194174, 'return': 0.710101, 'sharpe': 2.1977, 'start': '2020-11-01', 'trades': 27, 'win_rate': 0.4444, 'window': 1}, {'end': '2022-05-20', 'max_dd': -0.241742, 'return': 0.244423, 'sharpe': 1.0517, 'start': '2021-08-11', 'trades': 27, 'win_rate': 0.4074, 'window': 2}, {'end': '2023-02-27', 'max_dd': -0.21866, 'return': 0.392344, 'sharpe': 1.0513, 'start': '2022-05-21', 'trades': 33, 'win_rate': 0.303, 'window': 3}, {'end': '2023-12-07', 'max_dd': -0.178269, 'return': 1.263355, 'sharpe': 2.4303, 'start': '2023-02-28', 'trades': 38, 'win_rate': 0.2632, 'window': 4}, {'end': '2024-09-15', 'max_dd': -0.340702, 'return': 0.038605, 'sharpe': 0.3431, 'start': '2023-12-08', 'trades': 32, 'win_rate': 0.2188, 'window': 5}, {'end': '2025-06-30', 'max_dd': -0.154046, 'return': 0.278982, 'sharpe': 1.0401, 'start': '2024-09-16', 'trades': 36, 'win_rate': 0.3333, 'window': 6}]}}"
agent/runs/v_Z4shuf_seed002_train,v_Z4shuf_seed002_train,agent/runs/v_Z4shuf_seed002_train/run_card.json,0.6197924942871036,619792.4942871036,3337040.864163108,2337040.864163108,2.337040864163108,-0.19882875213771195,1.5563821681101642,2.3714,3.1172,1.907,0.5222222222222223,180,5.4441996931170795,2.337041,1.5564,8.7,1000000.0,2023-01-01,2025-06-30,1D,auto,daily,"BTC-USDT,SOL-USDT",34fb0d52d3502c3132cec41c0eac802e5d5754fdf250aee3f4560997e97d5f6d,5680595d753976610de949c37f0568d5ff7e7db3a1f2b2545ab303b52a99c7f6,agent/runs/v_Z4shuf_seed002_train/config.json,agent/runs/v_Z4shuf_seed002_train/code/signal_engine.py,,"{'bootstrap': {'ci_lower': 0.338, 'ci_upper': 2.6416, 'confidence': 0.95, 'median_sharpe': 1.5886, 'n_bootstrap': 1000, 'observed_sharpe': 1.5581, 'prob_positive': 0.991}, 'monte_carlo': {'actual_max_dd': -0.173, 'actual_sharpe': 3.282, 'n_simulations': 1000, 'n_trades': 180, 'p_value_max_dd': 0.137, 'p_value_sharpe': 0.032, 'simulated_sharpe_mean': 2.655, 'simulated_sharpe_p5': 2.0628, 'simulated_sharpe_p95': 3.2156, 'simulated_sharpe_std': 0.3671}, 'walk_forward': {'consistency_rate': 0.75, 'n_windows': 4, 'profitable_windows': 3, 'return_mean': 0.424135, 'return_std': 0.458473, 'sharpe_mean': 1.239, 'sharpe_std': 1.3868, 'windows': [{'end': '2023-08-16', 'max_dd': -0.167251, 'return': 0.800792, 'sharpe': 2.4567, 'start': '2023-01-01', 'trades': 37, 'win_rate': 0.7027, 'window': 1}, {'end': '2024-03-31', 'max_dd': -0.190746, 'return': 0.956339, 'sharpe': 2.753, 'start': '2023-08-17', 'trades': 48, 'win_rate': 0.5625, 'window': 2}, {'end': '2024-11-14', 'max_dd': -0.153123, 'return': -0.066801, 'sharpe': -0.4328, 'start': '2024-04-01', 'trades': 39, 'win_rate': 0.4359, 'window': 3}, {'end': '2025-06-30', 'max_dd': -0.189286, 'return': 0.00621, 'sharpe': 0.1791, 'start': '2024-11-15', 'trades': 56, 'win_rate': 0.4286, 'window': 4}]}}"
agent/runs/v_Y2_btcsollink_train,v_Y2_btcsollink_train,agent/runs/v_Y2_btcsollink_train/run_card.json,0.6172678975396861,617267.8975396862,3324060.443486954,2324060.443486954,2.324060443486954,-0.37689442933670453,1.1504270394364342,1.8025,1.6378,1.821,0.30656934306569344,137,5.4441996931170795,2.32406,1.1504,14.4,1000000.0,2023-01-01,2025-06-30,1D,auto,daily,"BTC-USDT,SOL-USDT,LINK-USDT",d30fcf0a3c7d7dfdd2063bad69fa8f6381843f2f02b7bc96b767fc7a023595d8,51bd56279d5e3d07102a55008c709b8d83dcb7279abed1a6d3b07c23a19d807a,agent/runs/v_Y2_btcsollink_train/config.json,agent/runs/v_Y2_btcsollink_train/code/signal_engine.py,,"{'bootstrap': {'ci_lower': 0.0108, 'ci_upper': 2.2896, 'confidence': 0.95, 'median_sharpe': 1.1139, 'n_bootstrap': 1000, 'observed_sharpe': 1.1517, 'prob_positive': 0.975}, 'monte_carlo': {'actual_max_dd': -0.2533, 'actual_sharpe': 2.3427, 'n_simulations': 1000, 'n_trades': 137, 'p_value_max_dd': 0.202, 'p_value_sharpe': 0.433, 'simulated_sharpe_mean': 2.2437, 'simulated_sharpe_p5': 1.7163, 'simulated_sharpe_p95': 2.7955, 'simulated_sharpe_std': 0.4742}, 'walk_forward': {'consistency_rate': 0.5, 'n_windows': 4, 'profitable_windows': 2, 'return_mean': 0.563429, 'return_std': 0.973998, 'sharpe_mean': 0.9636, 'sharpe_std': 1.3226, 'windows': [{'end': '2023-08-16', 'max_dd': -0.352116, 'return': -0.097247, 'sharpe': -0.1409, 'start': '2023-01-01', 'trades': 45, 'win_rate': 0.3111, 'window': 1}, {'end': '2024-03-31', 'max_dd': -0.318117, 'return': 2.240262, 'sharpe': 3.178, 'start': '2023-08-17', 'trades': 24, 'win_rate': 0.4167, 'window': 2}, {'end': '2024-11-14', 'max_dd': -0.321482, 'return': -0.067413, 'sharpe': 0.0499, 'start': '2024-04-01', 'trades': 38, 'win_rate': 0.2895, 'window': 3}, {'end': '2025-06-30', 'max_dd': -0.291908, 'return': 0.178115, 'sharpe': 0.7672, 'start': '2024-11-15', 'trades': 30, 'win_rate': 0.2333, 'window': 4}]}}"
agent/runs/v_W_btceth_fullcycle_train,v_W_btceth_fullcycle_train,agent/runs/v_W_btceth_fullcycle_train/run_card.json,0.5896951715863279,589695.1715863278,30571036.924203448,29571036.924203448,29.571036924203447,-0.40488971940600177,1.1187620339675872,1.532,1.4564,1.5659,0.32894736842105265,228,9.538177901816194,29.571037,1.1188,17.3,1000000.0,2018-02-15,2025-06-30,1D,okx,daily,"BTC-USDT,ETH-USDT",d30fcf0a3c7d7dfdd2063bad69fa8f6381843f2f02b7bc96b767fc7a023595d8,1673b88a877be736f17c40aaada900e9571f0a54c59c0cbe25f142f9a1253f46,agent/runs/v_W_btceth_fullcycle_train/config.json,agent/runs/v_W_btceth_fullcycle_train/code/signal_engine.py,,"{'bootstrap': {'ci_lower': 0.3678, 'ci_upper': 1.8287, 'confidence': 0.95, 'median_sharpe': 1.1159, 'n_bootstrap': 1000, 'observed_sharpe': 1.1192, 'prob_positive': 0.998}, 'monte_carlo': {'actual_max_dd': -0.3334, 'actual_sharpe': 3.3144, 'n_simulations': 1000, 'n_trades': 228, 'p_value_max_dd': 0.027, 'p_value_sharpe': 0.0, 'simulated_sharpe_mean': 0.712, 'simulated_sharpe_p5': -1.5963, 'simulated_sharpe_p95': 2.546, 'simulated_sharpe_std': 1.4308}, 'walk_forward': {'consistency_rate': 0.75, 'n_windows': 8, 'profitable_windows': 6, 'return_mean': 0.717777, 'return_std': 0.859874, 'sharpe_mean': 0.979, 'sharpe_std': 0.9166, 'windows': [{'end': '2019-01-16', 'max_dd': -0.40013, 'return': -0.085128, 'sharpe': 0.0041, 'start': '2018-02-15', 'trades': 32, 'win_rate': 0.3125, 'window': 1}, {'end': '2019-12-18', 'max_dd': -0.214866, 'return': 2.342846, 'sharpe': 2.5418, 'start': '2019-01-17', 'trades': 14, 'win_rate': 0.6429, 'window': 2}, {'end': '2020-11-18', 'max_dd': -0.307026, 'return': 1.130987, 'sharpe': 1.6799, 'start': '2019-12-19', 'trades': 34, 'win_rate': 0.2647, 'window': 3}, {'end': '2021-10-20', 'max_dd': -0.402482, 'return': 1.696119, 'sharpe': 1.7069, 'start': '2020-11-19', 'trades': 27, 'win_rate': 0.3704, 'window': 4}, {'end': '2022-09-21', 'max_dd': -0.379847, 'return': 0.501682, 'sharpe': 1.04, 'start': '2021-10-21', 'trades': 24, 'win_rate': 0.4583, 'window': 5}, {'end': '2023-08-23', 'max_dd': -0.366498, 'return': -0.215184, 'sharpe': -0.4385, 'start': '2022-09-22', 'trades': 36, 'win_rate': 0.2222, 'window': 6}, {'end': '2024-07-24', 'max_dd': -0.384746, 'return': 0.091112, 'sharpe': 0.4538, 'start': '2023-08-24', 'trades': 32, 'win_rate': 0.3125, 'window': 7}, {'end': '2025-06-30', 'max_dd': -0.254387, 'return': 0.279779, 'sharpe': 0.8439, 'start': '2024-07-25', 'trades': 29, 'win_rate': 0.2759, 'window': 8}]}}"
agent/runs/v_CP1_composite_crypto_macro_full,v_CP1_composite_crypto_macro_full,agent/runs/v_CP1_composite_crypto_macro_full/run_card.json,0.5711978196016205,571197.8196016205,4853000.663647205,3853000.6636472046,3.8530006636472045,-0.41445010636617546,1.2892473814983407,1.7341,1.3782,2.0253,0.40350877192982454,456,2.617328675930954,2.455998,0.3216,13.4,1000000.0,2023-01-01,2026-06-29,1D,auto,daily,"BTC-USDT,SOL-USDT,SPY.US,GLD.US",e8316dd3952087fa7b397cdb232c5d4ff76e7a09f42fe84bca6fc36de9113e4d,20211615605c4e47653512bf55fc0523578057f2895fa6d78e77c806db64926b,agent/runs/v_CP1_composite_crypto_macro_full/config.json,agent/runs/v_CP1_composite_crypto_macro_full/code/signal_engine.py,,"{'bootstrap': {'ci_lower': 0.2734, 'ci_upper': 2.2083, 'confidence': 0.95, 'median_sharpe': 1.2751, 'n_bootstrap': 1000, 'observed_sharpe': 1.2898, 'prob_positive': 0.995}, 'monte_carlo': {'actual_max_dd': -0.3076, 'actual_sharpe': 1.4757, 'n_simulations': 1000, 'n_trades': 456, 'p_value_max_dd': 0.529, 'p_value_sharpe': 0.925, 'simulated_sharpe_mean': 1.9594, 'simulated_sharpe_p5': 1.3939, 'simulated_sharpe_p95': 2.4237, 'simulated_sharpe_std': 0.3368}, 'walk_forward': {'consistency_rate': 1.0, 'n_windows': 4, 'profitable_windows': 4, 'return_mean': 0.510439, 'return_std': 0.228801, 'sharpe_mean': 1.3818, 'sharpe_std': 0.4015, 'windows': [{'end': '2023-11-14', 'max_dd': -0.41445, 'return': 0.866883, 'sharpe': 1.812, 'start': '2023-01-01', 'trades': 121, 'win_rate': 0.3223, 'window': 1}, {'end': '2024-09-28', 'max_dd': -0.34361, 'return': 0.273156, 'sharpe': 0.7839, 'start': '2023-11-15', 'trades': 104, 'win_rate': 0.3654, 'window': 2}, {'end': '2025-08-13', 'max_dd': -0.195315, 'return': 0.548185, 'sharpe': 1.6758, 'start': '2024-09-29', 'trades': 121, 'win_rate': 0.4711, 'window': 3}, {'end': '2026-06-29', 'max_dd': -0.210332, 'return': 0.353532, 'sharpe': 1.2555, 'start': '2025-08-14', 'trades': 110, 'win_rate': 0.4545, 'window': 4}]}}"
agent/runs/v_Z4param_20_60_train,v_Z4param_20_60_train,agent/runs/v_Z4param_20_60_train/run_card.json,0.564962390004258,564962.390004258,3061916.325421298,2061916.325421298,2.061916325421298,-0.48947784742696654,1.2184898193905638,1.8733,1.1542,2.1156,0.2682926829268293,82,5.4441996931170795,2.061916,1.2185,18.7,1000000.0,2023-01-01,2025-06-30,1D,auto,daily,"BTC-USDT,SOL-USDT",5bbccd137681137a61d09a5f8b04607dd05d1582183dbd4177f70bb50faae130,411c93d76eaea379b82aaedba06107b1d0c2ed9aa79286fa5320a756de63b32f,agent/runs/v_Z4param_20_60_train/config.json,agent/runs/v_Z4param_20_60_train/code/signal_engine.py,,"{'bootstrap': {'ci_lower': -0.0592, 'ci_upper': 2.3493, 'confidence': 0.95, 'median_sharpe': 1.2123, 'n_bootstrap': 1000, 'observed_sharpe': 1.2198, 'prob_positive': 0.97}, 'monte_carlo': {'actual_max_dd': -0.357, 'actual_sharpe': 2.4336, 'n_simulations': 1000, 'n_trades': 82, 'p_value_max_dd': 0.516, 'p_value_sharpe': 0.642, 'simulated_sharpe_mean': 2.5023, 'simulated_sharpe_p5': 2.0133, 'simulated_sharpe_p95': 3.0519, 'simulated_sharpe_std': 0.5675}, 'walk_forward': {'consistency_rate': 0.75, 'n_windows': 4, 'profitable_windows': 3, 'return_mean': 0.781903, 'return_std': 1.485628, 'sharpe_mean': 0.6904, 'sharpe_std': 2.1101, 'windows': [{'end': '2023-08-16', 'max_dd': -0.274883, 'return': 0.040793, 'sharpe': 0.3546, 'start': '2023-01-01', 'trades': 27, 'win_rate': 0.2222, 'window': 1}, {'end': '2024-03-31', 'max_dd': -0.300491, 'return': 3.335351, 'sharpe': 3.768, 'start': '2023-08-17', 'trades': 10, 'win_rate': 0.5, 'window': 2}, {'end': '2024-11-14', 'max_dd': -0.461667, 'return': -0.365861, 'sharpe': -2.175, 'start': '2024-04-01', 'trades': 29, 'win_rate': 0.1724, 'window': 3}, {'end': '2025-06-30', 'max_dd': -0.113503, 'return': 0.117329, 'sharpe': 0.8138, 'start': '2024-11-15', 'trades': 16, 'win_rate': 0.375, 'window': 4}]}}"
agent/runs/v_Z3_aggressive_train,v_Z3_aggressive_train,agent/runs/v_Z3_aggressive_train/run_card.json,0.550652486571769,550652.486571769,2992438.4131070795,1992438.4131070795,1.9924384131070796,-0.24563869393085094,1.5131945173147332,2.3874,2.2417,2.6972,0.2897196261682243,107,5.4441996931170795,1.992438,1.5132,14.6,1000000.0,2023-01-01,2025-06-30,1D,auto,daily,"BTC-USDT,SOL-USDT",421346ece0e2097940fca1e4ae7ac8cc9a7470e41a588d9060f61f7d2adc2f86,411c93d76eaea379b82aaedba06107b1d0c2ed9aa79286fa5320a756de63b32f,agent/runs/v_Z3_aggressive_train/config.json,agent/runs/v_Z3_aggressive_train/code/signal_engine.py,,"{'bootstrap': {'ci_lower': 0.2645, 'ci_upper': 2.6121, 'confidence': 0.95, 'median_sharpe': 1.4913, 'n_bootstrap': 1000, 'observed_sharpe': 1.5149, 'prob_positive': 0.993}, 'monte_carlo': {'actual_max_dd': -0.1769, 'actual_sharpe': 2.9665, 'n_simulations': 1000, 'n_trades': 107, 'p_value_max_dd': 0.582, 'p_value_sharpe': 0.752, 'simulated_sharpe_mean': 3.2667, 'simulated_sharpe_p5': 2.6473, 'simulated_sharpe_p95': 3.8246, 'simulated_sharpe_std': 0.3716}, 'walk_forward': {'consistency_rate': 0.75, 'n_windows': 4, 'profitable_windows': 3, 'return_mean': 0.44426, 'return_std': 0.672355, 'sharpe_mean': 1.2953, 'sharpe_std': 1.5704, 'windows': [{'end': '2023-08-16', 'max_dd': -0.227438, 'return': 0.095961, 'sharpe': 0.5869, 'start': '2023-01-01', 'trades': 37, 'win_rate': 0.2703, 'window': 1}, {'end': '2024-03-31', 'max_dd': -0.199845, 'return': 1.602051, 'sharpe': 3.8977, 'start': '2023-08-17', 'trades': 16, 'win_rate': 0.375, 'window': 2}, {'end': '2024-11-14', 'max_dd': -0.218689, 'return': -0.057481, 'sharpe': -0.2829, 'start': '2024-04-01', 'trades': 31, 'win_rate': 0.2581, 'window': 3}, {'end': '2025-06-30', 'max_dd': -0.116795, 'return': 0.136509, 'sharpe': 0.9796, 'start': '2024-11-15', 'trades': 23, 'win_rate': 0.3043, 'window': 4}]}}"
agent/runs/fwd_ZA4_20260702,fwd_ZA4_20260702,agent/runs/fwd_ZA4_20260702/run_card.json,0.5479942055984834,547994.2055984834,1604600.0815912518,604600.0815912518,0.6046000815912518,-0.2737176625342564,1.2244291610012072,1.997,2.002,2.1408,0.2727272727272727,44,-0.448404,1.053004,1.1917,11.0,1000000.0,2025-06-01,2026-07-02,1D,okx,daily,"BTC-USDT,SOL-USDT",37cb3973f3023773eb5cd450520d141d0ce26d10d40b44991c7a5bcdfb3d8101,ccc3ad9af6a41eac97900ab4dc073c1d2a83029ec7bf44f7ad7d94b710444077,agent/runs/fwd_ZA4_20260702/config.json,agent/runs/fwd_ZA4_20260702/code/signal_engine.py,,
agent/runs/v_X1_resize_train,v_X1_resize_train,agent/runs/v_X1_resize_train/run_card.json,0.544940771730458,544940.771730458,2964973.4109306224,1964973.4109306224,1.9649734109306225,-0.4758313923758669,1.0761379834199805,1.7118,1.1452,0.8389,0.21153846153846154,104,5.4441996931170795,1.964973,1.0761,14.9,1000000.0,2023-01-01,2025-06-30,1D,auto,daily,"BTC-USDT,SOL-USDT",80a10be874bf9dbd53d91a23db2aa309f6ebcc577b0656b4fec31da6aeb89dff,a1f18547be7293b85b9cf4ae1ec199237b401af51306192d6d13aee79031b392,agent/runs/v_X1_resize_train/config.json,agent/runs/v_X1_resize_train/code/signal_engine.py,,"{'bootstrap': {'ci_lower': -0.1687, 'ci_upper': 2.2263, 'confidence': 0.95, 'median_sharpe': 1.0644, 'n_bootstrap': 1000, 'observed_sharpe': 1.0773, 'prob_positive': 0.958}, 'monte_carlo': {'actual_max_dd': -1.058, 'actual_sharpe': 1.2279, 'n_simulations': 1000, 'n_trades': 104, 'p_value_max_dd': 0.53, 'p_value_sharpe': 0.243, 'simulated_sharpe_mean': -0.0789, 'simulated_sharpe_p5': -2.6944, 'simulated_sharpe_p95': 2.0525, 'simulated_sharpe_std': 1.5328}, 'walk_forward': {'consistency_rate': 0.75, 'n_windows': 4, 'profitable_windows': 3, 'return_mean': 0.497475, 'return_std': 0.887653, 'sharpe_mean': 1.0605, 'sharpe_std': 1.532, 'windows': [{'end': '2023-08-16', 'max_dd': -0.386189, 'return': 0.091464, 'sharpe': 0.5241, 'start': '2023-01-01', 'trades': 37, 'win_rate': 0.1892, 'window': 1}, {'end': '2024-03-31', 'max_dd': -0.219054, 'return': 2.02194, 'sharpe': 3.636, 'start': '2023-08-17', 'trades': 16, 'win_rate': 0.3125, 'window': 2}, {'end': '2024-11-14', 'max_dd': -0.473051, 'return': -0.198501, 'sharpe': -0.3995, 'start': '2024-04-01', 'trades': 29, 'win_rate': 0.1724, 'window': 3}, {'end': '2025-06-30', 'max_dd': -0.335023, 'return': 0.074996, 'sharpe': 0.4813, 'start': '2024-11-15', 'trades': 22, 'win_rate': 0.2273, 'window': 4}]}}"
agent/runs/fwd_Z8_20260702,fwd_Z8_20260702,agent/runs/fwd_Z8_20260702/run_card.json,0.5444788273180718,544478.8273180719,1600657.0231436335,600657.0231436335,0.6006570231436335,-0.2254307111683976,1.3230491867055005,2.1351,2.4153,2.4562,0.2830188679245283,53,-0.42983634598489495,0.600657,1.323,12.4,1000000.0,2025-06-01,2026-07-02,1D,auto,daily,"BTC-USDT,SOL-USDT",3034b3571e137ef581976c5f256e304cb334e1806a4585535c10f45001d1c2f4,a89b871197b6aa7169590d10b88d3fdc1af56f3aec2cc78ad07b12541817cdc2,agent/runs/fwd_Z8_20260702/config.json,agent/runs/fwd_Z8_20260702/code/signal_engine.py,,
agent/runs/v_J_paramrobustness_train,v_J_paramrobustness_train,agent/runs/v_J_paramrobustness_train/run_card.json,0.543218634939983,543218.634939983,2956722.236747013,1956722.236747013,1.9567222367470127,-0.47267801020341604,1.049683825968923,1.6329,1.1492,1.7606,0.2828282828282828,99,5.4441996931170795,1.956722,1.0497,18.3,1000000.0,2023-01-01,2025-06-30,1D,auto,daily,"BTC-USDT,ETH-USDT,SOL-USDT",6a14642e5b3db40f942cfac8db0ae47f87af0baac774de5d8f7bb0388881e5a3,1e0b01f94d091c15fcb2d614f0a12bdd52e03dd950c9099d22af538656815792,agent/runs/v_J_paramrobustness_train/config.json,agent/runs/v_J_paramrobustness_train/code/signal_engine.py,,"{'bootstrap': {'ci_lower': -0.1144, 'ci_upper': 2.1532, 'confidence': 0.95, 'median_sharpe': 1.0557, 'n_bootstrap': 1000, 'observed_sharpe': 1.0508, 'prob_positive': 0.954}, 'monte_carlo': {'actual_max_dd': -0.351, 'actual_sharpe': 1.8649, 'n_simulations': 1000, 'n_trades': 99, 'p_value_max_dd': 0.322, 'p_value_sharpe': 0.843, 'simulated_sharpe_mean': 2.027, 'simulated_sharpe_p5': 1.7135, 'simulated_sharpe_p95': 2.5472, 'simulated_sharpe_std': 0.6654}, 'walk_forward': {'consistency_rate': 0.25, 'n_windows': 4, 'profitable_windows': 1, 'return_mean': 0.688956, 'return_std': 1.392737, 'sharpe_mean': 0.6629, 'sharpe_std': 1.5391, 'windows': [{'end': '2023-08-16', 'max_dd': -0.435745, 'return': -0.235596, 'sharpe': -0.7162, 'start': '2023-01-01', 'trades': 38, 'win_rate': 0.2105, 'window': 1}, {'end': '2024-03-31', 'max_dd': -0.344496, 'return': 3.097272, 'sharpe': 3.2715, 'start': '2023-08-17', 'trades': 10, 'win_rate': 0.7, 'window': 2}, {'end': '2024-11-14', 'max_dd': -0.349736, 'return': -0.093599, 'sharpe': -0.0326, 'start': '2024-04-01', 'trades': 20, 'win_rate': 0.25, 'window': 3}, {'end': '2025-06-30', 'max_dd': -0.305492, 'return': -0.012254, 'sharpe': 0.129, 'start': '2024-11-15', 'trades': 31, 'win_rate': 0.2581, 'window': 4}]}}"
agent/runs/v_C_fast_wide_train,v_C_fast_wide_train,agent/runs/v_C_fast_wide_train/run_card.json,0.525437640762429,525437.6407624291,2872333.881686061,1872333.8816860612,1.8723338816860613,-0.4805605949020241,1.1235252756406942,1.767,1.0934,1.6949,0.28187919463087246,149,5.4441996931170795,1.872334,1.1235,14.9,1000000.0,2023-01-01,2025-06-30,1D,auto,daily,"BTC-USDT,ETH-USDT,SOL-USDT",8353d8308507695d2688bb1c911c56f08328af70bc134066bce5ea074b018e13,8ae7bd6889576767f57f0b3b866511dc7feff5a7307a17eb24e8bd666adb88db,agent/runs/v_C_fast_wide_train/config.json,agent/runs/v_C_fast_wide_train/code/signal_engine.py,,"{'bootstrap': {'ci_lower': -0.1633, 'ci_upper': 2.2908, 'confidence': 0.95, 'median_sharpe': 1.111, 'n_bootstrap': 1000, 'observed_sharpe': 1.1248, 'prob_positive': 0.959}, 'monte_carlo': {'actual_max_dd': -0.3502, 'actual_sharpe': 1.873, 'n_simulations': 1000, 'n_trades': 149, 'p_value_max_dd': 0.458, 'p_value_sharpe': 0.711, 'simulated_sharpe_mean': 2.0008, 'simulated_sharpe_p5': 1.5628, 'simulated_sharpe_p95': 2.4177, 'simulated_sharpe_std': 0.3726}, 'walk_forward': {'consistency_rate': 0.5, 'n_windows': 4, 'profitable_windows': 2, 'return_mean': 0.593498, 'return_std': 1.076922, 'sharpe_mean': 0.8686, 'sharpe_std': 1.9258, 'windows': [{'end': '2023-08-16', 'max_dd': -0.357363, 'return': -0.084094, 'sharpe': -0.094, 'start': '2023-01-01', 'trades': 51, 'win_rate': 0.2549, 'window': 1}, {'end': '2024-03-31', 'max_dd': -0.311683, 'return': 2.39483, 'sharpe': 3.5989, 'start': '2023-08-17', 'trades': 22, 'win_rate': 0.3182, 'window': 2}, {'end': '2024-11-14', 'max_dd': -0.412735, 'return': -0.358066, 'sharpe': -1.5792, 'start': '2024-04-01', 'trades': 45, 'win_rate': 0.2667, 'window': 3}, {'end': '2025-06-30', 'max_dd': -0.21641, 'return': 0.42132, 'sharpe': 1.5485, 'start': '2024-11-15', 'trades': 31, 'win_rate': 0.3226, 'window': 4}]}}"
agent/runs/v_Z4shuf_seed033_train,v_Z4shuf_seed033_train,agent/runs/v_Z4shuf_seed033_train/run_card.json,0.5125985895362029,512598.58953620284,2812308.962390897,1812308.9623908969,1.812308962390897,-0.3008127453492896,1.6537101632966196,2.4447,1.704,2.216,0.5828877005347594,187,5.4441996931170795,1.812309,1.6537,8.4,1000000.0,2023-01-01,2025-06-30,1D,auto,daily,"BTC-USDT,SOL-USDT",739e457b4cba539a26f0e2e662d461335ebefc2f9c997de40f463e7942dba7e6,5680595d753976610de949c37f0568d5ff7e7db3a1f2b2545ab303b52a99c7f6,agent/runs/v_Z4shuf_seed033_train/config.json,agent/runs/v_Z4shuf_seed033_train/code/signal_engine.py,,"{'bootstrap': {'ci_lower': 0.3395, 'ci_upper': 2.8809, 'confidence': 0.95, 'median_sharpe': 1.6856, 'n_bootstrap': 1000, 'observed_sharpe': 1.6555, 'prob_positive': 0.996}, 'monte_carlo': {'actual_max_dd': -0.221, 'actual_sharpe': 4.4739, 'n_simulations': 1000, 'n_trades': 187, 'p_value_max_dd': 0.879, 'p_value_sharpe': 0.027, 'simulated_sharpe_mean': 3.7838, 'simulated_sharpe_p5': 3.2117, 'simulated_sharpe_p95': 4.3804, 'simulated_sharpe_std': 0.3509}, 'walk_forward': {'consistency_rate': 0.75, 'n_windows': 4, 'profitable_windows': 3, 'return_mean': 0.315271, 'return_std': 0.264649, 'sharpe_mean': 1.5614, 'sharpe_std': 1.3913, 'windows': [{'end': '2023-08-16', 'max_dd': -0.113008, 'return': 0.423372, 'sharpe': 2.2043, 'start': '2023-01-01', 'trades': 37, 'win_rate': 0.7297, 'window': 1}, {'end': '2024-03-31', 'max_dd': -0.095807, 'return': 0.536922, 'sharpe': 2.3291, 'start': '2023-08-17', 'trades': 50, 'win_rate': 0.54, 'window': 2}, {'end': '2024-11-14', 'max_dd': -0.300813, 'return': -0.136811, 'sharpe': -0.8389, 'start': '2024-04-01', 'trades': 56, 'win_rate': 0.5, 'window': 3}, {'end': '2025-06-30', 'max_dd': -0.107077, 'return': 0.437599, 'sharpe': 2.5509, 'start': '2024-11-15', 'trades': 44, 'win_rate': 0.6136, 'window': 4}]}}"
agent/runs/v_M_trendstrength_train,v_M_trendstrength_train,agent/runs/v_M_trendstrength_train/run_card.json,0.5064051670310659,506405.16703106585,2783625.0479501374,1783625.0479501374,1.7836250479501374,-0.5679156589212448,0.9974172545298362,1.5072,0.8917,1.7282,0.3333333333333333,54,5.4441996931170795,1.783625,0.9974,32.1,1000000.0,2023-01-01,2025-06-30,1D,auto,daily,"BTC-USDT,ETH-USDT,SOL-USDT",c1611371d665034235925b57fcdad80c89332666a899b6bd3ce7ea585db29d9f,819b1320bd0389e8686570b03ba382c1d098afb488b07db187b94d112402dbb4,agent/runs/v_M_trendstrength_train/config.json,agent/runs/v_M_trendstrength_train/code/signal_engine.py,,"{'bootstrap': {'ci_lower': -0.2035, 'ci_upper': 2.1072, 'confidence': 0.95, 'median_sharpe': 1.0056, 'n_bootstrap': 1000, 'observed_sharpe': 0.9985, 'prob_positive': 0.943}, 'monte_carlo': {'actual_max_dd': -0.461, 'actual_sharpe': 2.5656, 'n_simulations': 1000, 'n_trades': 54, 'p_value_max_dd': 0.457, 'p_value_sharpe': 0.779, 'simulated_sharpe_mean': 2.5442, 'simulated_sharpe_p5': -1.8495, 'simulated_sharpe_p95': 3.5232, 'simulated_sharpe_std': 1.4357}, 'walk_forward': {'consistency_rate': 0.5, 'n_windows': 4, 'profitable_windows': 2, 'return_mean': 0.871999, 'return_std': 1.754877, 'sharpe_mean': 0.6351, 'sharpe_std': 1.9707, 'windows': [{'end': '2023-08-16', 'max_dd': -0.502863, 'return': -0.374177, 'sharpe': -1.2549, 'start': '2023-01-01', 'trades': 16, 'win_rate': 0.4375, 'window': 1}, {'end': '2024-03-31', 'max_dd': -0.37898, 'return': 3.877662, 'sharpe': 3.6364, 'start': '2023-08-17', 'trades': 8, 'win_rate': 0.5, 'window': 2}, {'end': '2024-11-14', 'max_dd': -0.538859, 'return': -0.310656, 'sharpe': -1.0017, 'start': '2024-04-01', 'trades': 21, 'win_rate': 0.1905, 'window': 3}, {'end': '2025-06-30', 'max_dd': -0.222445, 'return': 0.295165, 'sharpe': 1.1606, 'start': '2024-11-15', 'trades': 9, 'win_rate': 0.3333, 'window': 4}]}}"
agent/runs/v_Z4param_15_45_train,v_Z4param_15_45_train,agent/runs/v_Z4param_15_45_train/run_card.json,0.5054694179319323,505469.4179319323,2779306.595341971,1779306.5953419711,1.7793065953419713,-0.46918186909960774,1.1759846279085355,1.7697,1.0773,2.0197,0.2823529411764706,85,5.4441996931170795,1.779307,1.176,18.2,1000000.0,2023-01-01,2025-06-30,1D,auto,daily,"BTC-USDT,SOL-USDT",56c4b910303ac230dc6c82966e44b135d6c0ec7f26f3094c5d9c380dbe0547a9,411c93d76eaea379b82aaedba06107b1d0c2ed9aa79286fa5320a756de63b32f,agent/runs/v_Z4param_15_45_train/config.json,agent/runs/v_Z4param_15_45_train/code/signal_engine.py,,"{'bootstrap': {'ci_lower': -0.0775, 'ci_upper': 2.2016, 'confidence': 0.95, 'median_sharpe': 1.1793, 'n_bootstrap': 1000, 'observed_sharpe': 1.1773, 'prob_positive': 0.966}, 'monte_carlo': {'actual_max_dd': -0.3512, 'actual_sharpe': 2.2366, 'n_simulations': 1000, 'n_trades': 85, 'p_value_max_dd': 0.473, 'p_value_sharpe': 0.592, 'simulated_sharpe_mean': 2.2782, 'simulated_sharpe_p5': 1.9265, 'simulated_sharpe_p95': 2.7362, 'simulated_sharpe_std': 0.4418}, 'walk_forward': {'consistency_rate': 0.75, 'n_windows': 4, 'profitable_windows': 3, 'return_mean': 0.544722, 'return_std': 1.017072, 'sharpe_mean': 0.7636, 'sharpe_std': 1.8748, 'windows': [{'end': '2023-08-16', 'max_dd': -0.295221, 'return': 0.013379, 'sharpe': 0.242, 'start': '2023-01-01', 'trades': 30, 'win_rate': 0.2333, 'window': 1}, {'end': '2024-03-31', 'max_dd': -0.286893, 'return': 2.276253, 'sharpe': 3.4403, 'start': '2023-08-17', 'trades': 10, 'win_rate': 0.6, 'window': 2}, {'end': '2024-11-14', 'max_dd': -0.405455, 'return': -0.317087, 'sharpe': -1.7803, 'start': '2024-04-01', 'trades': 26, 'win_rate': 0.1923, 'window': 3}, {'end': '2025-06-30', 'max_dd': -0.138351, 'return': 0.206345, 'sharpe': 1.1523, 'start': '2024-11-15', 'trades': 19, 'win_rate': 0.3158, 'window': 4}]}}"
agent/runs/20260630_140531_35_b6ddc3/ai_daily_basket_2to4,ai_daily_basket_2to4,agent/runs/20260630_140531_35_b6ddc3/ai_daily_basket_2to4/run_card.json,0.5028586320721447,502858.63207214465,58018280.44625172,57018280.44625172,57.01828044625172,-0.5700893546847795,1.1955137639422446,1.6693,0.8821,0.0,1.0,4,45.235106,11.783174,0.337,2411.0,1000000.0,2016-06-30,2026-06-29,1D,auto,daily,"NVDA.US,TSM.US,AMD.US,AVGO.US,MU.US,ASML.US,VRT.US,ANET.US,SOXX.US,SMH.US,QQQ.US",4e535315175a8fdb28f8d1f351e30602d1365ff558daf4be76a3ed051ca79fa3,1c186eeef5c216c09e4fd0b2fd9550cd15c362401720d370113d792bad7575e9,agent/runs/20260630_140531_35_b6ddc3/ai_daily_basket_2to4/config.json,agent/runs/20260630_140531_35_b6ddc3/ai_daily_basket_2to4/code/signal_engine.py,,
agent/runs/v_Z4param_30_90_train,v_Z4param_30_90_train,agent/runs/v_Z4param_30_90_train/run_card.json,0.4986802156234422,498680.2156234422,2748094.9757888364,1748094.9757888364,1.7480949757888364,-0.5828504490222182,1.0808302981421278,1.6257,0.8556,1.8507,0.2727272727272727,66,5.4441996931170795,1.748095,1.0808,23.1,1000000.0,2023-01-01,2025-06-30,1D,auto,daily,"BTC-USDT,SOL-USDT",b84ea21635328c00c35c6d50e3b0f0adb0740873730f4f9a1537f8da912a1708,411c93d76eaea379b82aaedba06107b1d0c2ed9aa79286fa5320a756de63b32f,agent/runs/v_Z4param_30_90_train/config.json,agent/runs/v_Z4param_30_90_train/code/signal_engine.py,,"{'bootstrap': {'ci_lower': -0.1457, 'ci_upper': 2.1267, 'confidence': 0.95, 'median_sharpe': 1.0436, 'n_bootstrap': 1000, 'observed_sharpe': 1.082, 'prob_positive': 0.948}, 'monte_carlo': {'actual_max_dd': -0.3858, 'actual_sharpe': 2.1144, 'n_simulations': 1000, 'n_trades': 66, 'p_value_max_dd': 0.282, 'p_value_sharpe': 0.513, 'simulated_sharpe_mean': 1.036, 'simulated_sharpe_p5': -3.149, 'simulated_sharpe_p95': 2.4075, 'simulated_sharpe_std': 2.0548}, 'walk_forward': {'consistency_rate': 0.5, 'n_windows': 4, 'profitable_windows': 2, 'return_mean': 1.005872, 'return_std': 2.027569, 'sharpe_mean': 0.3477, 'sharpe_std': 2.3698, 'windows': [{'end': '2023-08-16', 'max_dd': -0.292371, 'return': 0.026807, 'sharpe': 0.2961, 'start': '2023-01-01', 'trades': 18, 'win_rate': 0.3889, 'window': 1}, {'end': '2024-03-31', 'max_dd': -0.298145, 'return': 4.502255, 'sharpe': 3.9833, 'start': '2023-08-17', 'trades': 6, 'win_rate': 0.5, 'window': 2}, {'end': '2024-11-14', 'max_dd': -0.553079, 'return': -0.467768, 'sharpe': -2.6319, 'start': '2024-04-01', 'trades': 26, 'win_rate': 0.1923, 'window': 3}, {'end': '2025-06-30', 'max_dd': -0.096873, 'return': -0.037807, 'sharpe': -0.2567, 'start': '2024-11-15', 'trades': 16, 'win_rate': 0.1875, 'window': 4}]}}"
agent/runs/v_Z8_voltarget_OOS_TEST,v_Z8_voltarget_OOS_TEST,agent/runs/v_Z8_voltarget_OOS_TEST/run_card.json,0.47987645532277057,479876.4553227706,1578366.040234171,578366.0402341711,0.578366040234171,-0.23738557410410124,1.1793393713750526,1.9148,2.0215,2.2755,0.3090909090909091,55,-0.3767548653273064,0.578366,1.1793,12.9,1000000.0,2025-05-01,2026-06-30,1D,auto,daily,"BTC-USDT,SOL-USDT",3034b3571e137ef581976c5f256e304cb334e1806a4585535c10f45001d1c2f4,8d9fca1de321830d27c06fd819477d035fd9f64a297666abb4707f895cbf9ac5,agent/runs/v_Z8_voltarget_OOS_TEST/config.json,agent/runs/v_Z8_voltarget_OOS_TEST/code/signal_engine.py,,"{'bootstrap': {'ci_lower': -0.6379, 'ci_upper': 3.0081, 'confidence': 0.95, 'median_sharpe': 1.231, 'n_bootstrap': 1000, 'observed_sharpe': 1.1821, 'prob_positive': 0.893}, 'monte_carlo': {'actual_max_dd': -0.1362, 'actual_sharpe': 3.5994, 'n_simulations': 1000, 'n_trades': 55, 'p_value_max_dd': 0.498, 'p_value_sharpe': 0.098, 'simulated_sharpe_mean': 3.2826, 'simulated_sharpe_p5': 2.4963, 'simulated_sharpe_p95': 3.6729, 'simulated_sharpe_std': 0.3303}}"
agent/runs/v_Z6_3assetcontrol_train,v_Z6_3assetcontrol_train,agent/runs/v_Z6_3assetcontrol_train/run_card.json,0.47821118514638217,478211.1851463822,2655270.0358173344,1655270.0358173344,1.6552700358173342,-0.31058136715185186,1.1081717524958266,1.5861,1.5397,2.0816,0.3028169014084507,142,6.002662,-4.347392,-0.6919,14.6,1000000.0,2023-01-01,2025-06-30,1D,auto,daily,"BTC-USDT,SOL-USDT,LINK-USDT",c7c24b1a1af26d49f04dea2478614cfbe73b5b776a84e292576afc160192278b,669e76ecf40e9f35e75a7da0f0529f80a6a235c99b40df7b220815024f651790,agent/runs/v_Z6_3assetcontrol_train/config.json,agent/runs/v_Z6_3assetcontrol_train/code/signal_engine.py,,"{'bootstrap': {'ci_lower': -0.0554, 'ci_upper': 2.277, 'confidence': 0.95, 'median_sharpe': 1.0999, 'n_bootstrap': 1000, 'observed_sharpe': 1.1094, 'prob_positive': 0.967}, 'monte_carlo': {'actual_max_dd': -0.1945, 'actual_sharpe': 2.5372, 'n_simulations': 1000, 'n_trades': 142, 'p_value_max_dd': 0.314, 'p_value_sharpe': 0.394, 'simulated_sharpe_mean': 2.4618, 'simulated_sharpe_p5': 2.012, 'simulated_sharpe_p95': 2.8393, 'simulated_sharpe_std': 0.2494}, 'walk_forward': {'consistency_rate': 0.75, 'n_windows': 4, 'profitable_windows': 3, 'return_mean': 0.32126, 'return_std': 0.421, 'sharpe_mean': 0.9918, 'sharpe_std': 0.9406, 'windows': [{'end': '2023-08-16', 'max_dd': -0.288549, 'return': -0.012646, 'sharpe': 0.1392, 'start': '2023-01-01', 'trades': 46, 'win_rate': 0.3043, 'window': 1}, {'end': '2024-03-31', 'max_dd': -0.289208, 'return': 1.033164, 'sharpe': 2.5345, 'start': '2023-08-17', 'trades': 24, 'win_rate': 0.4167, 'window': 2}, {'end': '2024-11-14', 'max_dd': -0.273566, 'return': 0.034222, 'sharpe': 0.3352, 'start': '2024-04-01', 'trades': 42, 'win_rate': 0.2857, 'window': 3}, {'end': '2025-06-30', 'max_dd': -0.204394, 'return': 0.230301, 'sharpe': 0.9581, 'start': '2024-11-15', 'trades': 30, 'win_rate': 0.2333, 'window': 4}]}}"
agent/runs/fwd_Z4_20260702,fwd_Z4_20260702,agent/runs/fwd_Z4_20260702/run_card.json,0.4606849968002813,460684.9968002813,1506890.7462738806,506890.7462738806,0.5068907462738805,-0.19194228941280309,1.3190703355102775,2.1354,2.4001,2.4293,0.2830188679245283,53,-0.42983634598489495,0.506891,1.3191,12.4,1000000.0,2025-06-01,2026-07-02,1D,auto,daily,"BTC-USDT,SOL-USDT",87236a504a7c3f24014d65015f04edce21c71b81282a0bfcc5def135aa625690,a89b871197b6aa7169590d10b88d3fdc1af56f3aec2cc78ad07b12541817cdc2,agent/runs/fwd_Z4_20260702/config.json,agent/runs/fwd_Z4_20260702/code/signal_engine.py,,
agent/runs/v_CPA3_fd_regime_30_full,v_CPA3_fd_regime_30_full,agent/runs/v_CPA3_fd_regime_30_full/run_card.json,0.4568071350639624,456807.1350639624,3724872.5730703077,2724872.5730703077,2.7248725730703076,-0.2954167313813903,1.4019631207470553,1.9518,1.5463,2.0231,0.40585774058577406,478,2.623748052905289,1.323616,0.1438,13.5,1000000.0,2023-01-01,2026-07-01,1D,auto,daily,"BTC-USDT,SOL-USDT,SPY.US,GLD.US",59db051c41df6434be58a540a2c478a8721e84b4befca3fa59cc50e153b89c74,f396d75ac5cf4e45843859afac69e4f5e380f9c1a78e707feedcbe46ff1a9e6a,agent/runs/v_CPA3_fd_regime_30_full/config.json,agent/runs/v_CPA3_fd_regime_30_full/code/signal_engine.py,,"{'bootstrap': {'ci_lower': 0.3551, 'ci_upper': 2.3296, 'confidence': 0.95, 'median_sharpe': 1.4103, 'n_bootstrap': 1000, 'observed_sharpe': 1.4026, 'prob_positive': 0.995}, 'monte_carlo': {'actual_max_dd': -0.2253, 'actual_sharpe': 1.4991, 'n_simulations': 1000, 'n_trades': 478, 'p_value_max_dd': 0.704, 'p_value_sharpe': 0.957, 'simulated_sharpe_mean': 2.0018, 'simulated_sharpe_p5': 1.5156, 'simulated_sharpe_p95': 2.4462, 'simulated_sharpe_std': 0.2995}, 'walk_forward': {'consistency_rate': 1.0, 'n_windows': 4, 'profitable_windows': 4, 'return_mean': 0.399886, 'return_std': 0.140972, 'sharpe_mean': 1.5382, 'sharpe_std': 0.4224, 'windows': [{'end': '2023-11-15', 'max_dd': -0.295417, 'return': 0.616011, 'sharpe': 1.8658, 'start': '2023-01-01', 'trades': 125, 'win_rate': 0.32, 'window': 1}, {'end': '2024-09-30', 'max_dd': -0.27573, 'return': 0.291164, 'sharpe': 0.9217, 'start': '2023-11-15', 'trades': 111, 'win_rate': 0.3784, 'window': 2}, {'end': '2025-08-15', 'max_dd': -0.099485, 'return': 0.433344, 'sharpe': 1.9865, 'start': '2024-09-30', 'trades': 127, 'win_rate': 0.4567, 'window': 3}, {'end': '2026-07-01', 'max_dd': -0.158294, 'return': 0.259023, 'sharpe': 1.379, 'start': '2025-08-15', 'trades': 115, 'win_rate': 0.4696, 'window': 4}]}}"
agent/runs/v_CP2_sleeve_5050_full,v_CP2_sleeve_5050_full,agent/runs/v_CP2_sleeve_5050_full/run_card.json,0.45542428435073856,455424.28435073857,3713651.109517255,2713651.109517255,2.713651109517255,-0.28830052523608257,1.3287485569390576,1.7876,1.5797,2.0805,0.3975659229208925,493,2.617328675930954,1.316648,0.1516,13.5,1000000.0,2023-01-01,2026-06-29,1D,auto,daily,"BTC-USDT,SOL-USDT,SPY.US,GLD.US",d3c80ad323d12ddb57366fd8bd5866d944a30c3a292fb4c090f0a467a7ab6da8,20211615605c4e47653512bf55fc0523578057f2895fa6d78e77c806db64926b,agent/runs/v_CP2_sleeve_5050_full/config.json,agent/runs/v_CP2_sleeve_5050_full/code/signal_engine.py,,"{'bootstrap': {'ci_lower': 0.3223, 'ci_upper': 2.2714, 'confidence': 0.95, 'median_sharpe': 1.3225, 'n_bootstrap': 1000, 'observed_sharpe': 1.3294, 'prob_positive': 0.996}, 'monte_carlo': {'actual_max_dd': -0.1907, 'actual_sharpe': 1.4814, 'n_simulations': 1000, 'n_trades': 493, 'p_value_max_dd': 0.36, 'p_value_sharpe': 0.852, 'simulated_sharpe_mean': 1.8135, 'simulated_sharpe_p5': 1.3792, 'simulated_sharpe_p95': 2.1855, 'simulated_sharpe_std': 0.2589}, 'walk_forward': {'consistency_rate': 1.0, 'n_windows': 4, 'profitable_windows': 4, 'return_mean': 0.404468, 'return_std': 0.20544, 'sharpe_mean': 1.4132, 'sharpe_std': 0.4673, 'windows': [{'end': '2023-11-14', 'max_dd': -0.280353, 'return': 0.756718, 'sharpe': 2.1422, 'start': '2023-01-01', 'trades': 126, 'win_rate': 0.3175, 'window': 1}, {'end': '2024-09-28', 'max_dd': -0.288301, 'return': 0.306536, 'sharpe': 0.9192, 'start': '2023-11-15', 'trades': 123, 'win_rate': 0.3659, 'window': 2}, {'end': '2025-08-13', 'max_dd': -0.103362, 'return': 0.314807, 'sharpe': 1.4836, 'start': '2024-09-29', 'trades': 128, 'win_rate': 0.4453, 'window': 3}, {'end': '2026-06-29', 'max_dd': -0.177263, 'return': 0.239811, 'sharpe': 1.1079, 'start': '2025-08-14', 'trades': 116, 'win_rate': 0.4655, 'window': 4}]}}"
agent/runs/v_CPA3_fd_regime_30_full_adjfix,v_CPA3_fd_regime_30_full_adjfix,agent/runs/v_CPA3_fd_regime_30_full_adjfix/run_card.json,0.45341920234005295,453419.2023400529,3694683.6889359294,2694683.6889359294,2.6946836889359296,-0.2950338441375739,1.397232290239064,1.9492,1.5368,2.0077,0.40332640332640335,481,2.5223204399508874,1.360637,0.1548,13.4,1000000.0,2023-01-01,2026-07-01,1D,auto,daily,"BTC-USDT,SOL-USDT,SPY.US,GLD.US",59db051c41df6434be58a540a2c478a8721e84b4befca3fa59cc50e153b89c74,f396d75ac5cf4e45843859afac69e4f5e380f9c1a78e707feedcbe46ff1a9e6a,agent/runs/v_CPA3_fd_regime_30_full_adjfix/config.json,agent/runs/v_CPA3_fd_regime_30_full_adjfix/code/signal_engine.py,,"{'bootstrap': {'ci_lower': 0.3618, 'ci_upper': 2.326, 'confidence': 0.95, 'median_sharpe': 1.4075, 'n_bootstrap': 1000, 'observed_sharpe': 1.3979, 'prob_positive': 0.995}, 'monte_carlo': {'actual_max_dd': -0.2249, 'actual_sharpe': 1.4882, 'n_simulations': 1000, 'n_trades': 481, 'p_value_max_dd': 0.707, 'p_value_sharpe': 0.96, 'simulated_sharpe_mean': 1.9859, 'simulated_sharpe_p5': 1.5111, 'simulated_sharpe_p95': 2.4168, 'simulated_sharpe_std': 0.2919}, 'walk_forward': {'consistency_rate': 1.0, 'n_windows': 4, 'profitable_windows': 4, 'return_mean': 0.396879, 'return_std': 0.139493, 'sharpe_mean': 1.5354, 'sharpe_std': 0.4124, 'windows': [{'end': '2023-11-15', 'max_dd': -0.295034, 'return': 0.616924, 'sharpe': 1.8681, 'start': '2023-01-01', 'trades': 125, 'win_rate': 0.328, 'window': 1}, {'end': '2024-09-30', 'max_dd': -0.275689, 'return': 0.292968, 'sharpe': 0.9257, 'start': '2023-11-15', 'trades': 111, 'win_rate': 0.3784, 'window': 2}, {'end': '2025-08-15', 'max_dd': -0.1019, 'return': 0.415856, 'sharpe': 1.9563, 'start': '2024-09-30', 'trades': 130, 'win_rate': 0.4385, 'window': 3}, {'end': '2026-07-01', 'max_dd': -0.159134, 'return': 0.261767, 'sharpe': 1.3915, 'start': '2025-08-15', 'trades': 115, 'win_rate': 0.4696, 'window': 4}]}}"
agent/runs/v_P_carverforecast_train,v_P_carverforecast_train,agent/runs/v_P_carverforecast_train/run_card.json,0.4398993160892468,439899.31608924683,2486642.8905758862,1486642.8905758862,1.4866428905758862,-0.4605849971715705,1.0616042547992706,1.619,0.9551,1.7853,0.3018867924528302,53,5.4441996931170795,1.486643,1.0616,33.2,1000000.0,2023-01-01,2025-06-30,1D,auto,daily,"BTC-USDT,SOL-USDT",4f9faabf63e0a9c64f2e5825642ba1850fbb67c998be9940140f7605abbc9ea2,2fdb703343ad3aa6b66b51961449e7aa8594d53e9a9d6bcb9a6314103f1a7add,agent/runs/v_P_carverforecast_train/config.json,agent/runs/v_P_carverforecast_train/code/signal_engine.py,,"{'bootstrap': {'ci_lower': -0.1866, 'ci_upper': 2.1482, 'confidence': 0.95, 'median_sharpe': 1.0506, 'n_bootstrap': 1000, 'observed_sharpe': 1.0628, 'prob_positive': 0.95}, 'monte_carlo': {'actual_max_dd': -0.3257, 'actual_sharpe': 2.8563, 'n_simulations': 1000, 'n_trades': 53, 'p_value_max_dd': 0.274, 'p_value_sharpe': 0.385, 'simulated_sharpe_mean': 2.5875, 'simulated_sharpe_p5': 1.072, 'simulated_sharpe_p95': 3.2378, 'simulated_sharpe_std': 0.942}, 'walk_forward': {'consistency_rate': 0.25, 'n_windows': 4, 'profitable_windows': 1, 'return_mean': 0.593127, 'return_std': 1.250268, 'sharpe_mean': 0.5326, 'sharpe_std': 1.8517, 'windows': [{'end': '2023-08-16', 'max_dd': -0.220127, 'return': -0.141291, 'sharpe': -0.7606, 'start': '2023-01-01', 'trades': 15, 'win_rate': 0.2667, 'window': 1}, {'end': '2024-03-31', 'max_dd': -0.312152, 'return': 2.758222, 'sharpe': 3.7215, 'start': '2023-08-17', 'trades': 9, 'win_rate': 0.5556, 'window': 2}, {'end': '2024-11-14', 'max_dd': -0.425315, 'return': -0.155842, 'sharpe': -0.6113, 'start': '2024-04-01', 'trades': 14, 'win_rate': 0.1429, 'window': 3}, {'end': '2025-06-30', 'max_dd': -0.314689, 'return': -0.08858, 'sharpe': -0.2192, 'start': '2024-11-15', 'trades': 15, 'win_rate': 0.3333, 'window': 4}]}}"
agent/runs/v_Z10_btcethsolcontrol_train,v_Z10_btcethsolcontrol_train,agent/runs/v_Z10_btcethsolcontrol_train/run_card.json,0.4281885006570274,428188.5006570274,2436417.974884925,1436417.974884925,1.4364179748849248,-0.251069235590546,1.1667557095092462,1.6251,1.7055,2.1891,0.3049645390070922,141,5.362933,-3.926515,-0.7689,15.4,1000000.0,2023-01-01,2025-06-30,1D,auto,daily,"BTC-USDT,ETH-USDT,SOL-USDT",c7c24b1a1af26d49f04dea2478614cfbe73b5b776a84e292576afc160192278b,ef67d012dcdc6582b9c8efd52b868fd60a497e21c13653a1a44b8ace7c8d9b99,agent/runs/v_Z10_btcethsolcontrol_train/config.json,agent/runs/v_Z10_btcethsolcontrol_train/code/signal_engine.py,,"{'bootstrap': {'ci_lower': -0.0968, 'ci_upper': 2.2887, 'confidence': 0.95, 'median_sharpe': 1.1471, 'n_bootstrap': 1000, 'observed_sharpe': 1.168, 'prob_positive': 0.966}, 'monte_carlo': {'actual_max_dd': -0.1584, 'actual_sharpe': 2.3653, 'n_simulations': 1000, 'n_trades': 141, 'p_value_max_dd': 0.314, 'p_value_sharpe': 0.728, 'simulated_sharpe_mean': 2.5705, 'simulated_sharpe_p5': 2.1032, 'simulated_sharpe_p95': 3.014, 'simulated_sharpe_std': 0.2867}, 'walk_forward': {'consistency_rate': 0.75, 'n_windows': 4, 'profitable_windows': 3, 'return_mean': 0.320844, 'return_std': 0.487012, 'sharpe_mean': 1.2047, 'sharpe_std': 1.3536, 'windows': [{'end': '2023-08-16', 'max_dd': -0.246401, 'return': 0.037243, 'sharpe': 0.3447, 'start': '2023-01-01', 'trades': 48, 'win_rate': 0.2708, 'window': 1}, {'end': '2024-03-31', 'max_dd': -0.189564, 'return': 1.160216, 'sharpe': 3.5023, 'start': '2023-08-17', 'trades': 26, 'win_rate': 0.4231, 'window': 2}, {'end': '2024-11-14', 'max_dd': -0.218306, 'return': -0.025251, 'sharpe': 0.1136, 'start': '2024-04-01', 'trades': 36, 'win_rate': 0.25, 'window': 3}, {'end': '2025-06-30', 'max_dd': -0.128904, 'return': 0.111167, 'sharpe': 0.8583, 'start': '2024-11-15', 'trades': 31, 'win_rate': 0.3226, 'window': 4}]}}"
agent/runs/v_Q_campbelltstat_train,v_Q_campbelltstat_train,agent/runs/v_Q_campbelltstat_train/run_card.json,0.4268690790220202,426869.0790220202,2430797.78304662,1430797.78304662,1.43079778304662,-0.3276777035872159,1.1572617456406165,1.7474,1.3027,1.7833,0.3660130718954248,153,5.4441996931170795,1.430798,1.1573,11.8,1000000.0,2023-01-01,2025-06-30,1D,auto,daily,"BTC-USDT,SOL-USDT",131b827260908318a77a982028606f36fb47095b3902dbffd5db7b1b67bb2569,2fdb703343ad3aa6b66b51961449e7aa8594d53e9a9d6bcb9a6314103f1a7add,agent/runs/v_Q_campbelltstat_train/config.json,agent/runs/v_Q_campbelltstat_train/code/signal_engine.py,,"{'bootstrap': {'ci_lower': -0.056, 'ci_upper': 2.3183, 'confidence': 0.95, 'median_sharpe': 1.1413, 'n_bootstrap': 1000, 'observed_sharpe': 1.1585, 'prob_positive': 0.967}, 'monte_carlo': {'actual_max_dd': -0.2502, 'actual_sharpe': 2.5411, 'n_simulations': 1000, 'n_trades': 153, 'p_value_max_dd': 0.445, 'p_value_sharpe': 0.065, 'simulated_sharpe_mean': 2.1972, 'simulated_sharpe_p5': 1.7729, 'simulated_sharpe_p95': 2.5676, 'simulated_sharpe_std': 0.2356}, 'walk_forward': {'consistency_rate': 0.75, 'n_windows': 4, 'profitable_windows': 3, 'return_mean': 0.320885, 'return_std': 0.537624, 'sharpe_mean': 1.0473, 'sharpe_std': 1.4964, 'windows': [{'end': '2023-08-16', 'max_dd': -0.231727, 'return': 0.013523, 'sharpe': 0.2254, 'start': '2023-01-01', 'trades': 48, 'win_rate': 0.375, 'window': 1}, {'end': '2024-03-31', 'max_dd': -0.170463, 'return': 1.239649, 'sharpe': 3.5556, 'start': '2023-08-17', 'trades': 25, 'win_rate': 0.48, 'window': 2}, {'end': '2024-11-14', 'max_dd': -0.280118, 'return': -0.108618, 'sharpe': -0.3287, 'start': '2024-04-01', 'trades': 43, 'win_rate': 0.2558, 'window': 3}, {'end': '2025-06-30', 'max_dd': -0.21736, 'return': 0.138988, 'sharpe': 0.737, 'start': '2024-11-15', 'trades': 37, 'win_rate': 0.4054, 'window': 4}]}}"
agent/runs/v_Z13_btcdogecontrol_train,v_Z13_btcdogecontrol_train,agent/runs/v_Z13_btcdogecontrol_train/run_card.json,0.4183484761992553,418348.4761992553,2394690.791815259,1394690.791815259,1.394690791815259,-0.41122164451872684,1.0535327705945416,1.4482,1.0173,1.8714,0.35526315789473684,76,3.21254,-1.817849,-0.4755,17.7,1000000.0,2023-01-01,2025-06-30,1D,auto,daily,"BTC-USDT,DOGE-USDT",c7c24b1a1af26d49f04dea2478614cfbe73b5b776a84e292576afc160192278b,e6a4d8618c3976e472d33848e8e0a9640c92f7598b307cf92507900d60c2dadc,agent/runs/v_Z13_btcdogecontrol_train/config.json,agent/runs/v_Z13_btcdogecontrol_train/code/signal_engine.py,,"{'bootstrap': {'ci_lower': -0.0709, 'ci_upper': 2.3535, 'confidence': 0.95, 'median_sharpe': 1.0627, 'n_bootstrap': 1000, 'observed_sharpe': 1.0547, 'prob_positive': 0.963}, 'monte_carlo': {'actual_max_dd': -0.3176, 'actual_sharpe': 3.3638, 'n_simulations': 1000, 'n_trades': 76, 'p_value_max_dd': 0.479, 'p_value_sharpe': 0.368, 'simulated_sharpe_mean': 3.2258, 'simulated_sharpe_p5': 2.5301, 'simulated_sharpe_p95': 3.8822, 'simulated_sharpe_std': 0.4091}, 'walk_forward': {'consistency_rate': 0.75, 'n_windows': 4, 'profitable_windows': 3, 'return_mean': 0.264231, 'return_std': 0.274477, 'sharpe_mean': 1.1744, 'sharpe_std': 0.9763, 'windows': [{'end': '2023-08-16', 'max_dd': -0.144825, 'return': 0.286379, 'sharpe': 1.298, 'start': '2023-01-01', 'trades': 23, 'win_rate': 0.3913, 'window': 1}, {'end': '2024-03-31', 'max_dd': -0.124152, 'return': 0.702484, 'sharpe': 2.7159, 'start': '2023-08-17', 'trades': 14, 'win_rate': 0.3571, 'window': 2}, {'end': '2024-11-14', 'max_dd': -0.40907, 'return': -0.003448, 'sharpe': 0.2099, 'start': '2024-04-01', 'trades': 28, 'win_rate': 0.2857, 'window': 3}, {'end': '2025-06-30', 'max_dd': -0.340653, 'return': 0.071508, 'sharpe': 0.474, 'start': '2024-11-15', 'trades': 11, 'win_rate': 0.4545, 'window': 4}]}}"
agent/runs/v_Z4shuf_seed058_train,v_Z4shuf_seed058_train,agent/runs/v_Z4shuf_seed058_train/run_card.json,0.41601416371312006,416014.16371312004,2384855.399215423,1384855.399215423,1.3848553992154229,-0.32507667783680466,1.2446530691571176,1.9286,1.2797,2.0396,0.4772727272727273,176,5.4441996931170795,1.384855,1.2447,8.9,1000000.0,2023-01-01,2025-06-30,1D,auto,daily,"BTC-USDT,SOL-USDT",24e1d1a09e2fd797bc539bc9659263d1becba054a1c520263451110f63840182,5680595d753976610de949c37f0568d5ff7e7db3a1f2b2545ab303b52a99c7f6,agent/runs/v_Z4shuf_seed058_train/config.json,agent/runs/v_Z4shuf_seed058_train/code/signal_engine.py,,"{'bootstrap': {'ci_lower': 0.0152, 'ci_upper': 2.4569, 'confidence': 0.95, 'median_sharpe': 1.2839, 'n_bootstrap': 1000, 'observed_sharpe': 1.246, 'prob_positive': 0.976}, 'monte_carlo': {'actual_max_dd': -0.2834, 'actual_sharpe': 3.2546, 'n_simulations': 1000, 'n_trades': 176, 'p_value_max_dd': 0.902, 'p_value_sharpe': 0.705, 'simulated_sharpe_mean': 3.4317, 'simulated_sharpe_p5': 2.8368, 'simulated_sharpe_p95': 3.9626, 'simulated_sharpe_std': 0.3518}, 'walk_forward': {'consistency_rate': 0.75, 'n_windows': 4, 'profitable_windows': 3, 'return_mean': 0.278444, 'return_std': 0.230299, 'sharpe_mean': 1.2857, 'sharpe_std': 1.0911, 'windows': [{'end': '2023-08-16', 'max_dd': -0.140264, 'return': 0.327146, 'sharpe': 1.3862, 'start': '2023-01-01', 'trades': 40, 'win_rate': 0.375, 'window': 1}, {'end': '2024-03-31', 'max_dd': -0.301356, 'return': -0.110712, 'sharpe': -0.5162, 'start': '2023-08-17', 'trades': 51, 'win_rate': 0.4118, 'window': 2}, {'end': '2024-11-14', 'max_dd': -0.124301, 'return': 0.462511, 'sharpe': 2.3063, 'start': '2024-04-01', 'trades': 46, 'win_rate': 0.5, 'window': 3}, {'end': '2025-06-30', 'max_dd': -0.226109, 'return': 0.434829, 'sharpe': 1.9665, 'start': '2024-11-15', 'trades': 39, 'win_rate': 0.641, 'window': 4}]}}"
agent/runs/v_ZD1_durability_OOS_TEST,v_ZD1_durability_OOS_TEST,agent/runs/v_ZD1_durability_OOS_TEST/run_card.json,0.40306419303427754,403064.19303427753,1484764.6653310773,484764.6653310773,0.4847646653310773,-0.20740133863192653,1.1735248045379933,1.8264,1.9434,2.1971,0.32075471698113206,53,-0.39312424343287,0.484765,1.1735,12.7,1000000.0,2025-05-01,2026-06-30,1D,auto,daily,"BTC-USDT,SOL-USDT",e77ff3a0de490d2d0d309e75844b2f37990b86e90a35485c4cd0f249aba2e782,527bfb93cee78ef9deca471c6bc8a7a66bdf2f5b50246fb8c813281026d924db,agent/runs/v_ZD1_durability_OOS_TEST/config.json,agent/runs/v_ZD1_durability_OOS_TEST/code/signal_engine.py,,"{'bootstrap': {'ci_lower': -0.6549, 'ci_upper': 2.9875, 'confidence': 0.95, 'median_sharpe': 1.1588, 'n_bootstrap': 1000, 'observed_sharpe': 1.1763, 'prob_positive': 0.889}, 'monte_carlo': {'actual_max_dd': -0.1301, 'actual_sharpe': 3.6764, 'n_simulations': 1000, 'n_trades': 53, 'p_value_max_dd': 0.697, 'p_value_sharpe': 0.203, 'simulated_sharpe_mean': 3.45, 'simulated_sharpe_p5': 2.772, 'simulated_sharpe_p95': 3.8279, 'simulated_sharpe_std': 0.3259}}"
agent/runs/v_Z11_binancecontrol_train,v_Z11_binancecontrol_train,agent/runs/v_Z11_binancecontrol_train/run_card.json,0.39214574184899864,392145.74184899864,2285677.378253632,1285677.3782536322,1.2856773782536322,-0.5657937326802491,0.8310691048762526,1.2915,0.6931,1.4062,0.2717391304347826,92,10.464021,-9.178344,-0.8245,13.2,1000000.0,2023-01-01,2025-06-30,1D,ccxt,daily,"BTC-USDT,SOL-USDT",c7c24b1a1af26d49f04dea2478614cfbe73b5b776a84e292576afc160192278b,faf1b7acdfd798ce4cb5eaf54090b893266d588b0651b48542c08c74fb0414b6,agent/runs/v_Z11_binancecontrol_train/config.json,agent/runs/v_Z11_binancecontrol_train/code/signal_engine.py,,"{'bootstrap': {'ci_lower': -0.4298, 'ci_upper': 1.9661, 'confidence': 0.95, 'median_sharpe': 0.8242, 'n_bootstrap': 1000, 'observed_sharpe': 0.832, 'prob_positive': 0.903}, 'monte_carlo': {'actual_max_dd': -0.4309, 'actual_sharpe': 1.6334, 'n_simulations': 1000, 'n_trades': 92, 'p_value_max_dd': 0.085, 'p_value_sharpe': 0.57, 'simulated_sharpe_mean': 0.5532, 'simulated_sharpe_p5': -2.7841, 'simulated_sharpe_p95': 2.1554, 'simulated_sharpe_std': 1.8209}, 'walk_forward': {'consistency_rate': 0.5, 'n_windows': 4, 'profitable_windows': 2, 'return_mean': 0.850827, 'return_std': 1.819423, 'sharpe_mean': 0.5035, 'sharpe_std': 1.7821, 'windows': [{'end': '2023-08-16', 'max_dd': -0.301646, 'return': 0.007947, 'sharpe': 0.2869, 'start': '2023-01-01', 'trades': 24, 'win_rate': 0.3333, 'window': 1}, {'end': '2024-03-31', 'max_dd': -0.381066, 'return': 3.99027, 'sharpe': 3.401, 'start': '2023-08-17', 'trades': 16, 'win_rate': 0.3125, 'window': 2}, {'end': '2024-11-14', 'max_dd': -0.467715, 'return': -0.434482, 'sharpe': -1.4143, 'start': '2024-04-01', 'trades': 28, 'win_rate': 0.2143, 'window': 3}, {'end': '2025-06-30', 'max_dd': -0.341273, 'return': -0.160426, 'sharpe': -0.2598, 'start': '2024-11-15', 'trades': 24, 'win_rate': 0.25, 'window': 4}]}}"
agent/runs/v_Y1_broadstatic_train,v_Y1_broadstatic_train,agent/runs/v_Y1_broadstatic_train/run_card.json,0.3820941145431196,382094.11454311956,2244664.9577749316,1244664.9577749316,1.2446649577749316,-0.48074932072967874,0.9690875905613623,1.4465,0.7948,1.4411,0.27755102040816326,490,5.4441996931170795,1.244665,0.9691,13.4,1000000.0,2023-01-01,2025-06-30,1D,auto,daily,"BTC-USDT,ETH-USDT,SOL-USDT,XRP-USDT,BNB-USDT,DOGE-USDT,ADA-USDT,LINK-USDT,AVAX-USDT",d30fcf0a3c7d7dfdd2063bad69fa8f6381843f2f02b7bc96b767fc7a023595d8,6abd187992d5d954e69b808142fb686b8c629c44e71f79a7f5b9855c4aed4477,agent/runs/v_Y1_broadstatic_train/config.json,agent/runs/v_Y1_broadstatic_train/code/signal_engine.py,,"{'bootstrap': {'ci_lower': -0.2649, 'ci_upper': 2.1448, 'confidence': 0.95, 'median_sharpe': 0.9426, 'n_bootstrap': 1000, 'observed_sharpe': 0.9702, 'prob_positive': 0.932}, 'monte_carlo': {'actual_max_dd': -0.3535, 'actual_sharpe': 1.4538, 'n_simulations': 1000, 'n_trades': 490, 'p_value_max_dd': 0.624, 'p_value_sharpe': 0.054, 'simulated_sharpe_mean': 1.2575, 'simulated_sharpe_p5': 1.0482, 'simulated_sharpe_p95': 1.4559, 'simulated_sharpe_std': 0.1237}, 'walk_forward': {'consistency_rate': 0.5, 'n_windows': 4, 'profitable_windows': 2, 'return_mean': 0.41934, 'return_std': 0.897464, 'sharpe_mean': 0.7488, 'sharpe_std': 1.9741, 'windows': [{'end': '2023-08-16', 'max_dd': -0.287514, 'return': -0.080228, 'sharpe': -0.2012, 'start': '2023-01-01', 'trades': 138, 'win_rate': 0.2899, 'window': 1}, {'end': '2024-03-31', 'max_dd': -0.216259, 'return': 1.953277, 'sharpe': 3.9562, 'start': '2023-08-17', 'trades': 97, 'win_rate': 0.3093, 'window': 2}, {'end': '2024-11-14', 'max_dd': -0.413088, 'return': -0.303122, 'sharpe': -1.3419, 'start': '2024-04-01', 'trades': 147, 'win_rate': 0.2381, 'window': 3}, {'end': '2025-06-30', 'max_dd': -0.299248, 'return': 0.107433, 'sharpe': 0.5819, 'start': '2024-11-15', 'trades': 108, 'win_rate': 0.287, 'window': 4}]}}"
agent/runs/20260630_152957_72_75a8ce,20260630_152957_72_75a8ce,agent/runs/20260630_152957_72_75a8ce/run_card.json,0.37325368419116445,373253.68419116444,2202951.381087138,1202951.3810871379,1.202951381087138,-0.29801334725148126,1.0489779057265698,1.2535,1.2525,1.7328,0.5348837209302325,215,4.974053,-3.771102,-1.1662,8.2,1000000.0,2024-01-01,2026-06-29,1D,auto,daily,"688256.SH,688041.SH,002371.SZ,300308.SZ,300476.SZ,601138.SH,300502.SZ,300433.SZ,603019.SH,603986.SH,002463.SZ,300394.SZ,300757.SZ,002281.SZ,603893.SH,603501.SH,688981.SH,01347.HK,00981.HK,01357.HK,00763.HK,00992.HK,02382.HK,02318.HK",c3df5aecd42c28b0d85157974703451296ba23af31df7bc838c1c7c4104baabc,ef12b16bef3d5d57607dc7e5ea35b5a89d9de4b5f47de088b54515be6cdb5187,agent/runs/20260630_152957_72_75a8ce/config.json,agent/runs/20260630_152957_72_75a8ce/code/signal_engine.py,,"{'monte_carlo': {'actual_max_dd': -0.1528, 'actual_sharpe': 2.9976, 'n_simulations': 1000, 'n_trades': 215, 'p_value_max_dd': 0.729, 'p_value_sharpe': 0.603, 'simulated_sharpe_mean': 3.0454, 'simulated_sharpe_p5': 2.6911, 'simulated_sharpe_p95': 3.3773, 'simulated_sharpe_std': 0.2102}}"
agent/runs/v_Z6_3assetchop_train,v_Z6_3assetchop_train,agent/runs/v_Z6_3assetchop_train/run_card.json,0.36759997892669505,367599.97892669507,2186308.625913129,1186308.6259131292,1.1863086259131292,-0.21971182412243562,1.1614531768420442,1.6143,1.6731,2.4678,0.29012345679012347,162,6.002662,-4.816353,-0.9632,14.4,1000000.0,2023-01-01,2025-06-30,1D,auto,daily,"BTC-USDT,SOL-USDT,LINK-USDT",87236a504a7c3f24014d65015f04edce21c71b81282a0bfcc5def135aa625690,669e76ecf40e9f35e75a7da0f0529f80a6a235c99b40df7b220815024f651790,agent/runs/v_Z6_3assetchop_train/config.json,agent/runs/v_Z6_3assetchop_train/code/signal_engine.py,,"{'bootstrap': {'ci_lower': 0.0081, 'ci_upper': 2.3518, 'confidence': 0.95, 'median_sharpe': 1.1592, 'n_bootstrap': 1000, 'observed_sharpe': 1.1627, 'prob_positive': 0.977}, 'monte_carlo': {'actual_max_dd': -0.105, 'actual_sharpe': 2.5774, 'n_simulations': 1000, 'n_trades': 162, 'p_value_max_dd': 0.357, 'p_value_sharpe': 0.764, 'simulated_sharpe_mean': 2.7635, 'simulated_sharpe_p5': 2.371, 'simulated_sharpe_p95': 3.1189, 'simulated_sharpe_std': 0.2348}, 'walk_forward': {'consistency_rate': 0.75, 'n_windows': 4, 'profitable_windows': 3, 'return_mean': 0.241923, 'return_std': 0.285838, 'sharpe_mean': 1.0523, 'sharpe_std': 1.0221, 'windows': [{'end': '2023-08-16', 'max_dd': -0.217038, 'return': 0.037281, 'sharpe': 0.3411, 'start': '2023-01-01', 'trades': 48, 'win_rate': 0.3125, 'window': 1}, {'end': '2024-03-31', 'max_dd': -0.217861, 'return': 0.711468, 'sharpe': 2.6582, 'start': '2023-08-17', 'trades': 29, 'win_rate': 0.3448, 'window': 2}, {'end': '2024-11-14', 'max_dd': -0.178508, 'return': -0.01172, 'sharpe': 0.016, 'start': '2024-04-01', 'trades': 49, 'win_rate': 0.2449, 'window': 3}, {'end': '2025-06-30', 'max_dd': -0.13212, 'return': 0.230661, 'sharpe': 1.1941, 'start': '2024-11-15', 'trades': 36, 'win_rate': 0.2778, 'window': 4}]}}"
agent/runs/v_G_broaduniverse_train,v_G_broaduniverse_train,agent/runs/v_G_broaduniverse_train/run_card.json,0.36540719756839635,365407.19756839634,2177560.2439687317,1177560.2439687317,1.1775602439687316,-0.4481580654569794,0.8990702629092343,1.2924,0.8154,1.499,0.3058252427184466,206,5.4441996931170795,1.17756,0.8991,11.9,1000000.0,2023-01-01,2025-06-30,1D,auto,daily,"BTC-USDT,ETH-USDT,SOL-USDT,XRP-USDT,BNB-USDT,DOGE-USDT,ADA-USDT,LINK-USDT,AVAX-USDT",c9a772ab1f78b50c8faee6c41a848005033eb1cdba9e001b3b36d10aebbb90e6,44fa9de0b4f9975992f3fd72612f3160ee87da034f8dc273e9a492c4db5fb28d,agent/runs/v_G_broaduniverse_train/config.json,agent/runs/v_G_broaduniverse_train/code/signal_engine.py,,"{'bootstrap': {'ci_lower': -0.3899, 'ci_upper': 2.0806, 'confidence': 0.95, 'median_sharpe': 0.8712, 'n_bootstrap': 1000, 'observed_sharpe': 0.9001, 'prob_positive': 0.921}, 'monte_carlo': {'actual_max_dd': -0.2971, 'actual_sharpe': 1.8601, 'n_simulations': 1000, 'n_trades': 206, 'p_value_max_dd': 0.4, 'p_value_sharpe': 0.271, 'simulated_sharpe_mean': 1.7462, 'simulated_sharpe_p5': 1.4385, 'simulated_sharpe_p95': 2.0385, 'simulated_sharpe_std': 0.1991}, 'walk_forward': {'consistency_rate': 0.75, 'n_windows': 4, 'profitable_windows': 3, 'return_mean': 0.318455, 'return_std': 0.636166, 'sharpe_mean': 0.6262, 'sharpe_std': 1.5271, 'windows': [{'end': '2023-08-16', 'max_dd': -0.287916, 'return': -0.205123, 'sharpe': -1.2429, 'start': '2023-01-01', 'trades': 45, 'win_rate': 0.2667, 'window': 1}, {'end': '2024-03-31', 'max_dd': -0.339807, 'return': 1.407062, 'sharpe': 3.0137, 'start': '2023-08-17', 'trades': 53, 'win_rate': 0.3585, 'window': 2}, {'end': '2024-11-14', 'max_dd': -0.324046, 'return': 0.034788, 'sharpe': 0.365, 'start': '2024-04-01', 'trades': 56, 'win_rate': 0.3036, 'window': 3}, {'end': '2025-06-30', 'max_dd': -0.374886, 'return': 0.037094, 'sharpe': 0.369, 'start': '2024-11-15', 'trades': 52, 'win_rate': 0.2885, 'window': 4}]}}"
agent/runs/v_ZA3_grossvol_OOS_TEST,v_ZA3_grossvol_OOS_TEST,agent/runs/v_ZA3_grossvol_OOS_TEST/run_card.json,0.35034963065539815,350349.6306553981,1419864.277270888,419864.277270888,0.41986427727088804,-0.3032623055254408,0.8977168557373213,1.4697,1.1553,1.7144,0.3111111111111111,45,-0.39312424343287,0.419864,0.8977,11.7,1000000.0,2025-05-01,2026-06-30,1D,auto,daily,"BTC-USDT,SOL-USDT",6bee5558d3e27a897a9c2e0d6ee3f2e1f140da60c23e3508e1c302429e6f7415,8d9fca1de321830d27c06fd819477d035fd9f64a297666abb4707f895cbf9ac5,agent/runs/v_ZA3_grossvol_OOS_TEST/config.json,agent/runs/v_ZA3_grossvol_OOS_TEST/code/signal_engine.py,,"{'bootstrap': {'ci_lower': -0.9325, 'ci_upper': 2.715, 'confidence': 0.95, 'median_sharpe': 0.8908, 'n_bootstrap': 1000, 'observed_sharpe': 0.8998, 'prob_positive': 0.831}, 'monte_carlo': {'actual_max_dd': -0.1963, 'actual_sharpe': 3.1932, 'n_simulations': 1000, 'n_trades': 45, 'p_value_max_dd': 0.541, 'p_value_sharpe': 0.229, 'simulated_sharpe_mean': 2.9428, 'simulated_sharpe_p5': 2.0558, 'simulated_sharpe_p95': 3.4148, 'simulated_sharpe_std': 0.4073}}"
agent/runs/v_ZA4_regimeconviction_OOS_TEST,v_ZA4_regimeconviction_OOS_TEST,agent/runs/v_ZA4_regimeconviction_OOS_TEST/run_card.json,0.34560787121360304,345607.871213603,1414046.8725615866,414046.87256158656,0.41404687256158645,-0.27371766424534577,0.9340499630650245,1.5082,1.2626,1.7606,0.3125,48,-0.39312424343287,0.414047,0.934,12.8,1000000.0,2025-05-01,2026-06-30,1D,auto,daily,"BTC-USDT,SOL-USDT",37cb3973f3023773eb5cd450520d141d0ce26d10d40b44991c7a5bcdfb3d8101,8d9fca1de321830d27c06fd819477d035fd9f64a297666abb4707f895cbf9ac5,agent/runs/v_ZA4_regimeconviction_OOS_TEST/config.json,agent/runs/v_ZA4_regimeconviction_OOS_TEST/code/signal_engine.py,,"{'bootstrap': {'ci_lower': -0.9385, 'ci_upper': 2.7549, 'confidence': 0.95, 'median_sharpe': 0.9101, 'n_bootstrap': 1000, 'observed_sharpe': 0.9363, 'prob_positive': 0.838}, 'monte_carlo': {'actual_max_dd': -0.1954, 'actual_sharpe': 3.238, 'n_simulations': 1000, 'n_trades': 48, 'p_value_max_dd': 0.63, 'p_value_sharpe': 0.15, 'simulated_sharpe_mean': 2.9207, 'simulated_sharpe_p5': 2.083, 'simulated_sharpe_p95': 3.4107, 'simulated_sharpe_std': 0.3981}}"
agent/runs/v_CPA2_fulldeploy_regime_full,v_CPA2_fulldeploy_regime_full,agent/runs/v_CPA2_fulldeploy_regime_full/run_card.json,0.3451378986871121,345137.8986871121,2818751.0445226245,1818751.0445226245,1.8187510445226245,-0.23694816925937479,1.3649138991673595,1.9247,1.4566,1.8629,0.4057971014492754,483,2.6237010606504354,0.417525,-0.0425,13.5,1000000.0,2023-01-01,2026-07-01,1D,auto,daily,"BTC-USDT,SOL-USDT,SPY.US,GLD.US",00f4e5cb2c231bc1b7759b7dfd81765c9d4bfa188a45c69db665d27f8db6f943,f396d75ac5cf4e45843859afac69e4f5e380f9c1a78e707feedcbe46ff1a9e6a,agent/runs/v_CPA2_fulldeploy_regime_full/config.json,agent/runs/v_CPA2_fulldeploy_regime_full/code/signal_engine.py,,"{'bootstrap': {'ci_lower': 0.2957, 'ci_upper': 2.2983, 'confidence': 0.95, 'median_sharpe': 1.3717, 'n_bootstrap': 1000, 'observed_sharpe': 1.3655, 'prob_positive': 0.993}, 'monte_carlo': {'actual_max_dd': -0.1901, 'actual_sharpe': 1.4942, 'n_simulations': 1000, 'n_trades': 483, 'p_value_max_dd': 0.79, 'p_value_sharpe': 0.97, 'simulated_sharpe_mean': 1.9012, 'simulated_sharpe_p5': 1.5314, 'simulated_sharpe_p95': 2.2499, 'simulated_sharpe_std': 0.2342}, 'walk_forward': {'consistency_rate': 1.0, 'n_windows': 4, 'profitable_windows': 4, 'return_mean': 0.301144, 'return_std': 0.077786, 'sharpe_mean': 1.5247, 'sharpe_std': 0.3506, 'windows': [{'end': '2023-11-15', 'max_dd': -0.22951, 'return': 0.421023, 'sharpe': 1.7971, 'start': '2023-01-01', 'trades': 125, 'win_rate': 0.32, 'window': 1}, {'end': '2024-09-30', 'max_dd': -0.236948, 'return': 0.269384, 'sharpe': 0.9761, 'start': '2023-11-15', 'trades': 116, 'win_rate': 0.3793, 'window': 2}, {'end': '2025-08-15', 'max_dd': -0.08639, 'return': 0.306785, 'sharpe': 1.8607, 'start': '2024-09-30', 'trades': 127, 'win_rate': 0.4567, 'window': 3}, {'end': '2026-07-01', 'max_dd': -0.14261, 'return': 0.207382, 'sharpe': 1.4648, 'start': '2025-08-15', 'trades': 115, 'win_rate': 0.4696, 'window': 4}]}}"
agent/runs/v_Z14_perpzero_train,v_Z14_perpzero_train,agent/runs/v_Z14_perpzero_train/run_card.json,0.3389210722643641,338921.07226436405,1544959.169500979,544959.1695009789,0.544959169500979,-0.33950808904671675,0.9148795933418186,1.2519,0.9983,1.9416,0.28169014084507044,71,1.013383,-0.468424,-0.416,12.9,1000000.0,2023-01-01,2025-06-30,1D,ccxt,daily,"BTC-USDC:USDC,SOL-USDC:USDC",87236a504a7c3f24014d65015f04edce21c71b81282a0bfcc5def135aa625690,dd515bd135668130e7f987402bb292394b92fdc5c4f9892aa89f5e13284459f6,agent/runs/v_Z14_perpzero_train/config.json,agent/runs/v_Z14_perpzero_train/code/signal_engine.py,,"{'bootstrap': {'ci_lower': -0.7298, 'ci_upper': 2.4613, 'confidence': 0.95, 'median_sharpe': 0.9278, 'n_bootstrap': 1000, 'observed_sharpe': 0.9166, 'prob_positive': 0.881}, 'monte_carlo': {'actual_max_dd': -0.2347, 'actual_sharpe': 2.9197, 'n_simulations': 1000, 'n_trades': 71, 'p_value_max_dd': 0.918, 'p_value_sharpe': 0.382, 'simulated_sharpe_mean': 2.8169, 'simulated_sharpe_p5': 2.3412, 'simulated_sharpe_p95': 3.1532, 'simulated_sharpe_std': 0.275}, 'walk_forward': {'consistency_rate': 0.75, 'n_windows': 4, 'profitable_windows': 3, 'return_mean': 0.129261, 'return_std': 0.182436, 'sharpe_mean': 0.8882, 'sharpe_std': 1.1143, 'windows': [{'end': '2024-05-18', 'max_dd': -0.206073, 'return': 0.355127, 'sharpe': 1.9092, 'start': '2024-01-04', 'trades': 19, 'win_rate': 0.2632, 'window': 1}, {'end': '2024-10-01', 'max_dd': -0.234196, 'return': -0.153945, 'sharpe': -0.9708, 'start': '2024-05-19', 'trades': 19, 'win_rate': 0.2105, 'window': 2}, {'end': '2025-02-14', 'max_dd': -0.14069, 'return': 0.169468, 'sharpe': 1.5489, 'start': '2024-10-02', 'trades': 19, 'win_rate': 0.2632, 'window': 3}, {'end': '2025-06-30', 'max_dd': -0.154092, 'return': 0.146395, 'sharpe': 1.0655, 'start': '2025-02-15', 'trades': 14, 'win_rate': 0.4286, 'window': 4}]}}"
agent/runs/v_Z14_perpfunding_train,v_Z14_perpfunding_train,agent/runs/v_Z14_perpfunding_train/run_card.json,0.33660235325400967,336602.3532540097,1540973.2210828017,540973.2210828017,0.5409732210828018,-0.33972051324564884,0.9106246968449635,1.246,0.9908,1.9427,0.28169014084507044,71,1.013383,-0.472409,-0.4184,12.9,1000000.0,2023-01-01,2025-06-30,1D,ccxt,daily,"BTC-USDC:USDC,SOL-USDC:USDC",87236a504a7c3f24014d65015f04edce21c71b81282a0bfcc5def135aa625690,7875f7905452a1beb45687f980aa72b0a97fb807d634580c2f68181a0ecb597c,agent/runs/v_Z14_perpfunding_train/config.json,agent/runs/v_Z14_perpfunding_train/code/signal_engine.py,,"{'bootstrap': {'ci_lower': -0.7343, 'ci_upper': 2.4588, 'confidence': 0.95, 'median_sharpe': 0.9233, 'n_bootstrap': 1000, 'observed_sharpe': 0.9123, 'prob_positive': 0.88}, 'monte_carlo': {'actual_max_dd': -0.2344, 'actual_sharpe': 2.9206, 'n_simulations': 1000, 'n_trades': 71, 'p_value_max_dd': 0.918, 'p_value_sharpe': 0.382, 'simulated_sharpe_mean': 2.8178, 'simulated_sharpe_p5': 2.3429, 'simulated_sharpe_p95': 3.1538, 'simulated_sharpe_std': 0.2748}, 'walk_forward': {'consistency_rate': 0.75, 'n_windows': 4, 'profitable_windows': 3, 'return_mean': 0.128472, 'return_std': 0.181972, 'sharpe_mean': 0.8832, 'sharpe_std': 1.1111, 'windows': [{'end': '2024-05-18', 'max_dd': -0.206149, 'return': 0.353872, 'sharpe': 1.9038, 'start': '2024-01-04', 'trades': 19, 'win_rate': 0.2632, 'window': 1}, {'end': '2024-10-01', 'max_dd': -0.234051, 'return': -0.154008, 'sharpe': -0.9713, 'start': '2024-05-19', 'trades': 19, 'win_rate': 0.2105, 'window': 2}, {'end': '2025-02-14', 'max_dd': -0.141103, 'return': 0.167655, 'sharpe': 1.5348, 'start': '2024-10-02', 'trades': 19, 'win_rate': 0.2632, 'window': 3}, {'end': '2025-06-30', 'max_dd': -0.153947, 'return': 0.146369, 'sharpe': 1.0654, 'start': '2025-02-15', 'trades': 14, 'win_rate': 0.4286, 'window': 4}]}}"
agent/runs/v_ZB1_z8derisk_OOS_TEST,v_ZB1_z8derisk_OOS_TEST,agent/runs/v_ZB1_z8derisk_OOS_TEST/run_card.json,0.33301791650696333,333017.9165069633,1398617.5938154142,398617.59381541423,0.3986175938154142,-0.1855455312786227,1.0690737166562336,1.7282,1.7948,2.065,0.32727272727272727,55,-0.39312424343287,0.398618,1.0691,13.0,1000000.0,2025-05-01,2026-06-30,1D,auto,daily,"BTC-USDT,SOL-USDT",868639f56ade224713d9ff1ab831b80dfd82e9e5302c71d01797b1da358ee08c,8d9fca1de321830d27c06fd819477d035fd9f64a297666abb4707f895cbf9ac5,agent/runs/v_ZB1_z8derisk_OOS_TEST/config.json,agent/runs/v_ZB1_z8derisk_OOS_TEST/code/signal_engine.py,,"{'bootstrap': {'ci_lower': -0.8566, 'ci_upper': 2.8762, 'confidence': 0.95, 'median_sharpe': 1.0298, 'n_bootstrap': 1000, 'observed_sharpe': 1.0716, 'prob_positive': 0.869}, 'monte_carlo': {'actual_max_dd': -0.1214, 'actual_sharpe': 3.6698, 'n_simulations': 1000, 'n_trades': 55, 'p_value_max_dd': 0.629, 'p_value_sharpe': 0.101, 'simulated_sharpe_mean': 3.3643, 'simulated_sharpe_p5': 2.616, 'simulated_sharpe_p95': 3.7434, 'simulated_sharpe_std': 0.3281}}"
agent/runs/v_CPA1_fulldeploy_full,v_CPA1_fulldeploy_full,agent/runs/v_CPA1_fulldeploy_full/run_card.json,0.32448997083221065,324489.9708322107,2670397.83075796,1670397.8307579602,1.6703978307579601,-0.2576314983017079,1.2876139782575322,1.8256,1.2595,1.8003,0.4057971014492754,483,2.6241317446661725,0.268887,-0.0725,13.6,1000000.0,2023-01-01,2026-07-01,1D,auto,daily,"BTC-USDT,SOL-USDT,SPY.US,GLD.US",a10e5675a7bac9173381a93ae3f1c9529f031477c4806989186edcd450b41ad6,f396d75ac5cf4e45843859afac69e4f5e380f9c1a78e707feedcbe46ff1a9e6a,agent/runs/v_CPA1_fulldeploy_full/config.json,agent/runs/v_CPA1_fulldeploy_full/code/signal_engine.py,,"{'bootstrap': {'ci_lower': 0.2479, 'ci_upper': 2.2358, 'confidence': 0.95, 'median_sharpe': 1.3024, 'n_bootstrap': 1000, 'observed_sharpe': 1.2882, 'prob_positive': 0.991}, 'monte_carlo': {'actual_max_dd': -0.2017, 'actual_sharpe': 1.4412, 'n_simulations': 1000, 'n_trades': 483, 'p_value_max_dd': 0.795, 'p_value_sharpe': 0.977, 'simulated_sharpe_mean': 1.8073, 'simulated_sharpe_p5': 1.4913, 'simulated_sharpe_p95': 2.1182, 'simulated_sharpe_std': 0.2092}, 'walk_forward': {'consistency_rate': 1.0, 'n_windows': 4, 'profitable_windows': 4, 'return_mean': 0.284126, 'return_std': 0.074704, 'sharpe_mean': 1.4419, 'sharpe_std': 0.3564, 'windows': [{'end': '2023-11-15', 'max_dd': -0.241394, 'return': 0.399088, 'sharpe': 1.7085, 'start': '2023-01-01', 'trades': 125, 'win_rate': 0.32, 'window': 1}, {'end': '2024-09-30', 'max_dd': -0.252505, 'return': 0.23201, 'sharpe': 0.8735, 'start': '2023-11-15', 'trades': 116, 'win_rate': 0.3793, 'window': 2}, {'end': '2025-08-15', 'max_dd': -0.102849, 'return': 0.299689, 'sharpe': 1.7779, 'start': '2024-09-30', 'trades': 127, 'win_rate': 0.4567, 'window': 3}, {'end': '2026-07-01', 'max_dd': -0.149356, 'return': 0.205717, 'sharpe': 1.4078, 'start': '2025-08-15', 'trades': 115, 'win_rate': 0.4696, 'window': 4}]}}"
agent/runs/20260630_143522_65_eb0647/audit_runs/trackD_ai_weekly,trackD_ai_weekly,agent/runs/20260630_143522_65_eb0647/audit_runs/trackD_ai_weekly/run_card.json,0.320342825106396,320342.825106396,15960106.084065117,14960106.084065117,14.960106084065117,-0.54636558601017,0.923610257063567,1.2073,0.5863,1.4934,0.5460674157303371,1335,18.682293237622137,-3.722187,-0.0252,4.3,1000000.0,2016-06-30,2026-06-29,1D,yfinance,,"NVDA.US,AMD.US,AVGO.US,MU.US,WDC.US,STX.US,TSM.US,ASML.US,VRT.US,ANET.US,SOXX.US,SMH.US,QQQ.US",e44d8bf6fc63662bfa1afdd174fa537172240b49b784b9385feb190d59961da8,9844ccce12de4bf228a1db70a2e4bd38ed52e92c2727ebb8d6fa63dcc95342d1,agent/runs/20260630_143522_65_eb0647/audit_runs/trackD_ai_weekly/config.json,agent/runs/20260630_143522_65_eb0647/audit_runs/trackD_ai_weekly/code/signal_engine.py,,
agent/runs/v_Z0_control_OOS_TEST,v_Z0_control_OOS_TEST,agent/runs/v_Z0_control_OOS_TEST/run_card.json,0.32017540933939315,320175.40933939314,1381851.8917760071,381851.89177600713,0.3818518917760072,-0.2906010267970517,0.8580799577513303,1.3817,1.1018,1.6347,0.3181818181818182,44,-0.3767548653273064,0.381852,0.8581,11.9,1000000.0,2025-05-01,2026-06-30,1D,auto,daily,"BTC-USDT,SOL-USDT",c7c24b1a1af26d49f04dea2478614cfbe73b5b776a84e292576afc160192278b,8d9fca1de321830d27c06fd819477d035fd9f64a297666abb4707f895cbf9ac5,agent/runs/v_Z0_control_OOS_TEST/config.json,agent/runs/v_Z0_control_OOS_TEST/code/signal_engine.py,,"{'bootstrap': {'ci_lower': -1.0427, 'ci_upper': 2.6506, 'confidence': 0.95, 'median_sharpe': 0.8885, 'n_bootstrap': 1000, 'observed_sharpe': 0.8601, 'prob_positive': 0.818}, 'monte_carlo': {'actual_max_dd': -0.2194, 'actual_sharpe': 3.0012, 'n_simulations': 1000, 'n_trades': 44, 'p_value_max_dd': 0.582, 'p_value_sharpe': 0.223, 'simulated_sharpe_mean': 2.7565, 'simulated_sharpe_p5': 1.9107, 'simulated_sharpe_p95': 3.2594, 'simulated_sharpe_std': 0.4087}}"
agent/runs/v_Z16_ema_ensemble_OOS_TEST,v_Z16_ema_ensemble_OOS_TEST,agent/runs/v_Z16_ema_ensemble_OOS_TEST/run_card.json,0.31378087808971666,313780.87808971666,1374061.4610175153,374061.4610175153,0.37406146101751525,-0.20328143695698492,1.0191245329564522,1.6459,1.5436,1.953,0.3148148148148148,54,-0.39312424343287,0.374061,1.0191,13.1,1000000.0,2025-05-01,2026-06-30,1D,auto,daily,"BTC-USDT,SOL-USDT",1315858ef1184d67e8af6de5fbc66fee6b7c812ac02f82a92c36970f720d092b,4f23207d36db4afbf17eb465d7d28e7bac109d45d99a8fd4771ecd35fe3f01f7,agent/runs/v_Z16_ema_ensemble_OOS_TEST/config.json,agent/runs/v_Z16_ema_ensemble_OOS_TEST/code/signal_engine.py,,"{'bootstrap': {'ci_lower': -0.8809, 'ci_upper': 2.85, 'confidence': 0.95, 'median_sharpe': 1.0387, 'n_bootstrap': 1000, 'observed_sharpe': 1.0215, 'prob_positive': 0.857}, 'monte_carlo': {'actual_max_dd': -0.1394, 'actual_sharpe': 3.5688, 'n_simulations': 1000, 'n_trades': 54, 'p_value_max_dd': 0.703, 'p_value_sharpe': 0.08, 'simulated_sharpe_mean': 3.2317, 'simulated_sharpe_p5': 2.568, 'simulated_sharpe_p95': 3.6146, 'simulated_sharpe_std': 0.3169}}"
agent/runs/v_Z4_chopfreq_OOS_TEST,v_Z4_chopfreq_OOS_TEST,agent/runs/v_Z4_chopfreq_OOS_TEST/run_card.json,0.3054953312484332,305495.3312484332,1363976.4844987153,363976.48449871526,0.3639764844987152,-0.19194229223024656,0.9986023021363039,1.6155,1.5916,1.931,0.32727272727272727,55,-0.3767548653273064,0.363976,0.9986,12.9,1000000.0,2025-05-01,2026-06-30,1D,auto,daily,"BTC-USDT,SOL-USDT",87236a504a7c3f24014d65015f04edce21c71b81282a0bfcc5def135aa625690,8d9fca1de321830d27c06fd819477d035fd9f64a297666abb4707f895cbf9ac5,agent/runs/v_Z4_chopfreq_OOS_TEST/config.json,agent/runs/v_Z4_chopfreq_OOS_TEST/code/signal_engine.py,,"{'bootstrap': {'ci_lower': -0.8635, 'ci_upper': 2.8146, 'confidence': 0.95, 'median_sharpe': 1.0398, 'n_bootstrap': 1000, 'observed_sharpe': 1.001, 'prob_positive': 0.854}, 'monte_carlo': {'actual_max_dd': -0.1278, 'actual_sharpe': 3.4416, 'n_simulations': 1000, 'n_trades': 55, 'p_value_max_dd': 0.608, 'p_value_sharpe': 0.125, 'simulated_sharpe_mean': 3.1637, 'simulated_sharpe_p5': 2.4108, 'simulated_sharpe_p95': 3.5616, 'simulated_sharpe_std': 0.3348}}"
agent/runs/v_Z19_onchain_dampen_OOS_TEST,v_Z19_onchain_dampen_OOS_TEST,agent/runs/v_Z19_onchain_dampen_OOS_TEST/run_card.json,0.3036570721945364,303657.0721945364,1362730.0888081554,362730.0888081554,0.3627300888081555,-0.19182548315374523,0.9956033141107706,1.6071,1.583,1.9322,0.32727272727272727,55,-0.39312424343287,0.36273,0.9956,13.0,1000000.0,2025-05-01,2026-06-30,1D,auto,daily,"BTC-USDT,SOL-USDT",922278cd006469d0c4ef73a4ffb19fe43d349b3e2e7f847e7c5f23b7ed958362,8d9fca1de321830d27c06fd819477d035fd9f64a297666abb4707f895cbf9ac5,agent/runs/v_Z19_onchain_dampen_OOS_TEST/config.json,agent/runs/v_Z19_onchain_dampen_OOS_TEST/code/signal_engine.py,,"{'bootstrap': {'ci_lower': -0.915, 'ci_upper': 2.8018, 'confidence': 0.95, 'median_sharpe': 0.9617, 'n_bootstrap': 1000, 'observed_sharpe': 0.9979, 'prob_positive': 0.852}, 'monte_carlo': {'actual_max_dd': -0.1277, 'actual_sharpe': 3.4363, 'n_simulations': 1000, 'n_trades': 55, 'p_value_max_dd': 0.603, 'p_value_sharpe': 0.121, 'simulated_sharpe_mean': 3.1533, 'simulated_sharpe_p5': 2.3983, 'simulated_sharpe_p95': 3.5504, 'simulated_sharpe_std': 0.3348}}"
agent/runs/v_Z18_realoptimizer_OOS_TEST,v_Z18_realoptimizer_OOS_TEST,agent/runs/v_Z18_realoptimizer_OOS_TEST/run_card.json,0.30133863114217796,301338.63114217797,1359901.9892297073,359901.9892297073,0.3599019892297073,-0.19194226086658273,0.9892813643795757,1.6004,1.5699,1.9214,0.32727272727272727,55,-0.39312424343287,0.359902,0.9893,13.0,1000000.0,2025-05-01,2026-06-30,1D,auto,daily,"BTC-USDT,SOL-USDT",63eb35ee8e7581441bea80c5f78ab9078d887f69fe6e23cba61b9a4ea5d4e689,8d9fca1de321830d27c06fd819477d035fd9f64a297666abb4707f895cbf9ac5,agent/runs/v_Z18_realoptimizer_OOS_TEST/config.json,agent/runs/v_Z18_realoptimizer_OOS_TEST/code/signal_engine.py,,"{'bootstrap': {'ci_lower': -0.9189, 'ci_upper': 2.7985, 'confidence': 0.95, 'median_sharpe': 0.9548, 'n_bootstrap': 1000, 'observed_sharpe': 0.9916, 'prob_positive': 0.851}, 'monte_carlo': {'actual_max_dd': -0.1278, 'actual_sharpe': 3.4183, 'n_simulations': 1000, 'n_trades': 55, 'p_value_max_dd': 0.602, 'p_value_sharpe': 0.122, 'simulated_sharpe_mean': 3.1371, 'simulated_sharpe_p5': 2.3797, 'simulated_sharpe_p95': 3.5323, 'simulated_sharpe_std': 0.3351}}"
agent/runs/v_ZA1_grossrecovery_OOS_TEST,v_ZA1_grossrecovery_OOS_TEST,agent/runs/v_ZA1_grossrecovery_OOS_TEST/run_card.json,0.29264503966718847,292645.0396671885,1349304.8096761415,349304.8096761415,0.3493048096761415,-0.2924625724455798,0.8050243542249986,1.3049,1.0006,1.5695,0.3181818181818182,44,-0.39312424343287,0.349305,0.805,11.9,1000000.0,2025-05-01,2026-06-30,1D,auto,daily,"BTC-USDT,SOL-USDT",2f7757cca561d1bde56af4b825e9288841b49cc283b3cef0eb97164e6f473e85,8d9fca1de321830d27c06fd819477d035fd9f64a297666abb4707f895cbf9ac5,agent/runs/v_ZA1_grossrecovery_OOS_TEST/config.json,agent/runs/v_ZA1_grossrecovery_OOS_TEST/code/signal_engine.py,,"{'bootstrap': {'ci_lower': -1.0859, 'ci_upper': 2.6637, 'confidence': 0.95, 'median_sharpe': 0.765, 'n_bootstrap': 1000, 'observed_sharpe': 0.8069, 'prob_positive': 0.795}, 'monte_carlo': {'actual_max_dd': -0.2283, 'actual_sharpe': 2.8461, 'n_simulations': 1000, 'n_trades': 44, 'p_value_max_dd': 0.583, 'p_value_sharpe': 0.244, 'simulated_sharpe_mean': 2.6217, 'simulated_sharpe_p5': 1.7645, 'simulated_sharpe_p95': 3.1115, 'simulated_sharpe_std': 0.4109}}"
agent/runs/v_Z17_funding_confirm_OOS_TEST,v_Z17_funding_confirm_OOS_TEST,agent/runs/v_Z17_funding_confirm_OOS_TEST/run_card.json,0.291979953257234,291979.953257234,1347548.4710609447,347548.4710609447,0.34754847106094466,-0.1924535083194123,0.9570702712924264,1.5398,1.5171,1.8733,0.32727272727272727,55,-0.39312424343287,0.347548,0.9571,12.9,1000000.0,2025-05-01,2026-06-30,1D,auto,daily,"BTC-USDT,SOL-USDT",12065120b13f62194aa9024ce5ddebb815620081e7f57c49497615e52d6b2d51,8d9fca1de321830d27c06fd819477d035fd9f64a297666abb4707f895cbf9ac5,agent/runs/v_Z17_funding_confirm_OOS_TEST/config.json,agent/runs/v_Z17_funding_confirm_OOS_TEST/code/signal_engine.py,,"{'bootstrap': {'ci_lower': -0.904, 'ci_upper': 2.7603, 'confidence': 0.95, 'median_sharpe': 1.0034, 'n_bootstrap': 1000, 'observed_sharpe': 0.9593, 'prob_positive': 0.845}, 'monte_carlo': {'actual_max_dd': -0.1283, 'actual_sharpe': 3.3758, 'n_simulations': 1000, 'n_trades': 55, 'p_value_max_dd': 0.562, 'p_value_sharpe': 0.099, 'simulated_sharpe_mean': 3.0659, 'simulated_sharpe_p5': 2.3138, 'simulated_sharpe_p95': 3.4719, 'simulated_sharpe_std': 0.3385}}"
agent/runs/v_L_dropeth_OOS_TEST,v_L_dropeth_OOS_TEST,agent/runs/v_L_dropeth_OOS_TEST/run_card.json,0.2760665747723767,276066.57477237674,1328241.8765772772,328241.8765772772,0.3282418765772772,-0.31398179767654855,0.7637192295068386,1.2525,0.8792,1.4966,0.3181818181818182,44,-0.3767548653273064,0.328242,0.7637,11.9,1000000.0,2025-05-01,2026-06-30,1D,auto,daily,"BTC-USDT,SOL-USDT",d30fcf0a3c7d7dfdd2063bad69fa8f6381843f2f02b7bc96b767fc7a023595d8,17ea94691756002e0144d27003b3b53a0d7bb04d110afdacbb9c1a9146eca1c0,agent/runs/v_L_dropeth_OOS_TEST/config.json,agent/runs/v_L_dropeth_OOS_TEST/code/signal_engine.py,,"{'bootstrap': {'ci_lower': -1.1321, 'ci_upper': 2.5698, 'confidence': 0.95, 'median_sharpe': 0.7725, 'n_bootstrap': 1000, 'observed_sharpe': 0.7655, 'prob_positive': 0.793}, 'monte_carlo': {'actual_max_dd': -0.2602, 'actual_sharpe': 2.7596, 'n_simulations': 1000, 'n_trades': 44, 'p_value_max_dd': 0.671, 'p_value_sharpe': 0.257, 'simulated_sharpe_mean': 2.5364, 'simulated_sharpe_p5': 1.6586, 'simulated_sharpe_p95': 3.0189, 'simulated_sharpe_std': 0.4129}}"
agent/runs/v_Z12_ensemble_OOS_TEST,v_Z12_ensemble_OOS_TEST,agent/runs/v_Z12_ensemble_OOS_TEST/run_card.json,0.2595777737921734,259577.7737921734,1308278.8760245584,308278.87602455844,0.3082788760245585,-0.2060377171441646,0.9001353110365526,1.466,1.2599,1.7672,0.32727272727272727,55,-0.3767548653273064,0.308279,0.9001,12.9,1000000.0,2025-05-01,2026-06-30,1D,auto,daily,"BTC-USDT,SOL-USDT",6b682ce8e55db9f6b29438823971edd9a06cfb0780906c91dbb5070f5d02b13b,8d9fca1de321830d27c06fd819477d035fd9f64a297666abb4707f895cbf9ac5,agent/runs/v_Z12_ensemble_OOS_TEST/config.json,agent/runs/v_Z12_ensemble_OOS_TEST/code/signal_engine.py,,"{'bootstrap': {'ci_lower': -0.9883, 'ci_upper': 2.7261, 'confidence': 0.95, 'median_sharpe': 0.9338, 'n_bootstrap': 1000, 'observed_sharpe': 0.9023, 'prob_positive': 0.838}, 'monte_carlo': {'actual_max_dd': -0.141, 'actual_sharpe': 3.3709, 'n_simulations': 1000, 'n_trades': 55, 'p_value_max_dd': 0.709, 'p_value_sharpe': 0.065, 'simulated_sharpe_mean': 3.0139, 'simulated_sharpe_p5': 2.2724, 'simulated_sharpe_p95': 3.4076, 'simulated_sharpe_std': 0.3398}}"
agent/runs/v_U_cusumevent_train,v_U_cusumevent_train,agent/runs/v_U_cusumevent_train/run_card.json,0.25739723074882703,257397.23074882705,1772331.61752019,772331.6175201901,0.77233161752019,-0.36029759869619266,0.7423890498173534,1.1537,0.7144,1.2277,0.38636363636363635,352,5.4441996931170795,0.772332,0.7424,5.1,1000000.0,2023-01-01,2025-06-30,1D,auto,daily,"BTC-USDT,SOL-USDT",7aa1ec405e5181863894619bf62808531235cc52a37437a5f7cc90519fb60687,2fdb703343ad3aa6b66b51961449e7aa8594d53e9a9d6bcb9a6314103f1a7add,agent/runs/v_U_cusumevent_train/config.json,agent/runs/v_U_cusumevent_train/code/signal_engine.py,,"{'bootstrap': {'ci_lower': -0.4765, 'ci_upper': 1.9243, 'confidence': 0.95, 'median_sharpe': 0.7503, 'n_bootstrap': 1000, 'observed_sharpe': 0.7432, 'prob_positive': 0.873}, 'monte_carlo': {'actual_max_dd': -0.3238, 'actual_sharpe': 1.4159, 'n_simulations': 1000, 'n_trades': 352, 'p_value_max_dd': 0.313, 'p_value_sharpe': 0.542, 'simulated_sharpe_mean': 1.4231, 'simulated_sharpe_p5': 1.1831, 'simulated_sharpe_p95': 1.6927, 'simulated_sharpe_std': 0.2187}, 'walk_forward': {'consistency_rate': 0.75, 'n_windows': 4, 'profitable_windows': 3, 'return_mean': 0.180412, 'return_std': 0.287755, 'sharpe_mean': 0.7249, 'sharpe_std': 0.958, 'windows': [{'end': '2023-08-16', 'max_dd': -0.360298, 'return': 0.008414, 'sharpe': 0.2585, 'start': '2023-01-01', 'trades': 82, 'win_rate': 0.3537, 'window': 1}, {'end': '2024-03-31', 'max_dd': -0.280579, 'return': 0.535063, 'sharpe': 1.8212, 'start': '2023-08-17', 'trades': 84, 'win_rate': 0.3571, 'window': 2}, {'end': '2024-11-14', 'max_dd': -0.2329, 'return': 0.371194, 'sharpe': 1.4233, 'start': '2024-04-01', 'trades': 87, 'win_rate': 0.4828, 'window': 3}, {'end': '2025-06-30', 'max_dd': -0.297081, 'return': -0.193022, 'sharpe': -0.6032, 'start': '2024-11-15', 'trades': 99, 'win_rate': 0.3535, 'window': 4}]}}"
agent/runs/v_T_donchianensemble_train,v_T_donchianensemble_train,agent/runs/v_T_donchianensemble_train/run_card.json,0.24873493777225542,248734.93777225542,1741981.3697635613,741981.3697635613,0.7419813697635613,-0.4234171158967262,0.7686057374894324,1.1167,0.5874,1.3855,0.3183023872679045,377,5.4441996931170795,0.741981,0.7686,21.1,1000000.0,2023-01-01,2025-06-30,1D,auto,daily,"BTC-USDT,ETH-USDT,SOL-USDT,XRP-USDT,BNB-USDT,DOGE-USDT,ADA-USDT,LINK-USDT,AVAX-USDT",c6cbb3c37c2d5157e8903c547974a415ee98d86bb783f1d4566721a1aeef8703,1c3dae4b3d806e5eb2e9487887ccd76710bae6573c5151655ffeecdeea6b2946,agent/runs/v_T_donchianensemble_train/config.json,agent/runs/v_T_donchianensemble_train/code/signal_engine.py,,"{'bootstrap': {'ci_lower': -0.4783, 'ci_upper': 1.9659, 'confidence': 0.95, 'median_sharpe': 0.7652, 'n_bootstrap': 1000, 'observed_sharpe': 0.7695, 'prob_positive': 0.892}, 'monte_carlo': {'actual_max_dd': -0.3515, 'actual_sharpe': 1.4005, 'n_simulations': 1000, 'n_trades': 377, 'p_value_max_dd': 0.875, 'p_value_sharpe': 0.317, 'simulated_sharpe_mean': 1.3462, 'simulated_sharpe_p5': 1.145, 'simulated_sharpe_p95': 1.5233, 'simulated_sharpe_std': 0.1151}, 'walk_forward': {'consistency_rate': 0.5, 'n_windows': 4, 'profitable_windows': 2, 'return_mean': 0.242397, 'return_std': 0.609242, 'sharpe_mean': 0.6811, 'sharpe_std': 1.9485, 'windows': [{'end': '2023-08-16', 'max_dd': -0.384951, 'return': -0.245482, 'sharpe': -1.1941, 'start': '2023-01-01', 'trades': 101, 'win_rate': 0.3465, 'window': 1}, {'end': '2024-03-31', 'max_dd': -0.117096, 'return': 1.284116, 'sharpe': 3.9233, 'start': '2023-08-17', 'trades': 67, 'win_rate': 0.403, 'window': 2}, {'end': '2024-11-14', 'max_dd': -0.387103, 'return': -0.098285, 'sharpe': -0.3371, 'start': '2024-04-01', 'trades': 111, 'win_rate': 0.2793, 'window': 3}, {'end': '2025-06-30', 'max_dd': -0.319272, 'return': 0.029239, 'sharpe': 0.3325, 'start': '2024-11-15', 'trades': 98, 'win_rate': 0.2755, 'window': 4}]}}"
agent/runs/v_CP3_sleeve_2080_full,v_CP3_sleeve_2080_full,agent/runs/v_CP3_sleeve_2080_full/run_card.json,0.23699553213042268,236995.53213042268,2103356.9379004715,1103356.9379004715,1.1033569379004713,-0.18101600534489157,1.3434430840548002,1.8457,1.3093,1.9223,0.3983739837398374,492,2.617328675930954,-0.293646,-0.2542,13.5,1000000.0,2023-01-01,2026-06-29,1D,auto,daily,"BTC-USDT,SOL-USDT,SPY.US,GLD.US",3fc4362ee4a212bb208eb711ced05683f0825b3aedde63dbbe9345134f82c803,20211615605c4e47653512bf55fc0523578057f2895fa6d78e77c806db64926b,agent/runs/v_CP3_sleeve_2080_full/config.json,agent/runs/v_CP3_sleeve_2080_full/code/signal_engine.py,,"{'bootstrap': {'ci_lower': 0.3715, 'ci_upper': 2.2755, 'confidence': 0.95, 'median_sharpe': 1.3183, 'n_bootstrap': 1000, 'observed_sharpe': 1.3441, 'prob_positive': 0.997}, 'monte_carlo': {'actual_max_dd': -0.1037, 'actual_sharpe': 1.6072, 'n_simulations': 1000, 'n_trades': 492, 'p_value_max_dd': 0.609, 'p_value_sharpe': 0.897, 'simulated_sharpe_mean': 1.8401, 'simulated_sharpe_p5': 1.5681, 'simulated_sharpe_p95': 2.0704, 'simulated_sharpe_std': 0.1634}, 'walk_forward': {'consistency_rate': 1.0, 'n_windows': 4, 'profitable_windows': 4, 'return_mean': 0.206842, 'return_std': 0.061342, 'sharpe_mean': 1.4842, 'sharpe_std': 0.3843, 'windows': [{'end': '2023-11-14', 'max_dd': -0.139122, 'return': 0.294962, 'sharpe': 1.9299, 'start': '2023-01-01', 'trades': 126, 'win_rate': 0.3175, 'window': 1}, {'end': '2024-09-28', 'max_dd': -0.181016, 'return': 0.20998, 'sharpe': 1.0094, 'start': '2023-11-15', 'trades': 123, 'win_rate': 0.3659, 'window': 2}, {'end': '2025-08-13', 'max_dd': -0.057629, 'return': 0.200659, 'sharpe': 1.7872, 'start': '2024-09-29', 'trades': 127, 'win_rate': 0.4488, 'window': 3}, {'end': '2026-06-29', 'max_dd': -0.114332, 'return': 0.121765, 'sharpe': 1.2105, 'start': '2025-08-14', 'trades': 116, 'win_rate': 0.4655, 'window': 4}]}}"
agent/runs/v_ZC1_oidamp_OOS_TEST,v_ZC1_oidamp_OOS_TEST,agent/runs/v_ZC1_oidamp_OOS_TEST/run_card.json,0.23275218133839326,232752.18133839325,1276624.687928397,276624.687928397,0.2766246879283969,-0.18958471695552198,0.9564740787959218,1.4768,1.2277,1.9031,0.32727272727272727,55,-0.39312424343287,0.276625,0.9565,13.0,1000000.0,2025-05-01,2026-06-30,1D,auto,daily,"BTC-USDT,SOL-USDT",24e515d7ca86cf278378e270d587a4f93b39150a72e9c0f974b3f3f1bf5767de,8d9fca1de321830d27c06fd819477d035fd9f64a297666abb4707f895cbf9ac5,agent/runs/v_ZC1_oidamp_OOS_TEST/config.json,agent/runs/v_ZC1_oidamp_OOS_TEST/code/signal_engine.py,,"{'bootstrap': {'ci_lower': -0.8647, 'ci_upper': 2.8071, 'confidence': 0.95, 'median_sharpe': 0.9338, 'n_bootstrap': 1000, 'observed_sharpe': 0.9587, 'prob_positive': 0.833}, 'monte_carlo': {'actual_max_dd': -0.1256, 'actual_sharpe': 3.2014, 'n_simulations': 1000, 'n_trades': 55, 'p_value_max_dd': 0.767, 'p_value_sharpe': 0.087, 'simulated_sharpe_mean': 2.8989, 'simulated_sharpe_p5': 2.1014, 'simulated_sharpe_p95': 3.2566, 'simulated_sharpe_std': 0.3353}}"
agent/runs/v_Z13_btcdoge_train,v_Z13_btcdoge_train,agent/runs/v_Z13_btcdoge_train/run_card.json,0.22101513842719966,221015.13842719965,1646962.9340154333,646962.9340154333,0.6469629340154333,-0.26078403948360934,0.884925168778373,1.2355,0.8475,1.7183,0.2980769230769231,104,3.21254,-2.565577,-0.8431,15.3,1000000.0,2023-01-01,2025-06-30,1D,auto,daily,"BTC-USDT,DOGE-USDT",87236a504a7c3f24014d65015f04edce21c71b81282a0bfcc5def135aa625690,e6a4d8618c3976e472d33848e8e0a9640c92f7598b307cf92507900d60c2dadc,agent/runs/v_Z13_btcdoge_train/config.json,agent/runs/v_Z13_btcdoge_train/code/signal_engine.py,,"{'bootstrap': {'ci_lower': -0.2704, 'ci_upper': 2.1331, 'confidence': 0.95, 'median_sharpe': 0.8767, 'n_bootstrap': 1000, 'observed_sharpe': 0.8859, 'prob_positive': 0.932}, 'monte_carlo': {'actual_max_dd': -0.1968, 'actual_sharpe': 2.6181, 'n_simulations': 1000, 'n_trades': 104, 'p_value_max_dd': 0.343, 'p_value_sharpe': 0.575, 'simulated_sharpe_mean': 2.6684, 'simulated_sharpe_p5': 2.1964, 'simulated_sharpe_p95': 3.0764, 'simulated_sharpe_std': 0.2908}, 'walk_forward': {'consistency_rate': 0.75, 'n_windows': 4, 'profitable_windows': 3, 'return_mean': 0.140137, 'return_std': 0.184915, 'sharpe_mean': 0.9344, 'sharpe_std': 1.0898, 'windows': [{'end': '2023-08-16', 'max_dd': -0.142499, 'return': 0.19994, 'sharpe': 1.1441, 'start': '2023-01-01', 'trades': 30, 'win_rate': 0.3333, 'window': 1}, {'end': '2024-03-31', 'max_dd': -0.091708, 'return': 0.414401, 'sharpe': 2.6218, 'start': '2023-08-17', 'trades': 17, 'win_rate': 0.4118, 'window': 2}, {'end': '2024-11-14', 'max_dd': -0.223359, 'return': 0.006086, 'sharpe': 0.159, 'start': '2024-04-01', 'trades': 32, 'win_rate': 0.25, 'window': 3}, {'end': '2025-06-30', 'max_dd': -0.249653, 'return': -0.05988, 'sharpe': -0.1872, 'start': '2024-11-15', 'trades': 25, 'win_rate': 0.24, 'window': 4}]}}"
agent/runs/v_K_longbias_OOS_TEST,v_K_longbias_OOS_TEST,agent/runs/v_K_longbias_OOS_TEST/run_card.json,0.2208367588943161,220836.7588943161,1261544.8113676163,261544.8113676163,0.2615448113676162,-0.31581187692528895,0.6923150396865051,1.095,0.6993,1.3937,0.30985915492957744,71,-0.3767548653273064,0.261545,0.6923,13.4,1000000.0,2025-05-01,2026-06-30,1D,auto,daily,"BTC-USDT,ETH-USDT,SOL-USDT",d30fcf0a3c7d7dfdd2063bad69fa8f6381843f2f02b7bc96b767fc7a023595d8,76087a0ae204f0a8945f36991cdd7f08121ac6bb00ce6c5ddd08e283cd635b04,agent/runs/v_K_longbias_OOS_TEST/config.json,agent/runs/v_K_longbias_OOS_TEST/code/signal_engine.py,,"{'bootstrap': {'ci_lower': -1.2166, 'ci_upper': 2.5582, 'confidence': 0.95, 'median_sharpe': 0.6939, 'n_bootstrap': 1000, 'observed_sharpe': 0.6939, 'prob_positive': 0.78}, 'monte_carlo': {'actual_max_dd': -0.2275, 'actual_sharpe': 2.088, 'n_simulations': 1000, 'n_trades': 71, 'p_value_max_dd': 0.63, 'p_value_sharpe': 0.172, 'simulated_sharpe_mean': 1.8875, 'simulated_sharpe_p5': 1.414, 'simulated_sharpe_p95': 2.2298, 'simulated_sharpe_std': 0.3065}}"
agent/runs/v_E_riskparity_OOS_TEST,v_E_riskparity_OOS_TEST,agent/runs/v_E_riskparity_OOS_TEST/run_card.json,0.2183648371387268,218364.83713872678,1258571.0675801018,258571.06758010178,0.25857106758010184,-0.32399412624175966,0.6844665516132988,1.1047,0.674,1.3835,0.30985915492957744,71,-0.3767548653273064,0.258571,0.6845,13.4,1000000.0,2025-05-01,2026-06-30,1D,auto,daily,"BTC-USDT,ETH-USDT,SOL-USDT",8353d8308507695d2688bb1c911c56f08328af70bc134066bce5ea074b018e13,8a60457e49f82fedf89d4dbe95d26d02fda900b9dc9f660ab5a07485121de580,agent/runs/v_E_riskparity_OOS_TEST/config.json,agent/runs/v_E_riskparity_OOS_TEST/code/signal_engine.py,,"{'bootstrap': {'ci_lower': -1.1948, 'ci_upper': 2.5378, 'confidence': 0.95, 'median_sharpe': 0.694, 'n_bootstrap': 1000, 'observed_sharpe': 0.6861, 'prob_positive': 0.778}, 'monte_carlo': {'actual_max_dd': -0.2451, 'actual_sharpe': 2.0904, 'n_simulations': 1000, 'n_trades': 71, 'p_value_max_dd': 0.728, 'p_value_sharpe': 0.175, 'simulated_sharpe_mean': 1.8814, 'simulated_sharpe_p5': 1.3438, 'simulated_sharpe_p95': 2.203, 'simulated_sharpe_std': 0.3104}}"
agent/runs/v_Z4shuf_seed010_train,v_Z4shuf_seed010_train,agent/runs/v_Z4shuf_seed010_train/run_card.json,0.21118597817728046,211185.97817728046,1614035.5591388831,614035.5591388831,0.6140355591388831,-0.21370401077522125,0.8647573643967829,1.2925,0.9882,1.3628,0.5,198,5.4441996931170795,0.614036,0.8648,7.9,1000000.0,2023-01-01,2025-06-30,1D,auto,daily,"BTC-USDT,SOL-USDT",d24c0b70967b04a236f00c88e2e355640cdc65508215efb7761f968d21a790d9,5680595d753976610de949c37f0568d5ff7e7db3a1f2b2545ab303b52a99c7f6,agent/runs/v_Z4shuf_seed010_train/config.json,agent/runs/v_Z4shuf_seed010_train/code/signal_engine.py,,"{'bootstrap': {'ci_lower': -0.4254, 'ci_upper': 2.0145, 'confidence': 0.95, 'median_sharpe': 0.8445, 'n_bootstrap': 1000, 'observed_sharpe': 0.8657, 'prob_positive': 0.913}, 'monte_carlo': {'actual_max_dd': -0.1534, 'actual_sharpe': 2.4602, 'n_simulations': 1000, 'n_trades': 198, 'p_value_max_dd': 0.02, 'p_value_sharpe': 0.036, 'simulated_sharpe_mean': 2.0594, 'simulated_sharpe_p5': 1.7262, 'simulated_sharpe_p95': 2.4261, 'simulated_sharpe_std': 0.2184}, 'walk_forward': {'consistency_rate': 0.5, 'n_windows': 4, 'profitable_windows': 2, 'return_mean': 0.136223, 'return_std': 0.197897, 'sharpe_mean': 0.8586, 'sharpe_std': 1.1576, 'windows': [{'end': '2023-08-16', 'max_dd': -0.139029, 'return': 0.249517, 'sharpe': 1.4375, 'start': '2023-01-01', 'trades': 41, 'win_rate': 0.561, 'window': 1}, {'end': '2024-03-31', 'max_dd': -0.10611, 'return': 0.397885, 'sharpe': 2.43, 'start': '2023-08-17', 'trades': 49, 'win_rate': 0.5714, 'window': 2}, {'end': '2024-11-14', 'max_dd': -0.200652, 'return': -0.000984, 'sharpe': 0.1321, 'start': '2024-04-01', 'trades': 51, 'win_rate': 0.5294, 'window': 3}, {'end': '2025-06-30', 'max_dd': -0.156222, 'return': -0.101527, 'sharpe': -0.5654, 'start': '2024-11-15', 'trades': 57, 'win_rate': 0.3684, 'window': 4}]}}"
agent/runs/v_X1_singlevol_OOS_TEST,v_X1_singlevol_OOS_TEST,agent/runs/v_X1_singlevol_OOS_TEST/run_card.json,0.20474570748639564,204745.70748639564,1242204.961450702,242204.96145070205,0.24220496145070203,-0.32198492942236384,0.6333005670986841,1.042,0.6359,1.3747,0.30434782608695654,46,-0.3767548653273064,0.242205,0.6333,11.7,1000000.0,2025-05-01,2026-06-30,1D,auto,daily,"BTC-USDT,SOL-USDT",80a10be874bf9dbd53d91a23db2aa309f6ebcc577b0656b4fec31da6aeb89dff,17ea94691756002e0144d27003b3b53a0d7bb04d110afdacbb9c1a9146eca1c0,agent/runs/v_X1_singlevol_OOS_TEST/config.json,agent/runs/v_X1_singlevol_OOS_TEST/code/signal_engine.py,,"{'bootstrap': {'ci_lower': -1.2118, 'ci_upper': 2.4685, 'confidence': 0.95, 'median_sharpe': 0.6554, 'n_bootstrap': 1000, 'observed_sharpe': 0.6348, 'prob_positive': 0.753}, 'monte_carlo': {'actual_max_dd': -0.2648, 'actual_sharpe': 2.1497, 'n_simulations': 1000, 'n_trades': 46, 'p_value_max_dd': 0.62, 'p_value_sharpe': 0.56, 'simulated_sharpe_mean': 2.0981, 'simulated_sharpe_p5': 1.2005, 'simulated_sharpe_p95': 2.5563, 'simulated_sharpe_std': 0.4292}}"
agent/runs/v_Z4shuf_seed003_train,v_Z4shuf_seed003_train,agent/runs/v_Z4shuf_seed003_train/run_card.json,0.19865903196243284,198659.03196243284,1572647.3705468792,572647.3705468792,0.5726473705468793,-0.3143100571796734,0.7343350946662268,0.9846,0.632,1.3753,0.5497382198952879,191,5.4441996931170795,0.572647,0.7343,8.2,1000000.0,2023-01-01,2025-06-30,1D,auto,daily,"BTC-USDT,SOL-USDT",4d34102794336320f5eaf909e80efe7918266955fccc40e7472ae4b108a0c306,5680595d753976610de949c37f0568d5ff7e7db3a1f2b2545ab303b52a99c7f6,agent/runs/v_Z4shuf_seed003_train/config.json,agent/runs/v_Z4shuf_seed003_train/code/signal_engine.py,,"{'bootstrap': {'ci_lower': -0.4822, 'ci_upper': 1.9228, 'confidence': 0.95, 'median_sharpe': 0.7018, 'n_bootstrap': 1000, 'observed_sharpe': 0.7351, 'prob_positive': 0.86}, 'monte_carlo': {'actual_max_dd': -0.2825, 'actual_sharpe': 1.6071, 'n_simulations': 1000, 'n_trades': 191, 'p_value_max_dd': 0.656, 'p_value_sharpe': 0.951, 'simulated_sharpe_mean': 1.9213, 'simulated_sharpe_p5': 1.6109, 'simulated_sharpe_p95': 2.2421, 'simulated_sharpe_std': 0.2025}, 'walk_forward': {'consistency_rate': 0.75, 'n_windows': 4, 'profitable_windows': 3, 'return_mean': 0.15474, 'return_std': 0.29791, 'sharpe_mean': 0.6342, 'sharpe_std': 1.058, 'windows': [{'end': '2023-08-16', 'max_dd': -0.293534, 'return': -0.132429, 'sharpe': -0.5706, 'start': '2023-01-01', 'trades': 50, 'win_rate': 0.48, 'window': 1}, {'end': '2024-03-31', 'max_dd': -0.181024, 'return': 0.652106, 'sharpe': 2.3157, 'start': '2023-08-17', 'trades': 46, 'win_rate': 0.5217, 'window': 2}, {'end': '2024-11-14', 'max_dd': -0.187628, 'return': 0.088838, 'sharpe': 0.6022, 'start': '2024-04-01', 'trades': 49, 'win_rate': 0.6939, 'window': 3}, {'end': '2025-06-30', 'max_dd': -0.183449, 'return': 0.010447, 'sharpe': 0.1894, 'start': '2024-11-15', 'trades': 46, 'win_rate': 0.5, 'window': 4}]}}"
agent/runs/v_Z4shuf_seed054_train,v_Z4shuf_seed054_train,agent/runs/v_Z4shuf_seed054_train/run_card.json,0.1945574022715295,194557.4022715295,1559235.7959773508,559235.7959773508,0.5592357959773508,-0.42345802149544004,0.7243008293457394,0.9356,0.4594,1.3336,0.4861878453038674,181,5.4441996931170795,0.559236,0.7243,8.6,1000000.0,2023-01-01,2025-06-30,1D,auto,daily,"BTC-USDT,SOL-USDT",d89ca993a7c31405048a497a986666766f8435eb24cc3ddc27cb69f7cb05d66b,5680595d753976610de949c37f0568d5ff7e7db3a1f2b2545ab303b52a99c7f6,agent/runs/v_Z4shuf_seed054_train/config.json,agent/runs/v_Z4shuf_seed054_train/code/signal_engine.py,,"{'bootstrap': {'ci_lower': -0.4035, 'ci_upper': 1.9836, 'confidence': 0.95, 'median_sharpe': 0.7451, 'n_bootstrap': 1000, 'observed_sharpe': 0.7251, 'prob_positive': 0.876}, 'monte_carlo': {'actual_max_dd': -0.3319, 'actual_sharpe': 1.5451, 'n_simulations': 1000, 'n_trades': 181, 'p_value_max_dd': 0.42, 'p_value_sharpe': 0.801, 'simulated_sharpe_mean': 1.6814, 'simulated_sharpe_p5': 1.4391, 'simulated_sharpe_p95': 1.9757, 'simulated_sharpe_std': 0.204}, 'walk_forward': {'consistency_rate': 0.75, 'n_windows': 4, 'profitable_windows': 3, 'return_mean': 0.159463, 'return_std': 0.289069, 'sharpe_mean': 0.9499, 'sharpe_std': 1.2978, 'windows': [{'end': '2023-08-16', 'max_dd': -0.078799, 'return': 0.469703, 'sharpe': 2.2057, 'start': '2023-01-01', 'trades': 45, 'win_rate': 0.5111, 'window': 1}, {'end': '2024-03-31', 'max_dd': -0.387467, 'return': -0.269134, 'sharpe': -1.0012, 'start': '2023-08-17', 'trades': 60, 'win_rate': 0.4333, 'window': 2}, {'end': '2024-11-14', 'max_dd': -0.145345, 'return': 0.064865, 'sharpe': 0.5522, 'start': '2024-04-01', 'trades': 29, 'win_rate': 0.5862, 'window': 3}, {'end': '2025-06-30', 'max_dd': -0.159557, 'return': 0.37242, 'sharpe': 2.0429, 'start': '2024-11-15', 'trades': 47, 'win_rate': 0.4681, 'window': 4}]}}"
agent/runs/v_ZB2_scliquidity_OOS_TEST,v_ZB2_scliquidity_OOS_TEST,agent/runs/v_ZB2_scliquidity_OOS_TEST/run_card.json,0.186953668101141,186953.668101141,1221443.5000587178,221443.5000587178,0.22144350005871782,-0.14565202719940587,0.864326741989001,1.33,1.2836,1.8536,0.32727272727272727,55,-0.39312424343287,0.221444,0.8643,13.0,1000000.0,2025-05-01,2026-06-30,1D,auto,daily,"BTC-USDT,SOL-USDT",7db98ce0df98ad5c8b1bc4408ead676f07208f5c8d83efd9d34819cc00e1efc5,8d9fca1de321830d27c06fd819477d035fd9f64a297666abb4707f895cbf9ac5,agent/runs/v_ZB2_scliquidity_OOS_TEST/config.json,agent/runs/v_ZB2_scliquidity_OOS_TEST/code/signal_engine.py,,"{'bootstrap': {'ci_lower': -0.9692, 'ci_upper': 2.6697, 'confidence': 0.95, 'median_sharpe': 0.8705, 'n_bootstrap': 1000, 'observed_sharpe': 0.8664, 'prob_positive': 0.806}, 'monte_carlo': {'actual_max_dd': -0.0856, 'actual_sharpe': 3.448, 'n_simulations': 1000, 'n_trades': 55, 'p_value_max_dd': 0.54, 'p_value_sharpe': 0.065, 'simulated_sharpe_mean': 3.0744, 'simulated_sharpe_p5': 2.1552, 'simulated_sharpe_p95': 3.4834, 'simulated_sharpe_std': 0.3431}}"
agent/runs/v_Z4shuf_seed007_train,v_Z4shuf_seed007_train,agent/runs/v_Z4shuf_seed007_train/run_card.json,0.17967377207060764,179673.77207060764,1511146.2766257033,511146.2766257033,0.5111462766257033,-0.32039529596035354,0.7383691526959699,0.9907,0.5608,1.4696,0.5168539325842697,178,5.4441996931170795,0.511146,0.7384,8.8,1000000.0,2023-01-01,2025-06-30,1D,auto,daily,"BTC-USDT,SOL-USDT",470eb36dc5e449d9662a93b986634676c8b9609ad96f862167c9a59536272747,5680595d753976610de949c37f0568d5ff7e7db3a1f2b2545ab303b52a99c7f6,agent/runs/v_Z4shuf_seed007_train/config.json,agent/runs/v_Z4shuf_seed007_train/code/signal_engine.py,,"{'bootstrap': {'ci_lower': -0.5278, 'ci_upper': 1.86, 'confidence': 0.95, 'median_sharpe': 0.7085, 'n_bootstrap': 1000, 'observed_sharpe': 0.7392, 'prob_positive': 0.871}, 'monte_carlo': {'actual_max_dd': -0.271, 'actual_sharpe': 2.1137, 'n_simulations': 1000, 'n_trades': 178, 'p_value_max_dd': 0.932, 'p_value_sharpe': 0.652, 'simulated_sharpe_mean': 2.1684, 'simulated_sharpe_p5': 1.8786, 'simulated_sharpe_p95': 2.4468, 'simulated_sharpe_std': 0.1735}, 'walk_forward': {'consistency_rate': 0.5, 'n_windows': 4, 'profitable_windows': 2, 'return_mean': 0.166848, 'return_std': 0.324309, 'sharpe_mean': 0.4453, 'sharpe_std': 1.7629, 'windows': [{'end': '2023-08-16', 'max_dd': -0.288728, 'return': -0.24127, 'sharpe': -2.0414, 'start': '2023-01-01', 'trades': 52, 'win_rate': 0.4808, 'window': 1}, {'end': '2024-03-31', 'max_dd': -0.121907, 'return': 0.482308, 'sharpe': 2.117, 'start': '2023-08-17', 'trades': 52, 'win_rate': 0.4808, 'window': 2}, {'end': '2024-11-14', 'max_dd': -0.143396, 'return': 0.487347, 'sharpe': 2.1019, 'start': '2024-04-01', 'trades': 30, 'win_rate': 0.7, 'window': 3}, {'end': '2025-06-30', 'max_dd': -0.183996, 'return': -0.060991, 'sharpe': -0.3962, 'start': '2024-11-15', 'trades': 44, 'win_rate': 0.4773, 'window': 4}]}}"
agent/runs/v_Z10_btcethsol_train,v_Z10_btcethsol_train,agent/runs/v_Z10_btcethsol_train/run_card.json,0.17688160844595724,176881.60844595724,1502225.2097021905,502225.2097021905,0.5022252097021904,-0.2377498219225589,0.7770812575657549,0.9929,0.744,1.7769,0.29375,160,5.362933,-4.860708,-1.2571,14.7,1000000.0,2023-01-01,2025-06-30,1D,auto,daily,"BTC-USDT,ETH-USDT,SOL-USDT",87236a504a7c3f24014d65015f04edce21c71b81282a0bfcc5def135aa625690,ef67d012dcdc6582b9c8efd52b868fd60a497e21c13653a1a44b8ace7c8d9b99,agent/runs/v_Z10_btcethsol_train/config.json,agent/runs/v_Z10_btcethsol_train/code/signal_engine.py,,"{'bootstrap': {'ci_lower': -0.492, 'ci_upper': 1.9415, 'confidence': 0.95, 'median_sharpe': 0.732, 'n_bootstrap': 1000, 'observed_sharpe': 0.7779, 'prob_positive': 0.883}, 'monte_carlo': {'actual_max_dd': -0.1798, 'actual_sharpe': 1.641, 'n_simulations': 1000, 'n_trades': 160, 'p_value_max_dd': 0.712, 'p_value_sharpe': 0.942, 'simulated_sharpe_mean': 1.8559, 'simulated_sharpe_p5': 1.6245, 'simulated_sharpe_p95': 2.0887, 'simulated_sharpe_std': 0.1489}, 'walk_forward': {'consistency_rate': 0.75, 'n_windows': 4, 'profitable_windows': 3, 'return_mean': 0.132985, 'return_std': 0.256712, 'sharpe_mean': 0.9334, 'sharpe_std': 1.4515, 'windows': [{'end': '2023-08-16', 'max_dd': -0.203597, 'return': 0.042969, 'sharpe': 0.3681, 'start': '2023-01-01', 'trades': 54, 'win_rate': 0.2593, 'window': 1}, {'end': '2024-03-31', 'max_dd': -0.126668, 'return': 0.552849, 'sharpe': 3.1944, 'start': '2023-08-17', 'trades': 26, 'win_rate': 0.4231, 'window': 2}, {'end': '2024-11-14', 'max_dd': -0.23775, 'return': -0.143329, 'sharpe': -0.7971, 'start': '2024-04-01', 'trades': 47, 'win_rate': 0.2553, 'window': 3}, {'end': '2025-06-30', 'max_dd': -0.0806, 'return': 0.079451, 'sharpe': 0.9683, 'start': '2024-11-15', 'trades': 33, 'win_rate': 0.303, 'window': 4}]}}"
agent/runs/v_Rung3_signalonly_OOS_TEST,v_Rung3_signalonly_OOS_TEST,agent/runs/v_Rung3_signalonly_OOS_TEST/run_card.json,0.16675162512116604,166751.62512116603,1196709.0208996218,196709.02089962177,0.19670902089962183,-0.22605246789059483,0.6102893597689977,0.975,0.7377,1.4227,0.3269230769230769,52,-0.39312424343287,0.196709,0.6103,13.2,1000000.0,2025-05-01,2026-06-30,1D,auto,daily,"BTC-USDT,SOL-USDT",13ebe14024d5cc104ce421d620334b36b5fa65d2e18126e0c89afd8e80e12952,8d9fca1de321830d27c06fd819477d035fd9f64a297666abb4707f895cbf9ac5,agent/runs/v_Rung3_signalonly_OOS_TEST/config.json,agent/runs/v_Rung3_signalonly_OOS_TEST/code/signal_engine.py,,"{'bootstrap': {'ci_lower': -1.2983, 'ci_upper': 2.4376, 'confidence': 0.95, 'median_sharpe': 0.5884, 'n_bootstrap': 1000, 'observed_sharpe': 0.6117, 'prob_positive': 0.751}, 'monte_carlo': {'actual_max_dd': -0.1861, 'actual_sharpe': 2.2956, 'n_simulations': 1000, 'n_trades': 52, 'p_value_max_dd': 0.736, 'p_value_sharpe': 0.588, 'simulated_sharpe_mean': 2.2645, 'simulated_sharpe_p5': 1.3437, 'simulated_sharpe_p95': 2.6733, 'simulated_sharpe_std': 0.3604}}"
agent/runs/v_Z4shuf_seed051_train,v_Z4shuf_seed051_train,agent/runs/v_Z4shuf_seed051_train/run_card.json,0.16468051445088694,164680.51445088693,1463613.240955393,463613.24095539306,0.463613240955393,-0.2826077265983387,0.6194070415337861,0.9109,0.5827,1.3012,0.44623655913978494,186,5.4441996931170795,0.463613,0.6194,8.4,1000000.0,2023-01-01,2025-06-30,1D,auto,daily,"BTC-USDT,SOL-USDT",a8b4a99ce04d4fd6f4633ae4d0343b814607dc320db2598bc8ebbae89c515e80,5680595d753976610de949c37f0568d5ff7e7db3a1f2b2545ab303b52a99c7f6,agent/runs/v_Z4shuf_seed051_train/config.json,agent/runs/v_Z4shuf_seed051_train/code/signal_engine.py,,"{'bootstrap': {'ci_lower': -0.7147, 'ci_upper': 1.7561, 'confidence': 0.95, 'median_sharpe': 0.5913, 'n_bootstrap': 1000, 'observed_sharpe': 0.6201, 'prob_positive': 0.832}, 'monte_carlo': {'actual_max_dd': -0.1994, 'actual_sharpe': 1.3075, 'n_simulations': 1000, 'n_trades': 186, 'p_value_max_dd': 0.048, 'p_value_sharpe': 0.933, 'simulated_sharpe_mean': 1.5103, 'simulated_sharpe_p5': 1.2848, 'simulated_sharpe_p95': 1.7433, 'simulated_sharpe_std': 0.1556}, 'walk_forward': {'consistency_rate': 0.5, 'n_windows': 4, 'profitable_windows': 2, 'return_mean': 0.127458, 'return_std': 0.182903, 'sharpe_mean': 0.7248, 'sharpe_std': 0.9304, 'windows': [{'end': '2023-08-16', 'max_dd': -0.202354, 'return': 0.294411, 'sharpe': 1.1963, 'start': '2023-01-01', 'trades': 43, 'win_rate': 0.4651, 'window': 1}, {'end': '2024-03-31', 'max_dd': -0.282608, 'return': -0.013703, 'sharpe': 0.1203, 'start': '2023-08-17', 'trades': 50, 'win_rate': 0.46, 'window': 2}, {'end': '2024-11-14', 'max_dd': -0.142819, 'return': 0.321543, 'sharpe': 1.9884, 'start': '2024-04-01', 'trades': 44, 'win_rate': 0.5682, 'window': 3}, {'end': '2025-06-30', 'max_dd': -0.238042, 'return': -0.092418, 'sharpe': -0.4057, 'start': '2024-11-15', 'trades': 49, 'win_rate': 0.3061, 'window': 4}]}}"
agent/runs/v_S_kama_train,v_S_kama_train,agent/runs/v_S_kama_train/run_card.json,0.15955639428184387,159556.39428184388,1447576.8086437515,447576.80864375154,0.4475768086437515,-0.6149467390876261,0.5433647144477747,0.7964,0.2595,1.1939,0.2967032967032967,91,5.4441996931170795,0.447577,0.5434,12.8,1000000.0,2023-01-01,2025-06-30,1D,auto,daily,"BTC-USDT,SOL-USDT",e6db2b4decedb5e17b34e771488b660f041b323c01015cefbc94d4a1107f3e5b,2fdb703343ad3aa6b66b51961449e7aa8594d53e9a9d6bcb9a6314103f1a7add,agent/runs/v_S_kama_train/config.json,agent/runs/v_S_kama_train/code/signal_engine.py,,"{'bootstrap': {'ci_lower': -0.7324, 'ci_upper': 1.6886, 'confidence': 0.95, 'median_sharpe': 0.5434, 'n_bootstrap': 1000, 'observed_sharpe': 0.544, 'prob_positive': 0.81}, 'monte_carlo': {'actual_max_dd': -0.5341, 'actual_sharpe': 1.5324, 'n_simulations': 1000, 'n_trades': 91, 'p_value_max_dd': 0.433, 'p_value_sharpe': 0.839, 'simulated_sharpe_mean': 1.6215, 'simulated_sharpe_p5': -0.1582, 'simulated_sharpe_p95': 2.1677, 'simulated_sharpe_std': 0.8691}, 'walk_forward': {'consistency_rate': 0.25, 'n_windows': 4, 'profitable_windows': 1, 'return_mean': 0.246636, 'return_std': 0.723669, 'sharpe_mean': 0.4415, 'sharpe_std': 1.3274, 'windows': [{'end': '2023-08-16', 'max_dd': -0.377744, 'return': -0.064373, 'sharpe': 0.0257, 'start': '2023-01-01', 'trades': 22, 'win_rate': 0.3182, 'window': 1}, {'end': '2024-03-31', 'max_dd': -0.398743, 'return': 1.474805, 'sharpe': 2.5945, 'start': '2023-08-17', 'trades': 26, 'win_rate': 0.4231, 'window': 2}, {'end': '2024-11-14', 'max_dd': -0.614947, 'return': -0.397784, 'sharpe': -1.0314, 'start': '2024-04-01', 'trades': 21, 'win_rate': 0.1905, 'window': 3}, {'end': '2025-06-30', 'max_dd': -0.333852, 'return': -0.026104, 'sharpe': 0.1774, 'start': '2024-11-15', 'trades': 22, 'win_rate': 0.2273, 'window': 4}]}}"
agent/runs/manual_btc_eth_trend_v1,manual_btc_eth_trend_v1,agent/runs/manual_btc_eth_trend_v1/run_card.json,0.15507984307925304,155079.84307925304,1655330.4672582783,655330.4672582783,0.6553304672582783,-0.4444665585432132,0.5809758651047523,0.8367,0.3489,1.4067,0.24271844660194175,103,2.617328675930954,0.65533,0.581,20.7,1000000.0,2023-01-01,2026-06-30,1D,auto,daily,"BTC-USDT,ETH-USDT",84b2bf446796c656a093ff16e862a712f5e7af44df995e549179926472e20ffa,5edf5b658259c8e42dc8053e697e4f1954a992d17943b3c243636fb42dc7473b,agent/runs/manual_btc_eth_trend_v1/config.json,agent/runs/manual_btc_eth_trend_v1/code/signal_engine.py,,"{'bootstrap': {'ci_lower': -0.499, 'ci_upper': 1.6087, 'confidence': 0.95, 'median_sharpe': 0.5568, 'n_bootstrap': 1000, 'observed_sharpe': 0.5814, 'prob_positive': 0.862}, 'monte_carlo': {'actual_max_dd': -0.3756, 'actual_sharpe': 1.9554, 'n_simulations': 1000, 'n_trades': 103, 'p_value_max_dd': 0.752, 'p_value_sharpe': 0.268, 'simulated_sharpe_mean': 1.8267, 'simulated_sharpe_p5': 1.473, 'simulated_sharpe_p95': 2.1502, 'simulated_sharpe_std': 0.2082}, 'walk_forward': {'consistency_rate': 0.6, 'n_windows': 5, 'profitable_windows': 3, 'return_mean': 0.125943, 'return_std': 0.179294, 'sharpe_mean': 0.5945, 'sharpe_std': 0.6438, 'windows': [{'end': '2023-09-12', 'max_dd': -0.26698, 'return': -0.050091, 'sharpe': -0.0445, 'start': '2023-01-01', 'trades': 20, 'win_rate': 0.15, 'window': 1}, {'end': '2024-05-24', 'max_dd': -0.326037, 'return': 0.266005, 'sharpe': 1.0657, 'start': '2023-09-13', 'trades': 18, 'win_rate': 0.2222, 'window': 2}, {'end': '2025-02-03', 'max_dd': -0.281443, 'return': -0.114968, 'sharpe': -0.295, 'start': '2024-05-25', 'trades': 32, 'win_rate': 0.2188, 'window': 3}, {'end': '2025-10-16', 'max_dd': -0.246824, 'return': 0.18145, 'sharpe': 0.9092, 'start': '2025-02-04', 'trades': 15, 'win_rate': 0.2667, 'window': 4}, {'end': '2026-06-29', 'max_dd': -0.186622, 'return': 0.347318, 'sharpe': 1.3373, 'start': '2025-10-17', 'trades': 18, 'win_rate': 0.3889, 'window': 5}]}}"
agent/runs/v_N_ensemble_OOS_TEST,v_N_ensemble_OOS_TEST,agent/runs/v_N_ensemble_OOS_TEST/run_card.json,0.14971620530281737,149716.20530281737,1176838.2130567904,176838.2130567904,0.17683821305679048,-0.38427465881129413,0.5442857323840374,0.7178,0.3896,1.4483,0.24390243902439024,41,-0.3825851915651205,0.559423,0.7956,96.0,1000000.0,2025-05-01,2026-06-30,4H,ccxt,daily,"BTC-USDT,SOL-USDT",e060573dba95a56f39c060bac19e687790c41fef0d00f461bc732e977866b60d,4fa8b4f1cf6e3de210008ae7352e35656485fbfe9075629df2adfc89918a7c15,agent/runs/v_N_ensemble_OOS_TEST/config.json,agent/runs/v_N_ensemble_OOS_TEST/code/signal_engine.py,,"{'bootstrap': {'ci_lower': -1.3942, 'ci_upper': 2.305, 'confidence': 0.95, 'median_sharpe': 0.5511, 'n_bootstrap': 1000, 'observed_sharpe': 0.5445, 'prob_positive': 0.709}, 'monte_carlo': {'actual_max_dd': -0.2149, 'actual_sharpe': 4.955, 'n_simulations': 1000, 'n_trades': 41, 'p_value_max_dd': 0.694, 'p_value_sharpe': 0.545, 'simulated_sharpe_mean': 4.8537, 'simulated_sharpe_p5': 2.5317, 'simulated_sharpe_p95': 6.0993, 'simulated_sharpe_std': 1.0653}}"
agent/runs/v_R_solvarianceratio_train,v_R_solvarianceratio_train,agent/runs/v_R_solvarianceratio_train/run_card.json,0.13107095202714247,131070.95202714247,1360352.1547619384,360352.1547619384,0.3603521547619384,-0.7061515887983164,0.5083256062292859,0.7935,0.1856,1.1508,0.21875,64,5.4441996931170795,0.360352,0.5083,18.2,1000000.0,2023-01-01,2025-06-30,1D,auto,daily,"BTC-USDT,SOL-USDT",ec5a055f77c0ab34f95149e5a4585dab7434cab7a3fa0229df7af59e44f310d0,2fdb703343ad3aa6b66b51961449e7aa8594d53e9a9d6bcb9a6314103f1a7add,agent/runs/v_R_solvarianceratio_train/config.json,agent/runs/v_R_solvarianceratio_train/code/signal_engine.py,,"{'bootstrap': {'ci_lower': -0.7766, 'ci_upper': 1.5906, 'confidence': 0.95, 'median_sharpe': 0.5007, 'n_bootstrap': 1000, 'observed_sharpe': 0.5089, 'prob_positive': 0.794}, 'monte_carlo': {'actual_max_dd': -0.5877, 'actual_sharpe': 1.7463, 'n_simulations': 1000, 'n_trades': 64, 'p_value_max_dd': 0.168, 'p_value_sharpe': 0.388, 'simulated_sharpe_mean': 0.1414, 'simulated_sharpe_p5': -3.4798, 'simulated_sharpe_p95': 2.3355, 'simulated_sharpe_std': 2.2282}, 'walk_forward': {'consistency_rate': 0.25, 'n_windows': 4, 'profitable_windows': 1, 'return_mean': 1.233419, 'return_std': 2.821861, 'sharpe_mean': -0.036, 'sharpe_std': 2.3299, 'windows': [{'end': '2023-08-16', 'max_dd': -0.577164, 'return': -0.408709, 'sharpe': -1.4261, 'start': '2023-01-01', 'trades': 21, 'win_rate': 0.2381, 'window': 1}, {'end': '2024-03-31', 'max_dd': -0.328353, 'return': 6.117778, 'sharpe': 3.9252, 'start': '2023-08-17', 'trades': 5, 'win_rate': 0.4, 'window': 2}, {'end': '2024-11-14', 'max_dd': -0.683264, 'return': -0.53263, 'sharpe': -1.948, 'start': '2024-04-01', 'trades': 23, 'win_rate': 0.1739, 'window': 3}, {'end': '2025-06-30', 'max_dd': -0.370463, 'return': -0.242763, 'sharpe': -0.6952, 'start': '2024-11-15', 'trades': 15, 'win_rate': 0.2, 'window': 4}]}}"
agent/runs/v_Z4_resize_train,v_Z4_resize_train,agent/runs/v_Z4_resize_train/run_card.json,0.12692939641866285,126929.39641866286,1347940.3629417273,347940.3629417273,0.34794036294172725,-0.35701896292847835,0.5511999991231664,0.7747,0.3555,0.3852,0.14953271028037382,107,5.4441996931170795,0.34794,0.5512,14.6,1000000.0,2023-01-01,2025-06-30,1D,auto,daily,"BTC-USDT,SOL-USDT",87236a504a7c3f24014d65015f04edce21c71b81282a0bfcc5def135aa625690,021fc3852253f15b064d45959cb4ea5067b2b3ded375bb81cec0f1f8793f089a,agent/runs/v_Z4_resize_train/config.json,agent/runs/v_Z4_resize_train/code/signal_engine.py,,"{'bootstrap': {'ci_lower': -0.7158, 'ci_upper': 1.6753, 'confidence': 0.95, 'median_sharpe': 0.538, 'n_bootstrap': 1000, 'observed_sharpe': 0.5518, 'prob_positive': 0.807}, 'monte_carlo': {'actual_max_dd': -0.8586, 'actual_sharpe': -4.7928, 'n_simulations': 1000, 'n_trades': 107, 'p_value_max_dd': 0.566, 'p_value_sharpe': 0.686, 'simulated_sharpe_mean': -3.5626, 'simulated_sharpe_p5': -6.6494, 'simulated_sharpe_p95': -0.0846, 'simulated_sharpe_std': 2.0271}, 'walk_forward': {'consistency_rate': 0.5, 'n_windows': 4, 'profitable_windows': 2, 'return_mean': 0.099351, 'return_std': 0.242937, 'sharpe_mean': 0.6147, 'sharpe_std': 1.2453, 'windows': [{'end': '2023-08-16', 'max_dd': -0.314944, 'return': -0.030778, 'sharpe': 0.0225, 'start': '2023-01-01', 'trades': 37, 'win_rate': 0.0811, 'window': 1}, {'end': '2024-03-31', 'max_dd': -0.137912, 'return': 0.470306, 'sharpe': 2.4261, 'start': '2023-08-17', 'trades': 16, 'win_rate': 0.3125, 'window': 2}, {'end': '2024-11-14', 'max_dd': -0.357019, 'return': -0.183133, 'sharpe': -0.951, 'start': '2024-04-01', 'trades': 31, 'win_rate': 0.129, 'window': 3}, {'end': '2025-06-30', 'max_dd': -0.138587, 'return': 0.141007, 'sharpe': 0.9612, 'start': '2024-11-15', 'trades': 23, 'win_rate': 0.1739, 'window': 4}]}}"
agent/runs/v_Z4shuf_seed044_train,v_Z4shuf_seed044_train,agent/runs/v_Z4shuf_seed044_train/run_card.json,0.12602964618371915,126029.64618371915,1345252.9274476045,345252.9274476045,0.3452529274476044,-0.4360533132522934,0.4955720194310774,0.5403,0.289,1.1956,0.559322033898305,177,5.4441996931170795,0.345253,0.4956,8.8,1000000.0,2023-01-01,2025-06-30,1D,auto,daily,"BTC-USDT,SOL-USDT",a52acc5945c6cb292bcadd1fef7b668dadf29864ffa785181cbffa3cbb8700e3,5680595d753976610de949c37f0568d5ff7e7db3a1f2b2545ab303b52a99c7f6,agent/runs/v_Z4shuf_seed044_train/config.json,agent/runs/v_Z4shuf_seed044_train/code/signal_engine.py,,"{'bootstrap': {'ci_lower': -0.6126, 'ci_upper': 1.747, 'confidence': 0.95, 'median_sharpe': 0.5371, 'n_bootstrap': 1000, 'observed_sharpe': 0.4961, 'prob_positive': 0.792}, 'monte_carlo': {'actual_max_dd': -0.431, 'actual_sharpe': 0.9625, 'n_simulations': 1000, 'n_trades': 177, 'p_value_max_dd': 0.529, 'p_value_sharpe': 0.983, 'simulated_sharpe_mean': 1.2897, 'simulated_sharpe_p5': 1.1225, 'simulated_sharpe_p95': 1.4674, 'simulated_sharpe_std': 0.214}, 'walk_forward': {'consistency_rate': 0.75, 'n_windows': 4, 'profitable_windows': 3, 'return_mean': 0.057008, 'return_std': 0.127434, 'sharpe_mean': 0.62, 'sharpe_std': 0.5397, 'windows': [{'end': '2023-08-16', 'max_dd': -0.246436, 'return': 0.153821, 'sharpe': 0.8454, 'start': '2023-01-01', 'trades': 51, 'win_rate': 0.4902, 'window': 1}, {'end': '2024-03-31', 'max_dd': -0.436053, 'return': -0.14136, 'sharpe': -0.0654, 'start': '2023-08-17', 'trades': 44, 'win_rate': 0.7045, 'window': 2}, {'end': '2024-11-14', 'max_dd': -0.153673, 'return': 0.182211, 'sharpe': 1.369, 'start': '2024-04-01', 'trades': 47, 'win_rate': 0.4894, 'window': 3}, {'end': '2025-06-30', 'max_dd': -0.272073, 'return': 0.033361, 'sharpe': 0.3311, 'start': '2024-11-15', 'trades': 35, 'win_rate': 0.5714, 'window': 4}]}}"
agent/runs/v_Z4shuf_seed006_train,v_Z4shuf_seed006_train,agent/runs/v_Z4shuf_seed006_train/run_card.json,0.12488268365098909,124882.68365098909,1341831.7643197211,341831.76431972114,0.34183176431972107,-0.408161965552019,0.5152201610785034,0.6333,0.306,1.2501,0.5141242937853108,177,5.4441996931170795,0.341832,0.5152,8.8,1000000.0,2023-01-01,2025-06-30,1D,auto,daily,"BTC-USDT,SOL-USDT",8a8b59417a80d41561d37258ac4155204280fca239313da048e7b560024fced0,5680595d753976610de949c37f0568d5ff7e7db3a1f2b2545ab303b52a99c7f6,agent/runs/v_Z4shuf_seed006_train/config.json,agent/runs/v_Z4shuf_seed006_train/code/signal_engine.py,,"{'bootstrap': {'ci_lower': -0.68, 'ci_upper': 1.8414, 'confidence': 0.95, 'median_sharpe': 0.5163, 'n_bootstrap': 1000, 'observed_sharpe': 0.5158, 'prob_positive': 0.793}, 'monte_carlo': {'actual_max_dd': -0.3352, 'actual_sharpe': 1.4361, 'n_simulations': 1000, 'n_trades': 177, 'p_value_max_dd': 0.57, 'p_value_sharpe': 0.274, 'simulated_sharpe_mean': 1.3797, 'simulated_sharpe_p5': 1.1913, 'simulated_sharpe_p95': 1.5943, 'simulated_sharpe_std': 0.1386}, 'walk_forward': {'consistency_rate': 0.75, 'n_windows': 4, 'profitable_windows': 3, 'return_mean': 0.085118, 'return_std': 0.14968, 'sharpe_mean': 0.6474, 'sharpe_std': 0.5939, 'windows': [{'end': '2023-08-16', 'max_dd': -0.223621, 'return': 0.288093, 'sharpe': 1.4469, 'start': '2023-01-01', 'trades': 52, 'win_rate': 0.4038, 'window': 1}, {'end': '2024-03-31', 'max_dd': -0.408162, 'return': -0.124795, 'sharpe': -0.174, 'start': '2023-08-17', 'trades': 43, 'win_rate': 0.6047, 'window': 2}, {'end': '2024-11-14', 'max_dd': -0.217117, 'return': 0.135117, 'sharpe': 0.8781, 'start': '2024-04-01', 'trades': 46, 'win_rate': 0.5652, 'window': 3}, {'end': '2025-06-30', 'max_dd': -0.139301, 'return': 0.042058, 'sharpe': 0.4387, 'start': '2024-11-15', 'trades': 36, 'win_rate': 0.5, 'window': 4}]}}"
agent/runs/v_Z7_btcavax_train,v_Z7_btcavax_train,agent/runs/v_Z7_btcavax_train/run_card.json,0.11829173872800447,118291.73872800446,1322273.449528229,322273.44952822896,0.3222734495282289,-0.3741918936317071,0.540409497311857,0.7239,0.3161,1.2932,0.24369747899159663,119,2.615095,-2.292821,-0.9457,13.0,1000000.0,2023-01-01,2025-06-30,1D,auto,daily,"BTC-USDT,AVAX-USDT",87236a504a7c3f24014d65015f04edce21c71b81282a0bfcc5def135aa625690,a5be911e7cfa51cc5ca5da254f78621505d9811b3ce1d0af5844a9fa369438c1,agent/runs/v_Z7_btcavax_train/config.json,agent/runs/v_Z7_btcavax_train/code/signal_engine.py,,"{'bootstrap': {'ci_lower': -0.6559, 'ci_upper': 1.698, 'confidence': 0.95, 'median_sharpe': 0.5151, 'n_bootstrap': 1000, 'observed_sharpe': 0.541, 'prob_positive': 0.811}, 'monte_carlo': {'actual_max_dd': -0.296, 'actual_sharpe': 1.2886, 'n_simulations': 1000, 'n_trades': 119, 'p_value_max_dd': 0.404, 'p_value_sharpe': 0.824, 'simulated_sharpe_mean': 1.3538, 'simulated_sharpe_p5': 1.0968, 'simulated_sharpe_p95': 1.5523, 'simulated_sharpe_std': 0.1879}, 'walk_forward': {'consistency_rate': 0.75, 'n_windows': 4, 'profitable_windows': 3, 'return_mean': 0.121471, 'return_std': 0.33201, 'sharpe_mean': 0.3091, 'sharpe_std': 1.6214, 'windows': [{'end': '2023-08-16', 'max_dd': -0.247751, 'return': 0.038382, 'sharpe': 0.3491, 'start': '2023-01-01', 'trades': 33, 'win_rate': 0.303, 'window': 1}, {'end': '2024-03-31', 'max_dd': -0.236695, 'return': 0.659009, 'sharpe': 2.5401, 'start': '2023-08-17', 'trades': 23, 'win_rate': 0.2174, 'window': 2}, {'end': '2024-11-14', 'max_dd': -0.33866, 'return': -0.250338, 'sharpe': -2.0425, 'start': '2024-04-01', 'trades': 37, 'win_rate': 0.2162, 'window': 3}, {'end': '2025-06-30', 'max_dd': -0.16098, 'return': 0.038831, 'sharpe': 0.3896, 'start': '2024-11-15', 'trades': 26, 'win_rate': 0.2308, 'window': 4}]}}"
agent/runs/v_Z4shuf_seed036_train,v_Z4shuf_seed036_train,agent/runs/v_Z4shuf_seed036_train/run_card.json,0.10083714890181383,100837.14890181384,1271307.2897038541,271307.2897038541,0.2713072897038542,-0.3154190104454137,0.48758723604743304,0.6645,0.3197,1.2479,0.532608695652174,184,5.4441996931170795,0.271307,0.4876,8.5,1000000.0,2023-01-01,2025-06-30,1D,auto,daily,"BTC-USDT,SOL-USDT",37f9089292d31e5dcc4b471a3f70ddecaf6420c453a40f4cfbb10de5e8c2c897,5680595d753976610de949c37f0568d5ff7e7db3a1f2b2545ab303b52a99c7f6,agent/runs/v_Z4shuf_seed036_train/config.json,agent/runs/v_Z4shuf_seed036_train/code/signal_engine.py,,"{'bootstrap': {'ci_lower': -0.7252, 'ci_upper': 1.7547, 'confidence': 0.95, 'median_sharpe': 0.5315, 'n_bootstrap': 1000, 'observed_sharpe': 0.4881, 'prob_positive': 0.795}, 'monte_carlo': {'actual_max_dd': -0.2606, 'actual_sharpe': 1.3098, 'n_simulations': 1000, 'n_trades': 184, 'p_value_max_dd': 0.452, 'p_value_sharpe': 0.634, 'simulated_sharpe_mean': 1.3654, 'simulated_sharpe_p5': 1.1496, 'simulated_sharpe_p95': 1.593, 'simulated_sharpe_std': 0.1657}, 'walk_forward': {'consistency_rate': 0.75, 'n_windows': 4, 'profitable_windows': 3, 'return_mean': 0.071471, 'return_std': 0.213206, 'sharpe_mean': 0.3906, 'sharpe_std': 1.2708, 'windows': [{'end': '2023-08-16', 'max_dd': -0.236174, 'return': 0.027768, 'sharpe': 0.2968, 'start': '2023-01-01', 'trades': 44, 'win_rate': 0.4091, 'window': 1}, {'end': '2024-03-31', 'max_dd': -0.315419, 'return': 0.154215, 'sharpe': 0.9298, 'start': '2023-08-17', 'trades': 42, 'win_rate': 0.5952, 'window': 2}, {'end': '2024-11-14', 'max_dd': -0.277478, 'return': -0.24157, 'sharpe': -1.573, 'start': '2024-04-01', 'trades': 58, 'win_rate': 0.5172, 'window': 3}, {'end': '2025-06-30', 'max_dd': -0.110273, 'return': 0.345472, 'sharpe': 1.9087, 'start': '2024-11-15', 'trades': 40, 'win_rate': 0.625, 'window': 4}]}}"
agent/runs/v_Rung4_signalvol_OOS_TEST,v_Rung4_signalvol_OOS_TEST,agent/runs/v_Rung4_signalvol_OOS_TEST/run_card.json,0.09393510724584675,93935.10724584675,1110199.76673408,110199.76673407992,0.11019976673407994,-0.23888505019668407,0.44361853073402957,0.6906,0.3932,1.2617,0.3333333333333333,54,-0.39312424343287,0.1102,0.4436,12.9,1000000.0,2025-05-01,2026-06-30,1D,auto,daily,"BTC-USDT,SOL-USDT",b473dee3971efdb26ec2369f95c09cbed138288fea5bba2276d144bcbe0e013a,8d9fca1de321830d27c06fd819477d035fd9f64a297666abb4707f895cbf9ac5,agent/runs/v_Rung4_signalvol_OOS_TEST/config.json,agent/runs/v_Rung4_signalvol_OOS_TEST/code/signal_engine.py,,"{'bootstrap': {'ci_lower': -1.4343, 'ci_upper': 2.3369, 'confidence': 0.95, 'median_sharpe': 0.4598, 'n_bootstrap': 1000, 'observed_sharpe': 0.4447, 'prob_positive': 0.702}, 'monte_carlo': {'actual_max_dd': -0.1952, 'actual_sharpe': 2.0709, 'n_simulations': 1000, 'n_trades': 54, 'p_value_max_dd': 0.769, 'p_value_sharpe': 0.106, 'simulated_sharpe_mean': 1.7467, 'simulated_sharpe_p5': 0.8197, 'simulated_sharpe_p95': 2.1666, 'simulated_sharpe_std': 0.3614}}"
agent/runs/fwd_CP3_20260702,fwd_CP3_20260702,agent/runs/fwd_CP3_20260702/run_card.json,0.0796744311237052,79674.4311237052,1086256.875182247,86256.87518224702,0.086256875182247,-0.11433221679581262,0.7762163422054474,1.0569,0.6969,1.365,0.4246575342465753,146,-0.4298734296651253,0.542786,1.4001,13.0,1000000.0,2025-06-01,2026-07-02,1D,auto,daily,"BTC-USDT,SOL-USDT,SPY.US,GLD.US",3fc4362ee4a212bb208eb711ced05683f0825b3aedde63dbbe9345134f82c803,b05176fc70e8c6e06fca086040d34e921c8901093092e69fc0c78dacf31e50bc,agent/runs/fwd_CP3_20260702/config.json,agent/runs/fwd_CP3_20260702/code/signal_engine.py,,
agent/runs/v_Z4shuf_seed035_train,v_Z4shuf_seed035_train,agent/runs/v_Z4shuf_seed035_train/run_card.json,0.07761425350278484,77614.25350278484,1205351.8741931855,205351.87419318547,0.20535187419318546,-0.4004069655571607,0.410799635262795,0.5499,0.1938,1.1937,0.554945054945055,182,5.4441996931170795,0.205352,0.4108,8.6,1000000.0,2023-01-01,2025-06-30,1D,auto,daily,"BTC-USDT,SOL-USDT",201d2465d18ea92511311b681ec600829051f6c67ee5696aa63fbe7275f4eaca,5680595d753976610de949c37f0568d5ff7e7db3a1f2b2545ab303b52a99c7f6,agent/runs/v_Z4shuf_seed035_train/config.json,agent/runs/v_Z4shuf_seed035_train/code/signal_engine.py,,"{'bootstrap': {'ci_lower': -0.8999, 'ci_upper': 1.6734, 'confidence': 0.95, 'median_sharpe': 0.3727, 'n_bootstrap': 1000, 'observed_sharpe': 0.4113, 'prob_positive': 0.717}, 'monte_carlo': {'actual_max_dd': -0.3048, 'actual_sharpe': 1.3176, 'n_simulations': 1000, 'n_trades': 182, 'p_value_max_dd': 0.572, 'p_value_sharpe': 0.176, 'simulated_sharpe_mean': 1.2291, 'simulated_sharpe_p5': 1.0486, 'simulated_sharpe_p95': 1.4269, 'simulated_sharpe_std': 0.1289}, 'walk_forward': {'consistency_rate': 0.75, 'n_windows': 4, 'profitable_windows': 3, 'return_mean': 0.052372, 'return_std': 0.186873, 'sharpe_mean': 0.4418, 'sharpe_std': 1.0787, 'windows': [{'end': '2023-08-16', 'max_dd': -0.186062, 'return': 0.224784, 'sharpe': 1.3627, 'start': '2023-01-01', 'trades': 35, 'win_rate': 0.6286, 'window': 1}, {'end': '2024-03-31', 'max_dd': -0.107474, 'return': 0.18613, 'sharpe': 1.2906, 'start': '2023-08-17', 'trades': 48, 'win_rate': 0.6458, 'window': 2}, {'end': '2024-11-14', 'max_dd': -0.347251, 'return': -0.251043, 'sharpe': -1.3148, 'start': '2024-04-01', 'trades': 51, 'win_rate': 0.451, 'window': 3}, {'end': '2025-06-30', 'max_dd': -0.222416, 'return': 0.049617, 'sharpe': 0.4289, 'start': '2024-11-15', 'trades': 48, 'win_rate': 0.5208, 'window': 4}]}}"
agent/runs/v_Z9_resize_train,v_Z9_resize_train,agent/runs/v_Z9_resize_train/run_card.json,0.07277228437122174,72772.28437122174,1191865.0114522446,191865.0114522446,0.19186501145224466,-0.38867066006997186,0.38367469237255153,0.5496,0.1872,0.3157,0.12149532710280374,107,5.4441996931170795,0.191865,0.3837,14.6,1000000.0,2023-01-01,2025-06-30,1D,auto,daily,"BTC-USDT,SOL-USDT",8419e2f53ef6f55a80fcdc1254b961248e19abb553b0ec08eaefee4fbc8e8b01,021fc3852253f15b064d45959cb4ea5067b2b3ded375bb81cec0f1f8793f089a,agent/runs/v_Z9_resize_train/config.json,agent/runs/v_Z9_resize_train/code/signal_engine.py,,"{'bootstrap': {'ci_lower': -0.8004, 'ci_upper': 1.5436, 'confidence': 0.95, 'median_sharpe': 0.3785, 'n_bootstrap': 1000, 'observed_sharpe': 0.3841, 'prob_positive': 0.718}, 'monte_carlo': {'actual_max_dd': -0.8734, 'actual_sharpe': -6.1348, 'n_simulations': 1000, 'n_trades': 107, 'p_value_max_dd': 0.616, 'p_value_sharpe': 0.739, 'simulated_sharpe_mean': -4.6116, 'simulated_sharpe_p5': -7.5325, 'simulated_sharpe_p95': -0.9295, 'simulated_sharpe_std': 2.1025}, 'walk_forward': {'consistency_rate': 0.5, 'n_windows': 4, 'profitable_windows': 2, 'return_mean': 0.067682, 'return_std': 0.244863, 'sharpe_mean': 0.4451, 'sharpe_std': 1.2725, 'windows': [{'end': '2023-08-16', 'max_dd': -0.347606, 'return': -0.078893, 'sharpe': -0.2261, 'start': '2023-01-01', 'trades': 37, 'win_rate': 0.0811, 'window': 1}, {'end': '2024-03-31', 'max_dd': -0.135914, 'return': 0.432518, 'sharpe': 2.2555, 'start': '2023-08-17', 'trades': 16, 'win_rate': 0.25, 'window': 2}, {'end': '2024-11-14', 'max_dd': -0.365115, 'return': -0.216695, 'sharpe': -1.1493, 'start': '2024-04-01', 'trades': 31, 'win_rate': 0.0645, 'window': 3}, {'end': '2025-06-30', 'max_dd': -0.139531, 'return': 0.133799, 'sharpe': 0.9002, 'start': '2024-11-15', 'trades': 23, 'win_rate': 0.1739, 'window': 4}]}}"
agent/runs/v_B_baseline_train,v_B_baseline_train,agent/runs/v_B_baseline_train/run_card.json,0.06916703154726611,69167.03154726612,1181881.971424822,181881.971424822,0.1818819714248221,-0.4472968886464905,0.3655393043437621,0.5087,0.1546,1.2074,0.2463768115942029,69,5.4441996931170795,0.181882,0.3655,20.7,1000000.0,2023-01-01,2025-06-30,1D,auto,daily,"BTC-USDT,ETH-USDT",bd9ebc1d3edba902bc6361ce51d9d132f8d9b0563505bcefee041d4264298bdc,d5172487ccb8c8b7227ba9d6cc680b10a0458838c99c628d72049744e9256d4c,agent/runs/v_B_baseline_train/config.json,agent/runs/v_B_baseline_train/code/signal_engine.py,,"{'bootstrap': {'ci_lower': -0.8292, 'ci_upper': 1.6035, 'confidence': 0.95, 'median_sharpe': 0.3762, 'n_bootstrap': 1000, 'observed_sharpe': 0.3659, 'prob_positive': 0.718}, 'monte_carlo': {'actual_max_dd': -0.3753, 'actual_sharpe': 1.7666, 'n_simulations': 1000, 'n_trades': 69, 'p_value_max_dd': 0.708, 'p_value_sharpe': 0.043, 'simulated_sharpe_mean': 1.4688, 'simulated_sharpe_p5': 0.9271, 'simulated_sharpe_p95': 1.7506, 'simulated_sharpe_std': 0.3177}, 'walk_forward': {'consistency_rate': 0.5, 'n_windows': 4, 'profitable_windows': 2, 'return_mean': 0.112351, 'return_std': 0.444683, 'sharpe_mean': 0.3393, 'sharpe_std': 1.5487, 'windows': [{'end': '2023-08-16', 'max_dd': -0.309754, 'return': -0.16047, 'sharpe': -0.6087, 'start': '2023-01-01', 'trades': 16, 'win_rate': 0.1875, 'window': 1}, {'end': '2024-03-31', 'max_dd': -0.13574, 'return': 0.863285, 'sharpe': 2.8841, 'start': '2023-08-17', 'trades': 6, 'win_rate': 0.6667, 'window': 2}, {'end': '2024-11-14', 'max_dd': -0.425901, 'return': -0.265167, 'sharpe': -1.1461, 'start': '2024-04-01', 'trades': 29, 'win_rate': 0.1724, 'window': 3}, {'end': '2025-06-30', 'max_dd': -0.284083, 'return': 0.011757, 'sharpe': 0.2277, 'start': '2024-11-15', 'trades': 18, 'win_rate': 0.2778, 'window': 4}]}}"
agent/runs/v_CP1_m1only_matched,v_CP1_m1only_matched,agent/runs/v_CP1_m1only_matched/run_card.json,0.06673968307992673,66739.68307992672,1251162.8337871237,251162.83378712367,0.2511628337871237,-0.07751855531514305,1.0782499070726528,1.4049,0.861,3.4606,0.41304347826086957,46,0.9458011284820262,-0.694638,-0.9061,34.9,1000000.0,2023-01-01,2026-06-29,1D,auto,daily,"SPY.US,GLD.US",dc8d9726858f7b70acf71d60f7d22bf465084b96a5ac7c1621dd3966008deb82,dac316b69b24591fc1ca323a42ea6fd8987fd2d70a387c85d409db617b22fcb1,agent/runs/v_CP1_m1only_matched/config.json,agent/runs/v_CP1_m1only_matched/code/signal_engine.py,,"{'bootstrap': {'ci_lower': 0.1142, 'ci_upper': 2.0656, 'confidence': 0.95, 'median_sharpe': 1.0722, 'n_bootstrap': 1000, 'observed_sharpe': 1.0795, 'prob_positive': 0.984}, 'monte_carlo': {'actual_max_dd': -0.0232, 'actual_sharpe': 4.8245, 'n_simulations': 1000, 'n_trades': 46, 'p_value_max_dd': 0.062, 'p_value_sharpe': 0.442, 'simulated_sharpe_mean': 4.7506, 'simulated_sharpe_p5': 4.1746, 'simulated_sharpe_p95': 5.0939, 'simulated_sharpe_std': 0.2715}, 'walk_forward': {'consistency_rate': 1.0, 'n_windows': 4, 'profitable_windows': 4, 'return_mean': 0.058449, 'return_std': 0.032204, 'sharpe_mean': 1.4483, 'sharpe_std': 1.0031, 'windows': [{'end': '2023-11-13', 'max_dd': -0.076432, 'return': 0.005858, 'sharpe': 0.1242, 'start': '2023-01-03', 'trades': 31, 'win_rate': 0.3871, 'window': 1}, {'end': '2024-09-26', 'max_dd': -0.016448, 'return': 0.077616, 'sharpe': 2.8761, 'start': '2023-11-14', 'trades': 1, 'win_rate': 1.0, 'window': 2}, {'end': '2025-08-12', 'max_dd': -0.036888, 'return': 0.09027, 'sharpe': 1.734, 'start': '2024-09-27', 'trades': 6, 'win_rate': 0.5, 'window': 3}, {'end': '2026-06-29', 'max_dd': -0.064732, 'return': 0.06005, 'sharpe': 1.0588, 'start': '2025-08-13', 'trades': 8, 'win_rate': 0.375, 'window': 4}]}}"
agent/runs/v_Z7_btcavaxcontrol_train,v_Z7_btcavaxcontrol_train,agent/runs/v_Z7_btcavaxcontrol_train/run_card.json,0.06536719246991196,65367.19246991196,1171414.5837342474,171414.58373424737,0.17141458373424734,-0.5367069249127467,0.3640855758408081,0.4629,0.1218,1.1316,0.23863636363636365,88,2.615095,-2.44368,-0.77,14.5,1000000.0,2023-01-01,2025-06-30,1D,auto,daily,"BTC-USDT,AVAX-USDT",c7c24b1a1af26d49f04dea2478614cfbe73b5b776a84e292576afc160192278b,a5be911e7cfa51cc5ca5da254f78621505d9811b3ce1d0af5844a9fa369438c1,agent/runs/v_Z7_btcavaxcontrol_train/config.json,agent/runs/v_Z7_btcavaxcontrol_train/code/signal_engine.py,,"{'bootstrap': {'ci_lower': -0.8521, 'ci_upper': 1.601, 'confidence': 0.95, 'median_sharpe': 0.3585, 'n_bootstrap': 1000, 'observed_sharpe': 0.3645, 'prob_positive': 0.713}, 'monte_carlo': {'actual_max_dd': -0.4389, 'actual_sharpe': 1.1752, 'n_simulations': 1000, 'n_trades': 88, 'p_value_max_dd': 0.292, 'p_value_sharpe': 0.917, 'simulated_sharpe_mean': 1.3198, 'simulated_sharpe_p5': 0.8127, 'simulated_sharpe_p95': 1.792, 'simulated_sharpe_std': 0.5449}, 'walk_forward': {'consistency_rate': 0.5, 'n_windows': 4, 'profitable_windows': 2, 'return_mean': 0.114097, 'return_std': 0.439399, 'sharpe_mean': 0.2963, 'sharpe_std': 1.2872, 'windows': [{'end': '2023-08-16', 'max_dd': -0.32047, 'return': 0.027679, 'sharpe': 0.3105, 'start': '2023-01-01', 'trades': 29, 'win_rate': 0.2759, 'window': 1}, {'end': '2024-03-31', 'max_dd': -0.253488, 'return': 0.84364, 'sharpe': 2.2926, 'start': '2023-08-17', 'trades': 12, 'win_rate': 0.25, 'window': 2}, {'end': '2024-11-14', 'max_dd': -0.458285, 'return': -0.320998, 'sharpe': -1.266, 'start': '2024-04-01', 'trades': 30, 'win_rate': 0.2, 'window': 3}, {'end': '2025-06-30', 'max_dd': -0.343736, 'return': -0.093931, 'sharpe': -0.1519, 'start': '2024-11-15', 'trades': 17, 'win_rate': 0.2353, 'window': 4}]}}"
agent/runs/v_M1_macro_aqrblend_full_adjfix,v_M1_macro_aqrblend_full_adjfix,agent/runs/v_M1_macro_aqrblend_full_adjfix/run_card.json,0.0648003231084171,64800.3231084171,3844669.8759026816,2844669.8759026816,2.8446698759026816,-0.19604331560515847,0.6157789619653337,0.7322,0.3305,2.1564,0.3719512195121951,328,8.128469652252985,-5.2838,-0.2286,25.4,1000000.0,2005-01-01,2026-06-29,1D,auto,daily,"SPY.US,GLD.US",dc8d9726858f7b70acf71d60f7d22bf465084b96a5ac7c1621dd3966008deb82,8890e5cc9c9a9721bf77d31e7955f03dc9413764398ca34f5182620bcdd988da,agent/runs/v_M1_macro_aqrblend_full_adjfix/config.json,agent/runs/v_M1_macro_aqrblend_full_adjfix/code/signal_engine.py,,"{'bootstrap': {'ci_lower': 0.19, 'ci_upper': 1.0177, 'confidence': 0.95, 'median_sharpe': 0.6116, 'n_bootstrap': 1000, 'observed_sharpe': 0.6159, 'prob_positive': 0.999}, 'monte_carlo': {'actual_max_dd': -0.1598, 'actual_sharpe': 2.0532, 'n_simulations': 1000, 'n_trades': 328, 'p_value_max_dd': 0.321, 'p_value_sharpe': 0.315, 'simulated_sharpe_mean': 1.9369, 'simulated_sharpe_p5': 1.5797, 'simulated_sharpe_p95': 2.2656, 'simulated_sharpe_std': 0.2142}, 'walk_forward': {'consistency_rate': 1.0, 'n_windows': 4, 'profitable_windows': 4, 'return_mean': 0.427735, 'return_std': 0.300144, 'sharpe_mean': 0.5965, 'sharpe_std': 0.2427, 'windows': [{'end': '2010-05-14', 'max_dd': -0.166843, 'return': 0.906729, 'sharpe': 0.8501, 'start': '2005-01-03', 'trades': 97, 'win_rate': 0.3608, 'window': 1}, {'end': '2015-09-25', 'max_dd': -0.172117, 'return': 0.091585, 'sharpe': 0.2251, 'start': '2010-05-17', 'trades': 88, 'win_rate': 0.375, 'window': 2}, {'end': '2021-02-08', 'max_dd': -0.174078, 'return': 0.294215, 'sharpe': 0.5405, 'start': '2015-09-28', 'trades': 68, 'win_rate': 0.3824, 'window': 3}, {'end': '2026-06-29', 'max_dd': -0.151508, 'return': 0.418412, 'sharpe': 0.7703, 'start': '2021-02-09', 'trades': 75, 'win_rate': 0.3733, 'window': 4}]}}"
agent/runs/20260630_134757_41_62067b/variant_A,variant_A,agent/runs/20260630_134757_41_62067b/variant_A/run_card.json,0.06102167652420665,61021.67652420665,1804786.8692860152,804786.8692860152,0.8047868692860152,-0.3323627996685118,0.43965966009616053,0.3418,0.1836,1.2992,0.4305555555555556,144,63.387591,-62.582804,-1.1383,3.5,1000000.0,2016-06-30,2026-06-30,1D,auto,daily,"NVDA.US,TSM.US,SOXX.US,SMH.US,QQQ.US",e155e021be23d4ae74c9055d6e87f1ad3479d4e456a179ce94b2087bbbd2f018,dc3472af7ec604aa610f0d5a1ba960f807ea4da59cb89a2d7ba122a19cb80665,agent/runs/20260630_134757_41_62067b/variant_A/config.json,agent/runs/20260630_134757_41_62067b/variant_A/code/signal_engine.py,,"{'monte_carlo': {'actual_max_dd': -0.2657, 'actual_sharpe': 1.8273, 'n_simulations': 1000, 'n_trades': 144, 'p_value_max_dd': 0.167, 'p_value_sharpe': 0.058, 'simulated_sharpe_mean': 1.5721, 'simulated_sharpe_p5': 1.3296, 'simulated_sharpe_p95': 1.8402, 'simulated_sharpe_std': 0.1656}}"
agent/runs/v_D_donchian_train,v_D_donchian_train,agent/runs/v_D_donchian_train/run_card.json,0.05869012744061686,58690.12744061686,1153156.4381180229,153156.43811802287,0.15315643811802282,-0.39958214314876733,0.3456494428124855,0.4832,0.1469,1.1254,0.34545454545454546,110,5.4441996931170795,0.153156,0.3456,16.1,1000000.0,2023-01-01,2025-06-30,1D,auto,daily,"BTC-USDT,ETH-USDT,SOL-USDT",75e79d5fb838bb24a7a40d94b2d3c7ac0e3328c020faf33df695dfffa10473d2,8ae7bd6889576767f57f0b3b866511dc7feff5a7307a17eb24e8bd666adb88db,agent/runs/v_D_donchian_train/config.json,agent/runs/v_D_donchian_train/code/signal_engine.py,,"{'bootstrap': {'ci_lower': -0.923, 'ci_upper': 1.5104, 'confidence': 0.95, 'median_sharpe': 0.3476, 'n_bootstrap': 1000, 'observed_sharpe': 0.346, 'prob_positive': 0.702}, 'monte_carlo': {'actual_max_dd': -0.3772, 'actual_sharpe': 1.1147, 'n_simulations': 1000, 'n_trades': 110, 'p_value_max_dd': 0.448, 'p_value_sharpe': 0.53, 'simulated_sharpe_mean': 1.0966, 'simulated_sharpe_p5': 0.8236, 'simulated_sharpe_p95': 1.2951, 'simulated_sharpe_std': 0.2043}, 'walk_forward': {'consistency_rate': 0.25, 'n_windows': 4, 'profitable_windows': 1, 'return_mean': 0.116352, 'return_std': 0.505789, 'sharpe_mean': 0.2895, 'sharpe_std': 1.6017, 'windows': [{'end': '2023-08-16', 'max_dd': -0.399582, 'return': -0.341448, 'sharpe': -1.4961, 'start': '2023-01-01', 'trades': 27, 'win_rate': 0.2222, 'window': 1}, {'end': '2024-03-31', 'max_dd': -0.164773, 'return': 0.972078, 'sharpe': 2.8789, 'start': '2023-08-17', 'trades': 23, 'win_rate': 0.4348, 'window': 2}, {'end': '2024-11-14', 'max_dd': -0.287829, 'return': -0.048918, 'sharpe': 0.0379, 'start': '2024-04-01', 'trades': 32, 'win_rate': 0.375, 'window': 3}, {'end': '2025-06-30', 'max_dd': -0.312626, 'return': -0.116305, 'sharpe': -0.2626, 'start': '2024-11-15', 'trades': 28, 'win_rate': 0.3571, 'window': 4}]}}"
agent/runs/v_CNM2_valuemomentum,v_CNM2_valuemomentum,agent/runs/v_CNM2_valuemomentum/run_card.json,0.05795680047786056,57956.80047786056,1421128.3585271297,421128.35852712975,0.4211283585271297,-0.2445170119308281,0.4534543311359833,0.6165,0.237,2.1288,0.47368421052631576,19,1.018347,-0.597219,-0.3754,422.2,1000000.0,2020-01-01,2026-07-01,1D,auto,daily,"600519.SH,601318.SH,600036.SH,601166.SH,600030.SH,601012.SH,300750.SZ,000858.SZ,002594.SZ,600900.SH,601899.SH,600028.SH,601857.SH,600050.SH,000333.SZ,000651.SZ,600276.SH,300015.SZ,002415.SZ,000725.SZ,600887.SH,601888.SH,600309.SH,002475.SZ,601398.SH,601988.SH,600016.SH,601628.SH,601601.SH,600585.SH,601088.SH,600104.SH,601633.SH,002714.SZ,300059.SZ,002230.SZ,600745.SH,601138.SH,002352.SZ,600438.SH",276c35e9dd13e0afadfe17421b139c380efb71524a76defe6395893aeec8b5f2,d6ddf20813ad33172982cc6273c05dbd20a4480e9b0886c428882d17155de028,agent/runs/v_CNM2_valuemomentum/config.json,agent/runs/v_CNM2_valuemomentum/code/signal_engine.py,,
agent/runs/v_M1_macro_aqrblend_full,v_M1_macro_aqrblend_full,agent/runs/v_M1_macro_aqrblend_full/run_card.json,0.05535140442617181,55351.404426171815,3175634.373960559,2175634.373960559,2.1756343739605586,-0.22330654006854297,0.5352654680235035,0.6448,0.2479,2.0121,0.37797619047619047,336,5.159600841250078,-2.983966,-0.1876,24.2,1000000.0,2005-01-01,2026-06-29,1D,auto,daily,"SPY.US,GLD.US",dc8d9726858f7b70acf71d60f7d22bf465084b96a5ac7c1621dd3966008deb82,8890e5cc9c9a9721bf77d31e7955f03dc9413764398ca34f5182620bcdd988da,agent/runs/v_M1_macro_aqrblend_full/config.json,agent/runs/v_M1_macro_aqrblend_full/code/signal_engine.py,,"{'bootstrap': {'ci_lower': 0.1159, 'ci_upper': 0.9493, 'confidence': 0.95, 'median_sharpe': 0.5315, 'n_bootstrap': 1000, 'observed_sharpe': 0.5354, 'prob_positive': 0.993}, 'monte_carlo': {'actual_max_dd': -0.1777, 'actual_sharpe': 1.8504, 'n_simulations': 1000, 'n_trades': 336, 'p_value_max_dd': 0.487, 'p_value_sharpe': 0.48, 'simulated_sharpe_mean': 1.8344, 'simulated_sharpe_p5': 1.5457, 'simulated_sharpe_p95': 2.1042, 'simulated_sharpe_std': 0.1726}, 'walk_forward': {'consistency_rate': 1.0, 'n_windows': 4, 'profitable_windows': 4, 'return_mean': 0.357061, 'return_std': 0.25861, 'sharpe_mean': 0.5274, 'sharpe_std': 0.2429, 'windows': [{'end': '2010-05-14', 'max_dd': -0.177979, 'return': 0.761135, 'sharpe': 0.7491, 'start': '2005-01-03', 'trades': 98, 'win_rate': 0.3571, 'window': 1}, {'end': '2015-09-25', 'max_dd': -0.204134, 'return': 0.072742, 'sharpe': 0.1844, 'start': '2010-05-17', 'trades': 93, 'win_rate': 0.3978, 'window': 2}, {'end': '2021-02-08', 'max_dd': -0.178187, 'return': 0.20709, 'sharpe': 0.4123, 'start': '2015-09-28', 'trades': 73, 'win_rate': 0.4384, 'window': 3}, {'end': '2026-06-29', 'max_dd': -0.09683, 'return': 0.387279, 'sharpe': 0.7639, 'start': '2021-02-09', 'trades': 72, 'win_rate': 0.3194, 'window': 4}]}}"
agent/runs/v_Z4shuf_seed041_train,v_Z4shuf_seed041_train,agent/runs/v_Z4shuf_seed041_train/run_card.json,0.054575242092567366,54575.242092567365,1141990.0374689186,141990.0374689186,0.1419900374689187,-0.4907365248000917,0.32395486715904354,0.4881,0.1112,1.1394,0.4438202247191011,178,5.4441996931170795,0.14199,0.324,8.8,1000000.0,2023-01-01,2025-06-30,1D,auto,daily,"BTC-USDT,SOL-USDT",0468cf86114d29166e87314ff7f4ba638ab7cdbf200fdf6a2232804d994ea446,5680595d753976610de949c37f0568d5ff7e7db3a1f2b2545ab303b52a99c7f6,agent/runs/v_Z4shuf_seed041_train/config.json,agent/runs/v_Z4shuf_seed041_train/code/signal_engine.py,,"{'bootstrap': {'ci_lower': -0.951, 'ci_upper': 1.4651, 'confidence': 0.95, 'median_sharpe': 0.3477, 'n_bootstrap': 1000, 'observed_sharpe': 0.3243, 'prob_positive': 0.706}, 'monte_carlo': {'actual_max_dd': -0.4585, 'actual_sharpe': 0.601, 'n_simulations': 1000, 'n_trades': 178, 'p_value_max_dd': 0.854, 'p_value_sharpe': 0.974, 'simulated_sharpe_mean': 0.9265, 'simulated_sharpe_p5': 0.7761, 'simulated_sharpe_p95': 1.0639, 'simulated_sharpe_std': 0.1193}, 'walk_forward': {'consistency_rate': 0.5, 'n_windows': 4, 'profitable_windows': 2, 'return_mean': 0.068175, 'return_std': 0.175661, 'sharpe_mean': 0.2466, 'sharpe_std': 0.8969, 'windows': [{'end': '2023-08-16', 'max_dd': -0.238777, 'return': 0.312424, 'sharpe': 1.1849, 'start': '2023-01-01', 'trades': 38, 'win_rate': 0.4211, 'window': 1}, {'end': '2024-03-31', 'max_dd': -0.309512, 'return': -0.096163, 'sharpe': -0.6376, 'start': '2023-08-17', 'trades': 42, 'win_rate': 0.4762, 'window': 2}, {'end': '2024-11-14', 'max_dd': -0.293109, 'return': -0.101338, 'sharpe': -0.6619, 'start': '2024-04-01', 'trades': 43, 'win_rate': 0.3721, 'window': 3}, {'end': '2025-06-30', 'max_dd': -0.189538, 'return': 0.157776, 'sharpe': 1.101, 'start': '2024-11-15', 'trades': 55, 'win_rate': 0.4909, 'window': 4}]}}"
agent/runs/v_M1_macro_aqrblend_train,v_M1_macro_aqrblend_train,agent/runs/v_M1_macro_aqrblend_train/run_card.json,0.054550230738693584,54550.230738693586,2963958.7269292483,1963958.7269292483,1.9639587269292482,-0.22330654006854297,0.5217787910757838,0.6302,0.2443,1.9575,0.3761467889908257,327,4.135909891208487,-2.171951,-0.1681,23.4,1000000.0,2005-01-01,2025-06-30,1D,auto,daily,"SPY.US,GLD.US",dc8d9726858f7b70acf71d60f7d22bf465084b96a5ac7c1621dd3966008deb82,32f17e30792bf192ecae5cf24db808159cef39fc26fdf7fc6d32f67cbafba03d,agent/runs/v_M1_macro_aqrblend_train/config.json,agent/runs/v_M1_macro_aqrblend_train/code/signal_engine.py,,"{'bootstrap': {'ci_lower': 0.1139, 'ci_upper': 0.937, 'confidence': 0.95, 'median_sharpe': 0.5459, 'n_bootstrap': 1000, 'observed_sharpe': 0.5219, 'prob_positive': 0.993}, 'monte_carlo': {'actual_max_dd': -0.1777, 'actual_sharpe': 1.7841, 'n_simulations': 1000, 'n_trades': 327, 'p_value_max_dd': 0.436, 'p_value_sharpe': 0.372, 'simulated_sharpe_mean': 1.7241, 'simulated_sharpe_p5': 1.4464, 'simulated_sharpe_p95': 1.9534, 'simulated_sharpe_std': 0.1594}, 'walk_forward': {'consistency_rate': 1.0, 'n_windows': 4, 'profitable_windows': 4, 'return_mean': 0.347359, 'return_std': 0.321514, 'sharpe_mean': 0.4989, 'sharpe_std': 0.3954, 'windows': [{'end': '2010-02-12', 'max_dd': -0.177979, 'return': 0.753687, 'sharpe': 0.7646, 'start': '2005-01-03', 'trades': 88, 'win_rate': 0.3409, 'window': 1}, {'end': '2015-03-27', 'max_dd': -0.204134, 'return': 0.042923, 'sharpe': 0.1333, 'start': '2010-02-16', 'trades': 90, 'win_rate': 0.3778, 'window': 2}, {'end': '2020-05-08', 'max_dd': -0.178187, 'return': 0.022087, 'sharpe': 0.0928, 'start': '2015-03-30', 'trades': 73, 'win_rate': 0.4521, 'window': 3}, {'end': '2025-06-30', 'max_dd': -0.09683, 'return': 0.570739, 'sharpe': 1.0049, 'start': '2020-05-11', 'trades': 76, 'win_rate': 0.3421, 'window': 4}]}}"
agent/runs/v_XA1_spygld_OOS_TEST,v_XA1_spygld_OOS_TEST,agent/runs/v_XA1_spygld_OOS_TEST/run_card.json,0.05410415586943462,54104.155869434624,1062957.3302510069,62957.330251006875,0.06295733025100692,-0.025436432284766913,1.1857878522664296,1.5635,2.127,2.1182,0.34285714285714286,35,0.3371713050050853,-0.274214,-1.7647,14.6,1000000.0,2025-05-01,2026-06-30,1D,auto,daily,"SPY.US,GLD.US",0a406277893cf2fa1d2ea8700a8f7fae986ca2324ef985ad8050245a196c35ed,465862d2b7c2614207c4109a627e924d6627390cf94c0416d7eda6fd58afbc77,agent/runs/v_XA1_spygld_OOS_TEST/config.json,agent/runs/v_XA1_spygld_OOS_TEST/code/signal_engine.py,,"{'bootstrap': {'ci_lower': -0.5962, 'ci_upper': 2.9768, 'confidence': 0.95, 'median_sharpe': 1.1473, 'n_bootstrap': 1000, 'observed_sharpe': 1.1899, 'prob_positive': 0.897}, 'monte_carlo': {'actual_max_dd': -0.0211, 'actual_sharpe': 3.6389, 'n_simulations': 1000, 'n_trades': 35, 'p_value_max_dd': 0.545, 'p_value_sharpe': 0.405, 'simulated_sharpe_mean': 3.4908, 'simulated_sharpe_p5': 2.5667, 'simulated_sharpe_p95': 3.9704, 'simulated_sharpe_std': 0.3994}}"
agent/runs/v_L_hyperliquid_OOS_TEST,v_L_hyperliquid_OOS_TEST,agent/runs/v_L_hyperliquid_OOS_TEST/run_card.json,0.05154643856718444,51546.438567184436,1060416.5576190802,60416.55761908018,0.06041655761908027,-0.34943255494485986,0.3279826965023948,0.459,0.1475,1.1059,0.23404255319148937,47,-0.3767548653273064,0.437171,0.6557,13.7,1000000.0,2025-05-01,2026-06-30,1D,ccxt,daily,"BTC-USDC,SOL-USDC",d30fcf0a3c7d7dfdd2063bad69fa8f6381843f2f02b7bc96b767fc7a023595d8,050389090dc6ebe3fc87a3a125025959ef59a1bed48e2676d01c9ca99b4446fc,agent/runs/v_L_hyperliquid_OOS_TEST/config.json,agent/runs/v_L_hyperliquid_OOS_TEST/code/signal_engine.py,,"{'bootstrap': {'ci_lower': -1.471, 'ci_upper': 2.2221, 'confidence': 0.95, 'median_sharpe': 0.3132, 'n_bootstrap': 1000, 'observed_sharpe': 0.3288, 'prob_positive': 0.62}, 'monte_carlo': {'actual_max_dd': -0.2872, 'actual_sharpe': 0.8544, 'n_simulations': 1000, 'n_trades': 47, 'p_value_max_dd': 0.581, 'p_value_sharpe': 0.632, 'simulated_sharpe_mean': 0.8187, 'simulated_sharpe_p5': 0.1551, 'simulated_sharpe_p95': 1.1444, 'simulated_sharpe_std': 0.4106}}"
agent/runs/fwd_M1_20260702,fwd_M1_20260702,agent/runs/fwd_M1_20260702/run_card.json,0.04550390958920625,45503.90958920625,1049202.8069696203,49202.80696962029,0.049202806969620205,-0.06141408870906824,0.6765968087328439,0.7718,0.7409,1.6812,0.35294117647058826,34,0.25822068485291916,-0.209018,-1.542,14.3,1000000.0,2025-06-01,2026-07-02,1D,auto,daily,"SPY.US,GLD.US",dc8d9726858f7b70acf71d60f7d22bf465084b96a5ac7c1621dd3966008deb82,c0c905dc730f8881a63ac50d9f979a3f192e0e719a656a2b955225b1ae27de04,agent/runs/fwd_M1_20260702/config.json,agent/runs/fwd_M1_20260702/code/signal_engine.py,,
agent/runs/v_Z4shuf_seed040_train,v_Z4shuf_seed040_train,agent/runs/v_Z4shuf_seed040_train/run_card.json,0.04483979006140637,44839.79006140637,1115830.3315295358,115830.33152953582,0.11583033152953592,-0.6095654979122177,0.30119473111708633,0.3173,0.0736,1.1149,0.5869565217391305,184,5.4441996931170795,0.11583,0.3012,8.5,1000000.0,2023-01-01,2025-06-30,1D,auto,daily,"BTC-USDT,SOL-USDT",7200a01440f24881b62bd7c8f1b1ce6822e9cb5b174bd235a9d646afc3b28ada,5680595d753976610de949c37f0568d5ff7e7db3a1f2b2545ab303b52a99c7f6,agent/runs/v_Z4shuf_seed040_train/config.json,agent/runs/v_Z4shuf_seed040_train/code/signal_engine.py,,"{'bootstrap': {'ci_lower': -0.8918, 'ci_upper': 1.6414, 'confidence': 0.95, 'median_sharpe': 0.3357, 'n_bootstrap': 1000, 'observed_sharpe': 0.3015, 'prob_positive': 0.693}, 'monte_carlo': {'actual_max_dd': -0.5684, 'actual_sharpe': 0.7741, 'n_simulations': 1000, 'n_trades': 184, 'p_value_max_dd': 0.687, 'p_value_sharpe': 0.967, 'simulated_sharpe_mean': 0.9941, 'simulated_sharpe_p5': 0.8239, 'simulated_sharpe_p95': 1.285, 'simulated_sharpe_std': 0.2181}, 'walk_forward': {'consistency_rate': 0.75, 'n_windows': 4, 'profitable_windows': 3, 'return_mean': 0.072374, 'return_std': 0.306402, 'sharpe_mean': 0.4151, 'sharpe_std': 1.522, 'windows': [{'end': '2023-08-16', 'max_dd': -0.255218, 'return': 0.115619, 'sharpe': 0.6627, 'start': '2023-01-01', 'trades': 44, 'win_rate': 0.6364, 'window': 1}, {'end': '2024-03-31', 'max_dd': -0.545206, 'return': -0.38184, 'sharpe': -1.9436, 'start': '2023-08-17', 'trades': 38, 'win_rate': 0.5263, 'window': 2}, {'end': '2024-11-14', 'max_dd': -0.199107, 'return': 0.074265, 'sharpe': 0.6301, 'start': '2024-04-01', 'trades': 50, 'win_rate': 0.58, 'window': 3}, {'end': '2025-06-30', 'max_dd': -0.127867, 'return': 0.481453, 'sharpe': 2.311, 'start': '2024-11-15', 'trades': 52, 'win_rate': 0.5962, 'window': 4}]}}"
agent/runs/v_CNM0_ewcontrol,v_CNM0_ewcontrol,agent/runs/v_CNM0_ewcontrol/run_card.json,0.04298748409642883,42987.48409642883,1300249.6553736592,300249.6553736592,0.3002496553736591,-0.24722813200652893,0.34091941457967057,0.432,0.1739,2.3344,0.42857142857142855,42,1.018347,-0.718098,-0.5293,1218.6,1000000.0,2020-01-01,2026-07-01,1D,auto,daily,"600519.SH,601318.SH,600036.SH,601166.SH,600030.SH,601012.SH,300750.SZ,000858.SZ,002594.SZ,600900.SH,601899.SH,600028.SH,601857.SH,600050.SH,000333.SZ,000651.SZ,600276.SH,300015.SZ,002415.SZ,000725.SZ,600887.SH,601888.SH,600309.SH,002475.SZ,601398.SH,601988.SH,600016.SH,601628.SH,601601.SH,600585.SH,601088.SH,600104.SH,601633.SH,002714.SZ,300059.SZ,002230.SZ,600745.SH,601138.SH,002352.SZ,600438.SH",d0bb441f22f13b51fbc2bc704c4c5eb93337a2ceefff519ef69b8f018b387149,d6ddf20813ad33172982cc6273c05dbd20a4480e9b0886c428882d17155de028,agent/runs/v_CNM0_ewcontrol/config.json,agent/runs/v_CNM0_ewcontrol/code/signal_engine.py,,
agent/runs/20260630_042220_74_3df997,20260630_042220_74_3df997,agent/runs/20260630_042220_74_3df997/run_card.json,0.03938086533016838,39380.86533016838,1039270.8812635422,39270.88126354222,0.03927088126354228,-0.08397012582675684,0.3482279333934354,0.4636,0.469,1.0669,0.5062166962699822,563,-0.47672,0.51599,0.844,5.3,1000000.0,2025-06-30,2026-06-30,1D,okx,daily,"BTC-USDT,ETH-USDT,SOL-USDT,BNB-USDT,XRP-USDT,DOGE-USDT,ADA-USDT,DOT-USDT,LTC-USDT,LINK-USDT,TRX-USDT,SHIB-USDT,UNI-USDT,ATOM-USDT",46990d09939ebeaccb1b5fb3f613731380077a9b511a6f413ddd1175f4ba219f,cf3413eaf25d882183b757039d829308296f9dacc306a2fd4d409360a261e00e,agent/runs/20260630_042220_74_3df997/config.json,agent/runs/20260630_042220_74_3df997/code/signal_engine.py,,"{'monte_carlo': {'actual_max_dd': -0.0846, 'actual_sharpe': 0.3863, 'n_simulations': 1000, 'n_trades': 563, 'p_value_max_dd': 0.079, 'p_value_sharpe': 0.494, 'simulated_sharpe_mean': 0.3848, 'simulated_sharpe_p5': 0.3407, 'simulated_sharpe_p95': 0.4304, 'simulated_sharpe_std': 0.0301}}"
agent/runs/v_Z4shuf_seed030_train,v_Z4shuf_seed030_train,agent/runs/v_Z4shuf_seed030_train/run_card.json,0.03456186885667223,34561.86885667223,1088606.5780988734,88606.57809887337,0.0886065780988734,-0.5442921334269187,0.2887334758598598,0.344,0.0635,1.0796,0.4619883040935672,171,5.4441996931170795,0.088607,0.2887,9.1,1000000.0,2023-01-01,2025-06-30,1D,auto,daily,"BTC-USDT,SOL-USDT",7ad630b721618994da480b9e0a88e1d8e451867830fddc66901d82bdf130a834,5680595d753976610de949c37f0568d5ff7e7db3a1f2b2545ab303b52a99c7f6,agent/runs/v_Z4shuf_seed030_train/config.json,agent/runs/v_Z4shuf_seed030_train/code/signal_engine.py,,"{'bootstrap': {'ci_lower': -0.8378, 'ci_upper': 1.5985, 'confidence': 0.95, 'median_sharpe': 0.292, 'n_bootstrap': 1000, 'observed_sharpe': 0.2891, 'prob_positive': 0.679}, 'monte_carlo': {'actual_max_dd': -0.4663, 'actual_sharpe': 0.7565, 'n_simulations': 1000, 'n_trades': 171, 'p_value_max_dd': 0.208, 'p_value_sharpe': 0.892, 'simulated_sharpe_mean': 0.8369, 'simulated_sharpe_p5': -0.8753, 'simulated_sharpe_p95': 1.4294, 'simulated_sharpe_std': 0.6287}, 'walk_forward': {'consistency_rate': 0.5, 'n_windows': 4, 'profitable_windows': 2, 'return_mean': 0.116719, 'return_std': 0.481084, 'sharpe_mean': 0.3502, 'sharpe_std': 1.4344, 'windows': [{'end': '2023-08-16', 'max_dd': -0.156859, 'return': 0.062355, 'sharpe': 0.4858, 'start': '2023-01-01', 'trades': 41, 'win_rate': 0.5366, 'window': 1}, {'end': '2024-03-31', 'max_dd': -0.167921, 'return': 0.900386, 'sharpe': 2.6184, 'start': '2023-08-17', 'trades': 39, 'win_rate': 0.4359, 'window': 2}, {'end': '2024-11-14', 'max_dd': -0.28963, 'return': -0.101754, 'sharpe': -0.5527, 'start': '2024-04-01', 'trades': 52, 'win_rate': 0.4615, 'window': 3}, {'end': '2025-06-30', 'max_dd': -0.521375, 'return': -0.394111, 'sharpe': -1.1505, 'start': '2024-11-15', 'trades': 39, 'win_rate': 0.4103, 'window': 4}]}}"
agent/runs/v_M2_macro_barbell_full_adjfix,v_M2_macro_barbell_full_adjfix,agent/runs/v_M2_macro_barbell_full_adjfix/run_card.json,0.03212304085780726,32123.04085780726,1970236.2487536136,970236.2487536136,0.9702362487536136,-0.1791347818007061,0.46962064336143206,0.5676,0.1793,1.9508,0.22134387351778656,253,8.128470510214648,-7.158234,-0.4191,42.6,1000000.0,2005-01-01,2026-06-29,1D,auto,daily,"SPY.US,GLD.US",54cbdc495a97671dbe04fed22aa0aa718aa893e06d160f5e99359ecc896b994a,8890e5cc9c9a9721bf77d31e7955f03dc9413764398ca34f5182620bcdd988da,agent/runs/v_M2_macro_barbell_full_adjfix/config.json,agent/runs/v_M2_macro_barbell_full_adjfix/code/signal_engine.py,,"{'bootstrap': {'ci_lower': 0.0407, 'ci_upper': 0.8911, 'confidence': 0.95, 'median_sharpe': 0.4623, 'n_bootstrap': 1000, 'observed_sharpe': 0.4697, 'prob_positive': 0.988}, 'monte_carlo': {'actual_max_dd': -0.1229, 'actual_sharpe': 1.543, 'n_simulations': 1000, 'n_trades': 253, 'p_value_max_dd': 0.257, 'p_value_sharpe': 0.67, 'simulated_sharpe_mean': 1.5797, 'simulated_sharpe_p5': 1.4034, 'simulated_sharpe_p95': 1.727, 'simulated_sharpe_std': 0.0987}, 'walk_forward': {'consistency_rate': 1.0, 'n_windows': 4, 'profitable_windows': 4, 'return_mean': 0.184976, 'return_std': 0.056353, 'sharpe_mean': 0.4662, 'sharpe_std': 0.1032, 'windows': [{'end': '2010-05-14', 'max_dd': -0.114883, 'return': 0.153653, 'sharpe': 0.3801, 'start': '2005-01-03', 'trades': 52, 'win_rate': 0.2115, 'window': 1}, {'end': '2015-09-25', 'max_dd': -0.179135, 'return': 0.12378, 'sharpe': 0.3598, 'start': '2010-05-17', 'trades': 82, 'win_rate': 0.1951, 'window': 2}, {'end': '2021-02-08', 'max_dd': -0.084722, 'return': 0.188241, 'sharpe': 0.5108, 'start': '2015-09-28', 'trades': 52, 'win_rate': 0.2115, 'window': 3}, {'end': '2026-06-29', 'max_dd': -0.103402, 'return': 0.274228, 'sharpe': 0.6142, 'start': '2021-02-09', 'trades': 67, 'win_rate': 0.2687, 'window': 4}]}}"
agent/runs/v_Z4shuf_seed047_train,v_Z4shuf_seed047_train,agent/runs/v_Z4shuf_seed047_train/run_card.json,0.029459059464731707,29459.05946473171,1075240.0364287144,75240.0364287144,0.07524003642871446,-0.4427906523059493,0.26933961273366547,0.3314,0.0665,1.09,0.5337078651685393,178,5.4441996931170795,0.07524,0.2693,8.8,1000000.0,2023-01-01,2025-06-30,1D,auto,daily,"BTC-USDT,SOL-USDT",7aef35a6629f1eb68a83589def5c4c89cdb0f3d6aeff457aae858a47db6cdace,5680595d753976610de949c37f0568d5ff7e7db3a1f2b2545ab303b52a99c7f6,agent/runs/v_Z4shuf_seed047_train/config.json,agent/runs/v_Z4shuf_seed047_train/code/signal_engine.py,,"{'bootstrap': {'ci_lower': -0.9484, 'ci_upper': 1.4978, 'confidence': 0.95, 'median_sharpe': 0.3126, 'n_bootstrap': 1000, 'observed_sharpe': 0.2696, 'prob_positive': 0.676}, 'monte_carlo': {'actual_max_dd': -0.3988, 'actual_sharpe': 0.4697, 'n_simulations': 1000, 'n_trades': 178, 'p_value_max_dd': 0.431, 'p_value_sharpe': 0.989, 'simulated_sharpe_mean': 0.8196, 'simulated_sharpe_p5': 0.6612, 'simulated_sharpe_p95': 0.9452, 'simulated_sharpe_std': 0.133}, 'walk_forward': {'consistency_rate': 0.75, 'n_windows': 4, 'profitable_windows': 3, 'return_mean': 0.01609, 'return_std': 0.158844, 'sharpe_mean': 0.2579, 'sharpe_std': 0.5886, 'windows': [{'end': '2023-08-16', 'max_dd': -0.249091, 'return': 0.193487, 'sharpe': 0.8097, 'start': '2023-01-01', 'trades': 43, 'win_rate': 0.5581, 'window': 1}, {'end': '2024-03-31', 'max_dd': -0.433364, 'return': -0.241087, 'sharpe': -0.7343, 'start': '2023-08-17', 'trades': 45, 'win_rate': 0.4889, 'window': 2}, {'end': '2024-11-14', 'max_dd': -0.187413, 'return': 0.047806, 'sharpe': 0.4795, 'start': '2024-04-01', 'trades': 42, 'win_rate': 0.5238, 'window': 3}, {'end': '2025-06-30', 'max_dd': -0.225053, 'return': 0.064154, 'sharpe': 0.4767, 'start': '2024-11-15', 'trades': 48, 'win_rate': 0.5625, 'window': 4}]}}"
agent/runs/20260630_134757_41_62067b/variant_B,variant_B,agent/runs/20260630_134757_41_62067b/variant_B/run_card.json,0.029169257691872286,29169.257691872284,1331900.0730498116,331900.07304981165,0.3319000730498116,-0.2438440102229212,0.31194993990048503,0.181,0.1196,1.2892,0.5094339622641509,53,63.387591,-63.055691,-1.2211,6.4,1000000.0,2016-06-30,2026-06-30,1D,auto,daily,"NVDA.US,TSM.US,SOXX.US,SMH.US,QQQ.US",c0d3a5323d2212183300b838be374678157c43d61ee43cccb6880575fc30f692,dc3472af7ec604aa610f0d5a1ba960f807ea4da59cb89a2d7ba122a19cb80665,agent/runs/20260630_134757_41_62067b/variant_B/config.json,agent/runs/20260630_134757_41_62067b/variant_B/code/signal_engine.py,,"{'monte_carlo': {'actual_max_dd': -0.2188, 'actual_sharpe': 1.9274, 'n_simulations': 1000, 'n_trades': 53, 'p_value_max_dd': 0.188, 'p_value_sharpe': 0.245, 'simulated_sharpe_mean': 1.745, 'simulated_sharpe_p5': 1.1394, 'simulated_sharpe_p95': 2.2325, 'simulated_sharpe_std': 0.3346}}"
agent/runs/v_M2_macro_barbell_full,v_M2_macro_barbell_full,agent/runs/v_M2_macro_barbell_full/run_card.json,0.029144061271513477,29144.061271513478,1851800.0511627654,851800.0511627654,0.8518000511627655,-0.18331906415602345,0.4337084323355638,0.5259,0.159,1.8757,0.22448979591836735,245,5.159600841250078,-4.307801,-0.3423,43.9,1000000.0,2005-01-01,2026-06-29,1D,auto,daily,"SPY.US,GLD.US",54cbdc495a97671dbe04fed22aa0aa718aa893e06d160f5e99359ecc896b994a,8890e5cc9c9a9721bf77d31e7955f03dc9413764398ca34f5182620bcdd988da,agent/runs/v_M2_macro_barbell_full/config.json,agent/runs/v_M2_macro_barbell_full/code/signal_engine.py,,"{'bootstrap': {'ci_lower': -0.0015, 'ci_upper': 0.8525, 'confidence': 0.95, 'median_sharpe': 0.4236, 'n_bootstrap': 1000, 'observed_sharpe': 0.4338, 'prob_positive': 0.974}, 'monte_carlo': {'actual_max_dd': -0.113, 'actual_sharpe': 1.4786, 'n_simulations': 1000, 'n_trades': 245, 'p_value_max_dd': 0.175, 'p_value_sharpe': 0.63, 'simulated_sharpe_mean': 1.5003, 'simulated_sharpe_p5': 1.3285, 'simulated_sharpe_p95': 1.648, 'simulated_sharpe_std': 0.0994}, 'walk_forward': {'consistency_rate': 1.0, 'n_windows': 4, 'profitable_windows': 4, 'return_mean': 0.166976, 'return_std': 0.058041, 'sharpe_mean': 0.4272, 'sharpe_std': 0.1034, 'windows': [{'end': '2010-05-14', 'max_dd': -0.098192, 'return': 0.150673, 'sharpe': 0.3832, 'start': '2005-01-03', 'trades': 50, 'win_rate': 0.2, 'window': 1}, {'end': '2015-09-25', 'max_dd': -0.183319, 'return': 0.096447, 'sharpe': 0.2964, 'start': '2010-05-17', 'trades': 70, 'win_rate': 0.2286, 'window': 2}, {'end': '2021-02-08', 'max_dd': -0.073538, 'return': 0.163144, 'sharpe': 0.4495, 'start': '2015-09-28', 'trades': 58, 'win_rate': 0.2069, 'window': 3}, {'end': '2026-06-29', 'max_dd': -0.107301, 'return': 0.257641, 'sharpe': 0.5795, 'start': '2021-02-09', 'trades': 67, 'win_rate': 0.2537, 'window': 4}]}}"
agent/runs/v_XA1_spygld_train,v_XA1_spygld_train,agent/runs/v_XA1_spygld_train/run_card.json,0.02431617659763141,24316.176597631413,1061296.297646738,61296.29764673789,0.06129629764673794,-0.05430469201495281,0.5099254998278215,0.6699,0.4478,1.4375,0.358974358974359,78,0.6224199456514312,-0.561124,-1.0574,13.7,1000000.0,2023-01-01,2025-06-30,1D,auto,daily,"SPY.US,GLD.US",0a406277893cf2fa1d2ea8700a8f7fae986ca2324ef985ad8050245a196c35ed,82ab4018c1213aa2102b49a0873064528ef6087f1df1e3223881040e4128e5d4,agent/runs/v_XA1_spygld_train/config.json,agent/runs/v_XA1_spygld_train/code/signal_engine.py,,"{'bootstrap': {'ci_lower': -0.7406, 'ci_upper': 1.7373, 'confidence': 0.95, 'median_sharpe': 0.5032, 'n_bootstrap': 1000, 'observed_sharpe': 0.5107, 'prob_positive': 0.787}, 'monte_carlo': {'actual_max_dd': -0.0315, 'actual_sharpe': 2.0753, 'n_simulations': 1000, 'n_trades': 78, 'p_value_max_dd': 0.155, 'p_value_sharpe': 0.035, 'simulated_sharpe_mean': 1.6975, 'simulated_sharpe_p5': 1.307, 'simulated_sharpe_p95': 2.017, 'simulated_sharpe_std': 0.1929}, 'walk_forward': {'consistency_rate': 1.0, 'n_windows': 4, 'profitable_windows': 4, 'return_mean': 0.014513, 'return_std': 0.012611, 'sharpe_mean': 0.5346, 'sharpe_std': 0.4618, 'windows': [{'end': '2023-08-16', 'max_dd': -0.047135, 'return': 0.001906, 'sharpe': 0.0838, 'start': '2023-01-03', 'trades': 18, 'win_rate': 0.3333, 'window': 1}, {'end': '2024-04-01', 'max_dd': -0.025382, 'return': 0.024946, 'sharpe': 1.163, 'start': '2023-08-17', 'trades': 22, 'win_rate': 0.3182, 'window': 2}, {'end': '2024-11-11', 'max_dd': -0.029172, 'return': 0.002073, 'sharpe': 0.1001, 'start': '2024-04-02', 'trades': 20, 'win_rate': 0.45, 'window': 3}, {'end': '2025-06-30', 'max_dd': -0.03221, 'return': 0.029128, 'sharpe': 0.7915, 'start': '2024-11-12', 'trades': 18, 'win_rate': 0.3333, 'window': 4}]}}"
agent/runs/v_M2_macro_barbell_train,v_M2_macro_barbell_train,agent/runs/v_M2_macro_barbell_train/run_card.json,0.02379245983403,23792.45983403,1617702.8034999617,617702.8034999617,0.6177028034999617,-0.18331906415602345,0.37958227812519013,0.4751,0.1298,1.6637,0.22083333333333333,240,4.135909891208487,-3.518207,-0.3436,42.8,1000000.0,2005-01-01,2025-06-30,1D,auto,daily,"SPY.US,GLD.US",54cbdc495a97671dbe04fed22aa0aa718aa893e06d160f5e99359ecc896b994a,32f17e30792bf192ecae5cf24db808159cef39fc26fdf7fc6d32f67cbafba03d,agent/runs/v_M2_macro_barbell_train/config.json,agent/runs/v_M2_macro_barbell_train/code/signal_engine.py,,"{'bootstrap': {'ci_lower': -0.0319, 'ci_upper': 0.8088, 'confidence': 0.95, 'median_sharpe': 0.3956, 'n_bootstrap': 1000, 'observed_sharpe': 0.3797, 'prob_positive': 0.961}, 'monte_carlo': {'actual_max_dd': -0.113, 'actual_sharpe': 1.3136, 'n_simulations': 1000, 'n_trades': 240, 'p_value_max_dd': 0.089, 'p_value_sharpe': 0.683, 'simulated_sharpe_mean': 1.3437, 'simulated_sharpe_p5': 1.2152, 'simulated_sharpe_p95': 1.4643, 'simulated_sharpe_std': 0.0866}, 'walk_forward': {'consistency_rate': 1.0, 'n_windows': 4, 'profitable_windows': 4, 'return_mean': 0.124863, 'return_std': 0.026441, 'sharpe_mean': 0.3786, 'sharpe_std': 0.079, 'windows': [{'end': '2010-02-12', 'max_dd': -0.098192, 'return': 0.084669, 'sharpe': 0.2474, 'start': '2005-01-03', 'trades': 50, 'win_rate': 0.2, 'window': 1}, {'end': '2015-03-27', 'max_dd': -0.183319, 'return': 0.13115, 'sharpe': 0.3901, 'start': '2010-02-16', 'trades': 69, 'win_rate': 0.2319, 'window': 2}, {'end': '2020-05-08', 'max_dd': -0.073538, 'return': 0.124986, 'sharpe': 0.4238, 'start': '2015-03-30', 'trades': 54, 'win_rate': 0.2037, 'window': 3}, {'end': '2025-06-30', 'max_dd': -0.133727, 'return': 0.158648, 'sharpe': 0.4531, 'start': '2020-05-11', 'trades': 67, 'win_rate': 0.2388, 'window': 4}]}}"
agent/runs/v_AISOXX1_aqrblend_full,v_AISOXX1_aqrblend_full,agent/runs/v_AISOXX1_aqrblend_full/run_card.json,0.020324486156521937,20324.486156521936,1648825.604905055,648825.6049050549,0.6488256049050549,-0.4632389480453956,0.20719607472376406,0.249,0.0439,1.2239,0.35280898876404493,445,27.868436668908192,-27.219611,-0.4255,22.0,1000000.0,2001-08-01,2026-06-29,1D,auto,daily,"SOXX.US,SPY.US",dc8d9726858f7b70acf71d60f7d22bf465084b96a5ac7c1621dd3966008deb82,d29bc4b083a3a98f7f53f11bad12f01cf3cb3f06d04f00894549befc49d27b4c,agent/runs/v_AISOXX1_aqrblend_full/config.json,agent/runs/v_AISOXX1_aqrblend_full/code/signal_engine.py,,"{'bootstrap': {'ci_lower': -0.1753, 'ci_upper': 0.6096, 'confidence': 0.95, 'median_sharpe': 0.207, 'n_bootstrap': 1000, 'observed_sharpe': 0.2072, 'prob_positive': 0.848}, 'monte_carlo': {'actual_max_dd': -0.4318, 'actual_sharpe': 0.6704, 'n_simulations': 1000, 'n_trades': 445, 'p_value_max_dd': 0.635, 'p_value_sharpe': 0.827, 'simulated_sharpe_mean': 0.7094, 'simulated_sharpe_p5': 0.6295, 'simulated_sharpe_p95': 0.8002, 'simulated_sharpe_std': 0.0958}, 'walk_forward': {'consistency_rate': 0.75, 'n_windows': 4, 'profitable_windows': 3, 'return_mean': 0.151962, 'return_std': 0.272816, 'sharpe_mean': 0.1646, 'sharpe_std': 0.2205, 'windows': [{'end': '2007-10-23', 'max_dd': -0.340563, 'return': 0.000433, 'sharpe': 0.0658, 'start': '2001-08-01', 'trades': 152, 'win_rate': 0.3158, 'window': 1}, {'end': '2014-01-10', 'max_dd': -0.30584, 'return': 0.158074, 'sharpe': 0.2287, 'start': '2007-10-24', 'trades': 109, 'win_rate': 0.3394, 'window': 2}, {'end': '2020-03-31', 'max_dd': -0.186028, 'return': -0.138746, 'sharpe': -0.1181, 'start': '2014-01-13', 'trades': 77, 'win_rate': 0.4156, 'window': 3}, {'end': '2026-06-29', 'max_dd': -0.276382, 'return': 0.588086, 'sharpe': 0.482, 'start': '2020-04-01', 'trades': 107, 'win_rate': 0.3738, 'window': 4}]}}"
agent/runs/v_Z4shuf_seed049_train,v_Z4shuf_seed049_train,agent/runs/v_Z4shuf_seed049_train/run_card.json,0.01739369990128714,17393.699901287142,1044028.4921824066,44028.4921824066,0.044028492182406564,-0.4044427919939522,0.22244451889675806,0.2701,0.043,1.0787,0.42613636363636365,176,5.4441996931170795,0.044028,0.2224,8.9,1000000.0,2023-01-01,2025-06-30,1D,auto,daily,"BTC-USDT,SOL-USDT",32f8ad1f5e5459895dc48da2eaabe5307eff73f1b8bb38c10a6992bc70790764,5680595d753976610de949c37f0568d5ff7e7db3a1f2b2545ab303b52a99c7f6,agent/runs/v_Z4shuf_seed049_train/config.json,agent/runs/v_Z4shuf_seed049_train/code/signal_engine.py,,"{'bootstrap': {'ci_lower': -1.0885, 'ci_upper': 1.5004, 'confidence': 0.95, 'median_sharpe': 0.1805, 'n_bootstrap': 1000, 'observed_sharpe': 0.2227, 'prob_positive': 0.606}, 'monte_carlo': {'actual_max_dd': -0.3688, 'actual_sharpe': 0.6295, 'n_simulations': 1000, 'n_trades': 176, 'p_value_max_dd': 0.456, 'p_value_sharpe': 0.851, 'simulated_sharpe_mean': 0.6554, 'simulated_sharpe_p5': 0.5682, 'simulated_sharpe_p95': 0.7686, 'simulated_sharpe_std': 0.17}, 'walk_forward': {'consistency_rate': 0.25, 'n_windows': 4, 'profitable_windows': 1, 'return_mean': 0.17145, 'return_std': 0.690109, 'sharpe_mean': 0.0575, 'sharpe_std': 2.2196, 'windows': [{'end': '2023-08-16', 'max_dd': -0.404443, 'return': -0.31289, 'sharpe': -1.1949, 'start': '2023-01-01', 'trades': 39, 'win_rate': 0.3077, 'window': 1}, {'end': '2024-03-31', 'max_dd': -0.122717, 'return': 1.35776, 'sharpe': 3.7899, 'start': '2023-08-17', 'trades': 30, 'win_rate': 0.5333, 'window': 2}, {'end': '2024-11-14', 'max_dd': -0.300381, 'return': -0.270917, 'sharpe': -1.9349, 'start': '2024-04-01', 'trades': 56, 'win_rate': 0.375, 'window': 3}, {'end': '2025-06-30', 'max_dd': -0.253254, 'return': -0.088154, 'sharpe': -0.4302, 'start': '2024-11-15', 'trades': 51, 'win_rate': 0.5098, 'window': 4}]}}"
agent/runs/v_Z5_broadcontrol_train,v_Z5_broadcontrol_train,agent/runs/v_Z5_broadcontrol_train/run_card.json,0.015200463418123533,15200.463418123532,1038414.0204615726,38414.02046157257,0.03841402046157261,-0.23422342328747875,0.1739642169442357,0.1949,0.0649,1.111,0.2830188679245283,530,3.278506,-3.240092,-1.2849,13.1,1000000.0,2023-01-01,2025-06-30,1D,auto,daily,"BTC-USDT,ETH-USDT,SOL-USDT,XRP-USDT,BNB-USDT,DOGE-USDT,ADA-USDT,LINK-USDT,AVAX-USDT",c7c24b1a1af26d49f04dea2478614cfbe73b5b776a84e292576afc160192278b,6c7a947bfa262b19554957ae1b377fcb32fce1118a2da9737e01485f65fdc44a,agent/runs/v_Z5_broadcontrol_train/config.json,agent/runs/v_Z5_broadcontrol_train/code/signal_engine.py,,"{'bootstrap': {'ci_lower': -1.0554, 'ci_upper': 1.4415, 'confidence': 0.95, 'median_sharpe': 0.1497, 'n_bootstrap': 1000, 'observed_sharpe': 0.1742, 'prob_positive': 0.605}, 'monte_carlo': {'actual_max_dd': -0.1919, 'actual_sharpe': 0.3336, 'n_simulations': 1000, 'n_trades': 530, 'p_value_max_dd': 0.831, 'p_value_sharpe': 0.944, 'simulated_sharpe_mean': 0.3712, 'simulated_sharpe_p5': 0.3296, 'simulated_sharpe_p95': 0.3976, 'simulated_sharpe_std': 0.0407}, 'walk_forward': {'consistency_rate': 0.5, 'n_windows': 4, 'profitable_windows': 2, 'return_mean': 0.016604, 'return_std': 0.156975, 'sharpe_mean': 0.4586, 'sharpe_std': 1.955, 'windows': [{'end': '2023-08-16', 'max_dd': -0.234105, 'return': -0.052542, 'sharpe': -0.2254, 'start': '2023-01-01', 'trades': 143, 'win_rate': 0.2867, 'window': 1}, {'end': '2024-03-31', 'max_dd': -0.056645, 'return': 0.257828, 'sharpe': 3.5052, 'start': '2023-08-17', 'trades': 111, 'win_rate': 0.3333, 'window': 2}, {'end': '2024-11-14', 'max_dd': -0.207548, 'return': -0.171388, 'sharpe': -1.8948, 'start': '2024-04-01', 'trades': 154, 'win_rate': 0.2403, 'window': 3}, {'end': '2025-06-30', 'max_dd': -0.103171, 'return': 0.032518, 'sharpe': 0.4493, 'start': '2024-11-15', 'trades': 122, 'win_rate': 0.2869, 'window': 4}]}}"
agent/runs/v_Z4shuf_seed004_train,v_Z4shuf_seed004_train,agent/runs/v_Z4shuf_seed004_train/run_card.json,0.013819224436772082,13819.224436772081,1034887.4980082213,34887.49800822127,0.03488749800822122,-0.6443783512260189,0.23783722712285146,0.2743,0.0214,1.071,0.5555555555555556,171,5.4441996931170795,0.034887,0.2378,9.2,1000000.0,2023-01-01,2025-06-30,1D,auto,daily,"BTC-USDT,SOL-USDT",6835db1bb6d787ceceefe34f4631ec9732e07bd03bfe0af5d5afabfd3ba4c436,5680595d753976610de949c37f0568d5ff7e7db3a1f2b2545ab303b52a99c7f6,agent/runs/v_Z4shuf_seed004_train/config.json,agent/runs/v_Z4shuf_seed004_train/code/signal_engine.py,,"{'bootstrap': {'ci_lower': -1.0127, 'ci_upper': 1.4013, 'confidence': 0.95, 'median_sharpe': 0.2461, 'n_bootstrap': 1000, 'observed_sharpe': 0.2381, 'prob_positive': 0.671}, 'monte_carlo': {'actual_max_dd': -0.4533, 'actual_sharpe': 0.2088, 'n_simulations': 1000, 'n_trades': 171, 'p_value_max_dd': 0.903, 'p_value_sharpe': 0.993, 'simulated_sharpe_mean': 0.6631, 'simulated_sharpe_p5': 0.5252, 'simulated_sharpe_p95': 0.8236, 'simulated_sharpe_std': 0.1181}, 'walk_forward': {'consistency_rate': 0.25, 'n_windows': 4, 'profitable_windows': 1, 'return_mean': 0.065538, 'return_std': 0.372597, 'sharpe_mean': 0.4678, 'sharpe_std': 1.5617, 'windows': [{'end': '2023-08-16', 'max_dd': -0.334294, 'return': -0.105927, 'sharpe': -0.5783, 'start': '2023-01-01', 'trades': 51, 'win_rate': 0.4314, 'window': 1}, {'end': '2024-03-31', 'max_dd': -0.537305, 'return': -0.263062, 'sharpe': -0.3759, 'start': '2023-08-17', 'trades': 33, 'win_rate': 0.5152, 'window': 2}, {'end': '2024-11-14', 'max_dd': -0.089881, 'return': 0.698261, 'sharpe': 3.1683, 'start': '2024-04-01', 'trades': 43, 'win_rate': 0.6047, 'window': 3}, {'end': '2025-06-30', 'max_dd': -0.208564, 'return': -0.06712, 'sharpe': -0.3428, 'start': '2024-11-15', 'trades': 44, 'win_rate': 0.6818, 'window': 4}]}}"
agent/runs/v_AISOXX1_aqrblend_train,v_AISOXX1_aqrblend_train,agent/runs/v_AISOXX1_aqrblend_train/run_card.json,0.013606036052672854,13606.036052672855,1380528.4144299647,380528.41442996473,0.38052841442996477,-0.4372217336240443,0.16458914199827385,0.1991,0.0311,1.1294,0.34598214285714285,448,10.164468376774717,-9.78394,-0.3453,21.0,1000000.0,2001-08-01,2025-06-30,1D,auto,daily,"SOXX.US,SPY.US",dc8d9726858f7b70acf71d60f7d22bf465084b96a5ac7c1621dd3966008deb82,e4b83ac047778e0c7ec4888e4ff8b8f788e377211bb408949014be217f1967ec,agent/runs/v_AISOXX1_aqrblend_train/config.json,agent/runs/v_AISOXX1_aqrblend_train/code/signal_engine.py,,"{'bootstrap': {'ci_lower': -0.2526, 'ci_upper': 0.5578, 'confidence': 0.95, 'median_sharpe': 0.1558, 'n_bootstrap': 1000, 'observed_sharpe': 0.1646, 'prob_positive': 0.787}, 'monte_carlo': {'actual_max_dd': -0.4042, 'actual_sharpe': 0.5281, 'n_simulations': 1000, 'n_trades': 448, 'p_value_max_dd': 0.358, 'p_value_sharpe': 0.817, 'simulated_sharpe_mean': 0.5478, 'simulated_sharpe_p5': 0.5069, 'simulated_sharpe_p95': 0.6163, 'simulated_sharpe_std': 0.0853}, 'walk_forward': {'consistency_rate': 0.75, 'n_windows': 4, 'profitable_windows': 3, 'return_mean': 0.089925, 'return_std': 0.105284, 'sharpe_mean': 0.1459, 'sharpe_std': 0.0984, 'windows': [{'end': '2007-07-26', 'max_dd': -0.339785, 'return': 0.017023, 'sharpe': 0.0878, 'start': '2001-08-01', 'trades': 145, 'win_rate': 0.3172, 'window': 1}, {'end': '2013-07-16', 'max_dd': -0.305935, 'return': 0.104363, 'sharpe': 0.1839, 'start': '2007-07-27', 'trades': 111, 'win_rate': 0.3153, 'window': 2}, {'end': '2019-07-05', 'max_dd': -0.18623, 'return': -0.017055, 'sharpe': 0.0261, 'start': '2013-07-17', 'trades': 78, 'win_rate': 0.4359, 'window': 3}, {'end': '2025-06-30', 'max_dd': -0.285489, 'return': 0.255367, 'sharpe': 0.2858, 'start': '2019-07-08', 'trades': 114, 'win_rate': 0.3509, 'window': 4}]}}"
agent/runs/v_Z5_broadchop_train,v_Z5_broadchop_train,agent/runs/v_Z5_broadchop_train/run_card.json,0.013286582711798278,13286.582711798279,1033529.5010840235,33529.501084023505,0.03352950108402353,-0.2137605821718319,0.16310477517887556,0.1777,0.0622,1.139,0.2835538752362949,529,3.278506,-3.244976,-1.2844,13.1,1000000.0,2023-01-01,2025-06-30,1D,auto,daily,"BTC-USDT,ETH-USDT,SOL-USDT,XRP-USDT,BNB-USDT,DOGE-USDT,ADA-USDT,LINK-USDT,AVAX-USDT",87236a504a7c3f24014d65015f04edce21c71b81282a0bfcc5def135aa625690,6c7a947bfa262b19554957ae1b377fcb32fce1118a2da9737e01485f65fdc44a,agent/runs/v_Z5_broadchop_train/config.json,agent/runs/v_Z5_broadchop_train/code/signal_engine.py,,"{'bootstrap': {'ci_lower': -1.0964, 'ci_upper': 1.377, 'confidence': 0.95, 'median_sharpe': 0.147, 'n_bootstrap': 1000, 'observed_sharpe': 0.1633, 'prob_positive': 0.591}, 'monte_carlo': {'actual_max_dd': -0.1218, 'actual_sharpe': 0.3361, 'n_simulations': 1000, 'n_trades': 529, 'p_value_max_dd': 0.7, 'p_value_sharpe': 0.976, 'simulated_sharpe_mean': 0.3964, 'simulated_sharpe_p5': 0.3646, 'simulated_sharpe_p95': 0.4224, 'simulated_sharpe_std': 0.0243}, 'walk_forward': {'consistency_rate': 0.5, 'n_windows': 4, 'profitable_windows': 2, 'return_mean': 0.008788, 'return_std': 0.078177, 'sharpe_mean': 0.5547, 'sharpe_std': 1.8199, 'windows': [{'end': '2023-08-16', 'max_dd': -0.202462, 'return': -0.014961, 'sharpe': 0.0377, 'start': '2023-01-01', 'trades': 138, 'win_rate': 0.2971, 'window': 1}, {'end': '2024-03-31', 'max_dd': -0.030464, 'return': 0.125537, 'sharpe': 3.4199, 'start': '2023-08-17', 'trades': 111, 'win_rate': 0.3333, 'window': 2}, {'end': '2024-11-14', 'max_dd': -0.127472, 'return': -0.092153, 'sharpe': -1.623, 'start': '2024-04-01', 'trades': 158, 'win_rate': 0.2342, 'window': 3}, {'end': '2025-06-30', 'max_dd': -0.05971, 'return': 0.016727, 'sharpe': 0.384, 'start': '2024-11-15', 'trades': 122, 'win_rate': 0.2869, 'window': 4}]}}"
agent/runs/v_Z4shuf_seed057_train,v_Z4shuf_seed057_train,agent/runs/v_Z4shuf_seed057_train/run_card.json,0.012224163453323111,12224.163453323112,1030824.0030868126,30824.00308681256,0.030824003086812546,-0.3683006736425018,0.1884819338149558,0.2382,0.0332,1.0772,0.4810810810810811,185,5.4441996931170795,0.030824,0.1885,8.5,1000000.0,2023-01-01,2025-06-30,1D,auto,daily,"BTC-USDT,SOL-USDT",f4f9d48ff2ebc50ccb9f15902af32118b8f244d3dd075f1fcb392fe73a0e5de0,5680595d753976610de949c37f0568d5ff7e7db3a1f2b2545ab303b52a99c7f6,agent/runs/v_Z4shuf_seed057_train/config.json,agent/runs/v_Z4shuf_seed057_train/code/signal_engine.py,,"{'bootstrap': {'ci_lower': -1.0416, 'ci_upper': 1.4489, 'confidence': 0.95, 'median_sharpe': 0.1826, 'n_bootstrap': 1000, 'observed_sharpe': 0.1887, 'prob_positive': 0.618}, 'monte_carlo': {'actual_max_dd': -0.3364, 'actual_sharpe': 0.7418, 'n_simulations': 1000, 'n_trades': 185, 'p_value_max_dd': 0.691, 'p_value_sharpe': 0.068, 'simulated_sharpe_mean': 0.6446, 'simulated_sharpe_p5': 0.5228, 'simulated_sharpe_p95': 0.7614, 'simulated_sharpe_std': 0.1144}, 'walk_forward': {'consistency_rate': 0.5, 'n_windows': 4, 'profitable_windows': 2, 'return_mean': 0.032903, 'return_std': 0.111954, 'sharpe_mean': 0.2783, 'sharpe_std': 0.5976, 'windows': [{'end': '2023-08-16', 'max_dd': -0.279416, 'return': -0.047916, 'sharpe': -0.042, 'start': '2023-01-01', 'trades': 40, 'win_rate': 0.55, 'window': 1}, {'end': '2024-03-31', 'max_dd': -0.164934, 'return': -0.07147, 'sharpe': -0.4022, 'start': '2023-08-17', 'trades': 50, 'win_rate': 0.42, 'window': 2}, {'end': '2024-11-14', 'max_dd': -0.207228, 'return': 0.037289, 'sharpe': 0.3532, 'start': '2024-04-01', 'trades': 36, 'win_rate': 0.5833, 'window': 3}, {'end': '2025-06-30', 'max_dd': -0.186334, 'return': 0.213707, 'sharpe': 1.2041, 'start': '2024-11-15', 'trades': 59, 'win_rate': 0.4237, 'window': 4}]}}"
agent/runs/v_Z4shuf_seed039_train,v_Z4shuf_seed039_train,agent/runs/v_Z4shuf_seed039_train/run_card.json,0.011667712368351957,11667.712368351957,1029408.6725603461,29408.67256034608,0.029408672560346183,-0.21499950616577554,0.17022539856363864,0.2435,0.0543,1.0731,0.45652173913043476,184,5.4441996931170795,0.029409,0.1702,8.5,1000000.0,2023-01-01,2025-06-30,1D,auto,daily,"BTC-USDT,SOL-USDT",e6f5a13771707c7f36cc0ab8aa546fd2f8357664e02c0b54b60a198ea289a310,5680595d753976610de949c37f0568d5ff7e7db3a1f2b2545ab303b52a99c7f6,agent/runs/v_Z4shuf_seed039_train/config.json,agent/runs/v_Z4shuf_seed039_train/code/signal_engine.py,,"{'bootstrap': {'ci_lower': -1.0667, 'ci_upper': 1.3971, 'confidence': 0.95, 'median_sharpe': 0.1531, 'n_bootstrap': 1000, 'observed_sharpe': 0.1704, 'prob_positive': 0.603}, 'monte_carlo': {'actual_max_dd': -0.1895, 'actual_sharpe': 1.0026, 'n_simulations': 1000, 'n_trades': 184, 'p_value_max_dd': 0.094, 'p_value_sharpe': 0.008, 'simulated_sharpe_mean': 0.6501, 'simulated_sharpe_p5': 0.4909, 'simulated_sharpe_p95': 0.8243, 'simulated_sharpe_std': 0.1068}, 'walk_forward': {'consistency_rate': 0.75, 'n_windows': 4, 'profitable_windows': 3, 'return_mean': 0.011578, 'return_std': 0.095097, 'sharpe_mean': 0.1265, 'sharpe_std': 0.5761, 'windows': [{'end': '2023-08-16', 'max_dd': -0.15509, 'return': -0.124026, 'sharpe': -0.7542, 'start': '2023-01-01', 'trades': 51, 'win_rate': 0.3725, 'window': 1}, {'end': '2024-03-31', 'max_dd': -0.215, 'return': 0.019505, 'sharpe': 0.2505, 'start': '2023-08-17', 'trades': 42, 'win_rate': 0.5238, 'window': 2}, {'end': '2024-11-14', 'max_dd': -0.196563, 'return': 0.144597, 'sharpe': 0.8587, 'start': '2024-04-01', 'trades': 57, 'win_rate': 0.4561, 'window': 3}, {'end': '2025-06-30', 'max_dd': -0.17814, 'return': 0.006234, 'sharpe': 0.1511, 'start': '2024-11-15', 'trades': 34, 'win_rate': 0.5, 'window': 4}]}}"
agent/runs/20260630_134757_41_62067b/variant_D,variant_D,agent/runs/20260630_134757_41_62067b/variant_D/run_card.json,0.010942120497395846,10942.120497395847,1114584.1818312116,114584.18183121155,0.11458418183121144,-0.44218602491993564,0.15339480331400526,0.1241,0.0247,1.0372,0.43037974683544306,158,63.387591,-63.273006,-1.2897,4.3,1000000.0,2016-06-30,2026-06-30,1D,auto,daily,"NVDA.US,TSM.US,SOXX.US,SMH.US,QQQ.US",675aab7cab138295fd74f35efae0baa59de267f3f4d62a6400a522e356f42598,dc3472af7ec604aa610f0d5a1ba960f807ea4da59cb89a2d7ba122a19cb80665,agent/runs/20260630_134757_41_62067b/variant_D/config.json,agent/runs/20260630_134757_41_62067b/variant_D/code/signal_engine.py,,"{'monte_carlo': {'actual_max_dd': -0.3947, 'actual_sharpe': 0.5153, 'n_simulations': 1000, 'n_trades': 158, 'p_value_max_dd': 0.154, 'p_value_sharpe': 0.904, 'simulated_sharpe_mean': 0.6679, 'simulated_sharpe_p5': 0.4554, 'simulated_sharpe_p95': 0.9493, 'simulated_sharpe_std': 0.2635}}"
agent/runs/v_CNM1_momentum_pilot,v_CNM1_momentum_pilot,agent/runs/v_CNM1_momentum_pilot/run_card.json,0.00429126181152184,4291.26181152184,1027071.9907859637,27071.990785963717,0.027071990785963784,-0.359315407629971,0.13378197425988494,0.1763,0.0119,1.0411,0.4,115,1.018347,-0.991275,-0.4977,91.4,1000000.0,2020-01-01,2026-07-01,1D,auto,daily,"600519.SH,601318.SH,600036.SH,601166.SH,600030.SH,601012.SH,300750.SZ,000858.SZ,002594.SZ,600900.SH,601899.SH,600028.SH,601857.SH,600050.SH,000333.SZ,000651.SZ,600276.SH,300015.SZ,002415.SZ,000725.SZ,600887.SH,601888.SH,600309.SH,002475.SZ,601398.SH,601988.SH,600016.SH,601628.SH,601601.SH,600585.SH,601088.SH,600104.SH,601633.SH,002714.SZ,300059.SZ,002230.SZ,600745.SH,601138.SH,002352.SZ,600438.SH",df6de6662ed0566cd0a5a8a50bdba388f650b1992832057ece61d3e8b677ef6e,d6ddf20813ad33172982cc6273c05dbd20a4480e9b0886c428882d17155de028,agent/runs/v_CNM1_momentum_pilot/config.json,agent/runs/v_CNM1_momentum_pilot/code/signal_engine.py,,
agent/runs/20260630_134757_41_62067b/variant_C,variant_C,agent/runs/20260630_134757_41_62067b/variant_C/run_card.json,0.004152064160496849,4152.064160496849,1042167.983187535,42167.98318753496,0.04216798318753501,-0.2575275312385,0.1016967255840521,0.0595,0.0161,1.025,0.41237113402061853,97,63.387591,-63.345423,-1.2773,3.7,1000000.0,2016-06-30,2026-06-30,1D,auto,daily,"NVDA.US,TSM.US,SOXX.US,SMH.US,QQQ.US",f7390f149df5b616da982726f1cefcb7d6ac4fd057eb2e565bc43dd881d4fbd1,dc3472af7ec604aa610f0d5a1ba960f807ea4da59cb89a2d7ba122a19cb80665,agent/runs/20260630_134757_41_62067b/variant_C/config.json,agent/runs/20260630_134757_41_62067b/variant_C/code/signal_engine.py,,"{'monte_carlo': {'actual_max_dd': -0.2158, 'actual_sharpe': 0.5042, 'n_simulations': 1000, 'n_trades': 97, 'p_value_max_dd': 0.015, 'p_value_sharpe': 0.594, 'simulated_sharpe_mean': 0.5219, 'simulated_sharpe_p5': 0.1983, 'simulated_sharpe_p95': 0.7764, 'simulated_sharpe_std': 0.1925}}"
agent/runs/v_M4_macro_barbell_tilted_full,v_M4_macro_barbell_tilted_full,agent/runs/v_M4_macro_barbell_tilted_full/run_card.json,0.0035235348021414037,3523.534802141404,1078360.0299957208,78360.02999572083,0.07836002999572078,-0.05065251196619366,0.16687137550730566,0.2174,0.0696,1.2094,0.22086956521739132,575,5.159600841250078,-5.081241,-0.5082,36.5,1000000.0,2005-01-01,2026-06-29,1D,auto,daily,"SPY.US,GLD.US,TLT.US,UUP.US",84ce725d19033129c30506d10b5c225ee36dc0cf972b940dc289ab8f9434358b,e7279eb1bfabc8d894fb1c2365637104cb80cd8e74fd6e614d13f16d2a32bfc4,agent/runs/v_M4_macro_barbell_tilted_full/config.json,agent/runs/v_M4_macro_barbell_tilted_full/code/signal_engine.py,,"{'bootstrap': {'ci_lower': -0.2541, 'ci_upper': 0.5863, 'confidence': 0.95, 'median_sharpe': 0.1771, 'n_bootstrap': 1000, 'observed_sharpe': 0.1669, 'prob_positive': 0.783}, 'monte_carlo': {'actual_max_dd': -0.0516, 'actual_sharpe': 0.5832, 'n_simulations': 1000, 'n_trades': 575, 'p_value_max_dd': 0.317, 'p_value_sharpe': 0.265, 'simulated_sharpe_mean': 0.5719, 'simulated_sharpe_p5': 0.5473, 'simulated_sharpe_p95': 0.5959, 'simulated_sharpe_std': 0.0243}, 'walk_forward': {'consistency_rate': 0.75, 'n_windows': 4, 'profitable_windows': 3, 'return_mean': 0.019274, 'return_std': 0.03094, 'sharpe_mean': 0.1749, 'sharpe_std': 0.2633, 'windows': [{'end': '2010-05-14', 'max_dd': -0.050653, 'return': 0.003033, 'sharpe': 0.034, 'start': '2005-01-03', 'trades': 125, 'win_rate': 0.232, 'window': 1}, {'end': '2015-09-25', 'max_dd': -0.039188, 'return': 0.006854, 'sharpe': 0.0781, 'start': '2010-05-17', 'trades': 155, 'win_rate': 0.1935, 'window': 2}, {'end': '2021-02-08', 'max_dd': -0.020288, 'return': 0.072337, 'sharpe': 0.6253, 'start': '2015-09-28', 'trades': 115, 'win_rate': 0.3043, 'window': 3}, {'end': '2026-06-29', 'max_dd': -0.045623, 'return': -0.005126, 'sharpe': -0.0379, 'start': '2021-02-09', 'trades': 180, 'win_rate': 0.1833, 'window': 4}]}}"
agent/runs/v_L_hyperliquid_perp_OOS_TEST,v_L_hyperliquid_perp_OOS_TEST,agent/runs/v_L_hyperliquid_perp_OOS_TEST/run_card.json,0.001944366992033153,1944.366992033153,1002269.6845033149,2269.6845033149,0.002269684503314995,-0.3805190147930775,0.2145790283823974,0.3031,0.0051,1.0236,0.25,48,-0.440073,0.442342,0.5441,13.6,1000000.0,2025-05-01,2026-06-30,1D,ccxt,daily,"BTC-USDC:USDC,SOL-USDC:USDC",d30fcf0a3c7d7dfdd2063bad69fa8f6381843f2f02b7bc96b767fc7a023595d8,1c6943f1eb471b814a28054fae400b89729ddfa342e20198916808f44ac85d8d,agent/runs/v_L_hyperliquid_perp_OOS_TEST/config.json,agent/runs/v_L_hyperliquid_perp_OOS_TEST/code/signal_engine.py,,"{'bootstrap': {'ci_lower': -1.6405, 'ci_upper': 2.1065, 'confidence': 0.95, 'median_sharpe': 0.2313, 'n_bootstrap': 1000, 'observed_sharpe': 0.2151, 'prob_positive': 0.578}, 'monte_carlo': {'actual_max_dd': -0.2859, 'actual_sharpe': 0.6334, 'n_simulations': 1000, 'n_trades': 48, 'p_value_max_dd': 0.524, 'p_value_sharpe': 0.383, 'simulated_sharpe_mean': 0.5381, 'simulated_sharpe_p5': 0.0567, 'simulated_sharpe_p95': 0.8388, 'simulated_sharpe_std': 0.36}}"
agent/runs/v_M3_macro_barbell_4asset_full,v_M3_macro_barbell_4asset_full,agent/runs/v_M3_macro_barbell_4asset_full/run_card.json,0.0008684447474158752,868.4447474158752,1018793.0861902782,18793.086190278176,0.018793086190278085,-0.09861238422145827,0.04876494938899808,0.061,0.0088,1.0515,0.22086956521739132,575,5.159600841250078,-5.140808,-0.5193,36.5,1000000.0,2005-01-01,2026-06-29,1D,auto,daily,"SPY.US,GLD.US,TLT.US,UUP.US",54cbdc495a97671dbe04fed22aa0aa718aa893e06d160f5e99359ecc896b994a,e7279eb1bfabc8d894fb1c2365637104cb80cd8e74fd6e614d13f16d2a32bfc4,agent/runs/v_M3_macro_barbell_4asset_full/config.json,agent/runs/v_M3_macro_barbell_4asset_full/code/signal_engine.py,,"{'bootstrap': {'ci_lower': -0.3843, 'ci_upper': 0.4748, 'confidence': 0.95, 'median_sharpe': 0.0596, 'n_bootstrap': 1000, 'observed_sharpe': 0.0488, 'prob_positive': 0.614}, 'monte_carlo': {'actual_max_dd': -0.0904, 'actual_sharpe': 0.2098, 'n_simulations': 1000, 'n_trades': 575, 'p_value_max_dd': 0.787, 'p_value_sharpe': 0.017, 'simulated_sharpe_mean': 0.1728, 'simulated_sharpe_p5': 0.1538, 'simulated_sharpe_p95': 0.1908, 'simulated_sharpe_std': 0.0266}, 'walk_forward': {'consistency_rate': 0.5, 'n_windows': 4, 'profitable_windows': 2, 'return_mean': 0.00532, 'return_std': 0.042812, 'sharpe_mean': 0.0616, 'sharpe_std': 0.3645, 'windows': [{'end': '2010-05-14', 'max_dd': -0.098612, 'return': -0.030143, 'sharpe': -0.1505, 'start': '2005-01-03', 'trades': 125, 'win_rate': 0.232, 'window': 1}, {'end': '2015-09-25', 'max_dd': -0.038867, 'return': 0.001418, 'sharpe': 0.0238, 'start': '2010-05-17', 'trades': 155, 'win_rate': 0.1935, 'window': 2}, {'end': '2021-02-08', 'max_dd': -0.020561, 'return': 0.076402, 'sharpe': 0.6629, 'start': '2015-09-28', 'trades': 115, 'win_rate': 0.3043, 'window': 3}, {'end': '2026-06-29', 'max_dd': -0.055598, 'return': -0.026398, 'sharpe': -0.2899, 'start': '2021-02-09', 'trades': 180, 'win_rate': 0.1833, 'window': 4}]}}"
agent/runs/20260630_140531_35_b6ddc3/crypto_1h_failed_relief_fade_shortflat_june,crypto_1h_failed_relief_fade_shortflat_june,agent/runs/20260630_140531_35_b6ddc3/crypto_1h_failed_relief_fade_shortflat_june/run_card.json,0.0,0.0,1000000.0,0.0,0.0,0.0,0.0,0.0,0.0,0.0,0.0,0,-0.158553,0.158553,2.9525,0.0,1000000.0,2026-06-01,2026-06-29,1H,okx,daily,"BTC-USDT,ETH-USDT,SOL-USDT",4e535315175a8fdb28f8d1f351e30602d1365ff558daf4be76a3ed051ca79fa3,b8c33baee77d33089467cb121ebe80e7e3628e566b6b1500935069e1d01149d0,agent/runs/20260630_140531_35_b6ddc3/crypto_1h_failed_relief_fade_shortflat_june/config.json,agent/runs/20260630_140531_35_b6ddc3/crypto_1h_failed_relief_fade_shortflat_june/code/signal_engine.py,,
agent/runs/20260630_140531_35_b6ddc3/crypto_1h_failed_relief_fade_shortflat,crypto_1h_failed_relief_fade_shortflat,agent/runs/20260630_140531_35_b6ddc3/crypto_1h_failed_relief_fade_shortflat/run_card.json,0.0,0.0,1000000.0,0.0,0.0,0.0,0.0,0.0,0.0,0.0,0.0,0,-0.21865,0.21865,2.5757,0.0,1000000.0,2026-01-01,2026-06-29,1H,okx,daily,"BTC-USDT,ETH-USDT,SOL-USDT",4e535315175a8fdb28f8d1f351e30602d1365ff558daf4be76a3ed051ca79fa3,68bfb0fbee60892fb66dea679472d582dae1a7ffd34ae46defeda23c112319a9,agent/runs/20260630_140531_35_b6ddc3/crypto_1h_failed_relief_fade_shortflat/config.json,agent/runs/20260630_140531_35_b6ddc3/crypto_1h_failed_relief_fade_shortflat/code/signal_engine.py,,
agent/runs/20260630_134150_23_ccb711/full_rebuild_v2_1d_long,full_rebuild_v2_1d_long,agent/runs/20260630_134150_23_ccb711/full_rebuild_v2_1d_long/run_card.json,0.0,0.0,1000000.0,0.0,0.0,0.0,0.0,0.0,0.0,0.0,0.0,0,28.250918,-28.250918,-1.2293,0.0,1000000.0,2016-06-30,2026-06-30,1D,yfinance,daily,"NVDA.US,TSM.US,SOXX.US,SMH.US,QQQ.US",da102070d305e51b8b9df8d414f81ab1b5b6672a1ac3987cb44fe15835da5533,e0a5cb59d306b81efb5e3d38a8e5fc673e2afa5d49f2cd2864ac95e224854b38,agent/runs/20260630_134150_23_ccb711/full_rebuild_v2_1d_long/config.json,agent/runs/20260630_134150_23_ccb711/full_rebuild_v2_1d_long/code/signal_engine.py,,"{'monte_carlo': {'error': 'need at least 3 trades', 'p_value_sharpe': 1.0}}"
agent/runs/20260630_145806_24_bbd861/runs/trackA2_v2,trackA2_v2,agent/runs/20260630_145806_24_bbd861/runs/trackA2_v2/run_card.json,0.0,0.0,1000000.0,0.0,0.0,0.0,0.0,0.0,0.0,0.0,0.0,0,0.431433,-0.431433,-2.5207,0.0,1000000.0,2026-05-15,2026-06-29,15m,yfinance,daily,"SOXL.US,SOXX.US,SMH.US,QQQ.US",54df925a7bc305ed401055f02337df20d014860216263240fbe966a8606d2823,0466ac56f2d09b104e4822b7db5e0f830517be46f939367cfde4f06b15e14c77,agent/runs/20260630_145806_24_bbd861/runs/trackA2_v2/config.json,agent/runs/20260630_145806_24_bbd861/runs/trackA2_v2/code/signal_engine.py,,"{'monte_carlo': {'error': 'need at least 3 trades', 'p_value_sharpe': 1.0}}"
agent/runs/v_X1_resize_OOS_TEST,v_X1_resize_OOS_TEST,agent/runs/v_X1_resize_OOS_TEST/run_card.json,-0.003879739502911317,-3879.739502911317,995483.937213029,-4516.062786970986,-0.004516062786971031,-0.313801059957664,0.185409022443714,0.2888,-0.0124,0.8637,0.2777777777777778,54,-0.39312424343287,-0.004516,0.1854,13.3,1000000.0,2025-05-01,2026-06-30,1D,auto,daily,"BTC-USDT,SOL-USDT",80a10be874bf9dbd53d91a23db2aa309f6ebcc577b0656b4fec31da6aeb89dff,b648f22b980e7350ba7f2410e3eec5def028acaeb822f4f41a7c464548db0205,agent/runs/v_X1_resize_OOS_TEST/config.json,agent/runs/v_X1_resize_OOS_TEST/code/signal_engine.py,,"{'bootstrap': {'ci_lower': -1.6415, 'ci_upper': 1.9886, 'confidence': 0.95, 'median_sharpe': 0.219, 'n_bootstrap': 1000, 'observed_sharpe': 0.1858, 'prob_positive': 0.598}, 'monte_carlo': {'actual_max_dd': -0.3095, 'actual_sharpe': -0.4098, 'n_simulations': 1000, 'n_trades': 54, 'p_value_max_dd': 0.713, 'p_value_sharpe': 0.434, 'simulated_sharpe_mean': -0.5325, 'simulated_sharpe_p5': -1.4974, 'simulated_sharpe_p95': -0.0698, 'simulated_sharpe_std': 0.4088}}"
agent/runs/v_XA2_spygld_extended_train,v_XA2_spygld_extended_train,agent/runs/v_XA2_spygld_extended_train/run_card.json,-0.006946016666211197,-6946.016666211197,867113.0488379226,-132886.95116207737,-0.13288695116207738,-0.32258374541904283,-0.08736068904869294,-0.1046,-0.0215,0.9139,0.2988668555240793,706,4.135909891208487,-4.268797,-0.5004,12.5,1000000.0,2005-01-01,2025-06-30,1D,auto,daily,"SPY.US,GLD.US",0a406277893cf2fa1d2ea8700a8f7fae986ca2324ef985ad8050245a196c35ed,c7ce6ed1a7b845134b573b16e2de4d333d117efa24a4ac5661821a135a94466d,agent/runs/v_XA2_spygld_extended_train/config.json,agent/runs/v_XA2_spygld_extended_train/code/signal_engine.py,,"{'bootstrap': {'ci_lower': -0.4911, 'ci_upper': 0.3256, 'confidence': 0.95, 'median_sharpe': -0.0682, 'n_bootstrap': 1000, 'observed_sharpe': -0.0874, 'prob_positive': 0.367}, 'monte_carlo': {'actual_max_dd': -0.2956, 'actual_sharpe': -0.2963, 'n_simulations': 1000, 'n_trades': 706, 'p_value_max_dd': 0.688, 'p_value_sharpe': 0.69, 'simulated_sharpe_mean': -0.2789, 'simulated_sharpe_p5': -0.3377, 'simulated_sharpe_p95': -0.2195, 'simulated_sharpe_std': 0.0422}, 'walk_forward': {'consistency_rate': 0.5, 'n_windows': 4, 'profitable_windows': 2, 'return_mean': -0.02775, 'return_std': 0.088686, 'sharpe_mean': -0.1079, 'sharpe_std': 0.3176, 'windows': [{'end': '2010-02-12', 'max_dd': -0.098922, 'return': 0.072766, 'sharpe': 0.2084, 'start': '2005-01-03', 'trades': 183, 'win_rate': 0.2787, 'window': 1}, {'end': '2015-03-27', 'max_dd': -0.227759, 'return': -0.159172, 'sharpe': -0.5837, 'start': '2010-02-16', 'trades': 173, 'win_rate': 0.3353, 'window': 2}, {'end': '2020-05-08', 'max_dd': -0.090217, 'return': -0.054771, 'sharpe': -0.2072, 'start': '2015-03-30', 'trades': 184, 'win_rate': 0.2337, 'window': 3}, {'end': '2025-06-30', 'max_dd': -0.101597, 'return': 0.030178, 'sharpe': 0.1511, 'start': '2020-05-11', 'trades': 166, 'win_rate': 0.3554, 'window': 4}]}}"
agent/runs/v_Z4shuf_seed012_train,v_Z4shuf_seed012_train,agent/runs/v_Z4shuf_seed012_train/run_card.json,-0.017337721871221734,-17337.721871221733,957240.6156277083,-42759.38437229174,-0.042759384372291764,-0.5145471851036236,0.08826159714263551,0.1185,-0.0337,1.0256,0.45145631067961167,206,5.4441996931170795,-0.042759,0.0883,7.6,1000000.0,2023-01-01,2025-06-30,1D,auto,daily,"BTC-USDT,SOL-USDT",c8eeb89edc2a694ef8baf08a526d45f69173eb252606c5a79abf65213a7862a6,5680595d753976610de949c37f0568d5ff7e7db3a1f2b2545ab303b52a99c7f6,agent/runs/v_Z4shuf_seed012_train/config.json,agent/runs/v_Z4shuf_seed012_train/code/signal_engine.py,,"{'bootstrap': {'ci_lower': -1.203, 'ci_upper': 1.3652, 'confidence': 0.95, 'median_sharpe': 0.0779, 'n_bootstrap': 1000, 'observed_sharpe': 0.0884, 'prob_positive': 0.543}, 'monte_carlo': {'actual_max_dd': -0.4508, 'actual_sharpe': 0.2021, 'n_simulations': 1000, 'n_trades': 206, 'p_value_max_dd': 0.83, 'p_value_sharpe': 0.959, 'simulated_sharpe_mean': 0.4298, 'simulated_sharpe_p5': 0.2454, 'simulated_sharpe_p95': 0.5546, 'simulated_sharpe_std': 0.1048}, 'walk_forward': {'consistency_rate': 0.5, 'n_windows': 4, 'profitable_windows': 2, 'return_mean': 0.024298, 'return_std': 0.1443, 'sharpe_mean': 0.1428, 'sharpe_std': 0.7936, 'windows': [{'end': '2023-08-16', 'max_dd': -0.283924, 'return': 0.074383, 'sharpe': 0.5154, 'start': '2023-01-01', 'trades': 49, 'win_rate': 0.4694, 'window': 1}, {'end': '2024-03-31', 'max_dd': -0.269594, 'return': -0.157932, 'sharpe': -0.9374, 'start': '2023-08-17', 'trades': 60, 'win_rate': 0.4, 'window': 2}, {'end': '2024-11-14', 'max_dd': -0.206342, 'return': 0.22973, 'sharpe': 1.1906, 'start': '2024-04-01', 'trades': 46, 'win_rate': 0.4565, 'window': 3}, {'end': '2025-06-30', 'max_dd': -0.170419, 'return': -0.04899, 'sharpe': -0.1975, 'start': '2024-11-15', 'trades': 51, 'win_rate': 0.4902, 'window': 4}]}}"
agent/runs/v_Z4shuf_seed048_train,v_Z4shuf_seed048_train,agent/runs/v_Z4shuf_seed048_train/run_card.json,-0.022058613103354552,-22058.613103354553,945791.3445086158,-54208.65549138421,-0.054208655491384206,-0.5439434305710341,0.0962345522917155,0.1235,-0.0406,1.0113,0.5,178,5.4441996931170795,-0.054209,0.0962,8.8,1000000.0,2023-01-01,2025-06-30,1D,auto,daily,"BTC-USDT,SOL-USDT",8a7708c7e61d2c3d7421b447d9913a39cfc320fcd102104758f5d3542795f4ca,5680595d753976610de949c37f0568d5ff7e7db3a1f2b2545ab303b52a99c7f6,agent/runs/v_Z4shuf_seed048_train/config.json,agent/runs/v_Z4shuf_seed048_train/code/signal_engine.py,,"{'bootstrap': {'ci_lower': -1.2164, 'ci_upper': 1.3485, 'confidence': 0.95, 'median_sharpe': 0.0873, 'n_bootstrap': 1000, 'observed_sharpe': 0.0963, 'prob_positive': 0.564}, 'monte_carlo': {'actual_max_dd': -0.4904, 'actual_sharpe': 0.0451, 'n_simulations': 1000, 'n_trades': 178, 'p_value_max_dd': 0.961, 'p_value_sharpe': 0.976, 'simulated_sharpe_mean': 0.3307, 'simulated_sharpe_p5': 0.1765, 'simulated_sharpe_p95': 0.4762, 'simulated_sharpe_std': 0.1268}, 'walk_forward': {'consistency_rate': 0.75, 'n_windows': 4, 'profitable_windows': 3, 'return_mean': 0.005779, 'return_std': 0.147912, 'sharpe_mean': 0.2209, 'sharpe_std': 0.644, 'windows': [{'end': '2023-08-16', 'max_dd': -0.243339, 'return': 0.01804, 'sharpe': 0.2445, 'start': '2023-01-01', 'trades': 34, 'win_rate': 0.4412, 'window': 1}, {'end': '2024-03-31', 'max_dd': -0.391912, 'return': -0.208186, 'sharpe': -0.6627, 'start': '2023-08-17', 'trades': 51, 'win_rate': 0.4902, 'window': 2}, {'end': '2024-11-14', 'max_dd': -0.173446, 'return': 0.003583, 'sharpe': 0.1469, 'start': '2024-04-01', 'trades': 44, 'win_rate': 0.5, 'window': 3}, {'end': '2025-06-30', 'max_dd': -0.153012, 'return': 0.209679, 'sharpe': 1.1547, 'start': '2024-11-15', 'trades': 49, 'win_rate': 0.551, 'window': 4}]}}"
agent/runs/v_Z4shuf_seed019_train,v_Z4shuf_seed019_train,agent/runs/v_Z4shuf_seed019_train/run_card.json,-0.027367352216465468,-27367.352216465468,933014.9795324339,-66985.0204675661,-0.06698502046756605,-0.3573883849867851,0.0796966196546661,0.0973,-0.0766,1.0027,0.532967032967033,182,5.4441996931170795,-0.066985,0.0797,8.6,1000000.0,2023-01-01,2025-06-30,1D,auto,daily,"BTC-USDT,SOL-USDT",1424a49d8d46a180cf9a4becca63755bc54cee45f3c59d6e6bfada26b0db4a89,5680595d753976610de949c37f0568d5ff7e7db3a1f2b2545ab303b52a99c7f6,agent/runs/v_Z4shuf_seed019_train/config.json,agent/runs/v_Z4shuf_seed019_train/code/signal_engine.py,,"{'bootstrap': {'ci_lower': -1.1451, 'ci_upper': 1.2259, 'confidence': 0.95, 'median_sharpe': 0.0627, 'n_bootstrap': 1000, 'observed_sharpe': 0.0798, 'prob_positive': 0.547}, 'monte_carlo': {'actual_max_dd': -0.337, 'actual_sharpe': 0.2758, 'n_simulations': 1000, 'n_trades': 182, 'p_value_max_dd': 0.647, 'p_value_sharpe': 0.563, 'simulated_sharpe_mean': 0.2828, 'simulated_sharpe_p5': 0.048, 'simulated_sharpe_p95': 0.4191, 'simulated_sharpe_std': 0.1282}, 'walk_forward': {'consistency_rate': 0.5, 'n_windows': 4, 'profitable_windows': 2, 'return_mean': -0.010206, 'return_std': 0.096452, 'sharpe_mean': -0.0383, 'sharpe_std': 0.6316, 'windows': [{'end': '2023-08-16', 'max_dd': -0.199285, 'return': -0.158627, 'sharpe': -1.0888, 'start': '2023-01-01', 'trades': 47, 'win_rate': 0.4681, 'window': 1}, {'end': '2024-03-31', 'max_dd': -0.241286, 'return': 0.110201, 'sharpe': 0.5928, 'start': '2023-08-17', 'trades': 39, 'win_rate': 0.5897, 'window': 2}, {'end': '2024-11-14', 'max_dd': -0.26422, 'return': -0.008295, 'sharpe': 0.1164, 'start': '2024-04-01', 'trades': 49, 'win_rate': 0.6327, 'window': 3}, {'end': '2025-06-30', 'max_dd': -0.157496, 'return': 0.015897, 'sharpe': 0.2262, 'start': '2024-11-15', 'trades': 47, 'win_rate': 0.4468, 'window': 4}]}}"
agent/runs/v_Z4shuf_seed005_train,v_Z4shuf_seed005_train,agent/runs/v_Z4shuf_seed005_train/run_card.json,-0.028319873189858513,-28319.873189858514,930733.6000327956,-69266.39996720443,-0.0692663999672044,-0.4111465751144205,0.07421400663279894,0.0957,-0.0689,1.0103,0.48044692737430167,179,5.4441996931170795,-0.069266,0.0742,8.7,1000000.0,2023-01-01,2025-06-30,1D,auto,daily,"BTC-USDT,SOL-USDT",c141f4bda62d61a651100123a853dd030736c9667d33a1a91bf16ce7da1cca89,5680595d753976610de949c37f0568d5ff7e7db3a1f2b2545ab303b52a99c7f6,agent/runs/v_Z4shuf_seed005_train/config.json,agent/runs/v_Z4shuf_seed005_train/code/signal_engine.py,,"{'bootstrap': {'ci_lower': -1.2226, 'ci_upper': 1.2077, 'confidence': 0.95, 'median_sharpe': 0.078, 'n_bootstrap': 1000, 'observed_sharpe': 0.0743, 'prob_positive': 0.558}, 'monte_carlo': {'actual_max_dd': -0.3544, 'actual_sharpe': 0.0771, 'n_simulations': 1000, 'n_trades': 179, 'p_value_max_dd': 0.216, 'p_value_sharpe': 0.995, 'simulated_sharpe_mean': 0.4626, 'simulated_sharpe_p5': 0.2783, 'simulated_sharpe_p95': 0.641, 'simulated_sharpe_std': 0.1338}, 'walk_forward': {'consistency_rate': 0.25, 'n_windows': 4, 'profitable_windows': 1, 'return_mean': 0.009947, 'return_std': 0.192665, 'sharpe_mean': 0.1314, 'sharpe_std': 1.0196, 'windows': [{'end': '2023-08-16', 'max_dd': -0.304655, 'return': -0.029878, 'sharpe': 0.0915, 'start': '2023-01-01', 'trades': 32, 'win_rate': 0.4375, 'window': 1}, {'end': '2024-03-31', 'max_dd': -0.091202, 'return': 0.335578, 'sharpe': 1.7988, 'start': '2023-08-17', 'trades': 54, 'win_rate': 0.5, 'window': 2}, {'end': '2024-11-14', 'max_dd': -0.348903, 'return': -0.130112, 'sharpe': -0.5206, 'start': '2024-04-01', 'trades': 56, 'win_rate': 0.4821, 'window': 3}, {'end': '2025-06-30', 'max_dd': -0.178818, 'return': -0.135798, 'sharpe': -0.8441, 'start': '2024-11-15', 'trades': 37, 'win_rate': 0.4865, 'window': 4}]}}"
agent/runs/v_Z4shuf_seed056_train,v_Z4shuf_seed056_train,agent/runs/v_Z4shuf_seed056_train/run_card.json,-0.03503540054983478,-35035.40054983478,914744.2120568929,-85255.78794310708,-0.08525578794310706,-0.4086700081854714,0.03617018948434109,0.0435,-0.0857,0.9776,0.5423728813559322,177,5.4441996931170795,-0.085256,0.0362,8.8,1000000.0,2023-01-01,2025-06-30,1D,auto,daily,"BTC-USDT,SOL-USDT",7cdc58f38848a10a09894009df9d3e40adceb53dae44c86509a937a2438c1792,5680595d753976610de949c37f0568d5ff7e7db3a1f2b2545ab303b52a99c7f6,agent/runs/v_Z4shuf_seed056_train/config.json,agent/runs/v_Z4shuf_seed056_train/code/signal_engine.py,,"{'bootstrap': {'ci_lower': -1.1816, 'ci_upper': 1.4514, 'confidence': 0.95, 'median_sharpe': 0.0659, 'n_bootstrap': 1000, 'observed_sharpe': 0.0362, 'prob_positive': 0.535}, 'monte_carlo': {'actual_max_dd': -0.315, 'actual_sharpe': 0.3494, 'n_simulations': 1000, 'n_trades': 177, 'p_value_max_dd': 0.712, 'p_value_sharpe': 0.019, 'simulated_sharpe_mean': 0.1136, 'simulated_sharpe_p5': -0.0644, 'simulated_sharpe_p95': 0.2994, 'simulated_sharpe_std': 0.1148}, 'walk_forward': {'consistency_rate': 0.5, 'n_windows': 4, 'profitable_windows': 2, 'return_mean': -0.020051, 'return_std': 0.163701, 'sharpe_mean': -0.1197, 'sharpe_std': 0.9364, 'windows': [{'end': '2023-08-16', 'max_dd': -0.391072, 'return': -0.245147, 'sharpe': -1.3834, 'start': '2023-01-01', 'trades': 52, 'win_rate': 0.5962, 'window': 1}, {'end': '2024-03-31', 'max_dd': -0.149692, 'return': 0.091962, 'sharpe': 0.7413, 'start': '2023-08-17', 'trades': 42, 'win_rate': 0.5238, 'window': 2}, {'end': '2024-11-14', 'max_dd': -0.130063, 'return': -0.100593, 'sharpe': -0.6558, 'start': '2024-04-01', 'trades': 47, 'win_rate': 0.5106, 'window': 3}, {'end': '2025-06-30', 'max_dd': -0.282223, 'return': 0.173573, 'sharpe': 0.8192, 'start': '2024-11-15', 'trades': 36, 'win_rate': 0.5278, 'window': 4}]}}"
agent/runs/v_EF1_ensemble9_train,v_EF1_ensemble9_train,agent/runs/v_EF1_ensemble9_train/run_card.json,-0.040906902642056875,-40906.90264205688,937070.7224181527,-62929.27758184727,-0.0629292775818473,-0.350623191671775,0.0400358837082142,0.0477,-0.1167,0.9982,0.255125284738041,878,-0.462175,0.399246,0.2027,23.9,1000000.0,2024-12-10,2026-06-30,4H,ccxt,daily,"BTC-USDC:USDC,DOGE-USDC:USDC,ETH-USDC:USDC,HYPE-USDC:USDC,NEAR-USDC:USDC,SOL-USDC:USDC,TON-USDC:USDC,WLD-USDC:USDC,XRP-USDC:USDC",7c66ed25b3cff825bf571e4f13c30d6fd4976dc045e63787bdfd2b584683bb5a,43b98482af02ca77187716c050444f4f52a44a78761c6af8fbb3e74e44dc392f,agent/runs/v_EF1_ensemble9_train/config.json,agent/runs/v_EF1_ensemble9_train/code/signal_engine.py,,"{'bootstrap': {'ci_lower': -1.5393, 'ci_upper': 1.4996, 'confidence': 0.95, 'median_sharpe': 0.0279, 'n_bootstrap': 1000, 'observed_sharpe': 0.04, 'prob_positive': 0.515}, 'monte_carlo': {'actual_max_dd': -0.2753, 'actual_sharpe': 0.0844, 'n_simulations': 1000, 'n_trades': 878, 'p_value_max_dd': 0.936, 'p_value_sharpe': 0.94, 'simulated_sharpe_mean': 0.1428, 'simulated_sharpe_p5': 0.0686, 'simulated_sharpe_p95': 0.1868, 'simulated_sharpe_std': 0.0535}, 'walk_forward': {'consistency_rate': 0.25, 'n_windows': 4, 'profitable_windows': 1, 'return_mean': -0.012669, 'return_std': 0.062155, 'sharpe_mean': 0.0187, 'sharpe_std': 0.4053, 'windows': [{'end': '2025-04-30', 'max_dd': 0.0, 'return': 0.0, 'sharpe': 0.0, 'start': '2024-12-10', 'trades': 0, 'win_rate': 0.0, 'window': 1}, {'end': '2025-09-19', 'max_dd': -0.202372, 'return': -0.0405, 'sharpe': -0.1779, 'start': '2025-05-01', 'trades': 297, 'win_rate': 0.2559, 'window': 2}, {'end': '2026-02-08', 'max_dd': -0.266799, 'return': 0.079775, 'sharpe': 0.6717, 'start': '2025-09-20', 'trades': 256, 'win_rate': 0.2656, 'window': 3}, {'end': '2026-06-30', 'max_dd': -0.252554, 'return': -0.089949, 'sharpe': -0.419, 'start': '2026-02-09', 'trades': 325, 'win_rate': 0.2462, 'window': 4}]}}"
agent/runs/v_Z4shuf_seed023_train,v_Z4shuf_seed023_train,agent/runs/v_Z4shuf_seed023_train/run_card.json,-0.04458949903682041,-44589.49903682041,892282.063139115,-107717.936860885,-0.10771793686088504,-0.5221702831854865,0.022291146249153338,0.0295,-0.0854,0.9936,0.4853801169590643,171,5.4441996931170795,-0.107718,0.0223,9.2,1000000.0,2023-01-01,2025-06-30,1D,auto,daily,"BTC-USDT,SOL-USDT",d40e7048a1432e7f31fa6c372c63e6b8fabb653a92fc266233ec165fb4da7753,5680595d753976610de949c37f0568d5ff7e7db3a1f2b2545ab303b52a99c7f6,agent/runs/v_Z4shuf_seed023_train/config.json,agent/runs/v_Z4shuf_seed023_train/code/signal_engine.py,,"{'bootstrap': {'ci_lower': -1.2092, 'ci_upper': 1.2014, 'confidence': 0.95, 'median_sharpe': 0.0088, 'n_bootstrap': 1000, 'observed_sharpe': 0.0223, 'prob_positive': 0.507}, 'monte_carlo': {'actual_max_dd': -0.4214, 'actual_sharpe': 0.0622, 'n_simulations': 1000, 'n_trades': 171, 'p_value_max_dd': 0.226, 'p_value_sharpe': 0.984, 'simulated_sharpe_mean': 0.5644, 'simulated_sharpe_p5': 0.3078, 'simulated_sharpe_p95': 1.0171, 'simulated_sharpe_std': 0.3051}, 'walk_forward': {'consistency_rate': 0.25, 'n_windows': 4, 'profitable_windows': 1, 'return_mean': -0.006332, 'return_std': 0.233534, 'sharpe_mean': -0.1753, 'sharpe_std': 1.1725, 'windows': [{'end': '2023-08-16', 'max_dd': -0.150669, 'return': 0.384138, 'sharpe': 1.6295, 'start': '2023-01-01', 'trades': 49, 'win_rate': 0.5102, 'window': 1}, {'end': '2024-03-31', 'max_dd': -0.280299, 'return': -0.04768, 'sharpe': 0.015, 'start': '2023-08-17', 'trades': 49, 'win_rate': 0.4898, 'window': 2}, {'end': '2024-11-14', 'max_dd': -0.282954, 'return': -0.141949, 'sharpe': -0.8442, 'start': '2024-04-01', 'trades': 42, 'win_rate': 0.4762, 'window': 3}, {'end': '2025-06-30', 'max_dd': -0.243526, 'return': -0.219836, 'sharpe': -1.5014, 'start': '2024-11-15', 'trades': 31, 'win_rate': 0.4516, 'window': 4}]}}"
agent/runs/v_Z4shuf_seed013_train,v_Z4shuf_seed013_train,agent/runs/v_Z4shuf_seed013_train/run_card.json,-0.04985577281736264,-49855.772817362646,880043.7448163802,-119956.2551836198,-0.11995625518361974,-0.434224121902889,-0.005486856033603494,-0.0069,-0.1148,0.9815,0.5343915343915344,189,5.4441996931170795,-0.119956,-0.0055,8.3,1000000.0,2023-01-01,2025-06-30,1D,auto,daily,"BTC-USDT,SOL-USDT",25651f739c1f7e5ad5b1c93a0b11670f129f0aa5e557aaf6ba643d08ea972bdb,5680595d753976610de949c37f0568d5ff7e7db3a1f2b2545ab303b52a99c7f6,agent/runs/v_Z4shuf_seed013_train/config.json,agent/runs/v_Z4shuf_seed013_train/code/signal_engine.py,,"{'bootstrap': {'ci_lower': -1.3231, 'ci_upper': 1.1291, 'confidence': 0.95, 'median_sharpe': -0.0137, 'n_bootstrap': 1000, 'observed_sharpe': -0.0055, 'prob_positive': 0.49}, 'monte_carlo': {'actual_max_dd': -0.3403, 'actual_sharpe': -0.1471, 'n_simulations': 1000, 'n_trades': 189, 'p_value_max_dd': 0.041, 'p_value_sharpe': 0.998, 'simulated_sharpe_mean': 0.3697, 'simulated_sharpe_p5': 0.1866, 'simulated_sharpe_p95': 0.6006, 'simulated_sharpe_std': 0.17}, 'walk_forward': {'consistency_rate': 0.5, 'n_windows': 4, 'profitable_windows': 2, 'return_mean': 0.004603, 'return_std': 0.176087, 'sharpe_mean': 0.2194, 'sharpe_std': 0.9858, 'windows': [{'end': '2023-08-16', 'max_dd': -0.180184, 'return': 0.116044, 'sharpe': 0.7475, 'start': '2023-01-01', 'trades': 42, 'win_rate': 0.5, 'window': 1}, {'end': '2024-03-31', 'max_dd': -0.343278, 'return': -0.106614, 'sharpe': -0.2729, 'start': '2023-08-17', 'trades': 45, 'win_rate': 0.5556, 'window': 2}, {'end': '2024-11-14', 'max_dd': -0.118683, 'return': 0.227246, 'sharpe': 1.4985, 'start': '2024-04-01', 'trades': 57, 'win_rate': 0.5965, 'window': 3}, {'end': '2025-06-30', 'max_dd': -0.328967, 'return': -0.218262, 'sharpe': -1.0957, 'start': '2024-11-15', 'trades': 45, 'win_rate': 0.4667, 'window': 4}]}}"
agent/runs/v_Z4shuf_seed052_train,v_Z4shuf_seed052_train,agent/runs/v_Z4shuf_seed052_train/run_card.json,-0.050005386444415434,-50005.38644441543,879697.5372081876,-120302.46279181237,-0.12030246279181234,-0.48489487954069177,-0.016722822215112572,-0.0198,-0.1031,0.9797,0.5227272727272727,176,5.4441996931170795,-0.120302,-0.0167,8.9,1000000.0,2023-01-01,2025-06-30,1D,auto,daily,"BTC-USDT,SOL-USDT",f16c40fed92c8373fcbc21d86b13c8b6a7d2a09cdfa20347c87b0b1cd9ba9d9b,5680595d753976610de949c37f0568d5ff7e7db3a1f2b2545ab303b52a99c7f6,agent/runs/v_Z4shuf_seed052_train/config.json,agent/runs/v_Z4shuf_seed052_train/code/signal_engine.py,,"{'bootstrap': {'ci_lower': -1.1589, 'ci_upper': 1.1363, 'confidence': 0.95, 'median_sharpe': -0.0343, 'n_bootstrap': 1000, 'observed_sharpe': -0.0167, 'prob_positive': 0.479}, 'monte_carlo': {'actual_max_dd': -0.4675, 'actual_sharpe': -0.0689, 'n_simulations': 1000, 'n_trades': 176, 'p_value_max_dd': 0.66, 'p_value_sharpe': 0.989, 'simulated_sharpe_mean': 0.3128, 'simulated_sharpe_p5': 0.111, 'simulated_sharpe_p95': 0.5705, 'simulated_sharpe_std': 0.1583}, 'walk_forward': {'consistency_rate': 0.25, 'n_windows': 4, 'profitable_windows': 1, 'return_mean': 0.027042, 'return_std': 0.37852, 'sharpe_mean': 0.1266, 'sharpe_std': 1.9623, 'windows': [{'end': '2023-08-16', 'max_dd': -0.484895, 'return': -0.208054, 'sharpe': -0.7675, 'start': '2023-01-01', 'trades': 43, 'win_rate': 0.5349, 'window': 1}, {'end': '2024-03-31', 'max_dd': -0.068402, 'return': 0.671192, 'sharpe': 3.4007, 'start': '2023-08-17', 'trades': 37, 'win_rate': 0.6216, 'window': 2}, {'end': '2024-11-14', 'max_dd': -0.259524, 'return': -0.07939, 'sharpe': -0.3387, 'start': '2024-04-01', 'trades': 44, 'win_rate': 0.5227, 'window': 3}, {'end': '2025-06-30', 'max_dd': -0.334696, 'return': -0.275582, 'sharpe': -1.7883, 'start': '2024-11-15', 'trades': 52, 'win_rate': 0.4423, 'window': 4}]}}"
agent/runs/v_Z4shuf_seed055_train,v_Z4shuf_seed055_train,agent/runs/v_Z4shuf_seed055_train/run_card.json,-0.054741095387471184,-54741.095387471185,868781.2414962859,-131218.7585037141,-0.13121875850371412,-0.3954003154737526,-0.08648786217627297,-0.1131,-0.1384,0.949,0.4973821989528796,191,5.4441996931170795,-0.131219,-0.0865,8.2,1000000.0,2023-01-01,2025-06-30,1D,auto,daily,"BTC-USDT,SOL-USDT",94e036eacdd55a23b4a403e746339a6dfe09aeabd7a22fc41cc53e499b85638c,5680595d753976610de949c37f0568d5ff7e7db3a1f2b2545ab303b52a99c7f6,agent/runs/v_Z4shuf_seed055_train/config.json,agent/runs/v_Z4shuf_seed055_train/code/signal_engine.py,,"{'bootstrap': {'ci_lower': -1.2922, 'ci_upper': 1.1616, 'confidence': 0.95, 'median_sharpe': -0.1131, 'n_bootstrap': 1000, 'observed_sharpe': -0.0866, 'prob_positive': 0.429}, 'monte_carlo': {'actual_max_dd': -0.3743, 'actual_sharpe': 0.1235, 'n_simulations': 1000, 'n_trades': 191, 'p_value_max_dd': 0.754, 'p_value_sharpe': 0.085, 'simulated_sharpe_mean': -0.0059, 'simulated_sharpe_p5': -0.1689, 'simulated_sharpe_p95': 0.1821, 'simulated_sharpe_std': 0.1252}, 'walk_forward': {'consistency_rate': 0.5, 'n_windows': 4, 'profitable_windows': 2, 'return_mean': -0.001059, 'return_std': 0.218548, 'sharpe_mean': -0.0174, 'sharpe_std': 1.4314, 'windows': [{'end': '2023-08-16', 'max_dd': -0.273202, 'return': -0.19588, 'sharpe': -1.5109, 'start': '2023-01-01', 'trades': 46, 'win_rate': 0.413, 'window': 1}, {'end': '2024-03-31', 'max_dd': -0.180428, 'return': 0.175603, 'sharpe': 1.0607, 'start': '2023-08-17', 'trades': 44, 'win_rate': 0.5, 'window': 2}, {'end': '2024-11-14', 'max_dd': -0.288812, 'return': -0.23868, 'sharpe': -1.3454, 'start': '2024-04-01', 'trades': 56, 'win_rate': 0.4643, 'window': 3}, {'end': '2025-06-30', 'max_dd': -0.083955, 'return': 0.254723, 'sharpe': 1.7258, 'start': '2024-11-15', 'trades': 45, 'win_rate': 0.6222, 'window': 4}]}}"
agent/runs/v_Z4shuf_seed021_train,v_Z4shuf_seed021_train,agent/runs/v_Z4shuf_seed021_train/run_card.json,-0.06422079272867232,-64220.79272867231,847174.6778611024,-152825.3221388976,-0.15282532213889766,-0.4264484362515751,-0.06899690171945609,-0.0827,-0.1506,0.9635,0.5083798882681564,179,5.4441996931170795,-0.152825,-0.069,8.8,1000000.0,2023-01-01,2025-06-30,1D,auto,daily,"BTC-USDT,SOL-USDT",f983510eb9eb4b50953144afa0225e3293f252fb2a507c691036becdb1529374,5680595d753976610de949c37f0568d5ff7e7db3a1f2b2545ab303b52a99c7f6,agent/runs/v_Z4shuf_seed021_train/config.json,agent/runs/v_Z4shuf_seed021_train/code/signal_engine.py,,"{'bootstrap': {'ci_lower': -1.3053, 'ci_upper': 1.2293, 'confidence': 0.95, 'median_sharpe': -0.0623, 'n_bootstrap': 1000, 'observed_sharpe': -0.0691, 'prob_positive': 0.457}, 'monte_carlo': {'actual_max_dd': -0.3715, 'actual_sharpe': -0.2679, 'n_simulations': 1000, 'n_trades': 179, 'p_value_max_dd': 0.215, 'p_value_sharpe': 0.991, 'simulated_sharpe_mean': 0.254, 'simulated_sharpe_p5': 0.0443, 'simulated_sharpe_p95': 0.5187, 'simulated_sharpe_std': 0.1666}, 'walk_forward': {'consistency_rate': 0.5, 'n_windows': 4, 'profitable_windows': 2, 'return_mean': -0.008398, 'return_std': 0.189363, 'sharpe_mean': 0.0043, 'sharpe_std': 0.9778, 'windows': [{'end': '2023-08-16', 'max_dd': -0.290903, 'return': 0.130121, 'sharpe': 0.7697, 'start': '2023-01-01', 'trades': 38, 'win_rate': 0.5526, 'window': 1}, {'end': '2024-03-31', 'max_dd': -0.163411, 'return': 0.193923, 'sharpe': 1.112, 'start': '2023-08-17', 'trades': 50, 'win_rate': 0.52, 'window': 2}, {'end': '2024-11-14', 'max_dd': -0.370087, 'return': -0.291124, 'sharpe': -1.2908, 'start': '2024-04-01', 'trades': 54, 'win_rate': 0.4815, 'window': 3}, {'end': '2025-06-30', 'max_dd': -0.180662, 'return': -0.066513, 'sharpe': -0.5736, 'start': '2024-11-15', 'trades': 37, 'win_rate': 0.4865, 'window': 4}]}}"
agent/runs/20260630_133628_27_1bf132/agent/runs/semi_momentum_rebuild_20260630/1h,1h,agent/runs/20260630_133628_27_1bf132/agent/runs/semi_momentum_rebuild_20260630/1h/run_card.json,-0.06508025490246294,-65080.25490246294,905711.5163303737,-94288.4836696263,-0.09428848366962628,-0.22318885118513854,-0.44893607364995497,-0.2123,-0.2916,0.8331,0.4336283185840708,113,1.853905,-1.948194,-1.8952,2.6,1000000.0,2025-01-01,2026-06-30,1H,auto,daily,"NVDA.US,AMD.US,AVGO.US,TSM.US,SOXL.US,SOXX.US,SMH.US,QQQ.US",8629ea78e99dc67cc96ff3a8a325aa44409700fd00e9dae671fdfe6ea4c2c3f0,ac6addce62a22c4bec32f898289384d5189d88fd1c652be6386a305d73a67288,agent/runs/20260630_133628_27_1bf132/agent/runs/semi_momentum_rebuild_20260630/1h/config.json,agent/runs/20260630_133628_27_1bf132/agent/runs/semi_momentum_rebuild_20260630/1h/code/signal_engine.py,,"{'monte_carlo': {'actual_max_dd': -0.2232, 'actual_sharpe': -0.7602, 'n_simulations': 1000, 'n_trades': 113, 'p_value_max_dd': 0.864, 'p_value_sharpe': 0.218, 'simulated_sharpe_mean': -0.8584, 'simulated_sharpe_p5': -1.118, 'simulated_sharpe_p95': -0.6466, 'simulated_sharpe_std': 0.1609}}"
agent/runs/v_Z4shuf_seed015_train,v_Z4shuf_seed015_train,agent/runs/v_Z4shuf_seed015_train/run_card.json,-0.06584256728229898,-65842.56728229899,843510.910881098,-156489.089118902,-0.15648908911890202,-0.5421441777579032,-0.025900729342157758,-0.0304,-0.1214,0.9434,0.5376344086021505,186,5.4441996931170795,-0.156489,-0.0259,8.5,1000000.0,2023-01-01,2025-06-30,1D,auto,daily,"BTC-USDT,SOL-USDT",92ddb74696f6a8452f8d16df2f0b930bc8183e43268eb8482bf40c6fb9bf1832,5680595d753976610de949c37f0568d5ff7e7db3a1f2b2545ab303b52a99c7f6,agent/runs/v_Z4shuf_seed015_train/config.json,agent/runs/v_Z4shuf_seed015_train/code/signal_engine.py,,"{'bootstrap': {'ci_lower': -1.2249, 'ci_upper': 1.216, 'confidence': 0.95, 'median_sharpe': -0.0566, 'n_bootstrap': 1000, 'observed_sharpe': -0.0259, 'prob_positive': 0.467}, 'monte_carlo': {'actual_max_dd': -0.4316, 'actual_sharpe': -0.2575, 'n_simulations': 1000, 'n_trades': 186, 'p_value_max_dd': 0.626, 'p_value_sharpe': 0.992, 'simulated_sharpe_mean': 0.114, 'simulated_sharpe_p5': -0.0627, 'simulated_sharpe_p95': 0.3378, 'simulated_sharpe_std': 0.152}, 'walk_forward': {'consistency_rate': 0.25, 'n_windows': 4, 'profitable_windows': 1, 'return_mean': -0.031979, 'return_std': 0.054613, 'sharpe_mean': -0.0684, 'sharpe_std': 0.3592, 'windows': [{'end': '2023-08-16', 'max_dd': -0.374834, 'return': -0.000223, 'sharpe': 0.2348, 'start': '2023-01-01', 'trades': 38, 'win_rate': 0.6053, 'window': 1}, {'end': '2024-03-31', 'max_dd': -0.137702, 'return': -0.057672, 'sharpe': -0.4509, 'start': '2023-08-17', 'trades': 50, 'win_rate': 0.52, 'window': 2}, {'end': '2024-11-14', 'max_dd': -0.275462, 'return': 0.036556, 'sharpe': 0.3419, 'start': '2024-04-01', 'trades': 53, 'win_rate': 0.5472, 'window': 3}, {'end': '2025-06-30', 'max_dd': -0.315101, 'return': -0.106576, 'sharpe': -0.3992, 'start': '2024-11-15', 'trades': 45, 'win_rate': 0.4889, 'window': 4}]}}"
agent/runs/v_Z4shuf_seed034_train,v_Z4shuf_seed034_train,agent/runs/v_Z4shuf_seed034_train/run_card.json,-0.06741101237854874,-67411.01237854874,839976.6764772567,-160023.3235227433,-0.1600233235227433,-0.5851088225376414,-0.05892374778382731,-0.0666,-0.1152,0.9533,0.4627659574468085,188,5.4441996931170795,-0.160023,-0.0589,8.3,1000000.0,2023-01-01,2025-06-30,1D,auto,daily,"BTC-USDT,SOL-USDT",7f821910f43e26c1ea9bc0aded13d446161ae159edc6791251624d1e2984dc3a,5680595d753976610de949c37f0568d5ff7e7db3a1f2b2545ab303b52a99c7f6,agent/runs/v_Z4shuf_seed034_train/config.json,agent/runs/v_Z4shuf_seed034_train/code/signal_engine.py,,"{'bootstrap': {'ci_lower': -1.3075, 'ci_upper': 1.1271, 'confidence': 0.95, 'median_sharpe': -0.0114, 'n_bootstrap': 1000, 'observed_sharpe': -0.059, 'prob_positive': 0.494}, 'monte_carlo': {'actual_max_dd': -0.542, 'actual_sharpe': 0.1522, 'n_simulations': 1000, 'n_trades': 188, 'p_value_max_dd': 0.781, 'p_value_sharpe': 0.681, 'simulated_sharpe_mean': 0.2346, 'simulated_sharpe_p5': 0.0086, 'simulated_sharpe_p95': 0.5126, 'simulated_sharpe_std': 0.1813}, 'walk_forward': {'consistency_rate': 0.75, 'n_windows': 4, 'profitable_windows': 3, 'return_mean': -0.01002, 'return_std': 0.257444, 'sharpe_mean': 0.1423, 'sharpe_std': 1.4456, 'windows': [{'end': '2023-08-16', 'max_dd': -0.158931, 'return': 0.138757, 'sharpe': 0.9944, 'start': '2023-01-01', 'trades': 46, 'win_rate': 0.5, 'window': 1}, {'end': '2024-03-31', 'max_dd': -0.299313, 'return': 0.039955, 'sharpe': 0.3616, 'start': '2023-08-17', 'trades': 49, 'win_rate': 0.5306, 'window': 2}, {'end': '2024-11-14', 'max_dd': -0.475579, 'return': -0.441605, 'sharpe': -2.2656, 'start': '2024-04-01', 'trades': 49, 'win_rate': 0.3673, 'window': 3}, {'end': '2025-06-30', 'max_dd': -0.146543, 'return': 0.222815, 'sharpe': 1.4789, 'start': '2024-11-15', 'trades': 44, 'win_rate': 0.4545, 'window': 4}]}}"
agent/runs/v_Z4shuf_seed059_train,v_Z4shuf_seed059_train,agent/runs/v_Z4shuf_seed059_train/run_card.json,-0.06816132742072967,-68161.32742072966,838289.110706332,-161710.88929366798,-0.16171088929366795,-0.4765043291717171,-0.07020615187149305,-0.0851,-0.143,0.9631,0.5402298850574713,174,5.4441996931170795,-0.161711,-0.0702,9.0,1000000.0,2023-01-01,2025-06-30,1D,auto,daily,"BTC-USDT,SOL-USDT",ce193711d3151212ec8fa999c4918dbb15c122cea0d566c1cd89a36064f821f0,5680595d753976610de949c37f0568d5ff7e7db3a1f2b2545ab303b52a99c7f6,agent/runs/v_Z4shuf_seed059_train/config.json,agent/runs/v_Z4shuf_seed059_train/code/signal_engine.py,,"{'bootstrap': {'ci_lower': -1.2908, 'ci_upper': 1.1811, 'confidence': 0.95, 'median_sharpe': -0.0786, 'n_bootstrap': 1000, 'observed_sharpe': -0.0703, 'prob_positive': 0.444}, 'monte_carlo': {'actual_max_dd': -0.4186, 'actual_sharpe': 0.157, 'n_simulations': 1000, 'n_trades': 174, 'p_value_max_dd': 0.342, 'p_value_sharpe': 0.787, 'simulated_sharpe_mean': 0.2842, 'simulated_sharpe_p5': 0.0532, 'simulated_sharpe_p95': 0.6004, 'simulated_sharpe_std': 0.1903}, 'walk_forward': {'consistency_rate': 0.5, 'n_windows': 4, 'profitable_windows': 2, 'return_mean': 0.00763, 'return_std': 0.262606, 'sharpe_mean': 0.0949, 'sharpe_std': 1.4103, 'windows': [{'end': '2023-08-16', 'max_dd': -0.139706, 'return': 0.236808, 'sharpe': 1.1907, 'start': '2023-01-01', 'trades': 42, 'win_rate': 0.5714, 'window': 1}, {'end': '2024-03-31', 'max_dd': -0.152023, 'return': 0.270255, 'sharpe': 1.6136, 'start': '2023-08-17', 'trades': 41, 'win_rate': 0.6341, 'window': 2}, {'end': '2024-11-14', 'max_dd': -0.310589, 'return': -0.109005, 'sharpe': -0.4947, 'start': '2024-04-01', 'trades': 38, 'win_rate': 0.5263, 'window': 3}, {'end': '2025-06-30', 'max_dd': -0.442645, 'return': -0.367537, 'sharpe': -1.9301, 'start': '2024-11-15', 'trades': 53, 'win_rate': 0.4528, 'window': 4}]}}"
agent/runs/v_Z4shuf_seed050_train,v_Z4shuf_seed050_train,agent/runs/v_Z4shuf_seed050_train/run_card.json,-0.07178538506111398,-71785.38506111398,830166.7266903309,-169833.2733096691,-0.16983327330966913,-0.43446516133579227,-0.14948262552616215,-0.1791,-0.1652,0.9062,0.4945054945054945,182,5.4441996931170795,-0.169833,-0.1495,8.6,1000000.0,2023-01-01,2025-06-30,1D,auto,daily,"BTC-USDT,SOL-USDT",a279cd631769acf57dd6654f17164989ffe7724d7b92f83c03290c7ac9e360f8,5680595d753976610de949c37f0568d5ff7e7db3a1f2b2545ab303b52a99c7f6,agent/runs/v_Z4shuf_seed050_train/config.json,agent/runs/v_Z4shuf_seed050_train/code/signal_engine.py,,"{'bootstrap': {'ci_lower': -1.3044, 'ci_upper': 1.166, 'confidence': 0.95, 'median_sharpe': -0.1664, 'n_bootstrap': 1000, 'observed_sharpe': -0.1496, 'prob_positive': 0.415}, 'monte_carlo': {'actual_max_dd': -0.3839, 'actual_sharpe': -0.1723, 'n_simulations': 1000, 'n_trades': 182, 'p_value_max_dd': 0.914, 'p_value_sharpe': 0.063, 'simulated_sharpe_mean': -0.3498, 'simulated_sharpe_p5': -0.5344, 'simulated_sharpe_p95': -0.1472, 'simulated_sharpe_std': 0.1238}, 'walk_forward': {'consistency_rate': 0.5, 'n_windows': 4, 'profitable_windows': 2, 'return_mean': -0.024482, 'return_std': 0.145912, 'sharpe_mean': 0.015, 'sharpe_std': 0.8943, 'windows': [{'end': '2023-08-16', 'max_dd': -0.272468, 'return': -0.210195, 'sharpe': -1.1366, 'start': '2023-01-01', 'trades': 44, 'win_rate': 0.4545, 'window': 1}, {'end': '2024-03-31', 'max_dd': -0.28262, 'return': -0.12185, 'sharpe': -0.5731, 'start': '2023-08-17', 'trades': 47, 'win_rate': 0.4894, 'window': 2}, {'end': '2024-11-14', 'max_dd': -0.182291, 'return': 0.140762, 'sharpe': 0.9663, 'start': '2024-04-01', 'trades': 39, 'win_rate': 0.5897, 'window': 3}, {'end': '2025-06-30', 'max_dd': -0.115761, 'return': 0.093354, 'sharpe': 0.8036, 'start': '2024-11-15', 'trades': 52, 'win_rate': 0.4615, 'window': 4}]}}"
agent/runs/20260630_044631_81_90164a_1d,20260630_044631_81_90164a_1d,agent/runs/20260630_044631_81_90164a_1d/run_card.json,-0.07269606099215009,-72696.06099215009,829536.8583340482,-170463.1416659518,-0.17046314166595178,-0.6053886116933185,-0.045888824893646034,-0.0438,-0.1201,0.8605,0.5142857142857142,70,0.571748,-0.742211,-0.5576,10.8,1000000.0,2024-01-01,2026-06-29,1D,auto,,"SOXL.US,SOXS.US,SOXX.US,SMH.US,QQQ.US,TQQQ.US,SQQQ.US",d1a60281f6458542a8a5ddf5924fa52eea427b980ee15384d3d705dc6d0a0a1c,ecb3a011c9e9f21bbb4e3d8a772d69b521f16e8eba5eca0ea35cbfe68b2442e6,agent/runs/20260630_044631_81_90164a_1d/config.json,agent/runs/20260630_044631_81_90164a_1d/code/signal_engine.py,,"{'monte_carlo': {'actual_max_dd': -0.5917, 'actual_sharpe': -0.8326, 'n_simulations': 1000, 'n_trades': 70, 'p_value_max_dd': 0.972, 'p_value_sharpe': 0.944, 'simulated_sharpe_mean': -0.3771, 'simulated_sharpe_p5': -0.8539, 'simulated_sharpe_p95': 0.1209, 'simulated_sharpe_std': 0.3218}}"
agent/runs/v_Z4shuf_seed009_train,v_Z4shuf_seed009_train,agent/runs/v_Z4shuf_seed009_train/run_card.json,-0.08942145001880097,-89421.45001880097,791314.7640127004,-208685.2359872996,-0.2086852359872996,-0.5108123438148462,-0.16128909312436307,-0.2036,-0.1751,0.9313,0.5130890052356021,191,5.4441996931170795,-0.208685,-0.1613,8.2,1000000.0,2023-01-01,2025-06-30,1D,auto,daily,"BTC-USDT,SOL-USDT",8810d1f88574162bde85a6461531ed1382e335338d706ab442ef36806beeb307,5680595d753976610de949c37f0568d5ff7e7db3a1f2b2545ab303b52a99c7f6,agent/runs/v_Z4shuf_seed009_train/config.json,agent/runs/v_Z4shuf_seed009_train/code/signal_engine.py,,"{'bootstrap': {'ci_lower': -1.3845, 'ci_upper': 1.1441, 'confidence': 0.95, 'median_sharpe': -0.1714, 'n_bootstrap': 1000, 'observed_sharpe': -0.1615, 'prob_positive': 0.386}, 'monte_carlo': {'actual_max_dd': -0.4543, 'actual_sharpe': -0.3561, 'n_simulations': 1000, 'n_trades': 191, 'p_value_max_dd': 0.56, 'p_value_sharpe': 0.984, 'simulated_sharpe_mean': 0.063, 'simulated_sharpe_p5': -0.1714, 'simulated_sharpe_p95': 0.375, 'simulated_sharpe_std': 0.1844}, 'walk_forward': {'consistency_rate': 0.5, 'n_windows': 4, 'profitable_windows': 2, 'return_mean': -0.030189, 'return_std': 0.218809, 'sharpe_mean': -0.0259, 'sharpe_std': 1.3155, 'windows': [{'end': '2023-08-16', 'max_dd': -0.236088, 'return': 0.115043, 'sharpe': 0.6555, 'start': '2023-01-01', 'trades': 52, 'win_rate': 0.4615, 'window': 1}, {'end': '2024-03-31', 'max_dd': -0.218546, 'return': -0.011698, 'sharpe': 0.0574, 'start': '2023-08-17', 'trades': 51, 'win_rate': 0.549, 'window': 2}, {'end': '2024-11-14', 'max_dd': -0.427618, 'return': -0.391936, 'sharpe': -2.163, 'start': '2024-04-01', 'trades': 43, 'win_rate': 0.4884, 'window': 3}, {'end': '2025-06-30', 'max_dd': -0.117992, 'return': 0.167836, 'sharpe': 1.3466, 'start': '2024-11-15', 'trades': 45, 'win_rate': 0.5556, 'window': 4}]}}"
agent/runs/v_Z4_resize_OOS_TEST,v_Z4_resize_OOS_TEST,agent/runs/v_Z4_resize_OOS_TEST/run_card.json,-0.09064008643399257,-90640.08643399258,895267.1525664208,-104732.84743357915,-0.10473284743357913,-0.24567981842389894,-0.3257514369104146,-0.4368,-0.3689,0.4439,0.21818181818181817,55,-0.39312424343287,-0.104733,-0.3258,12.9,1000000.0,2025-05-01,2026-06-30,1D,auto,daily,"BTC-USDT,SOL-USDT",87236a504a7c3f24014d65015f04edce21c71b81282a0bfcc5def135aa625690,45c828a48956ea102871ed57a381b8adbf9df60645d63e5f8843c38e6a242c25,agent/runs/v_Z4_resize_OOS_TEST/config.json,agent/runs/v_Z4_resize_OOS_TEST/code/signal_engine.py,,"{'bootstrap': {'ci_lower': -2.1985, 'ci_upper': 1.474, 'confidence': 0.95, 'median_sharpe': -0.3127, 'n_bootstrap': 1000, 'observed_sharpe': -0.3265, 'prob_positive': 0.377}, 'monte_carlo': {'actual_max_dd': -0.2029, 'actual_sharpe': -4.0719, 'n_simulations': 1000, 'n_trades': 55, 'p_value_max_dd': 0.18, 'p_value_sharpe': 0.057, 'simulated_sharpe_mean': -4.6817, 'simulated_sharpe_p5': -5.4173, 'simulated_sharpe_p95': -4.0464, 'simulated_sharpe_std': 0.5178}}"
agent/runs/v_Z4shuf_seed045_train,v_Z4shuf_seed045_train,agent/runs/v_Z4shuf_seed045_train/run_card.json,-0.09269439126924361,-92694.39126924361,784227.1269104602,-215772.87308953982,-0.21577287308953985,-0.867702553090856,0.42224043617326046,0.5282,-0.1068,0.926,0.5347593582887701,187,5.4441996931170795,-0.215773,0.4222,8.3,1000000.0,2023-01-01,2025-06-30,1D,auto,daily,"BTC-USDT,SOL-USDT",0498aa8675a70017e1ff21ffa7a92ae52a941d773e18e4121ce4700c70584936,5680595d753976610de949c37f0568d5ff7e7db3a1f2b2545ab303b52a99c7f6,agent/runs/v_Z4shuf_seed045_train/config.json,agent/runs/v_Z4shuf_seed045_train/code/signal_engine.py,,"{'bootstrap': {'ci_lower': -0.7786, 'ci_upper': 1.4634, 'confidence': 0.95, 'median_sharpe': 0.4551, 'n_bootstrap': 1000, 'observed_sharpe': 0.4227, 'prob_positive': 0.746}, 'monte_carlo': {'actual_max_dd': -0.7209, 'actual_sharpe': 0.6123, 'n_simulations': 1000, 'n_trades': 187, 'p_value_max_dd': 0.382, 'p_value_sharpe': 0.578, 'simulated_sharpe_mean': 0.7941, 'simulated_sharpe_p5': -0.9095, 'simulated_sharpe_p95': 2.0702, 'simulated_sharpe_std': 0.8025}, 'walk_forward': {'consistency_rate': 0.75, 'n_windows': 4, 'profitable_windows': 3, 'return_mean': 0.016681, 'return_std': 0.365578, 'sharpe_mean': 0.9035, 'sharpe_std': 0.6376, 'windows': [{'end': '2023-08-16', 'max_dd': -0.135292, 'return': 0.336624, 'sharpe': 1.6679, 'start': '2023-01-01', 'trades': 44, 'win_rate': 0.5455, 'window': 1}, {'end': '2024-03-31', 'max_dd': -0.867703, 'return': -0.579527, 'sharpe': 0.3226, 'start': '2023-08-17', 'trades': 40, 'win_rate': 0.525, 'window': 2}, {'end': '2024-11-14', 'max_dd': -0.142087, 'return': 0.293737, 'sharpe': 1.398, 'start': '2024-04-01', 'trades': 66, 'win_rate': 0.5303, 'window': 3}, {'end': '2025-06-30', 'max_dd': -0.162102, 'return': 0.015889, 'sharpe': 0.2255, 'start': '2024-11-15', 'trades': 37, 'win_rate': 0.5405, 'window': 4}]}}"
agent/runs/v_Z4shuf_seed027_train,v_Z4shuf_seed027_train,agent/runs/v_Z4shuf_seed027_train/run_card.json,-0.11702921098285901,-117029.21098285902,732723.1054586102,-267276.8945413898,-0.2672768945413898,-0.5577882902752157,-0.23885482346681391,-0.3145,-0.2098,0.8971,0.48333333333333334,180,5.4441996931170795,-0.267277,-0.2389,8.7,1000000.0,2023-01-01,2025-06-30,1D,auto,daily,"BTC-USDT,SOL-USDT",ba1f6de769d01394645dd73de38eff98d6bd0baf2c3fd3337d601398d38cb398,5680595d753976610de949c37f0568d5ff7e7db3a1f2b2545ab303b52a99c7f6,agent/runs/v_Z4shuf_seed027_train/config.json,agent/runs/v_Z4shuf_seed027_train/code/signal_engine.py,,"{'bootstrap': {'ci_lower': -1.4475, 'ci_upper': 0.9886, 'confidence': 0.95, 'median_sharpe': -0.2585, 'n_bootstrap': 1000, 'observed_sharpe': -0.2391, 'prob_positive': 0.332}, 'monte_carlo': {'actual_max_dd': -0.5067, 'actual_sharpe': -0.6242, 'n_simulations': 1000, 'n_trades': 180, 'p_value_max_dd': 0.684, 'p_value_sharpe': 0.996, 'simulated_sharpe_mean': -0.1105, 'simulated_sharpe_p5': -0.3911, 'simulated_sharpe_p95': 0.2817, 'simulated_sharpe_std': 0.2099}, 'walk_forward': {'consistency_rate': 0.25, 'n_windows': 4, 'profitable_windows': 1, 'return_mean': -0.045168, 'return_std': 0.301392, 'sharpe_mean': -0.3772, 'sharpe_std': 1.7459, 'windows': [{'end': '2023-08-16', 'max_dd': -0.134237, 'return': 0.453164, 'sharpe': 2.2881, 'start': '2023-01-01', 'trades': 47, 'win_rate': 0.5957, 'window': 1}, {'end': '2024-03-31', 'max_dd': -0.364311, 'return': -0.312658, 'sharpe': -2.4339, 'start': '2023-08-17', 'trades': 53, 'win_rate': 0.434, 'window': 2}, {'end': '2024-11-14', 'max_dd': -0.364621, 'return': -0.252291, 'sharpe': -1.262, 'start': '2024-04-01', 'trades': 42, 'win_rate': 0.5238, 'window': 3}, {'end': '2025-06-30', 'max_dd': -0.363911, 'return': -0.068888, 'sharpe': -0.1012, 'start': '2024-11-15', 'trades': 38, 'win_rate': 0.3684, 'window': 4}]}}"
agent/runs/v_Z4shuf_seed014_train,v_Z4shuf_seed014_train,agent/runs/v_Z4shuf_seed014_train/run_card.json,-0.12789171629925822,-127891.71629925822,710407.3392507704,-289592.6607492296,-0.2895926607492296,-0.47301598648988274,-0.2079101750907276,-0.262,-0.2704,0.8641,0.4098360655737705,183,5.4441996931170795,-0.289593,-0.2079,8.6,1000000.0,2023-01-01,2025-06-30,1D,auto,daily,"BTC-USDT,SOL-USDT",6a79e657f640e3ea2e031bd7203e713630490f92aaa46e5b0053fc076018c597,5680595d753976610de949c37f0568d5ff7e7db3a1f2b2545ab303b52a99c7f6,agent/runs/v_Z4shuf_seed014_train/config.json,agent/runs/v_Z4shuf_seed014_train/code/signal_engine.py,,"{'bootstrap': {'ci_lower': -1.4887, 'ci_upper': 1.0816, 'confidence': 0.95, 'median_sharpe': -0.2217, 'n_bootstrap': 1000, 'observed_sharpe': -0.2081, 'prob_positive': 0.358}, 'monte_carlo': {'actual_max_dd': -0.4065, 'actual_sharpe': -0.6998, 'n_simulations': 1000, 'n_trades': 183, 'p_value_max_dd': 0.186, 'p_value_sharpe': 0.984, 'simulated_sharpe_mean': -0.2171, 'simulated_sharpe_p5': -0.5518, 'simulated_sharpe_p95': 0.18, 'simulated_sharpe_std': 0.2362}, 'walk_forward': {'consistency_rate': 0.75, 'n_windows': 4, 'profitable_windows': 3, 'return_mean': -0.055463, 'return_std': 0.155686, 'sharpe_mean': -0.1406, 'sharpe_std': 0.8332, 'windows': [{'end': '2023-08-16', 'max_dd': -0.271237, 'return': 0.015031, 'sharpe': 0.2353, 'start': '2023-01-01', 'trades': 45, 'win_rate': 0.3556, 'window': 1}, {'end': '2024-03-31', 'max_dd': -0.324547, 'return': 0.014771, 'sharpe': 0.2657, 'start': '2023-08-17', 'trades': 40, 'win_rate': 0.475, 'window': 2}, {'end': '2024-11-14', 'max_dd': -0.361367, 'return': -0.32223, 'sharpe': -1.572, 'start': '2024-04-01', 'trades': 44, 'win_rate': 0.3636, 'window': 3}, {'end': '2025-06-30', 'max_dd': -0.161001, 'return': 0.070577, 'sharpe': 0.5088, 'start': '2024-11-15', 'trades': 54, 'win_rate': 0.4444, 'window': 4}]}}"
agent/runs/v_Z4shuf_seed032_train,v_Z4shuf_seed032_train,agent/runs/v_Z4shuf_seed032_train/run_card.json,-0.12796138583867023,-127961.38583867023,710265.5458744616,-289734.45412553835,-0.28973445412553833,-0.49050538744652483,-0.3517656041074234,-0.4361,-0.2609,0.8592,0.4696132596685083,181,5.4441996931170795,-0.289734,-0.3518,8.6,1000000.0,2023-01-01,2025-06-30,1D,auto,daily,"BTC-USDT,SOL-USDT",83c2861acfdd94d5d570e551623fe73a98c4f71965a3229f0ce7a0d17356124e,5680595d753976610de949c37f0568d5ff7e7db3a1f2b2545ab303b52a99c7f6,agent/runs/v_Z4shuf_seed032_train/config.json,agent/runs/v_Z4shuf_seed032_train/code/signal_engine.py,,"{'bootstrap': {'ci_lower': -1.5888, 'ci_upper': 0.8794, 'confidence': 0.95, 'median_sharpe': -0.3357, 'n_bootstrap': 1000, 'observed_sharpe': -0.3522, 'prob_positive': 0.309}, 'monte_carlo': {'actual_max_dd': -0.4335, 'actual_sharpe': -0.4019, 'n_simulations': 1000, 'n_trades': 181, 'p_value_max_dd': 0.459, 'p_value_sharpe': 0.776, 'simulated_sharpe_mean': -0.2424, 'simulated_sharpe_p5': -0.5488, 'simulated_sharpe_p95': 0.1148, 'simulated_sharpe_std': 0.2489}, 'walk_forward': {'consistency_rate': 0.5, 'n_windows': 4, 'profitable_windows': 2, 'return_mean': -0.03418, 'return_std': 0.247297, 'sharpe_mean': -0.4093, 'sharpe_std': 1.553, 'windows': [{'end': '2023-08-16', 'max_dd': -0.222086, 'return': 0.273088, 'sharpe': 1.3539, 'start': '2023-01-01', 'trades': 35, 'win_rate': 0.4286, 'window': 1}, {'end': '2024-03-31', 'max_dd': -0.256894, 'return': -0.243577, 'sharpe': -1.835, 'start': '2023-08-17', 'trades': 51, 'win_rate': 0.4314, 'window': 2}, {'end': '2024-11-14', 'max_dd': -0.10027, 'return': 0.142243, 'sharpe': 0.9136, 'start': '2024-04-01', 'trades': 44, 'win_rate': 0.5455, 'window': 3}, {'end': '2025-06-30', 'max_dd': -0.336123, 'return': -0.308474, 'sharpe': -2.0695, 'start': '2024-11-15', 'trades': 51, 'win_rate': 0.4706, 'window': 4}]}}"
agent/runs/v_Z4shuf_seed026_train,v_Z4shuf_seed026_train,agent/runs/v_Z4shuf_seed026_train/run_card.json,-0.1309912581589363,-130991.25815893631,704115.4789739043,-295884.5210260957,-0.29588452102609575,-0.6119842469100657,-0.20658962849920448,-0.2349,-0.214,0.874,0.5238095238095238,189,5.4441996931170795,-0.295885,-0.2066,8.3,1000000.0,2023-01-01,2025-06-30,1D,auto,daily,"BTC-USDT,SOL-USDT",391570e9f8431613e37bf64827db65ee6ddf0334587c6f5166c8bf75198b8fff,5680595d753976610de949c37f0568d5ff7e7db3a1f2b2545ab303b52a99c7f6,agent/runs/v_Z4shuf_seed026_train/config.json,agent/runs/v_Z4shuf_seed026_train/code/signal_engine.py,,"{'bootstrap': {'ci_lower': -1.4455, 'ci_upper': 1.0363, 'confidence': 0.95, 'median_sharpe': -0.2185, 'n_bootstrap': 1000, 'observed_sharpe': -0.2068, 'prob_positive': 0.381}, 'monte_carlo': {'actual_max_dd': -0.4635, 'actual_sharpe': -0.3743, 'n_simulations': 1000, 'n_trades': 189, 'p_value_max_dd': 0.509, 'p_value_sharpe': 0.699, 'simulated_sharpe_mean': -0.2602, 'simulated_sharpe_p5': -0.551, 'simulated_sharpe_p95': 0.0877, 'simulated_sharpe_std': 0.2122}, 'walk_forward': {'consistency_rate': 0.5, 'n_windows': 4, 'profitable_windows': 2, 'return_mean': -0.058366, 'return_std': 0.214501, 'sharpe_mean': -0.0912, 'sharpe_std': 1.2168, 'windows': [{'end': '2023-08-16', 'max_dd': -0.099504, 'return': 0.254944, 'sharpe': 1.5732, 'start': '2023-01-01', 'trades': 43, 'win_rate': 0.6047, 'window': 1}, {'end': '2024-03-31', 'max_dd': -0.578466, 'return': -0.224445, 'sharpe': -0.4105, 'start': '2023-08-17', 'trades': 47, 'win_rate': 0.5319, 'window': 2}, {'end': '2024-11-14', 'max_dd': -0.317534, 'return': -0.286024, 'sharpe': -1.7995, 'start': '2024-04-01', 'trades': 55, 'win_rate': 0.4909, 'window': 3}, {'end': '2025-06-30', 'max_dd': -0.156021, 'return': 0.022062, 'sharpe': 0.2722, 'start': '2024-11-15', 'trades': 44, 'win_rate': 0.4773, 'window': 4}]}}"
agent/runs/v_Z4shuf_seed029_train,v_Z4shuf_seed029_train,agent/runs/v_Z4shuf_seed029_train/run_card.json,-0.14541389380022407,-145413.89380022406,675278.7054468814,-324721.29455311864,-0.3247212945531186,-0.5822653432650279,-0.203471800389253,-0.2305,-0.2497,0.8495,0.47715736040609136,197,5.4441996931170795,-0.324721,-0.2035,7.9,1000000.0,2023-01-01,2025-06-30,1D,auto,daily,"BTC-USDT,SOL-USDT",404e2afed39848c7333bbd462ef3541372cf4e0984f83fcc27fbb80fedbb4cf6,5680595d753976610de949c37f0568d5ff7e7db3a1f2b2545ab303b52a99c7f6,agent/runs/v_Z4shuf_seed029_train/config.json,agent/runs/v_Z4shuf_seed029_train/code/signal_engine.py,,"{'bootstrap': {'ci_lower': -1.4657, 'ci_upper': 0.9847, 'confidence': 0.95, 'median_sharpe': -0.176, 'n_bootstrap': 1000, 'observed_sharpe': -0.2037, 'prob_positive': 0.386}, 'monte_carlo': {'actual_max_dd': -0.4886, 'actual_sharpe': -0.9641, 'n_simulations': 1000, 'n_trades': 197, 'p_value_max_dd': 0.364, 'p_value_sharpe': 0.997, 'simulated_sharpe_mean': -0.1519, 'simulated_sharpe_p5': -0.5151, 'simulated_sharpe_p95': 0.345, 'simulated_sharpe_std': 0.2694}, 'walk_forward': {'consistency_rate': 0.0, 'n_windows': 4, 'profitable_windows': 0, 'return_mean': -0.09403, 'return_std': 0.044255, 'sharpe_mean': -0.2386, 'sharpe_std': 0.1814, 'windows': [{'end': '2023-08-16', 'max_dd': -0.401802, 'return': -0.156792, 'sharpe': -0.4736, 'start': '2023-01-01', 'trades': 51, 'win_rate': 0.2745, 'window': 1}, {'end': '2024-03-31', 'max_dd': -0.443707, 'return': -0.105525, 'sharpe': -0.0404, 'start': '2023-08-17', 'trades': 53, 'win_rate': 0.5472, 'window': 2}, {'end': '2024-11-14', 'max_dd': -0.148723, 'return': -0.034475, 'sharpe': -0.0851, 'start': '2024-04-01', 'trades': 48, 'win_rate': 0.6042, 'window': 3}, {'end': '2025-06-30', 'max_dd': -0.270204, 'return': -0.07933, 'sharpe': -0.3552, 'start': '2024-11-15', 'trades': 45, 'win_rate': 0.4889, 'window': 4}]}}"
agent/runs/20260630_041457_99_ebc2f4,20260630_041457_99_ebc2f4,agent/runs/20260630_041457_99_ebc2f4/run_card.json,-0.14919345237961812,-149193.45237961813,923004.4146381599,-76995.58536184009,-0.07699558536184004,-0.07805466817644724,-1.779015556494924,-0.9299,-1.9114,0.0,0.0,1,-0.319798,0.242802,1.1707,18.0,1000000.0,2025-12-30,2026-06-30,1D,okx,,BTC-USDT,9e0266a5897e96f0b8bd0d613dda471bae3882c1c572bacb47daf50f9d0cdad9,45fe3af13367fb34df909a98a517fa55f9fea89d951ecf8f617c18dedb0e751f,agent/runs/20260630_041457_99_ebc2f4/config.json,agent/runs/20260630_041457_99_ebc2f4/code/signal_engine.py,,"{'monte_carlo': {'error': 'need at least 3 trades', 'p_value_sharpe': 1.0}}"
agent/runs/v_Z4shuf_seed000_train,v_Z4shuf_seed000_train,agent/runs/v_Z4shuf_seed000_train/run_card.json,-0.15851247455115614,-158512.47455115613,649713.4837167844,-350286.5162832156,-0.3502865162832156,-0.39750405832487407,-0.4650218166461187,-0.6085,-0.3988,0.8033,0.44324324324324327,185,5.4441996931170795,-0.350287,-0.465,8.4,1000000.0,2023-01-01,2025-06-30,1D,auto,daily,"BTC-USDT,SOL-USDT",49949cc47005e404171cc97157a9c444bac4cc1de813e39ca2ca3a0424d40e71,5680595d753976610de949c37f0568d5ff7e7db3a1f2b2545ab303b52a99c7f6,agent/runs/v_Z4shuf_seed000_train/config.json,agent/runs/v_Z4shuf_seed000_train/code/signal_engine.py,,"{'bootstrap': {'ci_lower': -1.718, 'ci_upper': 0.7485, 'confidence': 0.95, 'median_sharpe': -0.4678, 'n_bootstrap': 1000, 'observed_sharpe': -0.4655, 'prob_positive': 0.229}, 'monte_carlo': {'actual_max_dd': -0.347, 'actual_sharpe': -0.567, 'n_simulations': 1000, 'n_trades': 185, 'p_value_max_dd': 0.091, 'p_value_sharpe': 0.234, 'simulated_sharpe_mean': -0.7335, 'simulated_sharpe_p5': -1.07, 'simulated_sharpe_p95': -0.3168, 'simulated_sharpe_std': 0.2372}, 'walk_forward': {'consistency_rate': 0.25, 'n_windows': 4, 'profitable_windows': 1, 'return_mean': -0.074401, 'return_std': 0.224591, 'sharpe_mean': -0.379, 'sharpe_std': 1.3828, 'windows': [{'end': '2023-08-16', 'max_dd': -0.176717, 'return': -0.155849, 'sharpe': -0.7401, 'start': '2023-01-01', 'trades': 43, 'win_rate': 0.4884, 'window': 1}, {'end': '2024-03-31', 'max_dd': -0.233997, 'return': -0.206082, 'sharpe': -1.6272, 'start': '2023-08-17', 'trades': 53, 'win_rate': 0.434, 'window': 2}, {'end': '2024-11-14', 'max_dd': -0.151413, 'return': 0.310623, 'sharpe': 1.9529, 'start': '2024-04-01', 'trades': 40, 'win_rate': 0.55, 'window': 3}, {'end': '2025-06-30', 'max_dd': -0.397504, 'return': -0.246295, 'sharpe': -1.1017, 'start': '2024-11-15', 'trades': 49, 'win_rate': 0.3265, 'window': 4}]}}"
agent/runs/20260630_140531_35_b6ddc3/crypto_1h_vol_breakout_longflat_june,crypto_1h_vol_breakout_longflat_june,agent/runs/20260630_140531_35_b6ddc3/crypto_1h_vol_breakout_longflat_june/run_card.json,-0.16058657370738905,-160586.57370738903,986188.0368859451,-13811.963114054874,-0.01381196311405486,-0.07518719859508949,-0.5487564525063893,-0.4217,-2.1358,0.9567,0.3157894736842105,19,-0.158553,0.144741,2.8635,14.2,1000000.0,2026-06-01,2026-06-29,1H,okx,daily,"BTC-USDT,ETH-USDT,SOL-USDT",4e535315175a8fdb28f8d1f351e30602d1365ff558daf4be76a3ed051ca79fa3,e325b9c9deb244a3d8a9015bf7360453b6638922c2b4fc08156635aa64373a50,agent/runs/20260630_140531_35_b6ddc3/crypto_1h_vol_breakout_longflat_june/config.json,agent/runs/20260630_140531_35_b6ddc3/crypto_1h_vol_breakout_longflat_june/code/signal_engine.py,,
agent/runs/v_Z4shuf_seed031_train,v_Z4shuf_seed031_train,agent/runs/v_Z4shuf_seed031_train/run_card.json,-0.1621756771486501,-162175.6771486501,642669.4865086093,-357330.51349139074,-0.3573305134913908,-0.6029632481603153,-0.23457610935404877,-0.2577,-0.269,0.8361,0.4838709677419355,186,5.4441996931170795,-0.357331,-0.2346,8.4,1000000.0,2023-01-01,2025-06-30,1D,auto,daily,"BTC-USDT,SOL-USDT",014ce09e0333eae86e817538aaedaee1767d72d478082f4f99f7ff793f4b7ec8,5680595d753976610de949c37f0568d5ff7e7db3a1f2b2545ab303b52a99c7f6,agent/runs/v_Z4shuf_seed031_train/config.json,agent/runs/v_Z4shuf_seed031_train/code/signal_engine.py,,"{'bootstrap': {'ci_lower': -1.389, 'ci_upper': 1.0445, 'confidence': 0.95, 'median_sharpe': -0.1959, 'n_bootstrap': 1000, 'observed_sharpe': -0.2348, 'prob_positive': 0.376}, 'monte_carlo': {'actual_max_dd': -0.5612, 'actual_sharpe': -0.5364, 'n_simulations': 1000, 'n_trades': 186, 'p_value_max_dd': 0.515, 'p_value_sharpe': 0.954, 'simulated_sharpe_mean': -0.1176, 'simulated_sharpe_p5': -0.5249, 'simulated_sharpe_p95': 0.4802, 'simulated_sharpe_std': 0.3197}, 'walk_forward': {'consistency_rate': 0.25, 'n_windows': 4, 'profitable_windows': 1, 'return_mean': -0.079702, 'return_std': 0.189148, 'sharpe_mean': -0.1011, 'sharpe_std': 0.6648, 'windows': [{'end': '2023-08-16', 'max_dd': -0.180744, 'return': 0.181427, 'sharpe': 0.9826, 'start': '2023-01-01', 'trades': 56, 'win_rate': 0.5179, 'window': 1}, {'end': '2024-03-31', 'max_dd': -0.471092, 'return': -0.353274, 'sharpe': -0.8285, 'start': '2023-08-17', 'trades': 43, 'win_rate': 0.5349, 'window': 2}, {'end': '2024-11-14', 'max_dd': -0.265877, 'return': -0.073649, 'sharpe': -0.3018, 'start': '2024-04-01', 'trades': 42, 'win_rate': 0.4286, 'window': 3}, {'end': '2025-06-30', 'max_dd': -0.265989, 'return': -0.073314, 'sharpe': -0.2567, 'start': '2024-11-15', 'trades': 45, 'win_rate': 0.4444, 'window': 4}]}}"
agent/runs/v_Z4shuf_seed022_train,v_Z4shuf_seed022_train,agent/runs/v_Z4shuf_seed022_train/run_card.json,-0.17105756879663359,-171057.5687966336,625781.2359849453,-374218.7640150547,-0.3742187640150547,-0.6852713481751604,-0.20255662882214365,-0.2188,-0.2496,0.807,0.5376344086021505,186,5.4441996931170795,-0.374219,-0.2026,8.5,1000000.0,2023-01-01,2025-06-30,1D,auto,daily,"BTC-USDT,SOL-USDT",d42cfb03f53e8eb8c4cfcfc75344c5993e4d9d80724bed735d92906d5f5de9ef,5680595d753976610de949c37f0568d5ff7e7db3a1f2b2545ab303b52a99c7f6,agent/runs/v_Z4shuf_seed022_train/config.json,agent/runs/v_Z4shuf_seed022_train/code/signal_engine.py,,"{'bootstrap': {'ci_lower': -1.3623, 'ci_upper': 1.0876, 'confidence': 0.95, 'median_sharpe': -0.171, 'n_bootstrap': 1000, 'observed_sharpe': -0.2028, 'prob_positive': 0.384}, 'monte_carlo': {'actual_max_dd': -0.5685, 'actual_sharpe': -0.6507, 'n_simulations': 1000, 'n_trades': 186, 'p_value_max_dd': 0.57, 'p_value_sharpe': 0.89, 'simulated_sharpe_mean': -0.3385, 'simulated_sharpe_p5': -0.7364, 'simulated_sharpe_p95': 0.1903, 'simulated_sharpe_std': 0.2999}, 'walk_forward': {'consistency_rate': 0.5, 'n_windows': 4, 'profitable_windows': 2, 'return_mean': -0.074183, 'return_std': 0.237171, 'sharpe_mean': 0.0538, 'sharpe_std': 0.908, 'windows': [{'end': '2023-08-16', 'max_dd': -0.518384, 'return': -0.270347, 'sharpe': -0.866, 'start': '2023-01-01', 'trades': 49, 'win_rate': 0.4694, 'window': 1}, {'end': '2024-03-31', 'max_dd': -0.587689, 'return': -0.335137, 'sharpe': -0.7491, 'start': '2023-08-17', 'trades': 49, 'win_rate': 0.5306, 'window': 2}, {'end': '2024-11-14', 'max_dd': -0.200938, 'return': 0.237876, 'sharpe': 1.3171, 'start': '2024-04-01', 'trades': 45, 'win_rate': 0.6667, 'window': 3}, {'end': '2025-06-30', 'max_dd': -0.212486, 'return': 0.070877, 'sharpe': 0.5134, 'start': '2024-11-15', 'trades': 43, 'win_rate': 0.4884, 'window': 4}]}}"
agent/runs/v_Z4shuf_seed001_train,v_Z4shuf_seed001_train,agent/runs/v_Z4shuf_seed001_train/run_card.json,-0.1955352483965872,-195535.2483965872,580626.6854205355,-419373.3145794645,-0.4193733145794645,-0.5847427591779675,-0.5451200214061223,-0.6786,-0.3344,0.7587,0.4891304347826087,184,5.4441996931170795,-0.419373,-0.5451,8.5,1000000.0,2023-01-01,2025-06-30,1D,auto,daily,"BTC-USDT,SOL-USDT",861ea98b7644e784cf38c826f91be602f3c8a2f7dcc4239791fb9a3e5467e4d1,5680595d753976610de949c37f0568d5ff7e7db3a1f2b2545ab303b52a99c7f6,agent/runs/v_Z4shuf_seed001_train/config.json,agent/runs/v_Z4shuf_seed001_train/code/signal_engine.py,,"{'bootstrap': {'ci_lower': -1.7181, 'ci_upper': 0.7618, 'confidence': 0.95, 'median_sharpe': -0.543, 'n_bootstrap': 1000, 'observed_sharpe': -0.5457, 'prob_positive': 0.198}, 'monte_carlo': {'actual_max_dd': -0.5533, 'actual_sharpe': -0.7787, 'n_simulations': 1000, 'n_trades': 184, 'p_value_max_dd': 0.621, 'p_value_sharpe': 0.527, 'simulated_sharpe_mean': -0.7479, 'simulated_sharpe_p5': -1.171, 'simulated_sharpe_p95': -0.2636, 'simulated_sharpe_std': 0.2831}, 'walk_forward': {'consistency_rate': 0.25, 'n_windows': 4, 'profitable_windows': 1, 'return_mean': -0.123749, 'return_std': 0.12909, 'sharpe_mean': -0.5274, 'sharpe_std': 0.707, 'windows': [{'end': '2023-08-16', 'max_dd': -0.410669, 'return': -0.281764, 'sharpe': -1.4003, 'start': '2023-01-01', 'trades': 52, 'win_rate': 0.3846, 'window': 1}, {'end': '2024-03-31', 'max_dd': -0.327063, 'return': -0.119223, 'sharpe': -0.6333, 'start': '2023-08-17', 'trades': 36, 'win_rate': 0.5, 'window': 2}, {'end': '2024-11-14', 'max_dd': -0.251714, 'return': 0.075241, 'sharpe': 0.5732, 'start': '2024-04-01', 'trades': 48, 'win_rate': 0.7083, 'window': 3}, {'end': '2025-06-30', 'max_dd': -0.29119, 'return': -0.16925, 'sharpe': -0.6491, 'start': '2024-11-15', 'trades': 48, 'win_rate': 0.375, 'window': 4}]}}"
agent/runs/v_Z4shuf_seed053_train,v_Z4shuf_seed053_train,agent/runs/v_Z4shuf_seed053_train/run_card.json,-0.195713736612793,-195713.736612793,580304.8533720077,-419695.1466279923,-0.41969514662799223,-0.49380294444984024,-0.4732011450351363,-0.5932,-0.3963,0.6813,0.4406779661016949,177,5.4441996931170795,-0.419695,-0.4732,8.9,1000000.0,2023-01-01,2025-06-30,1D,auto,daily,"BTC-USDT,SOL-USDT",1f24bcecbf8370e29446218ea3ae4e5421f45b454d47bfa7e4619c41c31e2d32,5680595d753976610de949c37f0568d5ff7e7db3a1f2b2545ab303b52a99c7f6,agent/runs/v_Z4shuf_seed053_train/config.json,agent/runs/v_Z4shuf_seed053_train/code/signal_engine.py,,"{'bootstrap': {'ci_lower': -1.783, 'ci_upper': 0.6834, 'confidence': 0.95, 'median_sharpe': -0.4819, 'n_bootstrap': 1000, 'observed_sharpe': -0.4737, 'prob_positive': 0.212}, 'monte_carlo': {'actual_max_dd': -0.4339, 'actual_sharpe': -1.2686, 'n_simulations': 1000, 'n_trades': 177, 'p_value_max_dd': 0.349, 'p_value_sharpe': 0.071, 'simulated_sharpe_mean': -1.6245, 'simulated_sharpe_p5': -1.9863, 'simulated_sharpe_p95': -1.2294, 'simulated_sharpe_std': 0.2328}, 'walk_forward': {'consistency_rate': 0.5, 'n_windows': 4, 'profitable_windows': 2, 'return_mean': -0.116816, 'return_std': 0.137465, 'sharpe_mean': -0.3578, 'sharpe_std': 0.611, 'windows': [{'end': '2023-08-16', 'max_dd': -0.35255, 'return': -0.330232, 'sharpe': -1.3593, 'start': '2023-01-01', 'trades': 39, 'win_rate': 0.3846, 'window': 1}, {'end': '2024-03-31', 'max_dd': -0.295513, 'return': -0.145186, 'sharpe': -0.3461, 'start': '2023-08-17', 'trades': 39, 'win_rate': 0.4359, 'window': 2}, {'end': '2024-11-14', 'max_dd': -0.156638, 'return': 0.005653, 'sharpe': 0.1518, 'start': '2024-04-01', 'trades': 53, 'win_rate': 0.4906, 'window': 3}, {'end': '2025-06-30', 'max_dd': -0.168469, 'return': 0.002502, 'sharpe': 0.1224, 'start': '2024-11-15', 'trades': 46, 'win_rate': 0.4348, 'window': 4}]}}"
agent/runs/v_Z4shuf_seed008_train,v_Z4shuf_seed008_train,agent/runs/v_Z4shuf_seed008_train/run_card.json,-0.2204065426821752,-220406.54268217518,536807.5185631486,-463192.48143685143,-0.46319248143685143,-0.47365024614605394,-0.6333727538014802,-0.7877,-0.4653,0.7137,0.44508670520231214,173,5.4441996931170795,-0.463192,-0.6334,9.1,1000000.0,2023-01-01,2025-06-30,1D,auto,daily,"BTC-USDT,SOL-USDT",f2fa9bb61e3b796d5f0c4be63bb71419d26ba83071936d06550ec8e6671dcb18,5680595d753976610de949c37f0568d5ff7e7db3a1f2b2545ab303b52a99c7f6,agent/runs/v_Z4shuf_seed008_train/config.json,agent/runs/v_Z4shuf_seed008_train/code/signal_engine.py,,"{'bootstrap': {'ci_lower': -1.8382, 'ci_upper': 0.6815, 'confidence': 0.95, 'median_sharpe': -0.6638, 'n_bootstrap': 1000, 'observed_sharpe': -0.6341, 'prob_positive': 0.161}, 'monte_carlo': {'actual_max_dd': -0.4205, 'actual_sharpe': -1.5158, 'n_simulations': 1000, 'n_trades': 173, 'p_value_max_dd': 0.062, 'p_value_sharpe': 0.644, 'simulated_sharpe_mean': -1.4142, 'simulated_sharpe_p5': -1.825, 'simulated_sharpe_p95': -0.9635, 'simulated_sharpe_std': 0.2714}, 'walk_forward': {'consistency_rate': 0.25, 'n_windows': 4, 'profitable_windows': 1, 'return_mean': -0.123219, 'return_std': 0.139258, 'sharpe_mean': -0.5956, 'sharpe_std': 0.7846, 'windows': [{'end': '2023-08-16', 'max_dd': -0.180175, 'return': -0.125638, 'sharpe': -0.5854, 'start': '2023-01-01', 'trades': 41, 'win_rate': 0.3902, 'window': 1}, {'end': '2024-03-31', 'max_dd': -0.193114, 'return': -0.068834, 'sharpe': -0.3476, 'start': '2023-08-17', 'trades': 40, 'win_rate': 0.475, 'window': 2}, {'end': '2024-11-14', 'max_dd': -0.350754, 'return': 0.042186, 'sharpe': 0.3634, 'start': '2024-04-01', 'trades': 44, 'win_rate': 0.5909, 'window': 3}, {'end': '2025-06-30', 'max_dd': -0.382865, 'return': -0.340588, 'sharpe': -1.8126, 'start': '2024-11-15', 'trades': 48, 'win_rate': 0.3333, 'window': 4}]}}"
agent/runs/v_XS1_crypto_momentum_realengine,v_XS1_crypto_momentum_realengine,agent/runs/v_XS1_crypto_momentum_realengine/run_card.json,-0.22494818907944003,-224948.18907944002,318011.7115475018,-681988.2884524981,-0.6819882884524981,-0.7408868642467967,-0.17066183873814564,-0.229,-0.3036,0.6719,0.33548387096774196,620,0.2611113168079786,-0.681988,-0.1707,28.2,1000000.0,2022-01-01,2026-06-29,1D,auto,daily,"BTC-USDT,ETH-USDT,SOL-USDT,XRP-USDT,ADA-USDT,LINK-USDT,DOGE-USDT,AVAX-USDT,DOT-USDT,LTC-USDT,ATOM-USDT,UNI-USDT,NEAR-USDT,TRX-USDT,ETC-USDT,FIL-USDT,BNB-USDT,BCH-USDT,XLM-USDT,ALGO-USDT,XTZ-USDT,NEO-USDT,COMP-USDT,CRV-USDT,SNX-USDT,GRT-USDT,SAND-USDT,MANA-USDT,GALA-USDT,THETA-USDT,EGLD-USDT,FLOW-USDT,ZIL-USDT,KSM-USDT,QTUM-USDT,ONT-USDT,BAT-USDT,STORJ-USDT,IOST-USDT,ONE-USDT,HBAR-USDT,ICP-USDT,APE-USDT,SHIB-USDT,ARB-USDT,OP-USDT,APT-USDT,SUI-USDT,TIA-USDT,INJ-USDT,WLD-USDT,JTO-USDT,JUP-USDT,ORDI-USDT,AAVE-USDT,CELO-USDT,CHZ-USDT,ENJ-USDT,1INCH-USDT,YFI-USDT,KNC-USDT,LRC-USDT,RSR-USDT,SKL-USDT,BAND-USDT,RVN-USDT",6a5389f9b9bfbd397403ff0fb61f24447b79a8aa7fcb620c708b048798987b02,fb7009e5f089b6559a58aadd794d5f72f085fc7caf99c285b3d9f318f18e391d,agent/runs/v_XS1_crypto_momentum_realengine/config.json,agent/runs/v_XS1_crypto_momentum_realengine/code/signal_engine.py,,
agent/runs/v_Z4shuf_seed028_train,v_Z4shuf_seed028_train,agent/runs/v_Z4shuf_seed028_train/run_card.json,-0.231940254406114,-231940.254406114,517183.3124825033,-482816.6875174967,-0.48281668751749673,-0.5730138072062632,-0.7819722830587196,-1.0346,-0.4048,0.693,0.4463276836158192,177,5.4441996931170795,-0.482817,-0.782,8.9,1000000.0,2023-01-01,2025-06-30,1D,auto,daily,"BTC-USDT,SOL-USDT",dd35ce42dbaac7668395f024dcb3e66bda0a9984848e851f69b30c214ff11965,5680595d753976610de949c37f0568d5ff7e7db3a1f2b2545ab303b52a99c7f6,agent/runs/v_Z4shuf_seed028_train/config.json,agent/runs/v_Z4shuf_seed028_train/code/signal_engine.py,,"{'bootstrap': {'ci_lower': -2.146, 'ci_upper': 0.4433, 'confidence': 0.95, 'median_sharpe': -0.8078, 'n_bootstrap': 1000, 'observed_sharpe': -0.7828, 'prob_positive': 0.102}, 'monte_carlo': {'actual_max_dd': -0.5237, 'actual_sharpe': -1.9235, 'n_simulations': 1000, 'n_trades': 177, 'p_value_max_dd': 0.721, 'p_value_sharpe': 0.538, 'simulated_sharpe_mean': -1.8877, 'simulated_sharpe_p5': -2.3384, 'simulated_sharpe_p95': -1.3837, 'simulated_sharpe_std': 0.2908}, 'walk_forward': {'consistency_rate': 0.25, 'n_windows': 4, 'profitable_windows': 1, 'return_mean': -0.125677, 'return_std': 0.210146, 'sharpe_mean': -0.6265, 'sharpe_std': 1.2998, 'windows': [{'end': '2023-08-16', 'max_dd': -0.331769, 'return': -0.270562, 'sharpe': -1.2578, 'start': '2023-01-01', 'trades': 46, 'win_rate': 0.3696, 'window': 1}, {'end': '2024-03-31', 'max_dd': -0.093166, 'return': 0.235492, 'sharpe': 1.6174, 'start': '2023-08-17', 'trades': 39, 'win_rate': 0.4872, 'window': 2}, {'end': '2024-11-14', 'max_dd': -0.328393, 'return': -0.20364, 'sharpe': -1.3226, 'start': '2024-04-01', 'trades': 50, 'win_rate': 0.4, 'window': 3}, {'end': '2025-06-30', 'max_dd': -0.427558, 'return': -0.263997, 'sharpe': -1.5431, 'start': '2024-11-15', 'trades': 42, 'win_rate': 0.5476, 'window': 4}]}}"
agent/runs/v_Z4shuf_seed020_train,v_Z4shuf_seed020_train,agent/runs/v_Z4shuf_seed020_train/run_card.json,-0.23253242098313487,-232532.42098313486,516187.57598501875,-483812.42401498125,-0.48381242401498126,-0.6685586254983988,-0.6893854255620733,-0.8565,-0.3478,0.8065,0.44919786096256686,187,5.4441996931170795,-0.483812,-0.6894,8.4,1000000.0,2023-01-01,2025-06-30,1D,auto,daily,"BTC-USDT,SOL-USDT",179c8a2c35d287fd154041df688d38608df98dbe7e0cfa9d4d51e9b852bb5bb9,5680595d753976610de949c37f0568d5ff7e7db3a1f2b2545ab303b52a99c7f6,agent/runs/v_Z4shuf_seed020_train/config.json,agent/runs/v_Z4shuf_seed020_train/code/signal_engine.py,,"{'bootstrap': {'ci_lower': -1.9527, 'ci_upper': 0.5401, 'confidence': 0.95, 'median_sharpe': -0.6721, 'n_bootstrap': 1000, 'observed_sharpe': -0.6901, 'prob_positive': 0.143}, 'monte_carlo': {'actual_max_dd': -0.614, 'actual_sharpe': -1.1846, 'n_simulations': 1000, 'n_trades': 187, 'p_value_max_dd': 0.624, 'p_value_sharpe': 0.96, 'simulated_sharpe_mean': -0.6226, 'simulated_sharpe_p5': -1.1351, 'simulated_sharpe_p95': 0.0177, 'simulated_sharpe_std': 0.3627}, 'walk_forward': {'consistency_rate': 0.5, 'n_windows': 4, 'profitable_windows': 2, 'return_mean': -0.079307, 'return_std': 0.334451, 'sharpe_mean': -0.5467, 'sharpe_std': 2.0302, 'windows': [{'end': '2023-08-16', 'max_dd': -0.106288, 'return': 0.315319, 'sharpe': 1.47, 'start': '2023-01-01', 'trades': 49, 'win_rate': 0.5714, 'window': 1}, {'end': '2024-03-31', 'max_dd': -0.125848, 'return': 0.13817, 'sharpe': 1.0385, 'start': '2023-08-17', 'trades': 47, 'win_rate': 0.5745, 'window': 2}, {'end': '2024-11-14', 'max_dd': -0.331669, 'return': -0.216439, 'sharpe': -1.0396, 'start': '2024-04-01', 'trades': 46, 'win_rate': 0.3696, 'window': 3}, {'end': '2025-06-30', 'max_dd': -0.567782, 'return': -0.554279, 'sharpe': -3.6555, 'start': '2024-11-15', 'trades': 45, 'win_rate': 0.2667, 'window': 4}]}}"
agent/runs/v_Z4shuf_seed046_train,v_Z4shuf_seed046_train,agent/runs/v_Z4shuf_seed046_train/run_card.json,-0.23586696288329412,-235866.96288329412,510601.9679001736,-489398.0320998264,-0.48939803209982635,-0.6407939016397515,-0.7556596190923494,-0.8928,-0.3681,0.729,0.4845360824742268,194,5.4441996931170795,-0.489398,-0.7557,8.1,1000000.0,2023-01-01,2025-06-30,1D,auto,daily,"BTC-USDT,SOL-USDT",e14eb0771151034542ece28ce0e701f91d46e404315e324aa9cd641cdd46ffdc,5680595d753976610de949c37f0568d5ff7e7db3a1f2b2545ab303b52a99c7f6,agent/runs/v_Z4shuf_seed046_train/config.json,agent/runs/v_Z4shuf_seed046_train/code/signal_engine.py,,"{'bootstrap': {'ci_lower': -1.9676, 'ci_upper': 0.5036, 'confidence': 0.95, 'median_sharpe': -0.8152, 'n_bootstrap': 1000, 'observed_sharpe': -0.7565, 'prob_positive': 0.098}, 'monte_carlo': {'actual_max_dd': -0.5667, 'actual_sharpe': -2.2815, 'n_simulations': 1000, 'n_trades': 194, 'p_value_max_dd': 0.683, 'p_value_sharpe': 0.999, 'simulated_sharpe_mean': -1.2354, 'simulated_sharpe_p5': -1.7095, 'simulated_sharpe_p95': -0.7025, 'simulated_sharpe_std': 0.3104}, 'walk_forward': {'consistency_rate': 0.5, 'n_windows': 4, 'profitable_windows': 2, 'return_mean': -0.13536, 'return_std': 0.216108, 'sharpe_mean': -0.7552, 'sharpe_std': 1.2641, 'windows': [{'end': '2023-08-16', 'max_dd': -0.24901, 'return': 0.130905, 'sharpe': 0.7844, 'start': '2023-01-01', 'trades': 38, 'win_rate': 0.5789, 'window': 1}, {'end': '2024-03-31', 'max_dd': -0.281131, 'return': -0.250896, 'sharpe': -1.5937, 'start': '2023-08-17', 'trades': 52, 'win_rate': 0.4615, 'window': 2}, {'end': '2024-11-14', 'max_dd': -0.169186, 'return': 0.002823, 'sharpe': 0.1338, 'start': '2024-04-01', 'trades': 40, 'win_rate': 0.575, 'window': 3}, {'end': '2025-06-30', 'max_dd': -0.460799, 'return': -0.424273, 'sharpe': -2.3452, 'start': '2024-11-15', 'trades': 64, 'win_rate': 0.3906, 'window': 4}]}}"
agent/runs/v_Z4shuf_seed018_train,v_Z4shuf_seed018_train,agent/runs/v_Z4shuf_seed018_train/run_card.json,-0.23932315728316989,-239323.1572831699,504851.0077830078,-495148.9922169922,-0.49514899221699216,-0.5382568016189141,-0.7299274386624937,-0.8693,-0.4446,0.6391,0.4948453608247423,194,5.4441996931170795,-0.495149,-0.7299,8.0,1000000.0,2023-01-01,2025-06-30,1D,auto,daily,"BTC-USDT,SOL-USDT",87c6a819149087603be4bb61473ef29e9dc17fbffe2ebab4acbe94f199a340b0,5680595d753976610de949c37f0568d5ff7e7db3a1f2b2545ab303b52a99c7f6,agent/runs/v_Z4shuf_seed018_train/config.json,agent/runs/v_Z4shuf_seed018_train/code/signal_engine.py,,"{'bootstrap': {'ci_lower': -1.9847, 'ci_upper': 0.5201, 'confidence': 0.95, 'median_sharpe': -0.7613, 'n_bootstrap': 1000, 'observed_sharpe': -0.7307, 'prob_positive': 0.099}, 'monte_carlo': {'actual_max_dd': -0.455, 'actual_sharpe': -1.2887, 'n_simulations': 1000, 'n_trades': 194, 'p_value_max_dd': 0.09, 'p_value_sharpe': 0.022, 'simulated_sharpe_mean': -1.8109, 'simulated_sharpe_p5': -2.1874, 'simulated_sharpe_p95': -1.3827, 'simulated_sharpe_std': 0.2449}, 'walk_forward': {'consistency_rate': 0.5, 'n_windows': 4, 'profitable_windows': 2, 'return_mean': -0.10456, 'return_std': 0.272715, 'sharpe_mean': -0.4805, 'sharpe_std': 1.6452, 'windows': [{'end': '2023-08-16', 'max_dd': -0.502161, 'return': -0.464444, 'sharpe': -2.8762, 'start': '2023-01-01', 'trades': 63, 'win_rate': 0.4127, 'window': 1}, {'end': '2024-03-31', 'max_dd': -0.227585, 'return': 0.265921, 'sharpe': 1.6276, 'start': '2023-08-17', 'trades': 39, 'win_rate': 0.7179, 'window': 2}, {'end': '2024-11-14', 'max_dd': -0.207762, 'return': 0.013966, 'sharpe': 0.2118, 'start': '2024-04-01', 'trades': 44, 'win_rate': 0.5227, 'window': 3}, {'end': '2025-06-30', 'max_dd': -0.273005, 'return': -0.233682, 'sharpe': -0.8853, 'start': '2024-11-15', 'trades': 48, 'win_rate': 0.3958, 'window': 4}]}}"
agent/runs/v_Z4shuf_seed025_train,v_Z4shuf_seed025_train,agent/runs/v_Z4shuf_seed025_train/run_card.json,-0.24760499422320625,-247604.99422320625,491229.0167570756,-508770.9832429244,-0.5087709832429244,-0.570287794074411,-0.7364628938624346,-0.8298,-0.4342,0.5836,0.48333333333333334,180,5.4441996931170795,-0.508771,-0.7365,8.7,1000000.0,2023-01-01,2025-06-30,1D,auto,daily,"BTC-USDT,SOL-USDT",83e6aed337c7fe272ba012f1855e2440d525cb65cb38e0c8dc46e39bf558d5bc,5680595d753976610de949c37f0568d5ff7e7db3a1f2b2545ab303b52a99c7f6,agent/runs/v_Z4shuf_seed025_train/config.json,agent/runs/v_Z4shuf_seed025_train/code/signal_engine.py,,"{'bootstrap': {'ci_lower': -2.0251, 'ci_upper': 0.498, 'confidence': 0.95, 'median_sharpe': -0.7741, 'n_bootstrap': 1000, 'observed_sharpe': -0.7373, 'prob_positive': 0.11}, 'monte_carlo': {'actual_max_dd': -0.5035, 'actual_sharpe': -1.6838, 'n_simulations': 1000, 'n_trades': 180, 'p_value_max_dd': 0.412, 'p_value_sharpe': 0.008, 'simulated_sharpe_mean': -2.2672, 'simulated_sharpe_p5': -2.5947, 'simulated_sharpe_p95': -1.8697, 'simulated_sharpe_std': 0.2225}, 'walk_forward': {'consistency_rate': 0.25, 'n_windows': 4, 'profitable_windows': 1, 'return_mean': -0.142916, 'return_std': 0.147235, 'sharpe_mean': -0.9071, 'sharpe_std': 1.0879, 'windows': [{'end': '2023-08-16', 'max_dd': -0.33832, 'return': -0.289683, 'sharpe': -1.8363, 'start': '2023-01-01', 'trades': 46, 'win_rate': 0.4348, 'window': 1}, {'end': '2024-03-31', 'max_dd': -0.366267, 'return': -0.287249, 'sharpe': -2.1302, 'start': '2023-08-17', 'trades': 48, 'win_rate': 0.5, 'window': 2}, {'end': '2024-11-14', 'max_dd': -0.307017, 'return': -0.028755, 'sharpe': -0.0022, 'start': '2024-04-01', 'trades': 42, 'win_rate': 0.5, 'window': 3}, {'end': '2025-06-30', 'max_dd': -0.314277, 'return': 0.034024, 'sharpe': 0.3403, 'start': '2024-11-15', 'trades': 44, 'win_rate': 0.5, 'window': 4}]}}"
agent/runs/v_Z4shuf_seed017_train,v_Z4shuf_seed017_train,agent/runs/v_Z4shuf_seed017_train/run_card.json,-0.24941226290107243,-249412.26290107245,488286.0812921318,-511713.9187078682,-0.5117139187078682,-0.626081044694576,-0.7397871979952533,-0.8278,-0.3984,0.6566,0.45108695652173914,184,5.4441996931170795,-0.511714,-0.7398,8.5,1000000.0,2023-01-01,2025-06-30,1D,auto,daily,"BTC-USDT,SOL-USDT",310f5cee3218613610b4295e59f77ba80db1eabb9438fe8ea14810f0436fab55,5680595d753976610de949c37f0568d5ff7e7db3a1f2b2545ab303b52a99c7f6,agent/runs/v_Z4shuf_seed017_train/config.json,agent/runs/v_Z4shuf_seed017_train/code/signal_engine.py,,"{'bootstrap': {'ci_lower': -1.9717, 'ci_upper': 0.5364, 'confidence': 0.95, 'median_sharpe': -0.748, 'n_bootstrap': 1000, 'observed_sharpe': -0.7406, 'prob_positive': 0.133}, 'monte_carlo': {'actual_max_dd': -0.5192, 'actual_sharpe': -1.4571, 'n_simulations': 1000, 'n_trades': 184, 'p_value_max_dd': 0.33, 'p_value_sharpe': 0.53, 'simulated_sharpe_mean': -1.4034, 'simulated_sharpe_p5': -1.8717, 'simulated_sharpe_p95': -0.8678, 'simulated_sharpe_std': 0.3129}, 'walk_forward': {'consistency_rate': 0.0, 'n_windows': 4, 'profitable_windows': 0, 'return_mean': -0.154241, 'return_std': 0.091458, 'sharpe_mean': -0.6656, 'sharpe_std': 0.4847, 'windows': [{'end': '2023-08-16', 'max_dd': -0.371377, 'return': -0.145563, 'sharpe': -0.5222, 'start': '2023-01-01', 'trades': 44, 'win_rate': 0.4091, 'window': 1}, {'end': '2024-03-31', 'max_dd': -0.382745, 'return': -0.210162, 'sharpe': -0.9092, 'start': '2023-08-17', 'trades': 44, 'win_rate': 0.4545, 'window': 2}, {'end': '2024-11-14', 'max_dd': -0.133142, 'return': -0.009915, 'sharpe': 0.0383, 'start': '2024-04-01', 'trades': 50, 'win_rate': 0.42, 'window': 3}, {'end': '2025-06-30', 'max_dd': -0.363388, 'return': -0.251326, 'sharpe': -1.2692, 'start': '2024-11-15', 'trades': 46, 'win_rate': 0.5217, 'window': 4}]}}"
agent/runs/v_Z4shuf_seed016_train,v_Z4shuf_seed016_train,agent/runs/v_Z4shuf_seed016_train/run_card.json,-0.2502907978095973,-250290.79780959728,486859.3148441292,-513140.6851558708,-0.5131406851558709,-0.7401503384350742,-0.5615095000028333,-0.5431,-0.3382,0.7567,0.519774011299435,177,5.4441996931170795,-0.513141,-0.5615,8.8,1000000.0,2023-01-01,2025-06-30,1D,auto,daily,"BTC-USDT,SOL-USDT",ba5cd01c2520fafb5b8f55ddde3d54d2eecae59f4b94c3645619688c6dedde73,5680595d753976610de949c37f0568d5ff7e7db3a1f2b2545ab303b52a99c7f6,agent/runs/v_Z4shuf_seed016_train/config.json,agent/runs/v_Z4shuf_seed016_train/code/signal_engine.py,,"{'bootstrap': {'ci_lower': -1.6364, 'ci_upper': 0.7532, 'confidence': 0.95, 'median_sharpe': -0.5357, 'n_bootstrap': 1000, 'observed_sharpe': -0.5621, 'prob_positive': 0.195}, 'monte_carlo': {'actual_max_dd': -0.7046, 'actual_sharpe': -0.3356, 'n_simulations': 1000, 'n_trades': 177, 'p_value_max_dd': 0.31, 'p_value_sharpe': 0.744, 'simulated_sharpe_mean': 0.2226, 'simulated_sharpe_p5': -0.6316, 'simulated_sharpe_p95': 1.4887, 'simulated_sharpe_std': 0.7163}, 'walk_forward': {'consistency_rate': 0.5, 'n_windows': 4, 'profitable_windows': 2, 'return_mean': -0.105985, 'return_std': 0.239442, 'sharpe_mean': -0.2008, 'sharpe_std': 0.9109, 'windows': [{'end': '2023-08-16', 'max_dd': -0.209233, 'return': -0.01455, 'sharpe': 0.062, 'start': '2023-01-01', 'trades': 53, 'win_rate': 0.5472, 'window': 1}, {'end': '2024-03-31', 'max_dd': -0.703034, 'return': -0.514421, 'sharpe': -1.729, 'start': '2023-08-17', 'trades': 39, 'win_rate': 0.5641, 'window': 2}, {'end': '2024-11-14', 'max_dd': -0.21968, 'return': 0.096698, 'sharpe': 0.6705, 'start': '2024-04-01', 'trades': 40, 'win_rate': 0.425, 'window': 3}, {'end': '2025-06-30', 'max_dd': -0.214021, 'return': 0.008333, 'sharpe': 0.1933, 'start': '2024-11-15', 'trades': 45, 'win_rate': 0.5333, 'window': 4}]}}"
agent/runs/v_Z4shuf_seed011_train,v_Z4shuf_seed011_train,agent/runs/v_Z4shuf_seed011_train/run_card.json,-0.2776644559139734,-277664.4559139734,443650.49734008184,-556349.5026599182,-0.5563495026599181,-0.6460348868175145,-0.582286783070732,-0.669,-0.4298,0.6128,0.550561797752809,178,5.4441996931170795,-0.55635,-0.5823,8.8,1000000.0,2023-01-01,2025-06-30,1D,auto,daily,"BTC-USDT,SOL-USDT",267e885ac2ff6e39bc0305a65c435d57bae0d7efa77e7fcd21203161c4907746,5680595d753976610de949c37f0568d5ff7e7db3a1f2b2545ab303b52a99c7f6,agent/runs/v_Z4shuf_seed011_train/config.json,agent/runs/v_Z4shuf_seed011_train/code/signal_engine.py,,"{'bootstrap': {'ci_lower': -1.86, 'ci_upper': 0.6731, 'confidence': 0.95, 'median_sharpe': -0.5619, 'n_bootstrap': 1000, 'observed_sharpe': -0.5829, 'prob_positive': 0.189}, 'monte_carlo': {'actual_max_dd': -0.5621, 'actual_sharpe': -2.0429, 'n_simulations': 1000, 'n_trades': 178, 'p_value_max_dd': 0.477, 'p_value_sharpe': 0.372, 'simulated_sharpe_mean': -2.1122, 'simulated_sharpe_p5': -2.537, 'simulated_sharpe_p95': -1.5919, 'simulated_sharpe_std': 0.2832}, 'walk_forward': {'consistency_rate': 0.25, 'n_windows': 4, 'profitable_windows': 1, 'return_mean': -0.174634, 'return_std': 0.129885, 'sharpe_mean': -0.6375, 'sharpe_std': 0.5587, 'windows': [{'end': '2023-08-16', 'max_dd': -0.253157, 'return': -0.209064, 'sharpe': -1.2551, 'start': '2023-01-01', 'trades': 47, 'win_rate': 0.5532, 'window': 1}, {'end': '2024-03-31', 'max_dd': -0.57753, 'return': -0.343949, 'sharpe': -0.6214, 'start': '2023-08-17', 'trades': 33, 'win_rate': 0.4242, 'window': 2}, {'end': '2024-11-14', 'max_dd': -0.306796, 'return': -0.164607, 'sharpe': -0.9224, 'start': '2024-04-01', 'trades': 54, 'win_rate': 0.5185, 'window': 3}, {'end': '2025-06-30', 'max_dd': -0.206092, 'return': 0.019085, 'sharpe': 0.249, 'start': '2024-11-15', 'trades': 44, 'win_rate': 0.6818, 'window': 4}]}}"
agent/runs/v_L_hyperliquid_perp_train,v_L_hyperliquid_perp_train,agent/runs/v_L_hyperliquid_perp_train/run_card.json,-0.28101507879315946,-281015.07879315945,611580.4488871194,-388419.5511128806,-0.3884195511128806,-0.566081365053883,-0.29378203248984547,-0.4074,-0.4964,0.6562,0.234375,64,1.013383,-1.401802,-0.9259,12.5,1000000.0,2023-01-01,2025-06-30,1D,ccxt,daily,"BTC-USDC:USDC,SOL-USDC:USDC",d30fcf0a3c7d7dfdd2063bad69fa8f6381843f2f02b7bc96b767fc7a023595d8,aad798c409095992998b98107687e14c84b4e0a4b3b21e20a4114d67ac56f4c0,agent/runs/v_L_hyperliquid_perp_train/config.json,agent/runs/v_L_hyperliquid_perp_train/code/signal_engine.py,,"{'bootstrap': {'ci_lower': -1.8493, 'ci_upper': 1.2448, 'confidence': 0.95, 'median_sharpe': -0.2645, 'n_bootstrap': 1000, 'observed_sharpe': -0.2943, 'prob_positive': 0.373}, 'monte_carlo': {'actual_max_dd': -0.4811, 'actual_sharpe': -2.027, 'n_simulations': 1000, 'n_trades': 64, 'p_value_max_dd': 0.515, 'p_value_sharpe': 0.78, 'simulated_sharpe_mean': -1.5421, 'simulated_sharpe_p5': -2.4688, 'simulated_sharpe_p95': -0.5661, 'simulated_sharpe_std': 0.7122}, 'walk_forward': {'consistency_rate': 0.25, 'n_windows': 4, 'profitable_windows': 1, 'return_mean': -0.104097, 'return_std': 0.15004, 'sharpe_mean': -0.3629, 'sharpe_std': 0.8112, 'windows': [{'end': '2024-05-18', 'max_dd': -0.28427, 'return': 0.090233, 'sharpe': 0.6895, 'start': '2024-01-04', 'trades': 17, 'win_rate': 0.2353, 'window': 1}, {'end': '2024-10-01', 'max_dd': -0.397294, 'return': -0.330024, 'sharpe': -1.4796, 'start': '2024-05-19', 'trades': 18, 'win_rate': 0.1667, 'window': 2}, {'end': '2025-02-14', 'max_dd': -0.241555, 'return': -0.107564, 'sharpe': -0.702, 'start': '2024-10-02', 'trades': 17, 'win_rate': 0.2941, 'window': 3}, {'end': '2025-06-30', 'max_dd': -0.339259, 'return': -0.069034, 'sharpe': 0.0403, 'start': '2025-02-15', 'trades': 12, 'win_rate': 0.25, 'window': 4}]}}"
agent/runs/20260630_140531_35_b6ddc3/semi_1h_trend_continuation,semi_1h_trend_continuation,agent/runs/20260630_140531_35_b6ddc3/semi_1h_trend_continuation/run_card.json,-0.28353063780276166,-283530.6378027617,719454.8573944767,-280545.14260552335,-0.2805451426055233,-0.6323663623108703,0.12524755569034,0.1145,-0.4484,0.911,0.44036697247706424,109,0.321527,-0.602073,-0.1842,10.2,1000000.0,2025-07-01,2026-06-29,1H,auto,daily,"SOXL.US,SOXS.US,SOXX.US,SMH.US,QQQ.US,TQQQ.US,SQQQ.US",4e535315175a8fdb28f8d1f351e30602d1365ff558daf4be76a3ed051ca79fa3,23176fe9b05bbe9d80d16ecb9b23f1ee05e6c02b680553b4e3160166684b7cd6,agent/runs/20260630_140531_35_b6ddc3/semi_1h_trend_continuation/config.json,agent/runs/20260630_140531_35_b6ddc3/semi_1h_trend_continuation/code/signal_engine.py,,
agent/runs/v_Z4shuf_seed037_train,v_Z4shuf_seed037_train,agent/runs/v_Z4shuf_seed037_train/run_card.json,-0.28892814957032475,-288928.14957032475,426566.33159494185,-573433.6684050581,-0.5734336684050582,-0.7160611566892329,-0.9031291805629874,-0.9177,-0.4035,0.6992,0.4945652173913043,184,5.4441996931170795,-0.573434,-0.9031,8.5,1000000.0,2023-01-01,2025-06-30,1D,auto,daily,"BTC-USDT,SOL-USDT",a98fbcb6e9d5920a6464077bffc2b14488525c65a9c27de0d9345b85dd95c99c,5680595d753976610de949c37f0568d5ff7e7db3a1f2b2545ab303b52a99c7f6,agent/runs/v_Z4shuf_seed037_train/config.json,agent/runs/v_Z4shuf_seed037_train/code/signal_engine.py,,"{'bootstrap': {'ci_lower': -2.1113, 'ci_upper': 0.327, 'confidence': 0.95, 'median_sharpe': -0.9238, 'n_bootstrap': 1000, 'observed_sharpe': -0.9041, 'prob_positive': 0.069}, 'monte_carlo': {'actual_max_dd': -0.6511, 'actual_sharpe': -1.0393, 'n_simulations': 1000, 'n_trades': 184, 'p_value_max_dd': 0.445, 'p_value_sharpe': 0.757, 'simulated_sharpe_mean': -0.726, 'simulated_sharpe_p5': -1.2829, 'simulated_sharpe_p95': 0.0154, 'simulated_sharpe_std': 0.4243}, 'walk_forward': {'consistency_rate': 0.5, 'n_windows': 4, 'profitable_windows': 2, 'return_mean': -0.099418, 'return_std': 0.366996, 'sharpe_mean': -0.5205, 'sharpe_std': 2.0716, 'windows': [{'end': '2023-08-16', 'max_dd': -0.191749, 'return': 0.132857, 'sharpe': 0.8586, 'start': '2023-01-01', 'trades': 43, 'win_rate': 0.5116, 'window': 1}, {'end': '2024-03-31', 'max_dd': -0.573194, 'return': -0.556078, 'sharpe': -2.8734, 'start': '2023-08-17', 'trades': 47, 'win_rate': 0.4043, 'window': 2}, {'end': '2024-11-14', 'max_dd': -0.179464, 'return': 0.367091, 'sharpe': 2.1174, 'start': '2024-04-01', 'trades': 47, 'win_rate': 0.5745, 'window': 3}, {'end': '2025-06-30', 'max_dd': -0.385681, 'return': -0.341544, 'sharpe': -2.1847, 'start': '2024-11-15', 'trades': 47, 'win_rate': 0.4894, 'window': 4}]}}"
agent/runs/20260630_140531_35_b6ddc3/semi_1h_orb_trendday,semi_1h_orb_trendday,agent/runs/20260630_140531_35_b6ddc3/semi_1h_orb_trendday/run_card.json,-0.2923790231999027,-292379.02319990273,710679.7364567056,-289320.2635432944,-0.28932026354329443,-0.48960300383118993,-0.13177908851306638,-0.0952,-0.5972,0.8134,0.34328358208955223,67,0.321527,-0.610848,-0.5391,10.4,1000000.0,2025-07-01,2026-06-29,1H,auto,daily,"SOXL.US,SOXS.US,SOXX.US,SMH.US,QQQ.US,TQQQ.US,SQQQ.US",4e535315175a8fdb28f8d1f351e30602d1365ff558daf4be76a3ed051ca79fa3,6e8b44a8a4c4c1b9e8ba6b7fb4edaa336e95724fb76810a899a45b778a59e8e8,agent/runs/20260630_140531_35_b6ddc3/semi_1h_orb_trendday/config.json,agent/runs/20260630_140531_35_b6ddc3/semi_1h_orb_trendday/code/signal_engine.py,,
agent/runs/v_Z4shuf_seed024_train,v_Z4shuf_seed024_train,agent/runs/v_Z4shuf_seed024_train/run_card.json,-0.2929488853440715,-292948.8853440715,420565.1284685826,-579434.8715314174,-0.5794348715314175,-0.6440832126946906,-0.8203850351330041,-0.9594,-0.4548,0.6188,0.4918918918918919,185,5.4441996931170795,-0.579435,-0.8204,8.4,1000000.0,2023-01-01,2025-06-30,1D,auto,daily,"BTC-USDT,SOL-USDT",6e964a843335cce69efef13966eb7b72e97a075f49c2ae123bc2eb8eec0a40a3,5680595d753976610de949c37f0568d5ff7e7db3a1f2b2545ab303b52a99c7f6,agent/runs/v_Z4shuf_seed024_train/config.json,agent/runs/v_Z4shuf_seed024_train/code/signal_engine.py,,"{'bootstrap': {'ci_lower': -2.0749, 'ci_upper': 0.5633, 'confidence': 0.95, 'median_sharpe': -0.8113, 'n_bootstrap': 1000, 'observed_sharpe': -0.8213, 'prob_positive': 0.096}, 'monte_carlo': {'actual_max_dd': -0.5696, 'actual_sharpe': -1.3578, 'n_simulations': 1000, 'n_trades': 185, 'p_value_max_dd': 0.256, 'p_value_sharpe': 0.321, 'simulated_sharpe_mean': -1.5249, 'simulated_sharpe_p5': -2.147, 'simulated_sharpe_p95': -0.7303, 'simulated_sharpe_std': 0.4434}, 'walk_forward': {'consistency_rate': 0.5, 'n_windows': 4, 'profitable_windows': 2, 'return_mean': -0.149014, 'return_std': 0.250332, 'sharpe_mean': -0.6744, 'sharpe_std': 1.3314, 'windows': [{'end': '2023-08-16', 'max_dd': -0.377411, 'return': -0.299921, 'sharpe': -1.4902, 'start': '2023-01-01', 'trades': 45, 'win_rate': 0.3556, 'window': 1}, {'end': '2024-03-31', 'max_dd': -0.227121, 'return': 0.105738, 'sharpe': 0.6135, 'start': '2023-08-17', 'trades': 44, 'win_rate': 0.5, 'window': 2}, {'end': '2024-11-14', 'max_dd': -0.513324, 'return': -0.481651, 'sharpe': -2.4361, 'start': '2024-04-01', 'trades': 54, 'win_rate': 0.4815, 'window': 3}, {'end': '2025-06-30', 'max_dd': -0.212621, 'return': 0.079777, 'sharpe': 0.6151, 'start': '2024-11-15', 'trades': 42, 'win_rate': 0.6429, 'window': 4}]}}"
agent/runs/v_Z4shuf_seed042_train,v_Z4shuf_seed042_train,agent/runs/v_Z4shuf_seed042_train/run_card.json,-0.3187378088405608,-318737.8088405608,383278.14344619506,-616721.856553805,-0.616721856553805,-0.6230005224662649,-1.2127681436141908,-1.3133,-0.5116,0.5288,0.4725274725274725,182,5.4441996931170795,-0.616722,-1.2128,8.6,1000000.0,2023-01-01,2025-06-30,1D,auto,daily,"BTC-USDT,SOL-USDT",206ae7883bd2727f8dfd34f5ec09e57211d253333557289dc6dab01878a1794b,5680595d753976610de949c37f0568d5ff7e7db3a1f2b2545ab303b52a99c7f6,agent/runs/v_Z4shuf_seed042_train/config.json,agent/runs/v_Z4shuf_seed042_train/code/signal_engine.py,,"{'bootstrap': {'ci_lower': -2.5222, 'ci_upper': -0.0201, 'confidence': 0.95, 'median_sharpe': -1.24, 'n_bootstrap': 1000, 'observed_sharpe': -1.2141, 'prob_positive': 0.022}, 'monte_carlo': {'actual_max_dd': -0.5556, 'actual_sharpe': -2.7999, 'n_simulations': 1000, 'n_trades': 182, 'p_value_max_dd': 0.011, 'p_value_sharpe': 0.288, 'simulated_sharpe_mean': -2.9873, 'simulated_sharpe_p5': -3.5203, 'simulated_sharpe_p95': -2.3876, 'simulated_sharpe_std': 0.3442}, 'walk_forward': {'consistency_rate': 0.25, 'n_windows': 4, 'profitable_windows': 1, 'return_mean': -0.18016, 'return_std': 0.214477, 'sharpe_mean': -1.1559, 'sharpe_std': 1.3661, 'windows': [{'end': '2023-08-16', 'max_dd': -0.422507, 'return': -0.383459, 'sharpe': -2.5257, 'start': '2023-01-01', 'trades': 46, 'win_rate': 0.3478, 'window': 1}, {'end': '2024-03-31', 'max_dd': -0.124837, 'return': 0.17637, 'sharpe': 1.0715, 'start': '2023-08-17', 'trades': 49, 'win_rate': 0.6735, 'window': 2}, {'end': '2024-11-14', 'max_dd': -0.36839, 'return': -0.300464, 'sharpe': -1.9452, 'start': '2024-04-01', 'trades': 44, 'win_rate': 0.4318, 'window': 3}, {'end': '2025-06-30', 'max_dd': -0.302657, 'return': -0.213087, 'sharpe': -1.2243, 'start': '2024-11-15', 'trades': 43, 'win_rate': 0.4186, 'window': 4}]}}"
agent/runs/20260630_040455_27_108bfd,20260630_040455_27_108bfd,agent/runs/20260630_040455_27_108bfd/run_card.json,-0.34652967639939936,-346529.67639939935,809789.7596230586,-190210.2403769414,-0.19021024037694134,-0.29482469789366195,-0.7388229686421441,-1.0616,-1.1754,0.4475,0.5,2,-0.319798,0.129587,1.5842,82.5,1000000.0,2025-12-30,2026-06-30,1D,okx,daily,BTC-USDT,daf2d66c8ce8d6cf34a926d9816eee06054c6e0a5e5d742f0c6956aa15fc29f0,1a7679cea00f7251514cc0adea6fa10d0ec6829be7febab50444a06610ab3138,agent/runs/20260630_040455_27_108bfd/config.json,agent/runs/20260630_040455_27_108bfd/code/signal_engine.py,,"{'monte_carlo': {'error': 'need at least 3 trades', 'p_value_sharpe': 1.0}}"
agent/runs/v_Z4shuf_seed043_train,v_Z4shuf_seed043_train,agent/runs/v_Z4shuf_seed043_train/run_card.json,-0.35722561506195116,-357225.61506195116,331443.3708121475,-668556.6291878525,-0.6685566291878524,-0.8883488786851492,-0.5161210343908765,-0.4699,-0.4021,0.7569,0.5120481927710844,166,5.4441996931170795,-0.668557,-0.5161,9.5,1000000.0,2023-01-01,2025-06-30,1D,auto,daily,"BTC-USDT,SOL-USDT",e0eb6a5ee10c0e65b9c0f63134a631081d42f99ce0fbb35199ecd2c76d7f7903,5680595d753976610de949c37f0568d5ff7e7db3a1f2b2545ab303b52a99c7f6,agent/runs/v_Z4shuf_seed043_train/config.json,agent/runs/v_Z4shuf_seed043_train/code/signal_engine.py,,"{'bootstrap': {'ci_lower': -1.5908, 'ci_upper': 0.8554, 'confidence': 0.95, 'median_sharpe': -0.4962, 'n_bootstrap': 1000, 'observed_sharpe': -0.5167, 'prob_positive': 0.203}, 'monte_carlo': {'actual_max_dd': -0.8597, 'actual_sharpe': 0.1979, 'n_simulations': 1000, 'n_trades': 166, 'p_value_max_dd': 0.295, 'p_value_sharpe': 0.298, 'simulated_sharpe_mean': -0.5368, 'simulated_sharpe_p5': -2.18, 'simulated_sharpe_p95': 1.1749, 'simulated_sharpe_std': 1.1376}, 'walk_forward': {'consistency_rate': 0.5, 'n_windows': 4, 'profitable_windows': 2, 'return_mean': -0.106608, 'return_std': 0.398372, 'sharpe_mean': -0.0448, 'sharpe_std': 1.2448, 'windows': [{'end': '2023-08-16', 'max_dd': -0.232774, 'return': 0.279072, 'sharpe': 1.172, 'start': '2023-01-01', 'trades': 33, 'win_rate': 0.6667, 'window': 1}, {'end': '2024-03-31', 'max_dd': -0.865385, 'return': -0.761284, 'sharpe': -1.9872, 'start': '2023-08-17', 'trades': 45, 'win_rate': 0.3778, 'window': 2}, {'end': '2024-11-14', 'max_dd': -0.215677, 'return': -0.075237, 'sharpe': -0.2654, 'start': '2024-04-01', 'trades': 44, 'win_rate': 0.5, 'window': 3}, {'end': '2025-06-30', 'max_dd': -0.159339, 'return': 0.131017, 'sharpe': 0.9016, 'start': '2024-11-15', 'trades': 44, 'win_rate': 0.5455, 'window': 4}]}}"
agent/runs/20260630_140531_35_b6ddc3/crypto_1h_downtrend_continuation_shortflat,crypto_1h_downtrend_continuation_shortflat,agent/runs/20260630_140531_35_b6ddc3/crypto_1h_downtrend_continuation_shortflat/run_card.json,-0.3833341492142699,-383334.1492142699,924270.7821497166,-75729.21785028337,-0.07572921785028341,-0.18301545085277127,-1.1445674387952154,-1.0968,-2.0945,0.918,0.25,140,-0.21865,0.142921,1.1391,9.7,1000000.0,2026-01-01,2026-06-29,1H,okx,daily,"BTC-USDT,ETH-USDT,SOL-USDT",4e535315175a8fdb28f8d1f351e30602d1365ff558daf4be76a3ed051ca79fa3,8bd7255ae5e3247ce0ba2b1abe9e3a8660e08e88bdf1dccfd263b6c7944abf88,agent/runs/20260630_140531_35_b6ddc3/crypto_1h_downtrend_continuation_shortflat/config.json,agent/runs/20260630_140531_35_b6ddc3/crypto_1h_downtrend_continuation_shortflat/code/signal_engine.py,,
agent/runs/v_Rung1_naivebh_OOS_TEST,v_Rung1_naivebh_OOS_TEST,agent/runs/v_Rung1_naivebh_OOS_TEST/run_card.json,-0.40800614760443743,-408006.1476044374,543112.6103711801,-456887.3896288199,-0.4568873896288199,-0.6373018009077108,-0.759465662213532,-1.1332,-0.6402,0.0,0.0,2,-0.39312424343287,-0.456887,-0.7595,423.0,1000000.0,2025-05-01,2026-06-30,1D,auto,daily,"BTC-USDT,SOL-USDT",880755cad7ea30e28bd10dd92ce23b4bebb8a720cca0c42a767f98b029258dc6,8d9fca1de321830d27c06fd819477d035fd9f64a297666abb4707f895cbf9ac5,agent/runs/v_Rung1_naivebh_OOS_TEST/config.json,agent/runs/v_Rung1_naivebh_OOS_TEST/code/signal_engine.py,,"{'bootstrap': {'ci_lower': -2.3959, 'ci_upper': 1.034, 'confidence': 0.95, 'median_sharpe': -0.795, 'n_bootstrap': 1000, 'observed_sharpe': -0.7613, 'prob_positive': 0.203}, 'monte_carlo': {'error': 'need at least 3 trades', 'p_value_sharpe': 1.0}}"
agent/runs/20260630_140531_35_b6ddc3/crypto_4h_downtrend_continuation_longflat,crypto_4h_downtrend_continuation_longflat,agent/runs/20260630_140531_35_b6ddc3/crypto_4h_downtrend_continuation_longflat/run_card.json,-0.4344949984964528,-434494.9984964528,754942.4842624982,-245057.5157375018,-0.24505751573750179,-0.3032761924698725,-1.7766968634214262,-1.6489,-1.4327,0.5417,0.3939393939393939,66,-0.388489,0.143432,0.7018,9.2,1000000.0,2026-01-01,2026-06-29,4H,okx,daily,"BTC-USDT,ETH-USDT,SOL-USDT",4e535315175a8fdb28f8d1f351e30602d1365ff558daf4be76a3ed051ca79fa3,d0a0e7833b4214e985b9a9a67d23feaa7dee58be2b5b9e9720851b497311ef9e,agent/runs/20260630_140531_35_b6ddc3/crypto_4h_downtrend_continuation_longflat/config.json,agent/runs/20260630_140531_35_b6ddc3/crypto_4h_downtrend_continuation_longflat/code/signal_engine.py,,
agent/runs/20260630_140531_35_b6ddc3/semi_1h_failed_breakout_fade,semi_1h_failed_breakout_fade,agent/runs/20260630_140531_35_b6ddc3/semi_1h_failed_breakout_fade/run_card.json,-0.4346722995513115,-434672.2995513115,569363.3284192133,-430636.6715807867,-0.43063667158078667,-0.571853137064024,-1.008524845013671,-0.5447,-0.7601,0.5225,0.53125,32,0.321527,-0.752164,-1.6027,9.5,1000000.0,2025-07-01,2026-06-29,1H,auto,daily,"SOXL.US,SOXS.US,SOXX.US,SMH.US,QQQ.US,TQQQ.US,SQQQ.US",4e535315175a8fdb28f8d1f351e30602d1365ff558daf4be76a3ed051ca79fa3,80168bf403c347da71fe2c30bf92c3aaa094afde3a1e50ad723720ea684bbc25,agent/runs/20260630_140531_35_b6ddc3/semi_1h_failed_breakout_fade/config.json,agent/runs/20260630_140531_35_b6ddc3/semi_1h_failed_breakout_fade/code/signal_engine.py,,
agent/runs/v_Rung2_riskmanagedbh_OOS_TEST,v_Rung2_riskmanagedbh_OOS_TEST,agent/runs/v_Rung2_riskmanagedbh_OOS_TEST/run_card.json,-0.43963413856675126,-439634.13856675127,509476.9573807388,-490523.0426192612,-0.49052304261926116,-0.6072839169163443,-0.9826736136867766,-1.4204,-0.7239,0.0,0.0,2,-0.39312424343287,-0.490523,-0.9827,413.0,1000000.0,2025-05-01,2026-06-30,1D,auto,daily,"BTC-USDT,SOL-USDT",9f3bad510ba89506b2e84ffbcfc2463a5cc0e687d4c89fe62108b91bbee94ac2,8d9fca1de321830d27c06fd819477d035fd9f64a297666abb4707f895cbf9ac5,agent/runs/v_Rung2_riskmanagedbh_OOS_TEST/config.json,agent/runs/v_Rung2_riskmanagedbh_OOS_TEST/code/signal_engine.py,,"{'bootstrap': {'ci_lower': -2.6044, 'ci_upper': 0.7542, 'confidence': 0.95, 'median_sharpe': -1.0097, 'n_bootstrap': 1000, 'observed_sharpe': -0.985, 'prob_positive': 0.152}, 'monte_carlo': {'error': 'need at least 3 trades', 'p_value_sharpe': 1.0}}"
agent/runs/20260630_131715_65_c83fd5/semi_momentum_20260630/1h,1h,agent/runs/20260630_131715_65_c83fd5/semi_momentum_20260630/1h/run_card.json,-0.45440943421533575,-454409.43421533576,818811.5523864615,-181188.44761353848,-0.18118844761353847,-0.42586513837106776,-0.34917628438333015,-0.3832,-1.067,0.8937,0.3702127659574468,470,0.209634,-0.390822,-0.9742,3.2,1000000.0,2026-03-01,2026-06-29,1H,auto,daily,"SOXL.US,SOXS.US,SOXX.US,SMH.US,QQQ.US,TQQQ.US,SQQQ.US,NVDA.US,AMD.US,AVGO.US,MU.US,WDC.US,STX.US,TSM.US,ASML.US,VRT.US,ANET.US",591a71c4128cd19a8a392ab2033fc7c9a838b8168cb65e0e63c73afa3bfecb9b,38bbcb6d6b72da1613a7d5badc30dd0e3c5ca1f6a7a0e8778040e876f0374a0c,agent/runs/20260630_131715_65_c83fd5/semi_momentum_20260630/1h/config.json,agent/runs/20260630_131715_65_c83fd5/semi_momentum_20260630/1h/code/signal_engine.py,,"{'monte_carlo': {'actual_max_dd': -0.4082, 'actual_sharpe': -0.3136, 'n_simulations': 1000, 'n_trades': 470, 'p_value_max_dd': 0.757, 'p_value_sharpe': 0.645, 'simulated_sharpe_mean': -0.2839, 'simulated_sharpe_p5': -0.3883, 'simulated_sharpe_p95': -0.1743, 'simulated_sharpe_std': 0.0721}}"
agent/runs/20260630_143522_65_eb0647/audit_runs/trackC_crypto_4h,trackC_crypto_4h,agent/runs/20260630_143522_65_eb0647/audit_runs/trackC_crypto_4h/run_card.json,-0.5174825174092139,-517482.51740921394,698110.621165799,-301889.378834201,-0.30188937883420097,-0.4068485568940909,-1.3394389707010523,-1.7088,-1.2719,0.8243,0.37012987012987014,154,-0.31449998850984273,0.012611,0.0593,4.2,1000000.0,2026-01-01,2026-06-29,4H,okx,,"BTC-USDT,ETH-USDT,SOL-USDT",20a20c000871f08dad5b7bfc78ff45834ec05b4bf3c970d6a1c9b8d061f2eccb,06b9394a6b6e9f028bc6849b72be17543c338575a90371efd5cfbe29aa330331,agent/runs/20260630_143522_65_eb0647/audit_runs/trackC_crypto_4h/config.json,agent/runs/20260630_143522_65_eb0647/audit_runs/trackC_crypto_4h/code/signal_engine.py,,
agent/runs/20260630_044631_81_90164a_1h,20260630_044631_81_90164a_1h,agent/runs/20260630_044631_81_90164a_1h/run_card.json,-0.5645971473760749,-564597.1473760749,760078.9136159697,-239921.0863840303,-0.2399210863840303,-0.3563946399637705,-1.8315038662120777,-1.4013,-1.5842,0.4521,0.3142857142857143,70,0.157088,-0.397009,-2.6844,12.9,1000000.0,2026-03-01,2026-06-29,1H,auto,,"SOXL.US,SOXS.US,SOXX.US,SMH.US,QQQ.US,TQQQ.US,SQQQ.US",d1a60281f6458542a8a5ddf5924fa52eea427b980ee15384d3d705dc6d0a0a1c,204027e6b967968e1ecf5a232ae89b5486262e4ab9444768d43e73bfa1212243,agent/runs/20260630_044631_81_90164a_1h/config.json,agent/runs/20260630_044631_81_90164a_1h/code/signal_engine.py,,"{'monte_carlo': {'actual_max_dd': -0.3233, 'actual_sharpe': -4.2253, 'n_simulations': 1000, 'n_trades': 70, 'p_value_max_dd': 0.985, 'p_value_sharpe': 0.952, 'simulated_sharpe_mean': -3.7455, 'simulated_sharpe_p5': -4.1985, 'simulated_sharpe_p95': -3.3244, 'simulated_sharpe_std': 0.2982}}"
agent/runs/20260630_131715_65_c83fd5/semi_momentum_20260630/1d,1d,agent/runs/20260630_131715_65_c83fd5/semi_momentum_20260630/1d/run_card.json,-0.6345542068242906,-634554.2068242907,226278.57093745563,-773721.4290625444,-0.7737214290625444,-0.7967511559978568,-1.06476362206494,-1.2668,-0.7964,0.5296,0.3460207612456747,289,0.530346,-1.304068,-1.2703,3.3,1000000.0,2025-01-01,2026-06-29,1D,auto,daily,"SOXL.US,SOXS.US,SOXX.US,SMH.US,QQQ.US,TQQQ.US,SQQQ.US,NVDA.US,AMD.US,AVGO.US,MU.US,WDC.US,STX.US,TSM.US,ASML.US,VRT.US,ANET.US",d2c3a4350dbe6d3db487937b545821607fcc67391ed1cb095bd5de4ef2010916,0dfa8d7630fbe1fa2f193dcd0ffa0bcd8a819e2ddbeeb406f6f7f20e916f73ce,agent/runs/20260630_131715_65_c83fd5/semi_momentum_20260630/1d/config.json,agent/runs/20260630_131715_65_c83fd5/semi_momentum_20260630/1d/code/signal_engine.py,,"{'monte_carlo': {'actual_max_dd': -0.7827, 'actual_sharpe': -2.5034, 'n_simulations': 1000, 'n_trades': 289, 'p_value_max_dd': 0.318, 'p_value_sharpe': 0.678, 'simulated_sharpe_mean': -2.1334, 'simulated_sharpe_p5': -3.1822, 'simulated_sharpe_p95': -0.8805, 'simulated_sharpe_std': 0.7014}}"
agent/runs/20260630_140531_35_b6ddc3/semi_15m_orb_trendday,semi_15m_orb_trendday,agent/runs/20260630_140531_35_b6ddc3/semi_15m_orb_trendday/run_card.json,-0.6620963029815198,-662096.3029815197,878682.5542002677,-121317.44579973235,-0.12131744579973236,-0.1906814565133534,-1.1018066252284884,-0.8063,-3.4723,0.7358,0.42857142857142855,28,0.039903,-0.16122,-1.4658,8.7,1000000.0,2026-05-15,2026-06-29,15m,auto,daily,"SOXL.US,SOXS.US,SOXX.US,SMH.US,QQQ.US,TQQQ.US,SQQQ.US",4e535315175a8fdb28f8d1f351e30602d1365ff558daf4be76a3ed051ca79fa3,cc408c2022cdf74dcb698f0369af6a66ef213931c1c5c7692c4770a951d7f9a9,agent/runs/20260630_140531_35_b6ddc3/semi_15m_orb_trendday/config.json,agent/runs/20260630_140531_35_b6ddc3/semi_15m_orb_trendday/code/signal_engine.py,,
agent/runs/20260630_140531_35_b6ddc3/crypto_15m_vol_breakout_shortflat,crypto_15m_vol_breakout_shortflat,agent/runs/20260630_140531_35_b6ddc3/crypto_15m_vol_breakout_shortflat/run_card.json,-0.7004255944956348,-700425.5944956348,953275.7636725229,-46724.23632747715,-0.04672423632747713,-0.07730576996353133,-3.47265844618945,-2.7478,-9.0605,0.7457,0.2926829268292683,41,-0.047995,0.001271,-0.1146,11.8,1000000.0,2026-01-01,2026-06-29,15m,okx,daily,"BTC-USDT,ETH-USDT,SOL-USDT",4e535315175a8fdb28f8d1f351e30602d1365ff558daf4be76a3ed051ca79fa3,de41be92af63886361d39e5551f0580a2c56cf54a838a00cb79ca6decefe2ffb,agent/runs/20260630_140531_35_b6ddc3/crypto_15m_vol_breakout_shortflat/config.json,agent/runs/20260630_140531_35_b6ddc3/crypto_15m_vol_breakout_shortflat/code/signal_engine.py,,
agent/runs/20260630_143522_65_eb0647/audit_runs/trackB_soxs_diag,trackB_soxs_diag,agent/runs/20260630_143522_65_eb0647/audit_runs/trackB_soxs_diag/run_card.json,-0.703867504139216,-703867.5041392159,301492.1125359867,-698507.8874640133,-0.6985078874640134,-0.6992049144539829,-2.1087898126144697,-0.7694,-1.0067,0.2483,0.23684210526315788,38,-0.9771378996163892,0.27863,1.9512,3.9,1000000.0,2025-07-01,2026-06-29,1H,yfinance,,"SOXS.US,SOXX.US,SMH.US,QQQ.US",d4fd1ce2214332681ffa5e1a5b4dd170af081f33cf93f063165dd581c8caed72,e026d05fadb07e9ef8d44c5af501f2e53b97ee76b2a49db50a437d918454d3a2,agent/runs/20260630_143522_65_eb0647/audit_runs/trackB_soxs_diag/config.json,agent/runs/20260630_143522_65_eb0647/audit_runs/trackB_soxs_diag/code/signal_engine.py,,
agent/runs/20260630_140531_35_b6ddc3/semi_15m_failed_breakout_fade,semi_15m_failed_breakout_fade,agent/runs/20260630_140531_35_b6ddc3/semi_15m_failed_breakout_fade/run_card.json,-0.7646931109417017,-764693.1109417017,841586.3752200807,-158413.62477991928,-0.15841362477991927,-0.20518472822262077,-2.970396330366609,-1.8723,-3.7269,0.3234,0.3333333333333333,9,0.039903,-0.198316,-3.5631,12.8,1000000.0,2026-05-15,2026-06-29,15m,auto,daily,"SOXL.US,SOXS.US,SOXX.US,SMH.US,QQQ.US,TQQQ.US,SQQQ.US",4e535315175a8fdb28f8d1f351e30602d1365ff558daf4be76a3ed051ca79fa3,66e2383bdf79deebc6c70669a941c4c5158e2087feec480fd5935143f8b5dbfc,agent/runs/20260630_140531_35_b6ddc3/semi_15m_failed_breakout_fade/config.json,agent/runs/20260630_140531_35_b6ddc3/semi_15m_failed_breakout_fade/code/signal_engine.py,,
agent/runs/20260630_145806_24_bbd861/runs/trackA2_v3,trackA2_v3,agent/runs/20260630_145806_24_bbd861/runs/trackA2_v3/run_card.json,-0.7847335317205304,-784733.5317205304,832899.1653382878,-167100.83466171217,-0.16710083466171222,-0.19754476473138263,-2.7332953555069768,-1.0973,-3.9724,0.5482,0.36363636363636365,33,0.431433,-0.598534,-3.3511,3.6,1000000.0,2026-05-15,2026-06-29,15m,yfinance,daily,"SOXL.US,SOXX.US,SMH.US,QQQ.US",96fb98b6f1c956975a2876ace65bdc12a7e8ca03735a365069eda5a247aa4fc8,0466ac56f2d09b104e4822b7db5e0f830517be46f939367cfde4f06b15e14c77,agent/runs/20260630_145806_24_bbd861/runs/trackA2_v3/config.json,agent/runs/20260630_145806_24_bbd861/runs/trackA2_v3/code/signal_engine.py,,"{'monte_carlo': {'actual_max_dd': -0.1924, 'actual_sharpe': -2.3559, 'n_simulations': 1000, 'n_trades': 33, 'p_value_max_dd': 0.188, 'p_value_sharpe': 0.211, 'simulated_sharpe_mean': -2.5873, 'simulated_sharpe_p5': -3.3906, 'simulated_sharpe_p95': -2.0505, 'simulated_sharpe_std': 0.509}}"
agent/runs/20260630_145806_24_bbd861/runs/trackA2_v1,trackA2_v1,agent/runs/20260630_145806_24_bbd861/runs/trackA2_v1/run_card.json,-0.8452517473687625,-845251.7473687625,800805.1832139583,-199194.81678604172,-0.19919481678604167,-0.23150308719553242,-3.3117521373185257,-1.3733,-3.6511,0.4824,0.36363636363636365,33,0.431433,-0.630628,-3.5252,3.8,1000000.0,2026-05-15,2026-06-29,15m,yfinance,daily,"SOXL.US,SOXX.US,SMH.US,QQQ.US",0b8df604fa8a98c391f67dff382bb053078e94ac0abe5cc55b178b8aa6ab8dd2,0466ac56f2d09b104e4822b7db5e0f830517be46f939367cfde4f06b15e14c77,agent/runs/20260630_145806_24_bbd861/runs/trackA2_v1/config.json,agent/runs/20260630_145806_24_bbd861/runs/trackA2_v1/code/signal_engine.py,,"{'monte_carlo': {'actual_max_dd': -0.2253, 'actual_sharpe': -2.915, 'n_simulations': 1000, 'n_trades': 33, 'p_value_max_dd': 0.322, 'p_value_sharpe': 0.253, 'simulated_sharpe_mean': -3.1272, 'simulated_sharpe_p5': -3.9971, 'simulated_sharpe_p95': -2.5344, 'simulated_sharpe_std': 0.481}}"
agent/runs/20260630_140531_35_b6ddc3/crypto_15m_vol_breakout_longflat,crypto_15m_vol_breakout_longflat,agent/runs/20260630_140531_35_b6ddc3/crypto_15m_vol_breakout_longflat/run_card.json,-0.8890124184842346,-889012.4184842346,916431.040773739,-83568.95922626101,-0.08356895922626106,-0.08356895922626101,-7.772015427835405,-4.8796,-10.6381,0.385,0.10810810810810811,37,-0.047995,-0.035574,-1.9152,10.3,1000000.0,2026-01-01,2026-06-29,15m,okx,daily,"BTC-USDT,ETH-USDT,SOL-USDT",4e535315175a8fdb28f8d1f351e30602d1365ff558daf4be76a3ed051ca79fa3,d7d6f272d8c96b5b9f981abb1727ebefd26c609ee0ea433499af95ae09d2b143,agent/runs/20260630_140531_35_b6ddc3/crypto_15m_vol_breakout_longflat/config.json,agent/runs/20260630_140531_35_b6ddc3/crypto_15m_vol_breakout_longflat/code/signal_engine.py,,
agent/runs/20260630_131715_65_c83fd5/semi_momentum_20260630/15m,15m,agent/runs/20260630_131715_65_c83fd5/semi_momentum_20260630/15m/run_card.json,-0.9996278734449703,-999627.8734449702,390144.50056712364,-609855.4994328764,-0.6098554994328764,-0.6291678996409676,-7.270067787708547,-7.5893,-1.5888,0.4786,0.28792134831460675,712,0.028495,-0.638351,-6.3606,2.7,1000000.0,2026-05-15,2026-06-29,15m,auto,daily,"SOXL.US,SOXS.US,SOXX.US,SMH.US,QQQ.US,TQQQ.US,SQQQ.US,NVDA.US,AMD.US,AVGO.US,MU.US,WDC.US,STX.US,TSM.US,ASML.US,VRT.US,ANET.US",96fd1be95547a1afc6106c413f348a8cfd50df932284fb1b49f702bfb8849fcc,d429941aa699998a2a68130392e7416d1a606a84f8f237ddde8c832a6b761bec,agent/runs/20260630_131715_65_c83fd5/semi_momentum_20260630/15m/config.json,agent/runs/20260630_131715_65_c83fd5/semi_momentum_20260630/15m/code/signal_engine.py,,"{'monte_carlo': {'actual_max_dd': -0.6217, 'actual_sharpe': -2.3487, 'n_simulations': 1000, 'n_trades': 712, 'p_value_max_dd': 0.545, 'p_value_sharpe': 0.71, 'simulated_sharpe_mean': -2.2179, 'simulated_sharpe_p5': -2.5539, 'simulated_sharpe_p95': -1.837, 'simulated_sharpe_std': 0.2213}}"
