ts,BTCUSDT,SOLUSDT
2019-09-10 08:00:00+00:00,0.0001,
2019-09-10 16:00:00+00:00,0.0001,
2019-09-11 00:00:00+00:00,0.0001,
2019-09-11 08:00:00+00:00,0.0001,
2019-09-11 16:00:00+00:00,0.0001,
2019-09-12 00:00:00+00:00,0.0001,
2019-09-12 08:00:00+00:00,0.0001,
2019-09-12 16:00:00+00:00,0.0001,
2019-09-13 00:00:00+00:00,0.0001,
2019-09-13 08:00:00+00:00,0.0001,
2019-09-13 16:00:00+00:00,0.0001,
2019-09-14 00:00:00+00:00,0.0001,
2019-09-14 08:00:00+00:00,0.0001,
2019-09-14 16:00:00.001000+00:00,0.0001,
2019-09-15 00:00:00.001000+00:00,0.0001,
2019-09-15 08:00:00+00:00,0.0001,
2019-09-15 16:00:00+00:00,0.0001,
2019-09-16 00:00:00+00:00,0.0001,
2019-09-16 08:00:00+00:00,0.0001,
2019-09-16 16:00:00+00:00,0.0001,
2019-09-17 00:00:00+00:00,0.0001,
2019-09-17 08:00:00+00:00,0.0001,
2019-09-17 16:00:00+00:00,0.0001,
2019-09-18 00:00:00+00:00,0.0001,
2019-09-18 08:00:00+00:00,0.0001,
2019-09-18 16:00:00+00:00,0.0001,
2019-09-19 00:00:00+00:00,0.0001,
2019-09-19 08:00:00+00:00,0.0001,
2019-09-19 16:00:00+00:00,0.0001,
2019-09-20 00:00:00+00:00,0.0001,
2019-09-20 08:00:00+00:00,0.0001,
2019-09-20 16:00:00+00:00,0.0001,
2019-09-21 00:00:00+00:00,0.0001,
2019-09-21 08:00:00+00:00,0.0001,
2019-09-21 16:00:00+00:00,0.0001,
2019-09-22 00:00:00+00:00,0.0001,
2019-09-22 08:00:00+00:00,0.0001,
2019-09-22 16:00:00+00:00,0.0001,
2019-09-23 00:00:00+00:00,0.0001,
2019-09-23 08:00:00.001000+00:00,0.0001,
2019-09-23 16:00:00+00:00,0.0001,
2019-09-24 00:00:00.001000+00:00,0.0001,
2019-09-24 08:00:00+00:00,0.0001,
2019-09-24 16:00:00+00:00,0.0001,
2019-09-25 00:00:00+00:00,0.0001,
2019-09-25 08:00:00.001000+00:00,0.0001,
2019-09-25 16:00:00+00:00,0.0001,
2019-09-26 00:00:00+00:00,0.0001,
2019-09-26 08:00:00+00:00,0.0001,
2019-09-26 16:00:00+00:00,0.0001,
2019-09-27 00:00:00.001000+00:00,0.0001,
2019-09-27 08:00:00+00:00,0.0001,
2019-09-27 16:00:00+00:00,0.0001,
2019-09-28 00:00:00+00:00,0.0001,
2019-09-28 08:00:00.001000+00:00,0.0001,
2019-09-28 16:00:00+00:00,0.0001,
2019-09-29 00:00:00+00:00,0.0001,
2019-09-29 08:00:00+00:00,0.0001,
2019-09-29 16:00:00+00:00,0.0001,
2019-09-30 00:00:00+00:00,0.0001,
2019-09-30 08:00:00+00:00,0.0001,
2019-09-30 16:00:00+00:00,0.0001,
2019-10-01 00:00:00+00:00,0.0001,
2019-10-01 08:00:00+00:00,0.0001,
2019-10-01 16:00:00.001000+00:00,0.0001,
2019-10-02 00:00:00+00:00,0.0001,
2019-10-02 08:00:00+00:00,0.0001,
2019-10-02 16:00:00+00:00,-0.00052458,
2019-10-03 00:00:00+00:00,-0.0003222,
2019-10-03 08:00:00.001000+00:00,-6.876e-05,
2019-10-03 16:00:00+00:00,0.0001,
2019-10-04 00:00:00.001000+00:00,0.0001,
2019-10-04 08:00:00+00:00,3.592e-05,
2019-10-04 16:00:00+00:00,-0.00013704,
2019-10-05 00:00:00+00:00,-0.00025688,
2019-10-05 08:00:00+00:00,-0.0002266,
2019-10-05 16:00:00+00:00,-1.226e-05,
2019-10-06 00:00:00+00:00,-0.00011057,
2019-10-06 08:00:00+00:00,-3.644e-05,
2019-10-06 16:00:00+00:00,2.715e-05,
2019-10-07 00:00:00.001000+00:00,-5.063e-05,
2019-10-07 08:00:00+00:00,-0.00020006,
2019-10-07 16:00:00+00:00,-0.00024859,
2019-10-08 00:00:00.001000+00:00,0.0001,
2019-10-08 08:00:00+00:00,0.0001,
2019-10-08 16:00:00+00:00,0.0001,
2019-10-09 00:00:00+00:00,0.0001,
2019-10-09 08:00:00+00:00,0.0001,
2019-10-09 16:00:00+00:00,0.0001,
2019-10-10 00:00:00+00:00,0.0001,
2019-10-10 08:00:00+00:00,0.0001,
2019-10-10 16:00:00+00:00,0.0001,
2019-10-11 00:00:00+00:00,0.0001,
2019-10-11 08:00:00+00:00,0.0001,
2019-10-11 16:00:00+00:00,0.0001,
2019-10-12 00:00:00+00:00,0.0001,
2019-10-12 08:00:00+00:00,0.0001,
2019-10-12 16:00:00+00:00,0.0001,
2019-10-13 00:00:00+00:00,0.0001,
2019-10-13 08:00:00+00:00,0.0001,
2019-10-13 16:00:00+00:00,0.0001,
2019-10-14 00:00:00+00:00,0.0001,
2019-10-14 08:00:00+00:00,0.0001,
2019-10-14 16:00:00+00:00,0.0001,
2019-10-15 00:00:00+00:00,0.0001,
2019-10-15 08:00:00+00:00,0.0001,
2019-10-15 16:00:00+00:00,0.0001,
2019-10-16 00:00:00+00:00,0.0001,
2019-10-16 08:00:00+00:00,0.0001,
2019-10-16 16:00:00+00:00,0.0001,
2019-10-17 00:00:00+00:00,0.0001,
2019-10-17 08:00:00.001000+00:00,0.0001,
2019-10-17 16:00:00.001000+00:00,0.0001,
2019-10-18 00:00:00+00:00,0.0001,
2019-10-18 08:00:00+00:00,0.0001,
2019-10-18 16:00:00+00:00,0.0001,
2019-10-19 00:00:00.001000+00:00,0.0001,
2019-10-19 08:00:00+00:00,0.0001,
2019-10-19 16:00:00+00:00,0.0001,
2019-10-20 00:00:00+00:00,0.0001,
2019-10-20 08:00:00+00:00,0.0001,
2019-10-20 16:00:00+00:00,0.0001,
2019-10-21 00:00:00+00:00,0.0001,
2019-10-21 08:00:00+00:00,0.0001,
2019-10-21 16:00:00.001000+00:00,0.0001,
2019-10-22 00:00:00+00:00,0.0001,
2019-10-22 08:00:00+00:00,0.0001,
2019-10-22 16:00:00+00:00,0.0001,
2019-10-23 00:00:00+00:00,0.0001,
2019-10-23 08:00:00+00:00,0.0001,
2019-10-23 16:00:00+00:00,0.0001,
2019-10-24 00:00:00+00:00,0.0001,
2019-10-24 08:00:00+00:00,0.0001,
2019-10-24 16:00:00+00:00,-4.395e-05,
2019-10-25 00:00:00+00:00,0.0001,
2019-10-25 08:00:00+00:00,0.0001,
2019-10-25 16:00:00+00:00,-0.00014709,
2019-10-26 00:00:00+00:00,0.0001,
2019-10-26 08:00:00+00:00,0.00013709,
2019-10-26 16:00:00+00:00,0.00030874,
2019-10-27 00:00:00.001000+00:00,0.0001,
2019-10-27 08:00:00+00:00,0.00018561,
2019-10-27 16:00:00+00:00,0.0001,
2019-10-28 00:00:00+00:00,0.00012485,
2019-10-28 08:00:00+00:00,0.00078363,
2019-10-28 16:00:00+00:00,0.00073711,
2019-10-29 00:00:00+00:00,0.00053797,
2019-10-29 08:00:00+00:00,0.00016366,
2019-10-29 16:00:00+00:00,0.00046967,
2019-10-30 00:00:00+00:00,0.00025294,
2019-10-30 08:00:00+00:00,0.0002903,
2019-10-30 16:00:00+00:00,0.00052312,
2019-10-31 00:00:00+00:00,0.0001317,
2019-10-31 08:00:00+00:00,0.00038598,
2019-10-31 16:00:00+00:00,0.00041061,
2019-11-01 00:00:00+00:00,0.00015873,
2019-11-01 08:00:00+00:00,0.00048728,
2019-11-01 16:00:00+00:00,0.0001,
2019-11-02 00:00:00+00:00,0.0001,
2019-11-02 08:00:00.001000+00:00,0.0001,
2019-11-02 16:00:00+00:00,0.0001,
2019-11-03 00:00:00+00:00,0.0001,
2019-11-03 08:00:00+00:00,0.0001,
2019-11-03 16:00:00+00:00,0.0001,
2019-11-04 00:00:00+00:00,0.0001,
2019-11-04 08:00:00+00:00,0.00010072,
2019-11-04 16:00:00+00:00,0.0001,
2019-11-05 00:00:00+00:00,0.0001,
2019-11-05 08:00:00+00:00,0.0001,
2019-11-05 16:00:00+00:00,0.0001,
2019-11-06 00:00:00+00:00,0.0001,
2019-11-06 08:00:00+00:00,0.0001,
2019-11-06 16:00:00+00:00,0.00013877,
2019-11-07 00:00:00+00:00,0.00027025,
2019-11-07 08:00:00+00:00,0.00018004,
2019-11-07 16:00:00+00:00,0.0001953,
2019-11-08 00:00:00+00:00,0.000125,
2019-11-08 08:00:00+00:00,0.0001,
2019-11-08 16:00:00+00:00,0.0001,
2019-11-09 00:00:00+00:00,0.0001,
2019-11-09 08:00:00+00:00,0.0001,
2019-11-09 16:00:00+00:00,0.0001,
2019-11-10 00:00:00+00:00,0.0001,
2019-11-10 08:00:00+00:00,0.0001,
2019-11-10 16:00:00+00:00,0.0001,
2019-11-11 00:00:00+00:00,0.0001,
2019-11-11 08:00:00+00:00,0.0001,
2019-11-11 16:00:00+00:00,0.0001,
2019-11-12 00:00:00+00:00,0.0001,
2019-11-12 08:00:00+00:00,0.0001,
2019-11-12 16:00:00+00:00,0.0001,
2019-11-13 00:00:00+00:00,-0.00022089,
2019-11-13 08:00:00+00:00,0.0001,
2019-11-13 16:00:00+00:00,0.0001,
2019-11-14 00:00:00+00:00,0.0001,
2019-11-14 08:00:00+00:00,0.0001,
2019-11-14 16:00:00+00:00,0.0001,
2019-11-15 00:00:00+00:00,0.0001,
2019-11-15 08:00:00+00:00,0.0001,
2019-11-15 16:00:00+00:00,0.0001,
2019-11-16 00:00:00.001000+00:00,0.0001,
2019-11-16 08:00:00+00:00,0.0001,
2019-11-16 16:00:00+00:00,0.0001,
2019-11-17 00:00:00+00:00,0.0001,
2019-11-17 08:00:00.001000+00:00,0.0001,
2019-11-17 16:00:00+00:00,0.0001,
2019-11-18 00:00:00+00:00,0.0001,
2019-11-18 08:00:00.001000+00:00,0.0001,
2019-11-18 16:00:00+00:00,0.0001,
2019-11-19 00:00:00+00:00,0.0001,
2019-11-19 08:00:00+00:00,0.0001,
2019-11-19 16:00:00+00:00,0.0001,
2019-11-20 00:00:00+00:00,0.0001,
2019-11-20 08:00:00+00:00,0.0001,
2019-11-20 16:00:00+00:00,0.0001,
2019-11-21 00:00:00+00:00,0.0001,
2019-11-21 08:00:00+00:00,0.0001,
2019-11-21 16:00:00+00:00,0.0001,
2019-11-22 00:00:00+00:00,6.832e-05,
2019-11-22 08:00:00.001000+00:00,9.601e-05,
2019-11-22 16:00:00+00:00,-0.00025622,
2019-11-23 00:00:00+00:00,-0.0002867,
2019-11-23 08:00:00+00:00,-0.00017048,
2019-11-23 16:00:00+00:00,-0.0001429,
2019-11-24 00:00:00+00:00,-0.00010216,
2019-11-24 08:00:00+00:00,0.0001,
2019-11-24 16:00:00+00:00,0.0001,
2019-11-25 00:00:00+00:00,0.0001,
2019-11-25 08:00:00+00:00,-3.046e-05,
2019-11-25 16:00:00+00:00,-0.00011089,
2019-11-26 00:00:00+00:00,-8.462e-05,
2019-11-26 08:00:00+00:00,-0.00046229,
2019-11-26 16:00:00+00:00,-0.00036807,
2019-11-27 00:00:00+00:00,-0.00018098,
2019-11-27 08:00:00+00:00,-0.00015744,
2019-11-27 16:00:00+00:00,0.0001,
2019-11-28 00:00:00+00:00,0.0001,
2019-11-28 08:00:00+00:00,0.0001,
2019-11-28 16:00:00+00:00,0.0001,
2019-11-29 00:00:00+00:00,0.0001,
2019-11-29 08:00:00+00:00,0.0001,
2019-11-29 16:00:00+00:00,0.0001,
2019-11-30 00:00:00+00:00,0.0001,
2019-11-30 08:00:00+00:00,-1.926e-05,
2019-11-30 16:00:00+00:00,0.0001,
2019-12-01 00:00:00+00:00,0.0001,
2019-12-01 08:00:00+00:00,0.0001,
2019-12-01 16:00:00+00:00,0.0001,
2019-12-02 00:00:00+00:00,0.0001,
2019-12-02 08:00:00+00:00,0.0001,
2019-12-02 16:00:00+00:00,1.721e-05,
2019-12-03 00:00:00+00:00,1.418e-05,
2019-12-03 08:00:00+00:00,8.902e-05,
2019-12-03 16:00:00+00:00,-1.025e-05,
2019-12-04 00:00:00+00:00,-3.55e-06,
2019-12-04 08:00:00+00:00,3.333e-05,
2019-12-04 16:00:00+00:00,-5.268e-05,
2019-12-05 00:00:00+00:00,2.564e-05,
2019-12-05 08:00:00.001000+00:00,-9.765e-05,
2019-12-05 16:00:00+00:00,1.789e-05,
2019-12-06 00:00:00+00:00,7.761e-05,
2019-12-06 08:00:00+00:00,5.834e-05,
2019-12-06 16:00:00+00:00,6.551e-05,
2019-12-07 00:00:00+00:00,0.0001,
2019-12-07 08:00:00.001000+00:00,3.809e-05,
2019-12-07 16:00:00+00:00,0.0001,
2019-12-08 00:00:00+00:00,0.0001,
2019-12-08 08:00:00+00:00,0.0001,
2019-12-08 16:00:00+00:00,0.0001,
2019-12-09 00:00:00+00:00,0.0001,
2019-12-09 08:00:00+00:00,0.0001,
2019-12-09 16:00:00+00:00,0.0001,
2019-12-10 00:00:00+00:00,0.0001,
2019-12-10 08:00:00.001000+00:00,0.0001,
2019-12-10 16:00:00+00:00,0.0001,
2019-12-11 00:00:00+00:00,0.0001,
2019-12-11 08:00:00+00:00,4.062e-05,
2019-12-11 16:00:00+00:00,-5.692e-05,
2019-12-12 00:00:00+00:00,3.16e-05,
2019-12-12 08:00:00.001000+00:00,-3.2e-06,
2019-12-12 16:00:00+00:00,-8.52e-05,
2019-12-13 00:00:00+00:00,-7.162e-05,
2019-12-13 08:00:00+00:00,-0.00011387,
2019-12-13 16:00:00+00:00,-9.781e-05,
2019-12-14 00:00:00+00:00,-5.358e-05,
2019-12-14 08:00:00+00:00,2.252e-05,
2019-12-14 16:00:00+00:00,0.0001,
2019-12-15 00:00:00+00:00,-1.788e-05,
2019-12-15 08:00:00.001000+00:00,7.982e-05,
2019-12-15 16:00:00+00:00,2.225e-05,
2019-12-16 00:00:00.001000+00:00,-0.00013465,
2019-12-16 08:00:00+00:00,-0.00010782,
2019-12-16 16:00:00.003000+00:00,-3.652e-05,
2019-12-17 00:00:00.008000+00:00,-4.606e-05,
2019-12-17 08:00:00+00:00,-0.00013429,
2019-12-17 16:00:00+00:00,-1.606e-05,
2019-12-18 00:00:00.006000+00:00,-0.00013767,
2019-12-18 08:00:00+00:00,-0.00022278,
2019-12-18 16:00:00+00:00,-0.0001509,
2019-12-19 00:00:00.001000+00:00,0.0001,
2019-12-19 08:00:00.001000+00:00,0.0001,
2019-12-19 16:00:00+00:00,0.0001,
2019-12-20 00:00:00+00:00,2.383e-05,
2019-12-20 08:00:00+00:00,1.034e-05,
2019-12-20 16:00:00+00:00,3.19e-05,
2019-12-21 00:00:00+00:00,-2.37e-06,
2019-12-21 08:00:00+00:00,0.0001,
2019-12-21 16:00:00+00:00,0.0001,
2019-12-22 00:00:00+00:00,0.0001,
2019-12-22 08:00:00.001000+00:00,0.0001,
2019-12-22 16:00:00+00:00,1.57e-05,
2019-12-23 00:00:00+00:00,0.0001,
2019-12-23 08:00:00+00:00,0.0001,
2019-12-23 16:00:00+00:00,0.0001,
2019-12-24 00:00:00+00:00,0.0001,
2019-12-24 08:00:00+00:00,0.0001,
2019-12-24 16:00:00+00:00,0.0001,
2019-12-25 00:00:00+00:00,0.0001,
2019-12-25 08:00:00+00:00,6.107e-05,
2019-12-25 16:00:00+00:00,0.0001,
2019-12-26 00:00:00+00:00,0.0001,
2019-12-26 08:00:00+00:00,0.0001,
2019-12-26 16:00:00+00:00,-2.854e-05,
2019-12-27 00:00:00.001000+00:00,2.605e-05,
2019-12-27 08:00:00+00:00,-5.694e-05,
2019-12-27 16:00:00+00:00,-8.764e-05,
2019-12-28 00:00:00+00:00,-7.701e-05,
2019-12-28 08:00:00+00:00,-4.257e-05,
2019-12-28 16:00:00+00:00,2.166e-05,
2019-12-29 00:00:00+00:00,-0.0002325,
2019-12-29 08:00:00+00:00,0.0001,
2019-12-29 16:00:00+00:00,-8.727e-05,
2019-12-30 00:00:00+00:00,-0.00010232,
2019-12-30 08:00:00+00:00,-0.0001794,
2019-12-30 16:00:00+00:00,-1.406e-05,
2019-12-31 00:00:00+00:00,3.936e-05,
2019-12-31 08:00:00+00:00,-0.0001305,
2019-12-31 16:00:00+00:00,-2.403e-05,
2020-01-01 00:00:00+00:00,-0.00012359,
2020-01-01 08:00:00+00:00,-0.00012383,
2020-01-01 16:00:00+00:00,-9.664e-05,
2020-01-02 00:00:00.002000+00:00,3.662e-05,
2020-01-02 08:00:00+00:00,0.0001,
2020-01-02 16:00:00+00:00,1.04e-06,
2020-01-03 00:00:00+00:00,-1.664e-05,
2020-01-03 08:00:00+00:00,-1.553e-05,
2020-01-03 16:00:00.001000+00:00,0.0001,
2020-01-04 00:00:00+00:00,0.0001,
2020-01-04 08:00:00+00:00,8.4e-07,
2020-01-04 16:00:00+00:00,7.387e-05,
2020-01-05 00:00:00+00:00,0.0001,
2020-01-05 08:00:00+00:00,0.0001,
2020-01-05 16:00:00+00:00,0.0001,
2020-01-06 00:00:00+00:00,0.0001,
2020-01-06 08:00:00+00:00,0.0001,
2020-01-06 16:00:00+00:00,0.0001,
2020-01-07 00:00:00+00:00,0.0001,
2020-01-07 08:00:00.001000+00:00,0.0001,
2020-01-07 16:00:00+00:00,0.0001,
2020-01-08 00:00:00+00:00,0.00012514,
2020-01-08 08:00:00+00:00,0.0001,
2020-01-08 16:00:00.001000+00:00,0.0001,
2020-01-09 00:00:00+00:00,0.0001,
2020-01-09 08:00:00+00:00,0.0001,
2020-01-09 16:00:00+00:00,0.0001,
2020-01-10 00:00:00+00:00,0.0001,
2020-01-10 08:00:00+00:00,0.0001,
2020-01-10 16:00:00+00:00,0.0001,
2020-01-11 00:00:00+00:00,0.0001,
2020-01-11 08:00:00+00:00,0.00017846,
2020-01-11 16:00:00+00:00,0.0001,
2020-01-12 00:00:00+00:00,0.0001,
2020-01-12 08:00:00+00:00,0.0001,
2020-01-12 16:00:00+00:00,0.0001,
2020-01-13 00:00:00.001000+00:00,0.0001,
2020-01-13 08:00:00+00:00,0.0001,
2020-01-13 16:00:00+00:00,0.0001,
2020-01-14 00:00:00+00:00,0.0001,
2020-01-14 08:00:00+00:00,0.000259,
2020-01-14 16:00:00.001000+00:00,0.0001,
2020-01-15 00:00:00+00:00,0.00049392,
2020-01-15 08:00:00+00:00,0.00019497,
2020-01-15 16:00:00+00:00,0.0001,
2020-01-16 00:00:00+00:00,0.0001,
2020-01-16 08:00:00+00:00,0.00041191,
2020-01-16 16:00:00+00:00,0.00031466,
2020-01-17 00:00:00+00:00,0.0001,
2020-01-17 08:00:00+00:00,0.00015027,
2020-01-17 16:00:00+00:00,0.00056749,
2020-01-18 00:00:00.001000+00:00,0.0001,
2020-01-18 08:00:00.001000+00:00,0.00029182,
2020-01-18 16:00:00+00:00,0.00032081,
2020-01-19 00:00:00+00:00,0.00020041,
2020-01-19 08:00:00+00:00,0.00039329,
2020-01-19 16:00:00+00:00,0.00092467,
2020-01-20 00:00:00+00:00,0.00029702,
2020-01-20 08:00:00+00:00,0.0001,
2020-01-20 16:00:00+00:00,0.00010782,
2020-01-21 00:00:00+00:00,0.00012057,
2020-01-21 08:00:00+00:00,0.00015425,
2020-01-21 16:00:00+00:00,0.0001574,
2020-01-22 00:00:00+00:00,0.0001,
2020-01-22 08:00:00.001000+00:00,0.00021392,
2020-01-22 16:00:00+00:00,0.0001,
2020-01-23 00:00:00+00:00,0.0001,
2020-01-23 08:00:00+00:00,0.0001,
2020-01-23 16:00:00+00:00,0.00052304,
2020-01-24 00:00:00+00:00,0.00054719,
2020-01-24 08:00:00+00:00,0.00042124,
2020-01-24 16:00:00.001000+00:00,0.00017948,
2020-01-25 00:00:00+00:00,0.0001,
2020-01-25 08:00:00+00:00,0.0001,
2020-01-25 16:00:00.001000+00:00,0.0001,
2020-01-26 00:00:00+00:00,0.0001,
2020-01-26 08:00:00+00:00,0.0001,
2020-01-26 16:00:00+00:00,0.0001,
2020-01-27 00:00:00+00:00,0.0001,
2020-01-27 08:00:00.001000+00:00,0.0001,
2020-01-27 16:00:00+00:00,0.0001,
2020-01-28 00:00:00+00:00,0.0001,
2020-01-28 08:00:00+00:00,0.00068689,
2020-01-28 16:00:00+00:00,0.00054394,
2020-01-29 00:00:00.001000+00:00,0.00062324,
2020-01-29 08:00:00+00:00,0.00108193,
2020-01-29 16:00:00.002000+00:00,0.00053694,
2020-01-30 00:00:00+00:00,0.000236,
2020-01-30 08:00:00+00:00,0.00024877,
2020-01-30 16:00:00+00:00,0.00034852,
2020-01-31 00:00:00+00:00,0.00053551,
2020-01-31 08:00:00+00:00,0.00077154,
2020-01-31 16:00:00+00:00,0.00039858,
2020-02-01 00:00:00+00:00,0.00074991,
2020-02-01 08:00:00+00:00,0.00065667,
2020-02-01 16:00:00+00:00,0.00049052,
2020-02-02 00:00:00+00:00,0.00028263,
2020-02-02 08:00:00+00:00,0.00034916,
2020-02-02 16:00:00+00:00,0.00065524,
2020-02-03 00:00:00+00:00,0.00060677,
2020-02-03 08:00:00+00:00,0.00035862,
2020-02-03 16:00:00+00:00,0.0001,
2020-02-04 00:00:00+00:00,0.00099282,
2020-02-04 08:00:00.001000+00:00,0.0005445,
2020-02-04 16:00:00+00:00,0.00038192,
2020-02-05 00:00:00.002000+00:00,0.0001,
2020-02-05 08:00:00+00:00,0.0001,
2020-02-05 16:00:00+00:00,0.00052631,
2020-02-06 00:00:00+00:00,0.00164021,
2020-02-06 08:00:00+00:00,0.00078299,
2020-02-06 16:00:00+00:00,0.00055668,
2020-02-07 00:00:00+00:00,0.00035618,
2020-02-07 08:00:00+00:00,0.00019726,
2020-02-07 16:00:00.001000+00:00,0.00034616,
2020-02-08 00:00:00+00:00,0.00039915,
2020-02-08 08:00:00+00:00,0.00062858,
2020-02-08 16:00:00+00:00,0.00099315,
2020-02-09 00:00:00+00:00,0.00042798,
2020-02-09 08:00:00+00:00,0.00081519,
2020-02-09 16:00:00+00:00,0.00113954,
2020-02-10 00:00:00+00:00,0.00106733,
2020-02-10 08:00:00+00:00,0.00125022,
2020-02-10 16:00:00.009000+00:00,0.00097918,
2020-02-11 00:00:00+00:00,0.00043989,
2020-02-11 08:00:00+00:00,0.00064797,
2020-02-11 16:00:00+00:00,0.0005012,
2020-02-12 00:00:00+00:00,0.003,
2020-02-12 08:00:00.001000+00:00,0.00108055,
2020-02-12 16:00:00+00:00,0.00103884,
2020-02-13 00:00:00.001000+00:00,0.00093553,
2020-02-13 08:00:00+00:00,0.00084403,
2020-02-13 16:00:00+00:00,0.00070414,
2020-02-14 00:00:00+00:00,0.0006332,
2020-02-14 08:00:00+00:00,0.00074453,
2020-02-14 16:00:00+00:00,0.00055952,
2020-02-15 00:00:00+00:00,0.00059113,
2020-02-15 08:00:00+00:00,0.0009686,
2020-02-15 16:00:00+00:00,0.00087369,
2020-02-16 00:00:00+00:00,0.00051202,
2020-02-16 08:00:00+00:00,0.00036973,
2020-02-16 16:00:00+00:00,0.00060847,
2020-02-17 00:00:00+00:00,0.00043179,
2020-02-17 08:00:00+00:00,0.0006096,
2020-02-17 16:00:00+00:00,0.00091076,
2020-02-18 00:00:00+00:00,0.00026967,
2020-02-18 08:00:00+00:00,0.00013952,
2020-02-18 16:00:00+00:00,0.00029662,
2020-02-19 00:00:00+00:00,0.00046396,
2020-02-19 08:00:00.001000+00:00,0.00038487,
2020-02-19 16:00:00+00:00,0.00040757,
2020-02-20 00:00:00.004000+00:00,0.0001,
2020-02-20 08:00:00+00:00,0.0001,
2020-02-20 16:00:00+00:00,0.0001,
2020-02-21 00:00:00+00:00,0.0001,
2020-02-21 08:00:00+00:00,0.0001,
2020-02-21 16:00:00+00:00,0.0001,
2020-02-22 00:00:00+00:00,0.0001,
2020-02-22 08:00:00.001000+00:00,0.0001,
2020-02-22 16:00:00+00:00,0.00012243,
2020-02-23 00:00:00+00:00,0.00029663,
2020-02-23 08:00:00+00:00,0.0003901,
2020-02-23 16:00:00+00:00,0.00065308,
2020-02-24 00:00:00.015000+00:00,0.00048774,
2020-02-24 08:00:00+00:00,0.00014587,
2020-02-24 16:00:00+00:00,0.0001,
2020-02-25 00:00:00.001000+00:00,0.00032389,
2020-02-25 08:00:00+00:00,0.00027363,
2020-02-25 16:00:00.001000+00:00,0.00046949,
2020-02-26 00:00:00+00:00,0.0003617,
2020-02-26 08:00:00.001000+00:00,0.0005063,
2020-02-26 16:00:00+00:00,0.0003866,
2020-02-27 00:00:00.001000+00:00,0.00017363,
2020-02-27 08:00:00.001000+00:00,0.0001,
2020-02-27 16:00:00+00:00,0.0001,
2020-02-28 00:00:00+00:00,0.0001,
2020-02-28 08:00:00+00:00,0.00011659,
2020-02-28 16:00:00+00:00,0.00023604,
2020-02-29 00:00:00+00:00,0.00061536,
2020-02-29 08:00:00+00:00,0.00060166,
2020-02-29 16:00:00+00:00,0.00062345,
2020-03-01 00:00:00+00:00,0.00049317,
2020-03-01 08:00:00+00:00,0.00027933,
2020-03-01 16:00:00.001000+00:00,0.00031033,
2020-03-02 00:00:00+00:00,0.0001872,
2020-03-02 08:00:00+00:00,0.0001,
2020-03-02 16:00:00.004000+00:00,0.0001,
2020-03-03 00:00:00+00:00,0.0001,
2020-03-03 08:00:00.003000+00:00,0.0001,
2020-03-03 16:00:00+00:00,0.0001,
2020-03-04 00:00:00.002000+00:00,0.0001,
2020-03-04 08:00:00+00:00,0.0001,
2020-03-04 16:00:00.001000+00:00,0.00024328,
2020-03-05 00:00:00+00:00,0.0001,
2020-03-05 08:00:00+00:00,0.00023481,
2020-03-05 16:00:00+00:00,0.00019521,
2020-03-06 00:00:00.003000+00:00,0.00020373,
2020-03-06 08:00:00+00:00,0.00021759,
2020-03-06 16:00:00+00:00,0.00035706,
2020-03-07 00:00:00+00:00,0.00039476,
2020-03-07 08:00:00.001000+00:00,0.00032086,
2020-03-07 16:00:00+00:00,0.00032714,
2020-03-08 00:00:00.001000+00:00,0.00054685,
2020-03-08 08:00:00+00:00,0.00049747,
2020-03-08 16:00:00.006000+00:00,0.00042921,
2020-03-09 00:00:00+00:00,0.0001,
2020-03-09 08:00:00+00:00,0.0001,
2020-03-09 16:00:00+00:00,0.0001,
2020-03-10 00:00:00+00:00,0.0001,
2020-03-10 08:00:00+00:00,0.0001,
2020-03-10 16:00:00+00:00,0.0001,
2020-03-11 00:00:00.001000+00:00,0.0001,
2020-03-11 08:00:00+00:00,0.0001,
2020-03-11 16:00:00+00:00,0.00022898,
2020-03-12 00:00:00.001000+00:00,0.00010572,
2020-03-12 08:00:00.001000+00:00,0.0001,
2020-03-12 16:00:00+00:00,-0.00015149,
2020-03-13 00:00:00+00:00,-0.00016073,
2020-03-13 08:00:00+00:00,-0.003,
2020-03-13 16:00:00.002000+00:00,-0.00065378,
2020-03-14 00:00:00+00:00,-0.00076421,
2020-03-14 08:00:00.001000+00:00,-4.946e-05,
2020-03-14 16:00:00+00:00,-0.00050325,
2020-03-15 00:00:00+00:00,-0.00047893,
2020-03-15 08:00:00+00:00,-0.00054208,
2020-03-15 16:00:00.001000+00:00,-0.0004879,
2020-03-16 00:00:00+00:00,-0.00028282,
2020-03-16 08:00:00+00:00,-0.00036873,
2020-03-16 16:00:00.001000+00:00,-0.00090358,
2020-03-17 00:00:00+00:00,-0.0002383,
2020-03-17 08:00:00+00:00,-3.681e-05,
2020-03-17 16:00:00+00:00,-0.00010573,
2020-03-18 00:00:00+00:00,-0.00014706,
2020-03-18 08:00:00+00:00,-0.00035528,
2020-03-18 16:00:00+00:00,-0.00033374,
2020-03-19 00:00:00+00:00,-0.00015042,
2020-03-19 08:00:00+00:00,-0.00022004,
2020-03-19 16:00:00+00:00,-0.00027089,
2020-03-20 00:00:00+00:00,-0.00015469,
2020-03-20 08:00:00+00:00,-1.171e-05,
2020-03-20 16:00:00+00:00,0.0001,
2020-03-21 00:00:00+00:00,8.327e-05,
2020-03-21 08:00:00+00:00,-9.15e-06,
2020-03-21 16:00:00+00:00,-0.00011557,
2020-03-22 00:00:00+00:00,-2.842e-05,
2020-03-22 08:00:00.001000+00:00,0.0001,
2020-03-22 16:00:00+00:00,2.24e-06,
2020-03-23 00:00:00+00:00,-0.00016796,
2020-03-23 08:00:00+00:00,-0.00016295,
2020-03-23 16:00:00+00:00,0.0001,
2020-03-24 00:00:00+00:00,0.0001,
2020-03-24 08:00:00+00:00,0.0001,
2020-03-24 16:00:00+00:00,0.0001,
2020-03-25 00:00:00+00:00,0.0001,
2020-03-25 08:00:00+00:00,9.958e-05,
2020-03-25 16:00:00.001000+00:00,9.813e-05,
2020-03-26 00:00:00.006000+00:00,-1.62e-05,
2020-03-26 08:00:00.002000+00:00,0.0001,
2020-03-26 16:00:00+00:00,1.599e-05,
2020-03-27 00:00:00+00:00,6.223e-05,
2020-03-27 08:00:00+00:00,6.838e-05,
2020-03-27 16:00:00+00:00,1.48e-06,
2020-03-28 00:00:00+00:00,-0.00012203,
2020-03-28 08:00:00+00:00,-0.00041263,
2020-03-28 16:00:00+00:00,-0.0002165,
2020-03-29 00:00:00+00:00,-0.00023282,
2020-03-29 08:00:00.001000+00:00,-0.0002912,
2020-03-29 16:00:00+00:00,-0.00025613,
2020-03-30 00:00:00+00:00,-0.0006431,
2020-03-30 08:00:00+00:00,-0.00033817,
2020-03-30 16:00:00+00:00,-6.982e-05,
2020-03-31 00:00:00+00:00,-5.383e-05,
2020-03-31 08:00:00.001000+00:00,-0.00015273,
2020-03-31 16:00:00.001000+00:00,-0.000162,
2020-04-01 00:00:00.002000+00:00,-9.237e-05,
2020-04-01 08:00:00+00:00,-0.0004868,
2020-04-01 16:00:00.001000+00:00,-0.00034983,
2020-04-02 00:00:00+00:00,-0.0001933,
2020-04-02 08:00:00+00:00,3.28e-05,
2020-04-02 16:00:00+00:00,9.417e-05,
2020-04-03 00:00:00+00:00,9.047e-05,
2020-04-03 08:00:00+00:00,7.9e-07,
2020-04-03 16:00:00+00:00,0.0001,
2020-04-04 00:00:00+00:00,6.184e-05,
2020-04-04 08:00:00+00:00,5.655e-05,
2020-04-04 16:00:00+00:00,-7.77e-05,
2020-04-05 00:00:00.001000+00:00,-4.495e-05,
2020-04-05 08:00:00+00:00,4.198e-05,
2020-04-05 16:00:00+00:00,3.859e-05,
2020-04-06 00:00:00+00:00,2.364e-05,
2020-04-06 08:00:00+00:00,6.54e-06,
2020-04-06 16:00:00+00:00,-8.471e-05,
2020-04-07 00:00:00+00:00,-0.00012883,
2020-04-07 08:00:00+00:00,-2.915e-05,
2020-04-07 16:00:00+00:00,1.131e-05,
2020-04-08 00:00:00+00:00,-2.763e-05,
2020-04-08 08:00:00+00:00,0.0001,
2020-04-08 16:00:00+00:00,6.677e-05,
2020-04-09 00:00:00+00:00,0.0001,
2020-04-09 08:00:00.001000+00:00,-0.00010005,
2020-04-09 16:00:00+00:00,-8.854e-05,
2020-04-10 00:00:00.001000+00:00,-5.003e-05,
2020-04-10 08:00:00+00:00,0.0001,
2020-04-10 16:00:00+00:00,0.0001,
2020-04-11 00:00:00+00:00,0.0001,
2020-04-11 08:00:00+00:00,0.0001,
2020-04-11 16:00:00+00:00,0.0001,
2020-04-12 00:00:00+00:00,0.0001,
2020-04-12 08:00:00.006000+00:00,0.0001,
2020-04-12 16:00:00.001000+00:00,8.453e-05,
2020-04-13 00:00:00.001000+00:00,7.954e-05,
2020-04-13 08:00:00+00:00,-0.00020271,
2020-04-13 16:00:00+00:00,-2.882e-05,
2020-04-14 00:00:00+00:00,-1.244e-05,
2020-04-14 08:00:00+00:00,5.454e-05,
2020-04-14 16:00:00+00:00,-0.00020028,
2020-04-15 00:00:00+00:00,-0.00012803,
2020-04-15 08:00:00+00:00,-4.63e-05,
2020-04-15 16:00:00+00:00,2.925e-05,
2020-04-16 00:00:00+00:00,-7.017e-05,
2020-04-16 08:00:00+00:00,-0.00046001,
2020-04-16 16:00:00+00:00,6.364e-05,
2020-04-17 00:00:00+00:00,5.926e-05,
2020-04-17 08:00:00+00:00,3.345e-05,
2020-04-17 16:00:00+00:00,-6.771e-05,
2020-04-18 00:00:00+00:00,-3.132e-05,
2020-04-18 08:00:00+00:00,-0.00017145,
2020-04-18 16:00:00+00:00,-0.00019642,
2020-04-19 00:00:00+00:00,-0.00019142,
2020-04-19 08:00:00+00:00,-5.966e-05,
2020-04-19 16:00:00+00:00,8.514e-05,
2020-04-20 00:00:00+00:00,-1.31e-05,
2020-04-20 08:00:00+00:00,-1.874e-05,
2020-04-20 16:00:00+00:00,-5.762e-05,
2020-04-21 00:00:00+00:00,-9.18e-05,
2020-04-21 08:00:00.001000+00:00,-7.539e-05,
2020-04-21 16:00:00+00:00,0.0001,
2020-04-22 00:00:00.001000+00:00,-2.663e-05,
2020-04-22 08:00:00+00:00,-0.00011402,
2020-04-22 16:00:00+00:00,-0.00031244,
2020-04-23 00:00:00+00:00,-0.0002234,
2020-04-23 08:00:00.001000+00:00,-0.00015491,
2020-04-23 16:00:00+00:00,0.0001,
2020-04-24 00:00:00+00:00,0.0001,
2020-04-24 08:00:00+00:00,0.0001,
2020-04-24 16:00:00+00:00,0.0001,
2020-04-25 00:00:00.003000+00:00,0.0001,
2020-04-25 08:00:00+00:00,0.0001,
2020-04-25 16:00:00+00:00,0.0001,
2020-04-26 00:00:00+00:00,0.0001,
2020-04-26 08:00:00+00:00,7.493e-05,
2020-04-26 16:00:00+00:00,0.0001,
2020-04-27 00:00:00+00:00,0.0001,
2020-04-27 08:00:00.005000+00:00,0.0001,
2020-04-27 16:00:00+00:00,0.0001,
2020-04-28 00:00:00+00:00,0.0001,
2020-04-28 08:00:00+00:00,0.0001,
2020-04-28 16:00:00+00:00,0.0001,
2020-04-29 00:00:00+00:00,0.0001,
2020-04-29 08:00:00.001000+00:00,0.0001,
2020-04-29 16:00:00+00:00,0.0001,
2020-04-30 00:00:00+00:00,0.00013208,
2020-04-30 08:00:00+00:00,0.00097517,
2020-04-30 16:00:00+00:00,0.0001,
2020-05-01 00:00:00+00:00,0.00021072,
2020-05-01 08:00:00+00:00,0.00017885,
2020-05-01 16:00:00+00:00,0.00013528,
2020-05-02 00:00:00+00:00,0.0001,
2020-05-02 08:00:00+00:00,0.0001,
2020-05-02 16:00:00+00:00,0.00010144,
2020-05-03 00:00:00+00:00,0.0001,
2020-05-03 08:00:00+00:00,0.0001981,
2020-05-03 16:00:00+00:00,0.00015162,
2020-05-04 00:00:00+00:00,0.00011925,
2020-05-04 08:00:00.005000+00:00,0.0001,
2020-05-04 16:00:00+00:00,0.0001,
2020-05-05 00:00:00+00:00,0.0001,
2020-05-05 08:00:00+00:00,0.0001,
2020-05-05 16:00:00+00:00,0.0001,
2020-05-06 00:00:00.001000+00:00,0.0001,
2020-05-06 08:00:00+00:00,0.0001,
2020-05-06 16:00:00+00:00,0.00035981,
2020-05-07 00:00:00+00:00,0.0001,
2020-05-07 08:00:00.011000+00:00,0.0001,
2020-05-07 16:00:00+00:00,0.0001,
2020-05-08 00:00:00+00:00,0.00016094,
2020-05-08 08:00:00.001000+00:00,0.00034016,
2020-05-08 16:00:00+00:00,0.0005319,
2020-05-09 00:00:00+00:00,0.00042037,
2020-05-09 08:00:00+00:00,0.00075816,
2020-05-09 16:00:00+00:00,0.00058018,
2020-05-10 00:00:00+00:00,0.00042326,
2020-05-10 08:00:00+00:00,0.0001,
2020-05-10 16:00:00+00:00,0.0001,
2020-05-11 00:00:00+00:00,0.0001,
2020-05-11 08:00:00+00:00,0.0001,
2020-05-11 16:00:00+00:00,0.0001,
2020-05-12 00:00:00+00:00,0.0001,
2020-05-12 08:00:00.001000+00:00,0.0001,
2020-05-12 16:00:00+00:00,0.0001,
2020-05-13 00:00:00+00:00,0.0001,
2020-05-13 08:00:00+00:00,0.0001,
2020-05-13 16:00:00+00:00,0.0001,
2020-05-14 00:00:00+00:00,0.0001,
2020-05-14 08:00:00+00:00,0.0001,
2020-05-14 16:00:00+00:00,0.0001,
2020-05-15 00:00:00+00:00,0.0001,
2020-05-15 08:00:00+00:00,4.4e-05,
2020-05-15 16:00:00.001000+00:00,0.0001,
2020-05-16 00:00:00.008000+00:00,0.0001,
2020-05-16 08:00:00+00:00,0.0001,
2020-05-16 16:00:00+00:00,0.0001,
2020-05-17 00:00:00.002000+00:00,8.001e-05,
2020-05-17 08:00:00+00:00,4.125e-05,
2020-05-17 16:00:00+00:00,8.88e-06,
2020-05-18 00:00:00+00:00,0.0001,
2020-05-18 08:00:00+00:00,0.0001,
2020-05-18 16:00:00.001000+00:00,-6.64e-05,
2020-05-19 00:00:00.005000+00:00,0.0001,
2020-05-19 08:00:00+00:00,7.892e-05,
2020-05-19 16:00:00+00:00,0.0001,
2020-05-20 00:00:00+00:00,0.0001,
2020-05-20 08:00:00+00:00,0.0001,
2020-05-20 16:00:00.006000+00:00,0.0001,
2020-05-21 00:00:00+00:00,-9.027e-05,
2020-05-21 08:00:00+00:00,6.809e-05,
2020-05-21 16:00:00+00:00,0.0001,
2020-05-22 00:00:00.006000+00:00,-5.15e-05,
2020-05-22 08:00:00+00:00,-2.396e-05,
2020-05-22 16:00:00+00:00,6.867e-05,
2020-05-23 00:00:00.003000+00:00,-2.092e-05,
2020-05-23 08:00:00+00:00,-1.081e-05,
2020-05-23 16:00:00+00:00,7.023e-05,
2020-05-24 00:00:00.006000+00:00,0.0001,
2020-05-24 08:00:00+00:00,7.917e-05,
2020-05-24 16:00:00+00:00,6.724e-05,
2020-05-25 00:00:00+00:00,6.784e-05,
2020-05-25 08:00:00+00:00,-4.286e-05,
2020-05-25 16:00:00+00:00,-4.226e-05,
2020-05-26 00:00:00+00:00,-3.5e-07,
2020-05-26 08:00:00.006000+00:00,0.0001,
2020-05-26 16:00:00+00:00,4.599e-05,
2020-05-27 00:00:00+00:00,2.104e-05,
2020-05-27 08:00:00+00:00,0.0001,
2020-05-27 16:00:00+00:00,-0.00014025,
2020-05-28 00:00:00+00:00,-0.00011366,
2020-05-28 08:00:00+00:00,-6.862e-05,
2020-05-28 16:00:00+00:00,-1.187e-05,
2020-05-29 00:00:00+00:00,2.618e-05,
2020-05-29 08:00:00+00:00,1.877e-05,
2020-05-29 16:00:00+00:00,-6.04e-06,
2020-05-30 00:00:00+00:00,0.0001,
2020-05-30 08:00:00.001000+00:00,0.0001,
2020-05-30 16:00:00+00:00,0.0001,
2020-05-31 00:00:00+00:00,0.0001,
2020-05-31 08:00:00.001000+00:00,0.0001,
2020-05-31 16:00:00+00:00,0.0001,
2020-06-01 00:00:00+00:00,0.0001,
2020-06-01 08:00:00.001000+00:00,-2.911e-05,
2020-06-01 16:00:00+00:00,9.38e-06,
2020-06-02 00:00:00+00:00,0.0003448,
2020-06-02 08:00:00.002000+00:00,0.0007831,
2020-06-02 16:00:00+00:00,0.0001,
2020-06-03 00:00:00+00:00,0.0001,
2020-06-03 08:00:00+00:00,8.646e-05,
2020-06-03 16:00:00.002000+00:00,0.0001,
2020-06-04 00:00:00.001000+00:00,0.0001,
2020-06-04 08:00:00.004000+00:00,0.0001,
2020-06-04 16:00:00.001000+00:00,0.0001,
2020-06-05 00:00:00.001000+00:00,0.0001,
2020-06-05 08:00:00+00:00,0.0001,
2020-06-05 16:00:00.001000+00:00,0.0001,
2020-06-06 00:00:00+00:00,0.0001,
2020-06-06 08:00:00+00:00,0.0001,
2020-06-06 16:00:00+00:00,0.0001,
2020-06-07 00:00:00+00:00,0.0001,
2020-06-07 08:00:00+00:00,0.0001,
2020-06-07 16:00:00.006000+00:00,0.0001,
2020-06-08 00:00:00.008000+00:00,0.0001,
2020-06-08 08:00:00.007000+00:00,0.0001,
2020-06-08 16:00:00+00:00,0.0001,
2020-06-09 00:00:00+00:00,0.0001,
2020-06-09 08:00:00+00:00,0.0001,
2020-06-09 16:00:00+00:00,0.0001,
2020-06-10 00:00:00+00:00,0.0001,
2020-06-10 08:00:00+00:00,0.0001,
2020-06-10 16:00:00+00:00,0.0001,
2020-06-11 00:00:00.008000+00:00,0.0001,
2020-06-11 08:00:00.001000+00:00,0.0001,
2020-06-11 16:00:00+00:00,0.0001,
2020-06-12 00:00:00.003000+00:00,0.0001,
2020-06-12 08:00:00+00:00,-3.816e-05,
2020-06-12 16:00:00.002000+00:00,9.714e-05,
2020-06-13 00:00:00+00:00,-1.942e-05,
2020-06-13 08:00:00.001000+00:00,7.217e-05,
2020-06-13 16:00:00+00:00,0.0001,
2020-06-14 00:00:00.007000+00:00,7.102e-05,
2020-06-14 08:00:00+00:00,0.0001,
2020-06-14 16:00:00.001000+00:00,0.0001,
2020-06-15 00:00:00+00:00,0.0001,
2020-06-15 08:00:00.001000+00:00,-4.149e-05,
2020-06-15 16:00:00+00:00,-0.00018213,
2020-06-16 00:00:00.002000+00:00,-0.00015215,
2020-06-16 08:00:00+00:00,0.0001,
2020-06-16 16:00:00.006000+00:00,0.0001,
2020-06-17 00:00:00+00:00,7.764e-05,
2020-06-17 08:00:00.007000+00:00,-8.32e-05,
2020-06-17 16:00:00+00:00,7.51e-05,
2020-06-18 00:00:00.003000+00:00,-0.00010005,
2020-06-18 08:00:00.001000+00:00,-0.00011589,
2020-06-18 16:00:00.002000+00:00,7.624e-05,
2020-06-19 00:00:00.001000+00:00,-1.57e-06,
2020-06-19 08:00:00.003000+00:00,1.94e-05,
2020-06-19 16:00:00+00:00,0.0001,
2020-06-20 00:00:00+00:00,0.0001,
2020-06-20 08:00:00.009000+00:00,1.186e-05,
2020-06-20 16:00:00.006000+00:00,0.0001,
2020-06-21 00:00:00+00:00,-3.057e-05,
2020-06-21 08:00:00+00:00,-1.29e-05,
2020-06-21 16:00:00+00:00,0.0001,
2020-06-22 00:00:00+00:00,0.0001,
2020-06-22 08:00:00+00:00,6.784e-05,
2020-06-22 16:00:00.001000+00:00,0.0001,
2020-06-23 00:00:00+00:00,0.0001,
2020-06-23 08:00:00.002000+00:00,0.0001,
2020-06-23 16:00:00+00:00,0.00012215,
2020-06-24 00:00:00.001000+00:00,0.00011286,
2020-06-24 08:00:00+00:00,0.0001,
2020-06-24 16:00:00+00:00,0.0001,
2020-06-25 00:00:00+00:00,0.0001,
2020-06-25 08:00:00+00:00,0.0001,
2020-06-25 16:00:00+00:00,0.0001,
2020-06-26 00:00:00+00:00,9.401e-05,
2020-06-26 08:00:00+00:00,0.0001,
2020-06-26 16:00:00+00:00,0.0001,
2020-06-27 00:00:00.003000+00:00,0.0001,
2020-06-27 08:00:00.004000+00:00,0.0001,
2020-06-27 16:00:00+00:00,0.0001,
2020-06-28 00:00:00.003000+00:00,0.0001,
2020-06-28 08:00:00.001000+00:00,0.0001,
2020-06-28 16:00:00+00:00,4.867e-05,
2020-06-29 00:00:00+00:00,0.0001,
2020-06-29 08:00:00.005000+00:00,0.0001,
2020-06-29 16:00:00+00:00,0.0001,
2020-06-30 00:00:00+00:00,0.0001,
2020-06-30 08:00:00.001000+00:00,0.0001,
2020-06-30 16:00:00.002000+00:00,0.0001,
2020-07-01 00:00:00.002000+00:00,0.0001,
2020-07-01 08:00:00+00:00,0.0001,
2020-07-01 16:00:00+00:00,0.0001,
2020-07-02 00:00:00.001000+00:00,0.0001,
2020-07-02 08:00:00.001000+00:00,0.0001,
2020-07-02 16:00:00+00:00,0.0001,
2020-07-03 00:00:00+00:00,0.0001,
2020-07-03 08:00:00.001000+00:00,0.0001,
2020-07-03 16:00:00+00:00,0.0001,
2020-07-04 00:00:00.002000+00:00,0.0001,
2020-07-04 08:00:00.002000+00:00,0.0001,
2020-07-04 16:00:00.001000+00:00,0.0001,
2020-07-05 00:00:00+00:00,0.0001,
2020-07-05 08:00:00+00:00,0.0001,
2020-07-05 16:00:00+00:00,0.0001,
2020-07-06 00:00:00+00:00,0.0001,
2020-07-06 08:00:00.001000+00:00,0.0001,
2020-07-06 16:00:00+00:00,0.0001,
2020-07-07 00:00:00+00:00,0.0001,
2020-07-07 08:00:00.006000+00:00,0.0001,
2020-07-07 16:00:00+00:00,0.0001,
2020-07-08 00:00:00+00:00,0.0001,
2020-07-08 08:00:00+00:00,0.0001,
2020-07-08 16:00:00+00:00,0.0001,
2020-07-09 00:00:00.001000+00:00,0.0001,
2020-07-09 08:00:00.002000+00:00,0.0001,
2020-07-09 16:00:00+00:00,0.0001,
2020-07-10 00:00:00+00:00,0.0001,
2020-07-10 08:00:00.001000+00:00,0.0001,
2020-07-10 16:00:00+00:00,0.0001,
2020-07-11 00:00:00+00:00,0.0001,
2020-07-11 08:00:00+00:00,0.0001,
2020-07-11 16:00:00+00:00,0.0001,
2020-07-12 00:00:00+00:00,0.0001,
2020-07-12 08:00:00+00:00,0.0001,
2020-07-12 16:00:00+00:00,0.0001,
2020-07-13 00:00:00+00:00,0.0001,
2020-07-13 08:00:00.001000+00:00,0.0001,
2020-07-13 16:00:00+00:00,0.0001,
2020-07-14 00:00:00.001000+00:00,0.0001,
2020-07-14 08:00:00+00:00,0.0001,
2020-07-14 16:00:00+00:00,0.0001,
2020-07-15 00:00:00+00:00,0.0001,
2020-07-15 08:00:00+00:00,0.0001,
2020-07-15 16:00:00+00:00,0.0001,
2020-07-16 00:00:00+00:00,0.0001,
2020-07-16 08:00:00.002000+00:00,0.0001,
2020-07-16 16:00:00.001000+00:00,0.0001,
2020-07-17 00:00:00.001000+00:00,0.0001,
2020-07-17 08:00:00+00:00,0.0001,
2020-07-17 16:00:00+00:00,0.0001,
2020-07-18 00:00:00.003000+00:00,0.0001,
2020-07-18 08:00:00.001000+00:00,0.0001,
2020-07-18 16:00:00+00:00,0.0001,
2020-07-19 00:00:00+00:00,0.0001,
2020-07-19 08:00:00+00:00,0.0001,
2020-07-19 16:00:00+00:00,0.0001,
2020-07-20 00:00:00+00:00,0.0001,
2020-07-20 08:00:00+00:00,0.0001,
2020-07-20 16:00:00.001000+00:00,0.0001,
2020-07-21 00:00:00+00:00,0.0001,
2020-07-21 08:00:00.001000+00:00,0.0001,
2020-07-21 16:00:00.004000+00:00,0.0001,
2020-07-22 00:00:00+00:00,0.0001,
2020-07-22 08:00:00+00:00,0.0001,
2020-07-22 16:00:00+00:00,0.0001,
2020-07-23 00:00:00.001000+00:00,0.0001,
2020-07-23 08:00:00+00:00,0.0001,
2020-07-23 16:00:00.001000+00:00,0.0001,
2020-07-24 00:00:00+00:00,0.0001,
2020-07-24 08:00:00+00:00,0.0001,
2020-07-24 16:00:00+00:00,0.0001,
2020-07-25 00:00:00+00:00,0.0001,
2020-07-25 08:00:00.001000+00:00,0.0001,
2020-07-25 16:00:00+00:00,0.0001,
2020-07-26 00:00:00+00:00,0.0001,
2020-07-26 08:00:00+00:00,0.0001,
2020-07-26 16:00:00+00:00,0.00065437,
2020-07-27 00:00:00+00:00,0.00047138,
2020-07-27 08:00:00+00:00,0.00086993,
2020-07-27 16:00:00+00:00,0.00051888,
2020-07-28 00:00:00+00:00,0.00139484,
2020-07-28 08:00:00.001000+00:00,0.00122052,
2020-07-28 16:00:00+00:00,0.00097576,
2020-07-29 00:00:00+00:00,0.00083621,
2020-07-29 08:00:00+00:00,0.00068208,
2020-07-29 16:00:00+00:00,0.00061856,
2020-07-30 00:00:00+00:00,0.00061759,
2020-07-30 08:00:00.001000+00:00,0.00072329,
2020-07-30 16:00:00+00:00,0.00069174,
2020-07-31 00:00:00+00:00,0.00082654,
2020-07-31 08:00:00.001000+00:00,0.00039348,
2020-07-31 16:00:00+00:00,0.00037716,
2020-08-01 00:00:00.005000+00:00,0.0002791,
2020-08-01 08:00:00+00:00,0.00030785,
2020-08-01 16:00:00.001000+00:00,0.00048996,
2020-08-02 00:00:00+00:00,0.00095567,
2020-08-02 08:00:00.001000+00:00,0.0004243,
2020-08-02 16:00:00.001000+00:00,0.00024752,
2020-08-03 00:00:00+00:00,0.0002585,
2020-08-03 08:00:00.001000+00:00,0.00045929,
2020-08-03 16:00:00+00:00,0.00043731,
2020-08-04 00:00:00.003000+00:00,0.00031113,
2020-08-04 08:00:00+00:00,0.00030647,
2020-08-04 16:00:00+00:00,0.00038617,
2020-08-05 00:00:00+00:00,0.00013898,
2020-08-05 08:00:00+00:00,0.00016613,
2020-08-05 16:00:00+00:00,0.00022044,
2020-08-06 00:00:00+00:00,0.00038867,
2020-08-06 08:00:00.007000+00:00,0.00038696,
2020-08-06 16:00:00+00:00,0.00036099,
2020-08-07 00:00:00.001000+00:00,0.00031707,
2020-08-07 08:00:00+00:00,0.00021201,
2020-08-07 16:00:00+00:00,0.00023934,
2020-08-08 00:00:00+00:00,0.0001,
2020-08-08 08:00:00+00:00,0.0001,
2020-08-08 16:00:00+00:00,0.0001,
2020-08-09 00:00:00+00:00,0.0001,
2020-08-09 08:00:00+00:00,0.00021066,
2020-08-09 16:00:00+00:00,0.00014574,
2020-08-10 00:00:00.001000+00:00,0.0001,
2020-08-10 08:00:00+00:00,0.00131898,
2020-08-10 16:00:00.001000+00:00,0.00030218,
2020-08-11 00:00:00.001000+00:00,0.00013372,
2020-08-11 08:00:00+00:00,0.00022736,
2020-08-11 16:00:00.001000+00:00,0.00059816,
2020-08-12 00:00:00+00:00,0.0001,
2020-08-12 08:00:00+00:00,0.0001,
2020-08-12 16:00:00+00:00,0.0001,
2020-08-13 00:00:00.002000+00:00,0.0001,
2020-08-13 08:00:00+00:00,0.0001,
2020-08-13 16:00:00+00:00,0.0001,
2020-08-14 00:00:00+00:00,0.00017598,
2020-08-14 08:00:00+00:00,0.00044038,
2020-08-14 16:00:00+00:00,0.00027433,
2020-08-15 00:00:00+00:00,0.0001,
2020-08-15 08:00:00.001000+00:00,0.0003665,
2020-08-15 16:00:00.001000+00:00,0.00021904,
2020-08-16 00:00:00+00:00,0.0001564,
2020-08-16 08:00:00+00:00,0.00048777,
2020-08-16 16:00:00+00:00,0.00031524,
2020-08-17 00:00:00+00:00,0.00026342,
2020-08-17 08:00:00+00:00,0.00039806,
2020-08-17 16:00:00+00:00,0.0008576,
2020-08-18 00:00:00.001000+00:00,0.00119905,
2020-08-18 08:00:00.008000+00:00,0.00078206,
2020-08-18 16:00:00+00:00,0.00100156,
2020-08-19 00:00:00+00:00,0.00077293,
2020-08-19 08:00:00+00:00,0.00054924,
2020-08-19 16:00:00+00:00,0.00024051,
2020-08-20 00:00:00.001000+00:00,0.00024189,
2020-08-20 08:00:00+00:00,0.0001159,
2020-08-20 16:00:00+00:00,0.00018281,
2020-08-21 00:00:00+00:00,0.0001,
2020-08-21 08:00:00+00:00,0.0001,
2020-08-21 16:00:00.017000+00:00,0.0001,
2020-08-22 00:00:00+00:00,0.0001,
2020-08-22 08:00:00+00:00,0.0001,
2020-08-22 16:00:00+00:00,0.0001,
2020-08-23 00:00:00+00:00,0.0001,
2020-08-23 08:00:00+00:00,0.0001,
2020-08-23 16:00:00+00:00,0.0001,
2020-08-24 00:00:00.006000+00:00,0.0001,
2020-08-24 08:00:00.001000+00:00,0.0001,
2020-08-24 16:00:00+00:00,0.0001,
2020-08-25 00:00:00+00:00,0.0001,
2020-08-25 08:00:00+00:00,0.0001,
2020-08-25 16:00:00+00:00,0.0004258,
2020-08-26 00:00:00+00:00,0.00023316,
2020-08-26 08:00:00.008000+00:00,0.0001,
2020-08-26 16:00:00.002000+00:00,0.00013038,
2020-08-27 00:00:00+00:00,0.0001,
2020-08-27 08:00:00.010000+00:00,0.0001,
2020-08-27 16:00:00+00:00,0.0001,
2020-08-28 00:00:00+00:00,0.0001,
2020-08-28 08:00:00.001000+00:00,0.0001,
2020-08-28 16:00:00+00:00,0.0001,
2020-08-29 00:00:00.002000+00:00,0.0001,
2020-08-29 08:00:00.006000+00:00,0.0001,
2020-08-29 16:00:00.003000+00:00,0.0001,
2020-08-30 00:00:00+00:00,0.0001,
2020-08-30 08:00:00+00:00,0.0001,
2020-08-30 16:00:00+00:00,0.0001,
2020-08-31 00:00:00+00:00,0.0001,
2020-08-31 08:00:00.001000+00:00,0.0001,
2020-08-31 16:00:00.001000+00:00,0.00015461,
2020-09-01 00:00:00+00:00,0.0001,
2020-09-01 08:00:00+00:00,0.00022961,
2020-09-01 16:00:00+00:00,0.0004686,
2020-09-02 00:00:00+00:00,0.00032895,
2020-09-02 08:00:00.006000+00:00,0.00035074,
2020-09-02 16:00:00+00:00,0.00045038,
2020-09-03 00:00:00.001000+00:00,0.00021394,
2020-09-03 08:00:00.004000+00:00,0.00016828,
2020-09-03 16:00:00+00:00,0.00024709,
2020-09-04 00:00:00.005000+00:00,0.0001,
2020-09-04 08:00:00+00:00,0.0001,
2020-09-04 16:00:00.006000+00:00,0.0001,
2020-09-05 00:00:00+00:00,0.0001,
2020-09-05 08:00:00.004000+00:00,0.0001,
2020-09-05 16:00:00.001000+00:00,0.0001,
2020-09-06 00:00:00.004000+00:00,0.0001,
2020-09-06 08:00:00+00:00,0.0001,
2020-09-06 16:00:00+00:00,0.0001,
2020-09-07 00:00:00.002000+00:00,0.0001,
2020-09-07 08:00:00.004000+00:00,0.0001,
2020-09-07 16:00:00.001000+00:00,0.0001,
2020-09-08 00:00:00.007000+00:00,0.0001,
2020-09-08 08:00:00.006000+00:00,0.0001,
2020-09-08 16:00:00.014000+00:00,0.0001,
2020-09-09 00:00:00+00:00,0.0001,
2020-09-09 08:00:00+00:00,0.0001,
2020-09-09 16:00:00+00:00,0.0001,
2020-09-10 00:00:00+00:00,0.0001,
2020-09-10 08:00:00.005000+00:00,0.0001,
2020-09-10 16:00:00+00:00,0.0001,
2020-09-11 00:00:00+00:00,0.0001,
2020-09-11 08:00:00.008000+00:00,0.0001,
2020-09-11 16:00:00+00:00,0.0001,
2020-09-12 00:00:00.008000+00:00,0.0001,
2020-09-12 08:00:00+00:00,0.0001,
2020-09-12 16:00:00.008000+00:00,0.0001,
2020-09-13 00:00:00+00:00,0.0001,
2020-09-13 08:00:00+00:00,0.0001,
2020-09-13 16:00:00.004000+00:00,0.0001,0.0001
2020-09-14 00:00:00.003000+00:00,0.0001,0.0001
2020-09-14 08:00:00.008000+00:00,0.0001,0.0001
2020-09-14 16:00:00+00:00,8.68e-06,0.0001
2020-09-15 00:00:00+00:00,-0.0002227,0.0001
2020-09-15 08:00:00.010000+00:00,-2.796e-05,0.0001
2020-09-15 16:00:00.003000+00:00,-5.156e-05,0.0001
2020-09-16 00:00:00.014000+00:00,-0.00011181,0.0001
2020-09-16 08:00:00+00:00,-1.488e-05,0.0001
2020-09-16 16:00:00.001000+00:00,-3.198e-05,0.0001
2020-09-17 00:00:00.006000+00:00,-5.63e-06,0.0001
2020-09-17 08:00:00.012000+00:00,2.957e-05,0.0001
2020-09-17 16:00:00+00:00,9.8e-07,0.0001
2020-09-18 00:00:00.001000+00:00,9.425e-05,0.0001
2020-09-18 08:00:00.002000+00:00,5.579e-05,0.0001
2020-09-18 16:00:00.002000+00:00,4.967e-05,0.0001
2020-09-19 00:00:00+00:00,-0.0001155,-1.36e-05
2020-09-19 08:00:00.005000+00:00,-0.0001098,0.0001
2020-09-19 16:00:00.008000+00:00,-5.749e-05,0.0001
2020-09-20 00:00:00.002000+00:00,-6.476e-05,0.0001
2020-09-20 08:00:00.005000+00:00,-0.00011198,-0.00020633
2020-09-20 16:00:00.005000+00:00,-6.625e-05,-0.00042585
2020-09-21 00:00:00+00:00,-7.506e-05,0.0001
2020-09-21 08:00:00.001000+00:00,-0.00012071,0.0001
2020-09-21 16:00:00+00:00,0.0001,0.0001
2020-09-22 00:00:00.001000+00:00,0.0001,-4.279e-05
2020-09-22 08:00:00+00:00,0.0001,0.0001
2020-09-22 16:00:00.004000+00:00,0.0001,0.0001
2020-09-23 00:00:00.007000+00:00,4.321e-05,0.0001
2020-09-23 08:00:00.001000+00:00,-2.604e-05,0.0001
2020-09-23 16:00:00.001000+00:00,-5.506e-05,0.0001
2020-09-24 00:00:00+00:00,3.817e-05,-8.917e-05
2020-09-24 08:00:00+00:00,6.991e-05,0.0001
2020-09-24 16:00:00+00:00,1.182e-05,0.0001
2020-09-25 00:00:00.009000+00:00,-0.00023219,0.0001
2020-09-25 08:00:00.045000+00:00,2.542e-05,0.0001
2020-09-25 16:00:00+00:00,0.0001,-0.00039395
2020-09-26 00:00:00+00:00,0.0001,-0.00044892
2020-09-26 08:00:00+00:00,0.0001,0.0001
2020-09-26 16:00:00.005000+00:00,0.0001,0.0001
2020-09-27 00:00:00+00:00,0.0001,0.0001
2020-09-27 08:00:00+00:00,0.0001,0.0001
2020-09-27 16:00:00.019000+00:00,0.0001,0.0001
2020-09-28 00:00:00.001000+00:00,0.0001,0.0001
2020-09-28 08:00:00+00:00,0.0001,0.0001
2020-09-28 16:00:00.002000+00:00,0.0001,0.0001
2020-09-29 00:00:00+00:00,0.0001,0.0001
2020-09-29 08:00:00+00:00,0.0001,0.0001
2020-09-29 16:00:00+00:00,0.0001,0.0001
2020-09-30 00:00:00.005000+00:00,0.0001,0.0001
2020-09-30 08:00:00+00:00,0.0001,0.0001
2020-09-30 16:00:00+00:00,0.0001,0.0001
2020-10-01 00:00:00+00:00,7.412e-05,0.0001
2020-10-01 08:00:00+00:00,0.0001,0.0001
2020-10-01 16:00:00+00:00,0.0001,0.0001
2020-10-02 00:00:00.011000+00:00,-2.63e-06,0.0001
2020-10-02 08:00:00+00:00,-1.652e-05,0.0001
2020-10-02 16:00:00.005000+00:00,0.0001,0.0001
2020-10-03 00:00:00+00:00,0.0001,0.0001
2020-10-03 08:00:00.001000+00:00,0.0001,0.0001
2020-10-03 16:00:00+00:00,9.749e-05,0.0001
2020-10-04 00:00:00+00:00,-2.144e-05,0.0001
2020-10-04 08:00:00.003000+00:00,5.039e-05,0.0001
2020-10-04 16:00:00.001000+00:00,-7.56e-06,0.0001
2020-10-05 00:00:00+00:00,-3.381e-05,0.0001
2020-10-05 08:00:00+00:00,-9.143e-05,0.0001
2020-10-05 16:00:00.012000+00:00,-6.912e-05,0.0001
2020-10-06 00:00:00+00:00,-1.26e-06,0.0001
2020-10-06 08:00:00.005000+00:00,-8.313e-05,0.0001
2020-10-06 16:00:00+00:00,6.937e-05,0.0001
2020-10-07 00:00:00+00:00,5.11e-06,0.0001
2020-10-07 08:00:00+00:00,-8.58e-06,0.0001
2020-10-07 16:00:00+00:00,1.553e-05,0.0001
2020-10-08 00:00:00+00:00,2.693e-05,0.0001
2020-10-08 08:00:00.009000+00:00,3.248e-05,0.0001
2020-10-08 16:00:00.003000+00:00,8.856e-05,0.0001
2020-10-09 00:00:00.001000+00:00,6.128e-05,0.0001
2020-10-09 08:00:00+00:00,0.0001,0.0001
2020-10-09 16:00:00.004000+00:00,0.0001,0.0001
2020-10-10 00:00:00.005000+00:00,0.0001,0.0001
2020-10-10 08:00:00+00:00,0.0001,0.00028914
2020-10-10 16:00:00.011000+00:00,0.0001,0.00019105
2020-10-11 00:00:00.002000+00:00,0.0001,0.00070989
2020-10-11 08:00:00.003000+00:00,0.0001,0.0001
2020-10-11 16:00:00.004000+00:00,0.0001,0.0001
2020-10-12 00:00:00.001000+00:00,0.0001,0.0001
2020-10-12 08:00:00+00:00,0.0001,0.00022458
2020-10-12 16:00:00.011000+00:00,0.0001,0.0001
2020-10-13 00:00:00.003000+00:00,0.0001,0.0001
2020-10-13 08:00:00+00:00,0.0001,0.0001
2020-10-13 16:00:00.001000+00:00,0.0001,0.00017596
2020-10-14 00:00:00.001000+00:00,0.0001,0.0001
2020-10-14 08:00:00+00:00,0.0001,0.0001
2020-10-14 16:00:00.001000+00:00,0.0001,0.00028415
2020-10-15 00:00:00+00:00,0.0001,0.0001
2020-10-15 08:00:00+00:00,0.0001,0.0001
2020-10-15 16:00:00+00:00,0.0001,0.0001
2020-10-16 00:00:00.002000+00:00,0.0001,0.0001
2020-10-16 08:00:00.003000+00:00,0.0001,0.0001
2020-10-16 16:00:00+00:00,0.0001,0.0001
2020-10-17 00:00:00.006000+00:00,0.0001,0.0001
2020-10-17 08:00:00.007000+00:00,0.0001,0.0001
2020-10-17 16:00:00.009000+00:00,0.0001,0.0001
2020-10-18 00:00:00.006000+00:00,0.0001,0.0001
2020-10-18 08:00:00+00:00,0.0001,0.0001
2020-10-18 16:00:00+00:00,0.0001,0.0001
2020-10-19 00:00:00+00:00,0.0001,0.0001
2020-10-19 08:00:00+00:00,0.0001,0.0001
2020-10-19 16:00:00+00:00,0.0001,0.0001
2020-10-20 00:00:00.015000+00:00,0.0001,0.0001
2020-10-20 08:00:00+00:00,0.0001,0.0001
2020-10-20 16:00:00.008000+00:00,3.742e-05,0.0001
2020-10-21 00:00:00.009000+00:00,2.291e-05,0.0001
2020-10-21 08:00:00.004000+00:00,7.487e-05,0.0001
2020-10-21 16:00:00+00:00,0.0001,0.0001
2020-10-22 00:00:00+00:00,0.0001,0.00035786
2020-10-22 08:00:00+00:00,0.0001,0.0001
2020-10-22 16:00:00.004000+00:00,0.0001,0.0001
2020-10-23 00:00:00.007000+00:00,0.0001,0.0001
2020-10-23 08:00:00+00:00,0.0001,0.00019126
2020-10-23 16:00:00+00:00,0.0001,0.00035682
2020-10-24 00:00:00+00:00,0.0001,0.0005586
2020-10-24 08:00:00+00:00,0.0001,0.0001
2020-10-24 16:00:00.008000+00:00,0.0001,0.0008903
2020-10-25 00:00:00.005000+00:00,0.0001,0.00059139
2020-10-25 08:00:00.014000+00:00,0.0001,0.00027335
2020-10-25 16:00:00+00:00,0.0001,0.0001986
2020-10-26 00:00:00.004000+00:00,0.0001,0.0001
2020-10-26 08:00:00+00:00,0.0001,0.0001
2020-10-26 16:00:00+00:00,0.0001,0.0001
2020-10-27 00:00:00+00:00,9.274e-05,0.0001
2020-10-27 08:00:00+00:00,6.127e-05,0.0001
2020-10-27 16:00:00+00:00,0.0001,0.0001
2020-10-28 00:00:00+00:00,3.725e-05,0.0001
2020-10-28 08:00:00.006000+00:00,0.0001,0.0001
2020-10-28 16:00:00.001000+00:00,0.0001,0.0001
2020-10-29 00:00:00+00:00,-0.00026006,0.0001
2020-10-29 08:00:00+00:00,-8.052e-05,0.0001
2020-10-29 16:00:00+00:00,-3.189e-05,0.0001
2020-10-30 00:00:00+00:00,-0.00015268,0.0001
2020-10-30 08:00:00.002000+00:00,-9.68e-06,0.0001
2020-10-30 16:00:00.002000+00:00,-0.00013414,-2.73e-06
2020-10-31 00:00:00.003000+00:00,-0.00024694,-0.00062124
2020-10-31 08:00:00+00:00,-0.00016865,4.476e-05
2020-10-31 16:00:00+00:00,9.204e-05,-0.00035502
2020-11-01 00:00:00+00:00,-6.386e-05,-0.0014979
2020-11-01 08:00:00+00:00,-4.096e-05,0.0001
2020-11-01 16:00:00+00:00,-5.043e-05,0.0001
2020-11-02 00:00:00+00:00,7.881e-05,0.0001
2020-11-02 08:00:00.010000+00:00,-3.275e-05,0.0001
2020-11-02 16:00:00+00:00,8.717e-05,0.0001
2020-11-03 00:00:00+00:00,-0.00017064,0.0001
2020-11-03 08:00:00.004000+00:00,-4.67e-06,0.0001
2020-11-03 16:00:00.009000+00:00,-8.581e-05,0.0001
2020-11-04 00:00:00+00:00,-7.816e-05,0.0001
2020-11-04 08:00:00+00:00,-2.648e-05,0.0001
2020-11-04 16:00:00.005000+00:00,-0.00023791,0.0001
2020-11-05 00:00:00.017000+00:00,0.0001,0.0001
2020-11-05 08:00:00.001000+00:00,0.0001,0.0001
2020-11-05 16:00:00+00:00,0.0001,0.0001
2020-11-06 00:00:00+00:00,0.0001,0.0001
2020-11-06 08:00:00.001000+00:00,0.00023315,0.0001
2020-11-06 16:00:00.001000+00:00,0.0003429,-0.0001338
2020-11-07 00:00:00.001000+00:00,0.00024948,-0.00163209
2020-11-07 08:00:00+00:00,0.00037914,0.0001
2020-11-07 16:00:00.006000+00:00,0.0003589,0.00037936
2020-11-08 00:00:00+00:00,0.0001,0.0001
2020-11-08 08:00:00+00:00,0.0001,0.0001
2020-11-08 16:00:00+00:00,0.0001,0.00010028
2020-11-09 00:00:00.007000+00:00,0.0001,0.00027346
2020-11-09 08:00:00.001000+00:00,0.0001,0.0001
2020-11-09 16:00:00.002000+00:00,0.0001,0.0001
2020-11-10 00:00:00.003000+00:00,0.0001,0.0001
2020-11-10 08:00:00.011000+00:00,0.0001,0.00036412
2020-11-10 16:00:00+00:00,0.0001,0.0001
2020-11-11 00:00:00+00:00,0.0001,0.0001
2020-11-11 08:00:00.009000+00:00,0.0001,0.00026794
2020-11-11 16:00:00.003000+00:00,0.0001,0.00018849
2020-11-12 00:00:00.001000+00:00,0.0001,0.0001
2020-11-12 08:00:00.001000+00:00,0.0001,0.0001
2020-11-12 16:00:00+00:00,0.0001,0.0001
2020-11-13 00:00:00+00:00,0.0001,0.0001
2020-11-13 08:00:00+00:00,0.0001,0.0001
2020-11-13 16:00:00+00:00,0.0001,0.0001
2020-11-14 00:00:00.005000+00:00,0.0001,0.0001
2020-11-14 08:00:00.004000+00:00,0.0001,0.0001
2020-11-14 16:00:00.001000+00:00,4.277e-05,0.0001
2020-11-15 00:00:00.001000+00:00,0.0001,0.0001
2020-11-15 08:00:00+00:00,0.0001,0.0001
2020-11-15 16:00:00.003000+00:00,0.0001,0.00024228
2020-11-16 00:00:00+00:00,0.0001,0.0001
2020-11-16 08:00:00.010000+00:00,0.0001,0.0001
2020-11-16 16:00:00.001000+00:00,0.0001,0.0001
2020-11-17 00:00:00.002000+00:00,0.0001,0.0001
2020-11-17 08:00:00.003000+00:00,0.0001,0.00055062
2020-11-17 16:00:00.003000+00:00,0.0001,0.0003889
2020-11-18 00:00:00.005000+00:00,0.00021138,0.00129737
2020-11-18 08:00:00.006000+00:00,0.00057572,0.00033069
2020-11-18 16:00:00+00:00,0.00021486,2.149e-05
2020-11-19 00:00:00.008000+00:00,0.0001,0.0001
2020-11-19 08:00:00+00:00,0.00025015,-0.00098885
2020-11-19 16:00:00.001000+00:00,0.00052207,0.0001
2020-11-20 00:00:00.003000+00:00,0.0003665,0.0001
2020-11-20 08:00:00.005000+00:00,0.00039647,0.0001
2020-11-20 16:00:00+00:00,0.00038617,0.00025095
2020-11-21 00:00:00+00:00,0.0001,0.0001
2020-11-21 08:00:00+00:00,0.0001,0.0001
2020-11-21 16:00:00.001000+00:00,0.00059438,0.00101282
2020-11-22 00:00:00.005000+00:00,0.00080363,0.00102128
2020-11-22 08:00:00+00:00,0.00086985,-0.00055853
2020-11-22 16:00:00+00:00,0.00066537,-0.00074916
2020-11-23 00:00:00.005000+00:00,0.00101151,-0.00047751
2020-11-23 08:00:00+00:00,0.00076207,-0.00013206
2020-11-23 16:00:00.003000+00:00,0.00108391,-1.472e-05
2020-11-24 00:00:00+00:00,0.00050801,0.0001
2020-11-24 08:00:00+00:00,0.00060366,0.00030371
2020-11-24 16:00:00.005000+00:00,0.00081176,0.0001
2020-11-25 00:00:00.005000+00:00,0.00084235,0.00041817
2020-11-25 08:00:00.005000+00:00,0.00038079,0.0001
2020-11-25 16:00:00.015000+00:00,0.00075292,0.00068985
2020-11-26 00:00:00.012000+00:00,0.00035414,-0.00027055
2020-11-26 08:00:00.002000+00:00,0.0001313,-0.00419164
2020-11-26 16:00:00.001000+00:00,0.00028796,-0.00095725
2020-11-27 00:00:00.001000+00:00,0.00010773,-0.0025881
2020-11-27 08:00:00+00:00,0.0001,-0.00179633
2020-11-27 16:00:00.007000+00:00,0.0001,-0.00258539
2020-11-28 00:00:00.007000+00:00,0.0001,-0.00121635
2020-11-28 08:00:00.012000+00:00,0.0001,-0.00136122
2020-11-28 16:00:00+00:00,0.0001,-0.00091001
2020-11-29 00:00:00.007000+00:00,0.0001,-0.0008815
2020-11-29 08:00:00+00:00,0.0001,-0.00225574
2020-11-29 16:00:00+00:00,0.0001,-0.0006728
2020-11-30 00:00:00.004000+00:00,0.0001,-0.0007644
2020-11-30 08:00:00.007000+00:00,0.0001,-0.00090649
2020-11-30 16:00:00+00:00,0.00029481,-0.00055293
2020-12-01 00:00:00+00:00,0.00045929,-0.00099685
2020-12-01 08:00:00.003000+00:00,0.00043287,-0.00089102
2020-12-01 16:00:00+00:00,0.00011546,-0.0012781
2020-12-02 00:00:00.001000+00:00,0.0001,-0.0014013
2020-12-02 08:00:00.011000+00:00,0.0001,-1.74e-06
2020-12-02 16:00:00.005000+00:00,0.0001,-0.00109398
2020-12-03 00:00:00.001000+00:00,0.0001,0.0001
2020-12-03 08:00:00.031000+00:00,0.0001,0.0001
2020-12-03 16:00:00+00:00,0.00025455,0.0001
2020-12-04 00:00:00.006000+00:00,0.00012703,0.0001
2020-12-04 08:00:00.009000+00:00,0.0001,-0.00024496
2020-12-04 16:00:00+00:00,0.0001,-0.0011123
2020-12-05 00:00:00+00:00,0.0001,-0.00060138
2020-12-05 08:00:00+00:00,0.0001,0.0001
2020-12-05 16:00:00+00:00,0.0001,-1.751e-05
2020-12-06 00:00:00.004000+00:00,0.0001,0.0001
2020-12-06 08:00:00+00:00,0.0001,0.0001
2020-12-06 16:00:00.001000+00:00,0.0001,0.0001
2020-12-07 00:00:00+00:00,0.0001,0.0001
2020-12-07 08:00:00.008000+00:00,0.0001,0.0001
2020-12-07 16:00:00+00:00,0.0001,0.0001
2020-12-08 00:00:00.003000+00:00,0.0001,0.0001
2020-12-08 08:00:00.003000+00:00,0.0001,0.0001
2020-12-08 16:00:00.033000+00:00,0.0001,0.0001
2020-12-09 00:00:00+00:00,0.0001,7.7e-06
2020-12-09 08:00:00.010000+00:00,0.0001,0.0001
2020-12-09 16:00:00+00:00,0.0001,1.44e-05
2020-12-10 00:00:00+00:00,0.0001,-5.839e-05
2020-12-10 08:00:00+00:00,0.0001,5.504e-05
2020-12-10 16:00:00.007000+00:00,0.0001,-0.00079147
2020-12-11 00:00:00+00:00,0.0001,0.0001
2020-12-11 08:00:00.016000+00:00,0.0001,-0.00073541
2020-12-11 16:00:00.010000+00:00,0.0001,0.0001
2020-12-12 00:00:00.009000+00:00,0.0001,8.023e-05
2020-12-12 08:00:00.002000+00:00,-2.135e-05,-0.00234814
2020-12-12 16:00:00+00:00,4.314e-05,-0.00143339
2020-12-13 00:00:00.007000+00:00,0.0001,-0.00173105
2020-12-13 08:00:00+00:00,0.0001,-0.00055675
2020-12-13 16:00:00+00:00,0.0001,-0.00072483
2020-12-14 00:00:00+00:00,0.0001,-0.00035996
2020-12-14 08:00:00+00:00,0.0001,-9.372e-05
2020-12-14 16:00:00+00:00,0.0001,-8.654e-05
2020-12-15 00:00:00.006000+00:00,0.0001,-0.00046511
2020-12-15 08:00:00.001000+00:00,0.0001,-0.0007831
2020-12-15 16:00:00+00:00,0.0001,-0.00056365
2020-12-16 00:00:00.001000+00:00,0.0001,-0.00035194
2020-12-16 08:00:00+00:00,0.0001,0.0001
2020-12-16 16:00:00+00:00,0.00046054,0.0001
2020-12-17 00:00:00+00:00,0.0001,0.0001
2020-12-17 08:00:00+00:00,0.00021355,0.0001
2020-12-17 16:00:00.011000+00:00,0.00054618,0.0001
2020-12-18 00:00:00+00:00,0.00028532,0.0001
2020-12-18 08:00:00+00:00,0.00053548,0.0001
2020-12-18 16:00:00+00:00,0.00045032,0.0001
2020-12-19 00:00:00+00:00,0.0001,0.0001
2020-12-19 08:00:00.018000+00:00,0.00038032,0.0001
2020-12-19 16:00:00+00:00,0.00070544,0.0001
2020-12-20 00:00:00.001000+00:00,0.00078228,0.0001
2020-12-20 08:00:00.011000+00:00,0.00037486,0.0001
2020-12-20 16:00:00.023000+00:00,0.00038896,0.0001
2020-12-21 00:00:00.011000+00:00,0.00041795,0.0001
2020-12-21 08:00:00+00:00,0.00030249,0.0001
2020-12-21 16:00:00+00:00,0.00023741,0.00027015
2020-12-22 00:00:00.001000+00:00,0.0001,0.0001
2020-12-22 08:00:00.006000+00:00,0.0001,0.0001
2020-12-22 16:00:00+00:00,0.00019956,0.0001
2020-12-23 00:00:00+00:00,0.0001131,-4.427e-05
2020-12-23 08:00:00+00:00,0.0001,0.0001
2020-12-23 16:00:00+00:00,0.00010214,0.0001
2020-12-24 00:00:00.012000+00:00,0.0001,-0.00044413
2020-12-24 08:00:00.009000+00:00,0.0001,-0.00049946
2020-12-24 16:00:00.001000+00:00,0.00027216,-0.00023132
2020-12-25 00:00:00+00:00,0.00018528,-0.00041957
2020-12-25 08:00:00+00:00,0.0001,-0.00119
2020-12-25 16:00:00+00:00,0.00034905,-0.00128276
2020-12-26 00:00:00.009000+00:00,0.0001,-0.00143412
2020-12-26 08:00:00.001000+00:00,0.00016965,-0.00120753
2020-12-26 16:00:00.006000+00:00,0.0001,-0.00254219
2020-12-27 00:00:00+00:00,0.0001994,-0.00101518
2020-12-27 08:00:00+00:00,0.00025468,-0.00163498
2020-12-27 16:00:00.001000+00:00,0.00071164,-0.00071416
2020-12-28 00:00:00.015000+00:00,0.00043463,9.235e-05
2020-12-28 08:00:00.019000+00:00,0.00036133,-6.254e-05
2020-12-28 16:00:00+00:00,0.00071278,-0.00078108
2020-12-29 00:00:00.004000+00:00,0.00037693,-0.0004725
2020-12-29 08:00:00.003000+00:00,0.0004893,-0.00169461
2020-12-29 16:00:00+00:00,0.00039914,-0.00039761
2020-12-30 00:00:00.001000+00:00,0.00048979,-0.00045529
2020-12-30 08:00:00.001000+00:00,0.00076836,-0.00154578
2020-12-30 16:00:00.012000+00:00,0.0006288,-0.00112551
2020-12-31 00:00:00.009000+00:00,0.00053292,-0.0008723
2020-12-31 08:00:00+00:00,0.00060345,-0.00095399
2020-12-31 16:00:00.010000+00:00,0.00036744,-0.00161978
2021-01-01 00:00:00.002000+00:00,0.00022753,-0.00165238
2021-01-01 08:00:00.006000+00:00,0.00026336,-0.00204383
2021-01-01 16:00:00.003000+00:00,0.00034457,-0.0008075
2021-01-02 00:00:00+00:00,0.0001,-0.00120567
2021-01-02 08:00:00+00:00,0.00020151,0.0001
2021-01-02 16:00:00.006000+00:00,0.00115471,-7.871e-05
2021-01-03 00:00:00.018000+00:00,0.00124058,-9.318e-05
2021-01-03 08:00:00+00:00,0.00114744,-0.00048296
2021-01-03 16:00:00.002000+00:00,0.00155006,-0.00253289
2021-01-04 00:00:00+00:00,0.00164126,-0.00302774
2021-01-04 08:00:00+00:00,0.00236482,0.0001
2021-01-04 16:00:00+00:00,0.00056137,-0.00240332
2021-01-05 00:00:00.020000+00:00,0.00088338,-0.00667102
2021-01-05 08:00:00.003000+00:00,0.00047166,-0.00285395
2021-01-05 16:00:00.003000+00:00,0.00062904,-0.00482538
2021-01-06 00:00:00.010000+00:00,0.00127193,-0.0075
2021-01-06 08:00:00.003000+00:00,0.00210008,-0.0075
2021-01-06 16:00:00+00:00,0.00149253,-0.0075
2021-01-07 00:00:00.007000+00:00,0.00100316,-0.0075
2021-01-07 08:00:00+00:00,0.00142744,-0.0075
2021-01-07 16:00:00.004000+00:00,0.00099841,0.0
2021-01-08 00:00:00+00:00,0.00213517,-0.00094262
2021-01-08 08:00:00+00:00,0.00092044,0.00071256
2021-01-08 16:00:00+00:00,0.00131892,0.00012872
2021-01-09 00:00:00.009000+00:00,0.00062954,0.0003294
2021-01-09 08:00:00.004000+00:00,0.00066918,0.00138669
2021-01-09 16:00:00+00:00,0.00146942,0.00051747
2021-01-10 00:00:00+00:00,0.00145604,0.00318311
2021-01-10 08:00:00.005000+00:00,0.00120632,0.00201398
2021-01-10 16:00:00+00:00,0.00052988,0.00080074
2021-01-11 00:00:00+00:00,0.00086486,0.00024441
2021-01-11 08:00:00.012000+00:00,0.00081553,0.0001
2021-01-11 16:00:00+00:00,0.00053444,0.00087274
2021-01-12 00:00:00+00:00,0.00033526,0.0001
2021-01-12 08:00:00+00:00,0.00050855,-4.075e-05
2021-01-12 16:00:00.008000+00:00,0.00054945,0.0001
2021-01-13 00:00:00.001000+00:00,0.00014768,0.00030906
2021-01-13 08:00:00+00:00,0.0002259,0.00028285
2021-01-13 16:00:00.003000+00:00,0.0007053,0.0001
2021-01-14 00:00:00+00:00,0.00078331,0.0001
2021-01-14 08:00:00.012000+00:00,0.00072627,0.00013077
2021-01-14 16:00:00+00:00,0.00068503,0.00127162
2021-01-15 00:00:00.002000+00:00,0.00055628,0.0001
2021-01-15 08:00:00+00:00,0.00064483,0.0001
2021-01-15 16:00:00.004000+00:00,0.00118185,0.00099857
2021-01-16 00:00:00+00:00,0.0001,0.00063201
2021-01-16 08:00:00.008000+00:00,0.00032573,0.00082427
2021-01-16 16:00:00+00:00,0.00068496,0.00199151
2021-01-17 00:00:00.009000+00:00,0.00033109,0.0011316
2021-01-17 08:00:00+00:00,0.00030276,0.00088588
2021-01-17 16:00:00.001000+00:00,0.0001,0.00026075
2021-01-18 00:00:00+00:00,0.00055375,0.00122517
2021-01-18 08:00:00.004000+00:00,0.00049321,0.0007264
2021-01-18 16:00:00+00:00,0.0010355,0.00146114
2021-01-19 00:00:00+00:00,0.0006167,0.00120146
2021-01-19 08:00:00.005000+00:00,0.0014009,0.00123494
2021-01-19 16:00:00.012000+00:00,0.00158467,0.0001
2021-01-20 00:00:00.012000+00:00,0.00088178,0.0001
2021-01-20 08:00:00.001000+00:00,0.00017967,0.0001
2021-01-20 16:00:00.001000+00:00,0.00016482,-0.00034721
2021-01-21 00:00:00+00:00,0.00042078,-4.668e-05
2021-01-21 08:00:00+00:00,0.00048357,0.0001
2021-01-21 16:00:00.004000+00:00,0.00026589,-8.357e-05
2021-01-22 00:00:00.012000+00:00,0.0001,-0.00054589
2021-01-22 08:00:00.003000+00:00,0.0001,-0.00028412
2021-01-22 16:00:00.001000+00:00,0.0001,0.0001
2021-01-23 00:00:00+00:00,0.0001,0.0001
2021-01-23 08:00:00.002000+00:00,0.00012182,0.0001
2021-01-23 16:00:00+00:00,0.0001,0.0001
2021-01-24 00:00:00.001000+00:00,0.0001,0.0001
2021-01-24 08:00:00.011000+00:00,0.00014368,0.00014037
2021-01-24 16:00:00.005000+00:00,0.00041388,0.0001
2021-01-25 00:00:00.007000+00:00,0.0001,0.00019694
2021-01-25 08:00:00.012000+00:00,0.00052253,0.0011324
2021-01-25 16:00:00+00:00,0.00042414,0.0001
2021-01-26 00:00:00.007000+00:00,0.00013506,0.0001
2021-01-26 08:00:00+00:00,0.0001,0.0001
2021-01-26 16:00:00+00:00,0.0001,0.0001
2021-01-27 00:00:00+00:00,0.0001,0.0001
2021-01-27 08:00:00.011000+00:00,0.0001,0.0001
2021-01-27 16:00:00.003000+00:00,0.0001,0.0001
2021-01-28 00:00:00+00:00,0.0001,0.0001
2021-01-28 08:00:00+00:00,0.0001,0.0001
2021-01-28 16:00:00+00:00,0.00022262,0.00032246
2021-01-29 00:00:00.009000+00:00,0.0001,0.0001027
2021-01-29 08:00:00+00:00,0.00064803,0.00046897
2021-01-29 16:00:00+00:00,0.00166789,0.00135527
2021-01-30 00:00:00+00:00,0.00039208,0.00074522
2021-01-30 08:00:00+00:00,0.000332,0.000426
2021-01-30 16:00:00+00:00,0.00052428,0.00083867
2021-01-31 00:00:00.009000+00:00,0.00054944,0.00136282
2021-01-31 08:00:00+00:00,0.00046117,0.00068997
2021-01-31 16:00:00+00:00,0.00044234,0.00125194
2021-02-01 00:00:00.001000+00:00,0.00013932,0.00025519
2021-02-01 08:00:00.014000+00:00,0.00037561,0.00037017
2021-02-01 16:00:00+00:00,0.00066848,0.00023243
2021-02-02 00:00:00+00:00,0.00036787,0.00049185
2021-02-02 08:00:00.006000+00:00,0.00044278,0.00049058
2021-02-02 16:00:00+00:00,0.00122181,0.00178222
2021-02-03 00:00:00.009000+00:00,0.00077297,0.00185223
2021-02-03 08:00:00.006000+00:00,0.00080805,0.00090423
2021-02-03 16:00:00.006000+00:00,0.00075287,0.00103602
2021-02-04 00:00:00.005000+00:00,0.00029063,0.00114612
2021-02-04 08:00:00+00:00,0.00074286,0.00196534
2021-02-04 16:00:00.011000+00:00,0.00061936,0.00116031
2021-02-05 00:00:00.009000+00:00,0.00056635,0.00139904
2021-02-05 08:00:00.004000+00:00,0.00074838,0.00250409
2021-02-05 16:00:00+00:00,0.00099154,0.00248849
2021-02-06 00:00:00.008000+00:00,0.00034782,0.0012523
2021-02-06 08:00:00.009000+00:00,0.00069827,0.00177772
2021-02-06 16:00:00+00:00,0.00102371,0.0015495
2021-02-07 00:00:00+00:00,0.00155546,0.00069317
2021-02-07 08:00:00.005000+00:00,0.00065121,0.0001
2021-02-07 16:00:00.001000+00:00,0.00106206,0.0001
2021-02-08 00:00:00+00:00,0.00059267,0.00045129
2021-02-08 08:00:00.001000+00:00,0.00057887,0.00085861
2021-02-08 16:00:00+00:00,0.00248993,0.00189272
2021-02-09 00:00:00.010000+00:00,0.00131125,0.00209319
2021-02-09 08:00:00.006000+00:00,0.00186573,0.00304915
2021-02-09 16:00:00.007000+00:00,0.00161159,0.0028669
2021-02-10 00:00:00.009000+00:00,0.00124313,0.00243443
2021-02-10 08:00:00.014000+00:00,0.0017535,0.00332469
2021-02-10 16:00:00.005000+00:00,0.00112397,0.00113941
2021-02-11 00:00:00+00:00,0.00076742,0.0016268
2021-02-11 08:00:00+00:00,0.0008307,0.00151791
2021-02-11 16:00:00+00:00,0.0017411,0.00128569
2021-02-12 00:00:00+00:00,0.00128772,0.00211126
2021-02-12 08:00:00+00:00,0.0012563,0.00076834
2021-02-12 16:00:00+00:00,0.00105533,0.00087438
2021-02-13 00:00:00.001000+00:00,0.00139999,0.0026051
2021-02-13 08:00:00.003000+00:00,0.00141609,0.00188627
2021-02-13 16:00:00+00:00,0.00075946,0.0014149
2021-02-14 00:00:00.013000+00:00,0.00085048,0.00251514
2021-02-14 08:00:00+00:00,0.00146185,0.00252331
2021-02-14 16:00:00.008000+00:00,0.00149489,0.00257419
2021-02-15 00:00:00+00:00,0.0011786,0.00066418
2021-02-15 08:00:00.006000+00:00,0.00040617,0.0001
2021-02-15 16:00:00+00:00,0.00068133,0.0001
2021-02-16 00:00:00.001000+00:00,0.000996,0.0001
2021-02-16 08:00:00+00:00,0.00123546,0.00158627
2021-02-16 16:00:00.010000+00:00,0.00141818,0.00147931
2021-02-17 00:00:00.005000+00:00,0.00104066,0.0001
2021-02-17 08:00:00.010000+00:00,0.00093436,0.00100129
2021-02-17 16:00:00.008000+00:00,0.00147112,0.00142102
2021-02-18 00:00:00.012000+00:00,0.00132249,0.00104079
2021-02-18 08:00:00+00:00,0.00154303,0.00155495
2021-02-18 16:00:00.009000+00:00,0.00125842,0.00083108
2021-02-19 00:00:00.010000+00:00,0.00091255,0.00094704
2021-02-19 08:00:00.002000+00:00,0.00084526,0.00094971
2021-02-19 16:00:00.008000+00:00,0.00128791,0.00077114
2021-02-20 00:00:00+00:00,0.00156318,0.00134072
2021-02-20 08:00:00.009000+00:00,0.00116465,0.00167508
2021-02-20 16:00:00+00:00,0.00122535,0.00248155
2021-02-21 00:00:00.007000+00:00,0.00100357,0.00087849
2021-02-21 08:00:00.012000+00:00,0.00099022,0.00097512
2021-02-21 16:00:00.001000+00:00,0.0012582,0.00101935
2021-02-22 00:00:00.006000+00:00,0.00117049,0.00090367
2021-02-22 08:00:00.002000+00:00,0.00091782,0.00060976
2021-02-22 16:00:00+00:00,0.00077864,0.0001
2021-02-23 00:00:00+00:00,0.00024947,-0.00114458
2021-02-23 08:00:00.006000+00:00,0.0002962,0.0001
2021-02-23 16:00:00+00:00,0.00013281,0.0001
2021-02-24 00:00:00.012000+00:00,0.0001,0.0001
2021-02-24 08:00:00.016000+00:00,0.00051791,0.00031868
2021-02-24 16:00:00.011000+00:00,0.00037289,0.0001
2021-02-25 00:00:00.007000+00:00,0.00017706,0.0001
2021-02-25 08:00:00+00:00,0.00018247,0.0001
2021-02-25 16:00:00.010000+00:00,0.00034053,0.00038425
2021-02-26 00:00:00+00:00,0.0001,0.0001
2021-02-26 08:00:00.025000+00:00,0.0001,0.0001
2021-02-26 16:00:00.010000+00:00,0.0001,0.0001
2021-02-27 00:00:00.001000+00:00,0.00030164,0.0001
2021-02-27 08:00:00+00:00,0.0004457,0.0001
2021-02-27 16:00:00+00:00,0.00010038,0.00013802
2021-02-28 00:00:00.021000+00:00,0.0001,0.0001
2021-02-28 08:00:00.009000+00:00,0.0001,0.0001
2021-02-28 16:00:00+00:00,0.00037706,0.0001
2021-03-01 00:00:00+00:00,0.00016921,0.0001
2021-03-01 08:00:00.003000+00:00,0.0001,0.00012534
2021-03-01 16:00:00.001000+00:00,0.0001,0.00038175
2021-03-02 00:00:00+00:00,0.0001,0.00021657
2021-03-02 08:00:00+00:00,0.0001,0.00051119
2021-03-02 16:00:00.004000+00:00,0.0001,0.00023872
2021-03-03 00:00:00+00:00,0.0001,0.0007243
2021-03-03 08:00:00.016000+00:00,0.0001,0.00026329
2021-03-03 16:00:00+00:00,0.00045078,0.00096015
2021-03-04 00:00:00+00:00,0.0001,0.00017193
2021-03-04 08:00:00.015000+00:00,0.0001,0.00048191
2021-03-04 16:00:00.001000+00:00,0.0001,0.00058971
2021-03-05 00:00:00+00:00,0.0001,0.00018864
2021-03-05 08:00:00.002000+00:00,0.0001,0.0001
2021-03-05 16:00:00.008000+00:00,0.0001,0.00018812
2021-03-06 00:00:00+00:00,0.0001,0.00051149
2021-03-06 08:00:00+00:00,0.0001,0.00058979
2021-03-06 16:00:00+00:00,0.0001,0.00023359
2021-03-07 00:00:00.006000+00:00,0.0001,0.0006165
2021-03-07 08:00:00.005000+00:00,0.0001,0.0009311
2021-03-07 16:00:00.008000+00:00,0.00017606,0.00051022
2021-03-08 00:00:00+00:00,0.0001,0.0004945
2021-03-08 08:00:00+00:00,0.0001,0.00048468
2021-03-08 16:00:00.006000+00:00,0.00024757,0.00127854
2021-03-09 00:00:00+00:00,0.00072419,0.00142095
2021-03-09 08:00:00+00:00,0.00041976,0.00139988
2021-03-09 16:00:00+00:00,0.00057038,0.00131768
2021-03-10 00:00:00.009000+00:00,0.00024344,0.00167246
2021-03-10 08:00:00.006000+00:00,0.00048586,0.00078312
2021-03-10 16:00:00.008000+00:00,0.00056915,0.00110016
2021-03-11 00:00:00+00:00,0.00095931,0.00059116
2021-03-11 08:00:00+00:00,0.00099305,0.00064766
2021-03-11 16:00:00.014000+00:00,0.00085439,0.00068954
2021-03-12 00:00:00.002000+00:00,0.00102002,0.00065755
2021-03-12 08:00:00.005000+00:00,0.00067147,0.00087095
2021-03-12 16:00:00.011000+00:00,0.00051199,0.00056749
2021-03-13 00:00:00+00:00,0.00047834,0.00077028
2021-03-13 08:00:00.002000+00:00,0.00060567,0.0004546
2021-03-13 16:00:00+00:00,0.00057114,0.00143906
2021-03-14 00:00:00.011000+00:00,0.00081828,0.00115139
2021-03-14 08:00:00+00:00,0.00084593,0.00123232
2021-03-14 16:00:00+00:00,0.00115069,0.00131239
2021-03-15 00:00:00.012000+00:00,0.0008201,0.00131865
2021-03-15 08:00:00.016000+00:00,0.0010521,0.00074456
2021-03-15 16:00:00.030000+00:00,0.00015776,0.00089187
2021-03-16 00:00:00.005000+00:00,0.00022573,0.00091104
2021-03-16 08:00:00.008000+00:00,0.00035862,0.00038295
2021-03-16 16:00:00.012000+00:00,0.00040673,0.0008697
2021-03-17 00:00:00.010000+00:00,0.00035367,0.00083967
2021-03-17 08:00:00+00:00,0.00019234,0.00114411
2021-03-17 16:00:00.009000+00:00,0.00024575,0.00074567
2021-03-18 00:00:00.001000+00:00,0.00030265,0.00143186
2021-03-18 08:00:00+00:00,0.00029259,0.00099333
2021-03-18 16:00:00+00:00,0.00032547,0.00185766
2021-03-19 00:00:00.011000+00:00,0.00032006,0.0002296
2021-03-19 08:00:00.001000+00:00,0.00012887,0.00044739
2021-03-19 16:00:00+00:00,0.0003326,0.00018788
2021-03-20 00:00:00+00:00,0.0004928,0.00011949
2021-03-20 08:00:00+00:00,0.00044452,0.0001
2021-03-20 16:00:00.007000+00:00,0.00048936,0.00027957
2021-03-21 00:00:00+00:00,0.00031366,0.00012712
2021-03-21 08:00:00+00:00,0.00042375,0.0001
2021-03-21 16:00:00+00:00,0.0001,0.0001
2021-03-22 00:00:00.007000+00:00,0.00051919,0.0001
2021-03-22 08:00:00.001000+00:00,0.00045562,-0.00015996
2021-03-22 16:00:00+00:00,0.00048977,0.00018783
2021-03-23 00:00:00+00:00,0.0002421,0.0001
2021-03-23 08:00:00.010000+00:00,0.00026619,0.0001
2021-03-23 16:00:00.023000+00:00,0.00042245,7.387e-05
2021-03-24 00:00:00.002000+00:00,0.00053454,0.0001
2021-03-24 08:00:00+00:00,0.00016567,0.0001
2021-03-24 16:00:00+00:00,0.00026422,0.0001
2021-03-25 00:00:00+00:00,0.00011828,0.0001
2021-03-25 08:00:00+00:00,0.0001,0.0001
2021-03-25 16:00:00+00:00,0.0001,0.0001
2021-03-26 00:00:00.008000+00:00,0.00016,0.0001
2021-03-26 08:00:00+00:00,0.0001,0.0001
2021-03-26 16:00:00.012000+00:00,0.0001,0.00031536
2021-03-27 00:00:00.018000+00:00,0.0001,0.0001
2021-03-27 08:00:00+00:00,0.0001,0.00014263
2021-03-27 16:00:00.001000+00:00,0.0001,0.00034532
2021-03-28 00:00:00+00:00,0.0001,0.000344
2021-03-28 08:00:00+00:00,0.0001,0.00033489
2021-03-28 16:00:00.005000+00:00,0.0001,0.00081974
2021-03-29 00:00:00.003000+00:00,0.0001,0.00085582
2021-03-29 08:00:00+00:00,0.0001,0.00075959
2021-03-29 16:00:00+00:00,0.00018171,0.00077512
2021-03-30 00:00:00.018000+00:00,0.00032026,0.00045834
2021-03-30 08:00:00.012000+00:00,0.00027258,0.00119744
2021-03-30 16:00:00.001000+00:00,0.00083501,0.00134349
2021-03-31 00:00:00+00:00,0.00080754,0.00089395
2021-03-31 08:00:00+00:00,0.00070889,0.00054855
2021-03-31 16:00:00+00:00,0.00058414,0.00057877
2021-04-01 00:00:00.025000+00:00,0.00109277,0.00103263
2021-04-01 08:00:00.011000+00:00,0.00095247,0.00104792
2021-04-01 16:00:00.004000+00:00,0.00051932,0.00084334
2021-04-02 00:00:00+00:00,0.00071058,0.000564
2021-04-02 08:00:00+00:00,0.00106221,0.00150169
2021-04-02 16:00:00+00:00,0.0010197,0.00096656
2021-04-03 00:00:00.003000+00:00,0.00063267,0.00090108
2021-04-03 08:00:00+00:00,0.00107843,0.00142513
2021-04-03 16:00:00+00:00,0.00101313,0.00167753
2021-04-04 00:00:00+00:00,0.0005209,0.00016572
2021-04-04 08:00:00+00:00,0.00048495,0.00080358
2021-04-04 16:00:00.016000+00:00,0.00026521,0.0001
2021-04-05 00:00:00+00:00,0.00039464,0.00085227
2021-04-05 08:00:00.001000+00:00,0.00043217,0.00012199
2021-04-05 16:00:00.001000+00:00,0.00037409,0.00136006
2021-04-06 00:00:00.010000+00:00,0.00097189,0.00140962
2021-04-06 08:00:00+00:00,0.00057776,0.00149504
2021-04-06 16:00:00.003000+00:00,0.00083736,0.00046872
2021-04-07 00:00:00+00:00,0.00057609,0.0001
2021-04-07 08:00:00.006000+00:00,0.00053749,0.0001
2021-04-07 16:00:00.004000+00:00,0.0005366,0.0001
2021-04-08 00:00:00.013000+00:00,0.00040784,0.00030698
2021-04-08 08:00:00.003000+00:00,0.00024943,0.0001
2021-04-08 16:00:00.005000+00:00,0.00026225,0.00017952
2021-04-09 00:00:00+00:00,0.00019611,0.0001
2021-04-09 08:00:00.004000+00:00,0.00026301,0.0001
2021-04-09 16:00:00.004000+00:00,0.00021785,0.00027232
2021-04-10 00:00:00.011000+00:00,0.00012959,0.0001
2021-04-10 08:00:00.005000+00:00,0.00148624,0.00091825
2021-04-10 16:00:00+00:00,0.00119652,0.00083453
2021-04-11 00:00:00.004000+00:00,0.00086735,0.00076444
2021-04-11 08:00:00+00:00,0.00099427,0.00076346
2021-04-11 16:00:00+00:00,0.00105998,0.00042257
2021-04-12 00:00:00.001000+00:00,0.00093793,0.00113291
2021-04-12 08:00:00.001000+00:00,0.00106358,0.00086506
2021-04-12 16:00:00.008000+00:00,0.00094343,0.00065468
2021-04-13 00:00:00.003000+00:00,0.00084072,0.00065355
2021-04-13 08:00:00.008000+00:00,0.00089928,0.00106733
2021-04-13 16:00:00.008000+00:00,0.0012267,0.00161617
2021-04-14 00:00:00.008000+00:00,0.00090508,0.00082883
2021-04-14 08:00:00+00:00,0.00108567,0.00150253
2021-04-14 16:00:00.012000+00:00,0.00104786,0.0005878
2021-04-15 00:00:00.006000+00:00,0.00076335,0.0010579
2021-04-15 08:00:00+00:00,0.00082082,0.00141831
2021-04-15 16:00:00.008000+00:00,0.00110324,0.00054664
2021-04-16 00:00:00.008000+00:00,0.00109647,0.00074493
2021-04-16 08:00:00+00:00,0.00120022,0.00063461
2021-04-16 16:00:00.002000+00:00,0.00115519,0.0017762
2021-04-17 00:00:00.008000+00:00,0.00054906,0.00114295
2021-04-17 08:00:00+00:00,0.00054007,0.00069825
2021-04-17 16:00:00.001000+00:00,0.00087572,0.00098868
2021-04-18 00:00:00.006000+00:00,0.00081624,0.00069042
2021-04-18 08:00:00.004000+00:00,0.00058448,-0.00081587
2021-04-18 16:00:00+00:00,0.0001,0.0003846
2021-04-19 00:00:00+00:00,0.0001,0.00011935
2021-04-19 08:00:00+00:00,0.0001,0.00052771
2021-04-19 16:00:00.009000+00:00,0.0001,0.0001
2021-04-20 00:00:00.004000+00:00,0.0001,0.00069128
2021-04-20 08:00:00+00:00,0.0001,0.00031573
2021-04-20 16:00:00.001000+00:00,0.0001,0.00013798
2021-04-21 00:00:00.013000+00:00,0.0001,0.0001
2021-04-21 08:00:00.001000+00:00,0.0001,0.00029116
2021-04-21 16:00:00.002000+00:00,0.0001,0.0001
2021-04-22 00:00:00+00:00,0.0001,0.0001
2021-04-22 08:00:00+00:00,0.0001,0.0001
2021-04-22 16:00:00.001000+00:00,0.0001,0.0001
2021-04-23 00:00:00.002000+00:00,0.0001,0.0001
2021-04-23 08:00:00.009000+00:00,0.00047618,0.00022517
2021-04-23 16:00:00.001000+00:00,0.0001,0.0001
2021-04-24 00:00:00.019000+00:00,0.0001,0.0001
2021-04-24 08:00:00.001000+00:00,0.00027672,0.0001
2021-04-24 16:00:00.011000+00:00,0.0001676,0.0001
2021-04-25 00:00:00+00:00,0.000217,0.0001
2021-04-25 08:00:00.010000+00:00,0.00038558,0.0001537
2021-04-25 16:00:00+00:00,0.0001,5.25e-05
2021-04-26 00:00:00.003000+00:00,0.0001,0.0001
2021-04-26 08:00:00.002000+00:00,0.0001,0.0001
2021-04-26 16:00:00.004000+00:00,0.0001,0.0001
2021-04-27 00:00:00+00:00,0.0001,0.00041422
2021-04-27 08:00:00+00:00,0.0001,0.00028532
2021-04-27 16:00:00.009000+00:00,0.0001,0.00055267
2021-04-28 00:00:00+00:00,0.0001,0.00067111
2021-04-28 08:00:00+00:00,0.0001,0.00018219
2021-04-28 16:00:00.001000+00:00,0.0001,0.0002257
2021-04-29 00:00:00.004000+00:00,0.0001,0.0001
2021-04-29 08:00:00.013000+00:00,0.0001,0.00047434
2021-04-29 16:00:00.003000+00:00,0.0001,0.00013104
2021-04-30 00:00:00.004000+00:00,0.0001,0.00019041
2021-04-30 08:00:00.019000+00:00,0.0001,0.00045193
2021-04-30 16:00:00.003000+00:00,0.0001,0.00034639
2021-05-01 00:00:00.002000+00:00,0.00011209,0.00050075
2021-05-01 08:00:00.006000+00:00,0.0001,0.00104765
2021-05-01 16:00:00+00:00,0.00032496,0.00040718
2021-05-02 00:00:00.010000+00:00,0.00015819,0.0004006
2021-05-02 08:00:00.011000+00:00,0.00045285,0.00061887
2021-05-02 16:00:00.007000+00:00,0.00045283,0.00062817
2021-05-03 00:00:00.003000+00:00,0.00040313,0.00027681
2021-05-03 08:00:00+00:00,0.00036188,0.00047332
2021-05-03 16:00:00.043000+00:00,0.00067307,0.00068101
2021-05-04 00:00:00.004000+00:00,0.00050959,0.00089378
2021-05-04 08:00:00.003000+00:00,0.00012186,0.00033292
2021-05-04 16:00:00.011000+00:00,0.00066426,0.00048984
2021-05-05 00:00:00.001000+00:00,0.00044701,0.00021686
2021-05-05 08:00:00.007000+00:00,0.00042458,0.00060678
2021-05-05 16:00:00.001000+00:00,0.00011734,0.00075134
2021-05-06 00:00:00.003000+00:00,0.00076121,0.00077937
2021-05-06 08:00:00.001000+00:00,0.00059968,0.00117706
2021-05-06 16:00:00+00:00,0.0009352,0.00172483
2021-05-07 00:00:00+00:00,0.00044645,0.00090695
2021-05-07 08:00:00+00:00,0.00053313,0.00086546
2021-05-07 16:00:00.001000+00:00,0.00017144,0.00119054
2021-05-08 00:00:00.006000+00:00,0.0005937,0.00075413
2021-05-08 08:00:00+00:00,0.00046279,0.00082146
2021-05-08 16:00:00+00:00,0.00046426,0.00072061
2021-05-09 00:00:00.005000+00:00,0.00048942,0.00043005
2021-05-09 08:00:00.016000+00:00,0.00043845,0.00044195
2021-05-09 16:00:00+00:00,0.00063864,0.00057052
2021-05-10 00:00:00.004000+00:00,0.00033531,0.00057419
2021-05-10 08:00:00+00:00,0.00090258,0.00074243
2021-05-10 16:00:00.013000+00:00,0.00098653,0.00111008
2021-05-11 00:00:00+00:00,0.00039557,0.0001
2021-05-11 08:00:00+00:00,0.00050874,0.0001
2021-05-11 16:00:00.002000+00:00,0.00025625,0.00037151
2021-05-12 00:00:00.004000+00:00,0.00016659,0.0001
2021-05-12 08:00:00.007000+00:00,0.00033736,0.00036144
2021-05-12 16:00:00.012000+00:00,0.00039761,0.00034871
2021-05-13 00:00:00.016000+00:00,0.00011638,0.00022113
2021-05-13 08:00:00+00:00,0.0001,0.0001
2021-05-13 16:00:00.008000+00:00,0.00022863,0.0001
2021-05-14 00:00:00.007000+00:00,0.0004004,0.0001
2021-05-14 08:00:00.001000+00:00,0.00035219,0.0001
2021-05-14 16:00:00.004000+00:00,0.00015069,0.00014439
2021-05-15 00:00:00.022000+00:00,0.0001,0.0002179
2021-05-15 08:00:00.014000+00:00,0.00010123,0.00039831
2021-05-15 16:00:00.002000+00:00,0.00020153,0.00046368
2021-05-16 00:00:00+00:00,0.00040248,0.00014056
2021-05-16 08:00:00.003000+00:00,0.00016682,0.00057802
2021-05-16 16:00:00.002000+00:00,0.00036196,0.00044938
2021-05-17 00:00:00.005000+00:00,0.0001,0.00063116
2021-05-17 08:00:00.001000+00:00,0.00063989,0.0003684
2021-05-17 16:00:00+00:00,0.00059294,0.00040371
2021-05-18 00:00:00.019000+00:00,0.00054643,0.0001
2021-05-18 08:00:00.001000+00:00,0.00014723,0.00021292
2021-05-18 16:00:00.006000+00:00,0.00021809,0.00048279
2021-05-19 00:00:00+00:00,0.0001,0.0001
2021-05-19 08:00:00.003000+00:00,0.00035813,0.00023608
2021-05-19 16:00:00.018000+00:00,-0.00089697,-0.00536402
2021-05-20 00:00:00.005000+00:00,0.0001,0.00011177
2021-05-20 08:00:00+00:00,0.0001,0.0001
2021-05-20 16:00:00.005000+00:00,0.0001,0.0001
2021-05-21 00:00:00+00:00,0.0001,0.0001
2021-05-21 08:00:00+00:00,-1.001e-05,0.0001
2021-05-21 16:00:00.001000+00:00,7.546e-05,0.0001
2021-05-22 00:00:00.001000+00:00,-0.00024448,0.0001
2021-05-22 08:00:00.002000+00:00,0.0001,0.0001
2021-05-22 16:00:00.005000+00:00,0.0001,0.0001
2021-05-23 00:00:00.006000+00:00,-5.011e-05,0.0001
2021-05-23 08:00:00.004000+00:00,-1.059e-05,0.0001
2021-05-23 16:00:00.002000+00:00,4.696e-05,0.0001
2021-05-24 00:00:00.007000+00:00,-8.534e-05,0.0001
2021-05-24 08:00:00.005000+00:00,-9.905e-05,0.0001
2021-05-24 16:00:00.005000+00:00,2.089e-05,0.0001
2021-05-25 00:00:00+00:00,0.0001,0.0001
2021-05-25 08:00:00.014000+00:00,0.0001,0.0001
2021-05-25 16:00:00+00:00,0.0001,0.0001
2021-05-26 00:00:00.022000+00:00,0.0001,0.0001
2021-05-26 08:00:00.018000+00:00,0.0001,0.0001
2021-05-26 16:00:00.004000+00:00,0.0001,0.0001
2021-05-27 00:00:00+00:00,0.0001,0.0001
2021-05-27 08:00:00.017000+00:00,0.0001,0.0001
2021-05-27 16:00:00+00:00,0.0001,0.0001
2021-05-28 00:00:00.005000+00:00,0.0001,0.0001
2021-05-28 08:00:00.009000+00:00,0.0001,0.0001
2021-05-28 16:00:00+00:00,0.0001,0.0001
2021-05-29 00:00:00.006000+00:00,0.0001,0.0001
2021-05-29 08:00:00+00:00,0.0001,0.0001
2021-05-29 16:00:00+00:00,0.00010375,0.0001
2021-05-30 00:00:00.003000+00:00,0.0001,0.0001
2021-05-30 08:00:00.004000+00:00,0.0001,0.0001
2021-05-30 16:00:00.018000+00:00,0.0001,0.0001
2021-05-31 00:00:00.002000+00:00,0.0001,0.0001
2021-05-31 08:00:00+00:00,0.0001,0.0001
2021-05-31 16:00:00+00:00,0.0001,0.0001
2021-06-01 00:00:00.001000+00:00,0.0001,0.0001
2021-06-01 08:00:00.010000+00:00,0.0001,0.0001
2021-06-01 16:00:00.010000+00:00,0.0001,0.0001
2021-06-02 00:00:00.008000+00:00,0.0001,0.0001
2021-06-02 08:00:00+00:00,0.0001,0.0001
2021-06-02 16:00:00.007000+00:00,0.0001,0.0001
2021-06-03 00:00:00.019000+00:00,0.0001,0.0001
2021-06-03 08:00:00.002000+00:00,0.0001,0.0001
2021-06-03 16:00:00.003000+00:00,0.0001,0.0001
2021-06-04 00:00:00.003000+00:00,0.0001,0.0001
2021-06-04 08:00:00.006000+00:00,0.00020566,0.0001
2021-06-04 16:00:00.002000+00:00,0.0001,0.0001
2021-06-05 00:00:00+00:00,0.0001,0.0001
2021-06-05 08:00:00.004000+00:00,0.0001,0.0001
2021-06-05 16:00:00.020000+00:00,0.0001,0.0001
2021-06-06 00:00:00+00:00,0.0001,0.0001
2021-06-06 08:00:00.004000+00:00,0.0001,0.0001
2021-06-06 16:00:00+00:00,0.0001,0.0001
2021-06-07 00:00:00.007000+00:00,0.0001,0.0001
2021-06-07 08:00:00.007000+00:00,0.0001,0.0001
2021-06-07 16:00:00.003000+00:00,0.0001,0.0001
2021-06-08 00:00:00+00:00,0.0001,0.0001
2021-06-08 08:00:00+00:00,1.015e-05,0.0001
2021-06-08 16:00:00.002000+00:00,0.0001,0.0001
2021-06-09 00:00:00.009000+00:00,0.0001,-1.63e-05
2021-06-09 08:00:00.002000+00:00,-5.397e-05,1.053e-05
2021-06-09 16:00:00+00:00,-0.00014842,-6.088e-05
2021-06-10 00:00:00.007000+00:00,-0.00016793,0.0001
2021-06-10 08:00:00.003000+00:00,6.027e-05,0.0001
2021-06-10 16:00:00+00:00,0.0001,0.0001
2021-06-11 00:00:00.010000+00:00,0.0001,0.0001
2021-06-11 08:00:00.007000+00:00,2.612e-05,0.0001
2021-06-11 16:00:00.006000+00:00,4.776e-05,0.0001
2021-06-12 00:00:00.005000+00:00,-7.78e-05,0.0001
2021-06-12 08:00:00+00:00,0.0001,0.0001
2021-06-12 16:00:00.018000+00:00,-8.14e-06,0.0001
2021-06-13 00:00:00.002000+00:00,9.64e-05,0.0001
2021-06-13 08:00:00+00:00,2.852e-05,0.0001
2021-06-13 16:00:00.003000+00:00,-6.559e-05,0.0001
2021-06-14 00:00:00+00:00,0.0001,0.0001
2021-06-14 08:00:00.015000+00:00,0.0001,0.0001
2021-06-14 16:00:00+00:00,-3.144e-05,0.0001
2021-06-15 00:00:00+00:00,8.002e-05,0.0001
2021-06-15 08:00:00+00:00,0.0001,0.0001
2021-06-15 16:00:00.004000+00:00,0.0001,0.0001
2021-06-16 00:00:00.004000+00:00,0.0001,0.0001
2021-06-16 08:00:00.001000+00:00,0.0001,0.0001
2021-06-16 16:00:00+00:00,0.0001,0.0001
2021-06-17 00:00:00.004000+00:00,0.0001,0.0001
2021-06-17 08:00:00+00:00,0.0001,0.0001
2021-06-17 16:00:00.002000+00:00,0.0001,0.0001
2021-06-18 00:00:00.009000+00:00,5.342e-05,0.0001
2021-06-18 08:00:00.014000+00:00,3.45e-06,0.0001
2021-06-18 16:00:00.007000+00:00,0.0001,0.0001
2021-06-19 00:00:00.003000+00:00,-5.205e-05,0.0001
2021-06-19 08:00:00.001000+00:00,-9.441e-05,5.286e-05
2021-06-19 16:00:00+00:00,7.475e-05,0.0001
2021-06-20 00:00:00.005000+00:00,0.0001,5.139e-05
2021-06-20 08:00:00+00:00,0.0001,1.243e-05
2021-06-20 16:00:00.002000+00:00,-0.00018437,-0.00015506
2021-06-21 00:00:00.019000+00:00,-1.617e-05,0.0001
2021-06-21 08:00:00+00:00,0.0001,-0.00014527
2021-06-21 16:00:00.024000+00:00,-0.00019854,-0.00012222
2021-06-22 00:00:00.008000+00:00,7.947e-05,-0.00015939
2021-06-22 08:00:00.009000+00:00,0.0001,8.849e-05
2021-06-22 16:00:00.001000+00:00,-0.00032806,-0.00063866
2021-06-23 00:00:00.003000+00:00,6.7e-07,3.778e-05
2021-06-23 08:00:00+00:00,-0.00013693,-0.00016983
2021-06-23 16:00:00+00:00,-0.00019895,-0.00048376
2021-06-24 00:00:00.009000+00:00,-7.785e-05,-0.00040513
2021-06-24 08:00:00.018000+00:00,0.0001,-3.98e-05
2021-06-24 16:00:00.001000+00:00,-0.00018863,-3.274e-05
2021-06-25 00:00:00.009000+00:00,2.372e-05,-8.45e-06
2021-06-25 08:00:00.004000+00:00,0.0001,-5.36e-06
2021-06-25 16:00:00+00:00,0.0001,8.509e-05
2021-06-26 00:00:00.007000+00:00,-0.00011029,1.487e-05
2021-06-26 08:00:00+00:00,-0.00013121,2.356e-05
2021-06-26 16:00:00.002000+00:00,-0.00010371,-0.00027879
2021-06-27 00:00:00.005000+00:00,-0.00023578,-0.00010767
2021-06-27 08:00:00.010000+00:00,-0.00052905,0.0001
2021-06-27 16:00:00.001000+00:00,-0.00026102,0.0001
2021-06-28 00:00:00.025000+00:00,-2.914e-05,0.0001
2021-06-28 08:00:00.017000+00:00,3.312e-05,0.0001
2021-06-28 16:00:00.007000+00:00,0.0001,0.0001
2021-06-29 00:00:00.008000+00:00,8.346e-05,0.0001
2021-06-29 08:00:00+00:00,0.0001,0.0001
2021-06-29 16:00:00+00:00,3.883e-05,-4.814e-05
2021-06-30 00:00:00.011000+00:00,0.0001,0.0001
2021-06-30 08:00:00.044000+00:00,0.0001,0.0001
2021-06-30 16:00:00.005000+00:00,0.0001,0.0001
2021-07-01 00:00:00+00:00,0.0001,8.824e-05
2021-07-01 08:00:00.004000+00:00,0.0001,0.0001
2021-07-01 16:00:00.028000+00:00,0.0001,0.0001
2021-07-02 00:00:00.002000+00:00,8.304e-05,0.0001
2021-07-02 08:00:00.016000+00:00,0.0001,0.0001
2021-07-02 16:00:00.007000+00:00,-0.00012187,0.0001
2021-07-03 00:00:00.008000+00:00,-4.866e-05,0.0001
2021-07-03 08:00:00+00:00,-0.0001355,0.0001
2021-07-03 16:00:00.004000+00:00,3.53e-05,0.0001
2021-07-04 00:00:00.012000+00:00,3.235e-05,0.0001
2021-07-04 08:00:00.002000+00:00,-0.0001527,0.0001
2021-07-04 16:00:00.003000+00:00,4.428e-05,0.0001
2021-07-05 00:00:00.004000+00:00,0.0001,0.0001
2021-07-05 08:00:00+00:00,0.0001,0.0001
2021-07-05 16:00:00.009000+00:00,-0.0001044,0.0001
2021-07-06 00:00:00.008000+00:00,-6.81e-06,0.0001
2021-07-06 08:00:00.019000+00:00,-0.0001114,0.0001
2021-07-06 16:00:00+00:00,-8.213e-05,0.0001
2021-07-07 00:00:00.007000+00:00,-0.00013362,0.0001
2021-07-07 08:00:00.001000+00:00,0.0001,0.0001
2021-07-07 16:00:00.008000+00:00,0.0001,0.0001
2021-07-08 00:00:00.002000+00:00,1.382e-05,0.0001
2021-07-08 08:00:00.010000+00:00,-6.403e-05,0.0001
2021-07-08 16:00:00.003000+00:00,-0.0002808,0.0001
2021-07-09 00:00:00+00:00,-0.00010885,0.0001
2021-07-09 08:00:00.006000+00:00,-0.00017364,0.0001
2021-07-09 16:00:00+00:00,-0.00018845,2.573e-05
2021-07-10 00:00:00.002000+00:00,-8.1e-07,0.0001
2021-07-10 08:00:00+00:00,7.847e-05,0.0001
2021-07-10 16:00:00.001000+00:00,7.2e-07,0.0001
2021-07-11 00:00:00.001000+00:00,7.785e-05,0.0001
2021-07-11 08:00:00.025000+00:00,0.0001,0.0001
2021-07-11 16:00:00.006000+00:00,-3.373e-05,0.0001
2021-07-12 00:00:00+00:00,8.851e-05,0.0001
2021-07-12 08:00:00.021000+00:00,3.463e-05,0.0001
2021-07-12 16:00:00+00:00,0.0001,0.0001
2021-07-13 00:00:00+00:00,0.0001,0.0001
2021-07-13 08:00:00.013000+00:00,0.0001,0.0001
2021-07-13 16:00:00.005000+00:00,5.2e-07,0.0001
2021-07-14 00:00:00+00:00,0.0001,0.0001
2021-07-14 08:00:00+00:00,1.317e-05,0.0001
2021-07-14 16:00:00.005000+00:00,-0.00011753,0.0001
2021-07-15 00:00:00.005000+00:00,-4.883e-05,0.0001
2021-07-15 08:00:00.001000+00:00,0.0001,0.0001
2021-07-15 16:00:00+00:00,1.576e-05,0.0001
2021-07-16 00:00:00+00:00,-0.00011529,0.0001
2021-07-16 08:00:00+00:00,6.105e-05,0.0001
2021-07-16 16:00:00.001000+00:00,1.073e-05,0.0001
2021-07-17 00:00:00.004000+00:00,0.0001,0.0001
2021-07-17 08:00:00.009000+00:00,-4.343e-05,0.0001
2021-07-17 16:00:00.006000+00:00,2.365e-05,0.0001
2021-07-18 00:00:00+00:00,0.0001,0.0001
2021-07-18 08:00:00.001000+00:00,0.0001,0.0001
2021-07-18 16:00:00.003000+00:00,-4.434e-05,0.0001
2021-07-19 00:00:00.002000+00:00,-7.51e-05,0.0001
2021-07-19 08:00:00.006000+00:00,3.183e-05,0.0001
2021-07-19 16:00:00.006000+00:00,-1.23e-05,0.0001
2021-07-20 00:00:00.002000+00:00,-0.00015687,9.854e-05
2021-07-20 08:00:00.011000+00:00,-0.00012569,-8.31e-06
2021-07-20 16:00:00.001000+00:00,-0.00018939,-0.00011297
2021-07-21 00:00:00.022000+00:00,-0.00022869,-0.00011333
2021-07-21 08:00:00+00:00,-0.00039139,2.876e-05
2021-07-21 16:00:00.018000+00:00,-0.00032314,8.264e-05
2021-07-22 00:00:00.002000+00:00,-0.00016261,0.0001
2021-07-22 08:00:00.006000+00:00,1.362e-05,0.0001
2021-07-22 16:00:00.010000+00:00,1.374e-05,0.0001
2021-07-23 00:00:00.013000+00:00,3.44e-06,0.0001
2021-07-23 08:00:00+00:00,-0.00016985,0.0001
2021-07-23 16:00:00.005000+00:00,-9.9e-06,0.0001
2021-07-24 00:00:00+00:00,-7.246e-05,0.0001
2021-07-24 08:00:00.002000+00:00,-0.00013379,0.0001
2021-07-24 16:00:00.001000+00:00,-0.00010603,0.0001
2021-07-25 00:00:00.003000+00:00,-0.00025685,0.0001
2021-07-25 08:00:00.015000+00:00,-0.00021708,0.0001
2021-07-25 16:00:00+00:00,-5.198e-05,0.0001
2021-07-26 00:00:00+00:00,-0.00054841,0.0001
2021-07-26 08:00:00+00:00,0.0001,0.0001
2021-07-26 16:00:00+00:00,0.0001,0.0001
2021-07-27 00:00:00.046000+00:00,0.0001,0.0001
2021-07-27 08:00:00.014000+00:00,0.0001,0.0001
2021-07-27 16:00:00.007000+00:00,-2.248e-05,0.0001
2021-07-28 00:00:00+00:00,-2.037e-05,0.0001
2021-07-28 08:00:00.002000+00:00,0.0001,0.0001
2021-07-28 16:00:00.005000+00:00,0.0001,0.0001
2021-07-29 00:00:00.004000+00:00,1.493e-05,0.0001
2021-07-29 08:00:00+00:00,8.276e-05,0.0001
2021-07-29 16:00:00.007000+00:00,0.0001,0.0001
2021-07-30 00:00:00.004000+00:00,0.0001,0.0001
2021-07-30 08:00:00+00:00,0.0001,0.0001
2021-07-30 16:00:00+00:00,-2.377e-05,0.0001
2021-07-31 00:00:00+00:00,0.0001,0.0001
2021-07-31 08:00:00.014000+00:00,0.0001,0.0001
2021-07-31 16:00:00.003000+00:00,0.0001,0.0001
2021-08-01 00:00:00.005000+00:00,0.0001,0.0001
2021-08-01 08:00:00.016000+00:00,0.0001,0.0001
2021-08-01 16:00:00.001000+00:00,0.0001,0.0001
2021-08-02 00:00:00+00:00,0.0001,0.0001
2021-08-02 08:00:00.014000+00:00,0.0001,0.0001
2021-08-02 16:00:00.021000+00:00,0.0001,0.0001
2021-08-03 00:00:00+00:00,0.0001,0.0001
2021-08-03 08:00:00+00:00,0.0001,0.0001
2021-08-03 16:00:00.009000+00:00,0.0001,0.0001
2021-08-04 00:00:00+00:00,0.0001,0.0001
2021-08-04 08:00:00+00:00,0.0001,0.0001
2021-08-04 16:00:00.003000+00:00,1.272e-05,0.0001
2021-08-05 00:00:00+00:00,0.0001,0.0001
2021-08-05 08:00:00+00:00,0.0001,0.0001
2021-08-05 16:00:00.001000+00:00,0.0001,0.00010194
2021-08-06 00:00:00+00:00,0.0001,0.0001
2021-08-06 08:00:00.004000+00:00,0.0001,0.0001
2021-08-06 16:00:00.003000+00:00,0.0001,0.0001
2021-08-07 00:00:00.015000+00:00,0.0001,0.00017964
2021-08-07 08:00:00.001000+00:00,0.0001,0.00013994
2021-08-07 16:00:00.002000+00:00,0.0001,0.00057549
2021-08-08 00:00:00+00:00,0.0001,0.00031014
2021-08-08 08:00:00.002000+00:00,0.0001,0.00022565
2021-08-08 16:00:00.018000+00:00,0.0001,0.00025136
2021-08-09 00:00:00+00:00,0.0001,0.0001
2021-08-09 08:00:00+00:00,0.0001,0.00012233
2021-08-09 16:00:00.002000+00:00,0.0001,0.0001
2021-08-10 00:00:00+00:00,0.0001,0.00013435
2021-08-10 08:00:00.003000+00:00,0.0001,0.00018125
2021-08-10 16:00:00+00:00,0.0001,0.000245
2021-08-11 00:00:00.006000+00:00,0.0001,0.00015242
2021-08-11 08:00:00.003000+00:00,0.0001,0.00032506
2021-08-11 16:00:00+00:00,0.0001,0.00041409
2021-08-12 00:00:00.013000+00:00,0.0001,0.00028542
2021-08-12 08:00:00.001000+00:00,0.0001,0.0001
2021-08-12 16:00:00+00:00,0.0001,0.0001822
2021-08-13 00:00:00+00:00,0.0001,0.0001
2021-08-13 08:00:00+00:00,0.0001,0.0001
2021-08-13 16:00:00.002000+00:00,0.0001,0.00013008
2021-08-14 00:00:00.006000+00:00,0.0001,0.00010458
2021-08-14 08:00:00+00:00,0.0001,0.00029733
2021-08-14 16:00:00+00:00,0.0001,0.00010998
2021-08-15 00:00:00.003000+00:00,0.0001,0.00021955
2021-08-15 08:00:00+00:00,0.0001,0.00027631
2021-08-15 16:00:00.007000+00:00,0.0001,0.00040055
2021-08-16 00:00:00.012000+00:00,0.0001,0.00069957
2021-08-16 08:00:00.003000+00:00,0.0001,0.0008687
2021-08-16 16:00:00.010000+00:00,0.00013924,0.00020261
2021-08-17 00:00:00.018000+00:00,0.0001,0.00084422
2021-08-17 08:00:00.015000+00:00,0.0001,0.00048943
2021-08-17 16:00:00.006000+00:00,0.0001,0.00059362
2021-08-18 00:00:00+00:00,0.0001,0.0001
2021-08-18 08:00:00+00:00,0.0001,0.0001
2021-08-18 16:00:00.011000+00:00,0.0001,0.0001
2021-08-19 00:00:00+00:00,0.0001,0.00043629
2021-08-19 08:00:00.014000+00:00,0.0001,0.00019732
2021-08-19 16:00:00+00:00,0.0001,0.0001
2021-08-20 00:00:00+00:00,0.0001,0.00012284
2021-08-20 08:00:00.001000+00:00,0.00011483,0.00053092
2021-08-20 16:00:00.001000+00:00,0.00014278,0.00060041
2021-08-21 00:00:00.005000+00:00,0.0001,0.00053411
2021-08-21 08:00:00.001000+00:00,0.00020013,0.00058059
2021-08-21 16:00:00+00:00,0.00016694,0.00023414
2021-08-22 00:00:00.005000+00:00,0.0001,0.0001
2021-08-22 08:00:00.007000+00:00,0.0001,0.00023923
2021-08-22 16:00:00.002000+00:00,0.00014813,0.00023249
2021-08-23 00:00:00.003000+00:00,0.0001,0.0001
2021-08-23 08:00:00.005000+00:00,0.0003918,0.0003922
2021-08-23 16:00:00.002000+00:00,0.00023983,0.00041888
2021-08-24 00:00:00.006000+00:00,0.000293,0.00037756
2021-08-24 08:00:00.004000+00:00,0.0001,0.00071925
2021-08-24 16:00:00+00:00,0.00041348,0.00025647
2021-08-25 00:00:00.015000+00:00,0.00019568,0.0001
2021-08-25 08:00:00+00:00,0.0001,0.0001
2021-08-25 16:00:00+00:00,0.0001,0.0001
2021-08-26 00:00:00.001000+00:00,0.0001,0.0001
2021-08-26 08:00:00.016000+00:00,0.00021865,0.0001
2021-08-26 16:00:00.004000+00:00,0.0001,0.0001
2021-08-27 00:00:00.013000+00:00,0.0001,0.0001
2021-08-27 08:00:00.001000+00:00,0.0001,0.0001
2021-08-27 16:00:00.004000+00:00,0.0001,0.0001
2021-08-28 00:00:00+00:00,0.0001,9.474e-05
2021-08-28 08:00:00+00:00,0.0003224,0.0001
2021-08-28 16:00:00+00:00,0.00023137,0.0001
2021-08-29 00:00:00+00:00,0.0001,0.0001
2021-08-29 08:00:00.002000+00:00,0.0001,0.0001
2021-08-29 16:00:00.005000+00:00,0.0001,0.00014102
2021-08-30 00:00:00.013000+00:00,0.0001,0.0001
2021-08-30 08:00:00.008000+00:00,0.0001,0.0002077
2021-08-30 16:00:00+00:00,0.0002255,0.0001
2021-08-31 00:00:00+00:00,0.00036162,0.00031369
2021-08-31 08:00:00.007000+00:00,0.00027795,0.0001
2021-08-31 16:00:00.003000+00:00,0.00023354,0.0005946
2021-09-01 00:00:00+00:00,0.00044618,0.00068753
2021-09-01 08:00:00.006000+00:00,0.00027256,0.00042945
2021-09-01 16:00:00+00:00,0.00033967,0.00030261
2021-09-02 00:00:00.009000+00:00,0.0004052,0.00095456
2021-09-02 08:00:00.006000+00:00,0.0004869,0.00086089
2021-09-02 16:00:00.007000+00:00,0.00057405,0.00082164
2021-09-03 00:00:00.011000+00:00,0.00047856,0.00069243
2021-09-03 08:00:00+00:00,0.00033375,0.0001
2021-09-03 16:00:00.002000+00:00,0.00024375,0.00082931
2021-09-04 00:00:00.003000+00:00,0.00043928,0.00038232
2021-09-04 08:00:00.008000+00:00,0.00011799,0.00050916
2021-09-04 16:00:00.009000+00:00,0.00019219,0.00092071
2021-09-05 00:00:00.002000+00:00,0.0001,0.0005137
2021-09-05 08:00:00.002000+00:00,0.0001,0.00094466
2021-09-05 16:00:00+00:00,0.0001,0.00121532
2021-09-06 00:00:00.003000+00:00,0.00026783,0.00077047
2021-09-06 08:00:00.008000+00:00,0.0001,0.00093618
2021-09-06 16:00:00.009000+00:00,0.0001,0.00028808
2021-09-07 00:00:00.004000+00:00,0.0001,0.0001
2021-09-07 08:00:00.002000+00:00,0.0001,0.0001
2021-09-07 16:00:00.001000+00:00,0.00022977,0.0001
2021-09-08 00:00:00.005000+00:00,0.0001,0.00032269
2021-09-08 08:00:00+00:00,0.0001,0.00034589
2021-09-08 16:00:00+00:00,0.0001,0.00023683
2021-09-09 00:00:00.006000+00:00,0.0001,0.0001
2021-09-09 08:00:00.014000+00:00,0.0001,0.00030828
2021-09-09 16:00:00.002000+00:00,0.0001,0.0001
2021-09-10 00:00:00.001000+00:00,0.0001,0.00010525
2021-09-10 08:00:00.018000+00:00,0.0001,0.00024568
2021-09-10 16:00:00.006000+00:00,0.00011115,0.00027075
2021-09-11 00:00:00+00:00,0.0001,0.00013268
2021-09-11 08:00:00.001000+00:00,0.0001,0.00010914
2021-09-11 16:00:00+00:00,0.0001,0.0001
2021-09-12 00:00:00+00:00,0.0001,0.0001
2021-09-12 08:00:00.002000+00:00,0.0001,0.00020096
2021-09-12 16:00:00+00:00,0.0001,0.00034487
2021-09-13 00:00:00+00:00,0.0001,0.0002385
2021-09-13 08:00:00.007000+00:00,0.0001,0.00016658
2021-09-13 16:00:00.005000+00:00,0.0001,0.0001
2021-09-14 00:00:00.002000+00:00,0.0001,0.0001
2021-09-14 08:00:00+00:00,0.0001,0.0001
2021-09-14 16:00:00.007000+00:00,0.0001,0.0001
2021-09-15 00:00:00.012000+00:00,0.0001,0.00018155
2021-09-15 08:00:00.003000+00:00,0.0001,0.000248
2021-09-15 16:00:00.006000+00:00,0.0001,0.00037517
2021-09-16 00:00:00.008000+00:00,0.0001,0.00039901
2021-09-16 08:00:00.005000+00:00,0.0001,0.00055144
2021-09-16 16:00:00.002000+00:00,0.0001,0.00051906
2021-09-17 00:00:00+00:00,0.0001,0.00049934
2021-09-17 08:00:00.047000+00:00,0.0001,0.00056357
2021-09-17 16:00:00.013000+00:00,0.0001,0.00013659
2021-09-18 00:00:00+00:00,0.0001,0.0001
2021-09-18 08:00:00.010000+00:00,0.0001,0.0001
2021-09-18 16:00:00.005000+00:00,0.0001,0.0001
2021-09-19 00:00:00.006000+00:00,0.0001,0.0001
2021-09-19 08:00:00.015000+00:00,0.0001,0.00012745
2021-09-19 16:00:00.007000+00:00,0.0001,0.0001
2021-09-20 00:00:00.018000+00:00,0.0001,0.00020317
2021-09-20 08:00:00+00:00,0.0001,0.0001
2021-09-20 16:00:00.005000+00:00,0.0001,0.0001
2021-09-21 00:00:00.005000+00:00,0.0001,0.0001
2021-09-21 08:00:00.007000+00:00,0.0001,0.0001
2021-09-21 16:00:00+00:00,0.0001,0.0001
2021-09-22 00:00:00.005000+00:00,0.0001,0.0001
2021-09-22 08:00:00.006000+00:00,0.0001,0.0001
2021-09-22 16:00:00+00:00,0.0001,0.0001
2021-09-23 00:00:00.003000+00:00,4.744e-05,0.0001
2021-09-23 08:00:00+00:00,7.835e-05,0.0001
2021-09-23 16:00:00.007000+00:00,0.0001,0.0001
2021-09-24 00:00:00+00:00,-7.856e-05,0.0001
2021-09-24 08:00:00.017000+00:00,-8.536e-05,0.0001
2021-09-24 16:00:00+00:00,3.978e-05,0.0001
2021-09-25 00:00:00.007000+00:00,0.0001,0.0001
2021-09-25 08:00:00.002000+00:00,5.629e-05,0.0001
2021-09-25 16:00:00.004000+00:00,0.0001,0.0001
2021-09-26 00:00:00.013000+00:00,2.457e-05,0.0001
2021-09-26 08:00:00+00:00,0.0001,0.0001
2021-09-26 16:00:00.005000+00:00,-1.686e-05,0.0001
2021-09-27 00:00:00+00:00,0.0001,0.0001
2021-09-27 08:00:00.001000+00:00,0.0001,0.0001
2021-09-27 16:00:00+00:00,0.0001,0.0001
2021-09-28 00:00:00+00:00,2.549e-05,0.0001
2021-09-28 08:00:00.014000+00:00,3.318e-05,0.0001
2021-09-28 16:00:00+00:00,9.756e-05,0.0001
2021-09-29 00:00:00+00:00,4.448e-05,0.0001
2021-09-29 08:00:00.002000+00:00,3.757e-05,0.0001
2021-09-29 16:00:00+00:00,5.661e-05,0.0001
2021-09-30 00:00:00+00:00,0.0001,0.0001
2021-09-30 08:00:00.004000+00:00,0.0001,0.0001
2021-09-30 16:00:00.005000+00:00,9.235e-05,0.0001
2021-10-01 00:00:00.012000+00:00,2.202e-05,0.0001
2021-10-01 08:00:00.008000+00:00,-2.693e-05,0.0001
2021-10-01 16:00:00+00:00,0.0001,0.0001
2021-10-02 00:00:00+00:00,5.277e-05,0.0001
2021-10-02 08:00:00.002000+00:00,3.519e-05,0.0001
2021-10-02 16:00:00.011000+00:00,5.938e-05,0.0001
2021-10-03 00:00:00.019000+00:00,0.0001,0.0001
2021-10-03 08:00:00.011000+00:00,0.0001,0.0001
2021-10-03 16:00:00.004000+00:00,0.0001,0.0001
2021-10-04 00:00:00.004000+00:00,0.0001,0.0001
2021-10-04 08:00:00+00:00,0.0001,0.0001
2021-10-04 16:00:00+00:00,0.0001,0.0001
2021-10-05 00:00:00.007000+00:00,0.0001,0.0001
2021-10-05 08:00:00.007000+00:00,-2.427e-05,0.0001
2021-10-05 16:00:00.004000+00:00,1.61e-06,0.00011849
2021-10-06 00:00:00.002000+00:00,0.0001,0.00032276
2021-10-06 08:00:00+00:00,0.0001,0.0004101
2021-10-06 16:00:00.003000+00:00,0.0001,0.00010653
2021-10-07 00:00:00.007000+00:00,0.0001,0.00040009
2021-10-07 08:00:00.002000+00:00,0.0002918,0.00036912
2021-10-07 16:00:00+00:00,0.00032669,0.00044623
2021-10-08 00:00:00.011000+00:00,0.00033379,0.00020717
2021-10-08 08:00:00.003000+00:00,0.00023355,0.00021534
2021-10-08 16:00:00.002000+00:00,0.00013417,0.00010759
2021-10-09 00:00:00.006000+00:00,0.0001,0.00020149
2021-10-09 08:00:00.003000+00:00,0.0001,0.0001
2021-10-09 16:00:00+00:00,0.00015717,0.00038839
2021-10-10 00:00:00+00:00,0.0001,0.0002851
2021-10-10 08:00:00.008000+00:00,0.00020906,0.00052509
2021-10-10 16:00:00+00:00,0.0001,0.00030808
2021-10-11 00:00:00.002000+00:00,0.0001,0.0001
2021-10-11 08:00:00.001000+00:00,0.0001,0.00011273
2021-10-11 16:00:00.006000+00:00,0.0001,0.00029944
2021-10-12 00:00:00.008000+00:00,0.0001,0.0001
2021-10-12 08:00:00.013000+00:00,0.0001,0.0001
2021-10-12 16:00:00.003000+00:00,0.0001,0.0001
2021-10-13 00:00:00.003000+00:00,0.0001,0.0001
2021-10-13 08:00:00.015000+00:00,0.0001,0.0001
2021-10-13 16:00:00+00:00,0.0001,0.0001
2021-10-14 00:00:00.011000+00:00,0.0001,0.0001
2021-10-14 08:00:00.017000+00:00,0.00022797,0.00016917
2021-10-14 16:00:00+00:00,0.00017282,0.00025417
2021-10-15 00:00:00.005000+00:00,0.0001,0.0002448
2021-10-15 08:00:00.002000+00:00,0.00036685,0.0001
2021-10-15 16:00:00.005000+00:00,0.0001,0.0001
2021-10-16 00:00:00.009000+00:00,0.00048084,0.0001
2021-10-16 08:00:00+00:00,0.00027876,0.00034779
2021-10-16 16:00:00.003000+00:00,0.00043303,0.00023732
2021-10-17 00:00:00.001000+00:00,0.00031281,0.00032388
2021-10-17 08:00:00.002000+00:00,0.00040131,0.00017979
2021-10-17 16:00:00.002000+00:00,0.0004425,0.00045211
2021-10-18 00:00:00.006000+00:00,0.00038415,0.0001
2021-10-18 08:00:00.004000+00:00,0.00022227,0.00023752
2021-10-18 16:00:00.001000+00:00,0.0001,0.00018197
2021-10-19 00:00:00.002000+00:00,0.0001,0.00031947
2021-10-19 08:00:00+00:00,0.00014974,0.00028792
2021-10-19 16:00:00+00:00,0.0001,0.00020799
2021-10-20 00:00:00.017000+00:00,0.0001,0.00023648
2021-10-20 08:00:00.004000+00:00,0.0001,0.00014874
2021-10-20 16:00:00.020000+00:00,0.00063237,0.00013881
2021-10-21 00:00:00+00:00,0.00068927,0.00019697
2021-10-21 08:00:00+00:00,0.00057124,0.00056063
2021-10-21 16:00:00.008000+00:00,0.00062183,0.00051729
2021-10-22 00:00:00.005000+00:00,0.00033487,0.0001
2021-10-22 08:00:00.005000+00:00,0.00024509,0.0003116
2021-10-22 16:00:00.018000+00:00,0.00033222,0.00041034
2021-10-23 00:00:00.005000+00:00,0.00026183,0.00053716
2021-10-23 08:00:00.001000+00:00,0.00014854,0.00026164
2021-10-23 16:00:00.004000+00:00,0.0001739,0.00041495
2021-10-24 00:00:00.006000+00:00,0.00030335,0.00039863
2021-10-24 08:00:00.012000+00:00,0.00037238,0.00081955
2021-10-24 16:00:00.001000+00:00,0.00032862,0.00074679
2021-10-25 00:00:00.012000+00:00,0.00048777,0.00034564
2021-10-25 08:00:00.002000+00:00,0.00020028,0.00031844
2021-10-25 16:00:00.022000+00:00,0.00017861,0.00025157
2021-10-26 00:00:00.005000+00:00,0.00040992,0.00043842
2021-10-26 08:00:00.016000+00:00,0.00060638,0.00056465
2021-10-26 16:00:00+00:00,0.00055995,0.00053961
2021-10-27 00:00:00.004000+00:00,0.00033175,0.00031408
2021-10-27 08:00:00+00:00,0.00030309,0.00054673
2021-10-27 16:00:00.002000+00:00,0.00023017,0.0001
2021-10-28 00:00:00.002000+00:00,0.00015574,0.0001
2021-10-28 08:00:00+00:00,0.0001,0.0001
2021-10-28 16:00:00.005000+00:00,0.00013782,0.0001
2021-10-29 00:00:00+00:00,0.0002352,0.0001
2021-10-29 08:00:00.007000+00:00,0.00024122,0.0001
2021-10-29 16:00:00.001000+00:00,0.00017968,0.0001
2021-10-30 00:00:00+00:00,0.00016972,0.0001
2021-10-30 08:00:00.001000+00:00,0.00038483,0.00010269
2021-10-30 16:00:00.013000+00:00,0.00023181,0.0001
2021-10-31 00:00:00.008000+00:00,0.00019088,0.0001
2021-10-31 08:00:00.010000+00:00,0.00048915,0.00027856
2021-10-31 16:00:00.001000+00:00,0.00043874,0.0001
2021-11-01 00:00:00.009000+00:00,0.00032554,0.00021406
2021-11-01 08:00:00.014000+00:00,0.00031437,0.0001
2021-11-01 16:00:00.001000+00:00,0.00056812,0.00047033
2021-11-02 00:00:00+00:00,0.00015524,0.00021978
2021-11-02 08:00:00.007000+00:00,0.00033216,0.00043741
2021-11-02 16:00:00.010000+00:00,0.00047797,0.00044948
2021-11-03 00:00:00.019000+00:00,0.0008207,0.00057713
2021-11-03 08:00:00+00:00,0.00043965,0.00031299
2021-11-03 16:00:00.005000+00:00,0.00031399,0.0001
2021-11-04 00:00:00.006000+00:00,0.00045987,0.0001
2021-11-04 08:00:00.004000+00:00,0.0005075,0.0001
2021-11-04 16:00:00.004000+00:00,0.00046368,0.0001
2021-11-05 00:00:00+00:00,0.00018372,0.0001
2021-11-05 08:00:00.013000+00:00,0.00018568,0.0001
2021-11-05 16:00:00.016000+00:00,0.00041167,0.00039814
2021-11-06 00:00:00.010000+00:00,0.00053155,0.0001
2021-11-06 08:00:00+00:00,0.00045326,0.0001
2021-11-06 16:00:00.007000+00:00,0.00037687,0.0001
2021-11-07 00:00:00.013000+00:00,0.00017244,0.0001
2021-11-07 08:00:00.005000+00:00,0.00036277,0.0001
2021-11-07 16:00:00.004000+00:00,0.00037438,0.0001
2021-11-08 00:00:00.001000+00:00,0.00025861,0.00016311
2021-11-08 08:00:00+00:00,0.00049328,0.00065061
2021-11-08 16:00:00+00:00,0.0004876,0.00072728
2021-11-09 00:00:00+00:00,0.00038683,0.00030837
2021-11-09 08:00:00.014000+00:00,0.00039251,0.00031759
2021-11-09 16:00:00.001000+00:00,0.00067839,0.00040583
2021-11-10 00:00:00+00:00,0.00037679,0.00042121
2021-11-10 08:00:00.003000+00:00,0.00068212,0.00032577
2021-11-10 16:00:00.001000+00:00,0.00057535,0.00043648
2021-11-11 00:00:00.008000+00:00,0.00023211,0.0001
2021-11-11 08:00:00.012000+00:00,0.0001,0.0001
2021-11-11 16:00:00.007000+00:00,0.00021812,0.00025837
2021-11-12 00:00:00+00:00,0.00018008,0.0001
2021-11-12 08:00:00+00:00,0.00035543,0.0001
2021-11-12 16:00:00.004000+00:00,0.00036867,0.0001
2021-11-13 00:00:00+00:00,0.00015442,0.0001
2021-11-13 08:00:00.004000+00:00,0.00031732,0.00022258
2021-11-13 16:00:00.006000+00:00,0.00021842,0.0001
2021-11-14 00:00:00.010000+00:00,0.00013962,0.0001
2021-11-14 08:00:00.001000+00:00,0.0001,0.0001
2021-11-14 16:00:00+00:00,0.00013059,0.0001
2021-11-15 00:00:00.008000+00:00,0.00016126,0.0001
2021-11-15 08:00:00+00:00,0.00020745,0.00010613
2021-11-15 16:00:00+00:00,0.00040989,0.0001
2021-11-16 00:00:00+00:00,0.00035998,0.0001
2021-11-16 08:00:00.001000+00:00,0.0001,0.0001
2021-11-16 16:00:00.018000+00:00,0.0001,0.0001
2021-11-17 00:00:00.005000+00:00,0.0001,0.0001
2021-11-17 08:00:00.007000+00:00,0.00013155,0.0001
2021-11-17 16:00:00.003000+00:00,0.0001,0.0001
2021-11-18 00:00:00.017000+00:00,0.0001,0.0001
2021-11-18 08:00:00.007000+00:00,0.0001,0.0001
2021-11-18 16:00:00.011000+00:00,0.00011235,0.0001
2021-11-19 00:00:00+00:00,0.0001,0.0001
2021-11-19 08:00:00+00:00,0.0001,0.0001
2021-11-19 16:00:00.005000+00:00,0.0001,0.0001
2021-11-20 00:00:00.012000+00:00,0.0001,0.0001
2021-11-20 08:00:00+00:00,0.0001,0.0001
2021-11-20 16:00:00.007000+00:00,0.0001,0.0001
2021-11-21 00:00:00+00:00,0.0001,0.0001
2021-11-21 08:00:00.006000+00:00,0.0001,0.0001
2021-11-21 16:00:00+00:00,0.0001,0.00015518
2021-11-22 00:00:00.004000+00:00,0.0001,0.0001
2021-11-22 08:00:00+00:00,0.0001,0.0001
2021-11-22 16:00:00+00:00,0.0001,0.0001
2021-11-23 00:00:00.004000+00:00,0.0001,0.0001
2021-11-23 08:00:00.010000+00:00,0.00012897,0.0001
2021-11-23 16:00:00.005000+00:00,0.0001,0.0001
2021-11-24 00:00:00.001000+00:00,0.0001,0.0001
2021-11-24 08:00:00.003000+00:00,0.0001,0.0001
2021-11-24 16:00:00.010000+00:00,0.0001201,0.0001
2021-11-25 00:00:00+00:00,0.00014549,0.0001
2021-11-25 08:00:00.010000+00:00,0.00016775,0.00040662
2021-11-25 16:00:00+00:00,0.00011888,0.0001
2021-11-26 00:00:00+00:00,0.00013863,0.00028435
2021-11-26 08:00:00+00:00,0.00033741,0.0003784
2021-11-26 16:00:00.016000+00:00,0.0001,0.0001
2021-11-27 00:00:00.005000+00:00,0.00010824,0.0001
2021-11-27 08:00:00.008000+00:00,0.0001,0.0001
2021-11-27 16:00:00.007000+00:00,0.0001,0.0001
2021-11-28 00:00:00.018000+00:00,0.0001,0.0001
2021-11-28 08:00:00+00:00,0.0001,0.0001
2021-11-28 16:00:00.004000+00:00,0.0001,0.0001
2021-11-29 00:00:00.002000+00:00,0.0001,0.0001
2021-11-29 08:00:00.004000+00:00,0.0001,0.0001
2021-11-29 16:00:00+00:00,0.00020774,0.0001
2021-11-30 00:00:00+00:00,0.0002781,0.0001
2021-11-30 08:00:00.006000+00:00,0.0001,0.0001
2021-11-30 16:00:00+00:00,0.0001,0.0001
2021-12-01 00:00:00+00:00,0.00012689,0.0001
2021-12-01 08:00:00+00:00,0.00029146,0.0001
2021-12-01 16:00:00.001000+00:00,0.0001,0.0001
2021-12-02 00:00:00+00:00,0.00015951,0.0001
2021-12-02 08:00:00.007000+00:00,0.0001,0.0001
2021-12-02 16:00:00.008000+00:00,0.0001,0.0001
2021-12-03 00:00:00.004000+00:00,0.0001,0.0001
2021-12-03 08:00:00.002000+00:00,0.00011686,0.0001
2021-12-03 16:00:00.006000+00:00,0.00027198,0.0001
2021-12-04 00:00:00.006000+00:00,0.0001,0.0001
2021-12-04 08:00:00.004000+00:00,6.285e-05,-0.00010538
2021-12-04 16:00:00+00:00,2.893e-05,0.0001
2021-12-05 00:00:00.003000+00:00,8.272e-05,0.0001
2021-12-05 08:00:00.008000+00:00,9.001e-05,0.0001
2021-12-05 16:00:00.007000+00:00,0.0001,0.0001
2021-12-06 00:00:00.009000+00:00,0.0001,0.0001
2021-12-06 08:00:00.001000+00:00,0.0001,0.0001
2021-12-06 16:00:00+00:00,0.0001,0.0001
2021-12-07 00:00:00.018000+00:00,0.0001,0.0001
2021-12-07 08:00:00+00:00,3.977e-05,-2.874e-05
2021-12-07 16:00:00+00:00,0.0001,0.0001
2021-12-08 00:00:00+00:00,0.0001,0.0001
2021-12-08 08:00:00.018000+00:00,0.0001,0.0001
2021-12-08 16:00:00.010000+00:00,0.0001,0.0001
2021-12-09 00:00:00.010000+00:00,0.0001,0.0001
2021-12-09 08:00:00+00:00,0.0001,0.0001
2021-12-09 16:00:00+00:00,0.0001,0.0001
2021-12-10 00:00:00+00:00,0.0001,0.0001
2021-12-10 08:00:00.008000+00:00,0.0001,0.0001
2021-12-10 16:00:00.012000+00:00,0.0001,0.0001
2021-12-11 00:00:00.009000+00:00,0.0001,0.0001
2021-12-11 08:00:00.008000+00:00,0.0001,0.0001
2021-12-11 16:00:00+00:00,0.0001,0.0001
2021-12-12 00:00:00.001000+00:00,0.0001,0.0001
2021-12-12 08:00:00.015000+00:00,0.0001,0.0001
2021-12-12 16:00:00.011000+00:00,0.0001,0.0001
2021-12-13 00:00:00.006000+00:00,0.0001,0.0001
2021-12-13 08:00:00.019000+00:00,0.0001,0.0001
2021-12-13 16:00:00+00:00,0.0001,0.0001
2021-12-14 00:00:00.004000+00:00,-4.93e-06,-0.00012513
2021-12-14 08:00:00+00:00,0.0001,0.0001
2021-12-14 16:00:00.015000+00:00,8.838e-05,0.0001
2021-12-15 00:00:00+00:00,0.0001,0.0001
2021-12-15 08:00:00.008000+00:00,0.0001,0.0001
2021-12-15 16:00:00.005000+00:00,0.0001,0.0001
2021-12-16 00:00:00.006000+00:00,0.0001,0.0001
2021-12-16 08:00:00.009000+00:00,0.0001,0.0001
2021-12-16 16:00:00+00:00,0.0001,7.386e-05
2021-12-17 00:00:00+00:00,0.0001,0.0001
2021-12-17 08:00:00.005000+00:00,0.0001,0.0001
2021-12-17 16:00:00.006000+00:00,4.678e-05,0.0001
2021-12-18 00:00:00.014000+00:00,9.119e-05,0.0001
2021-12-18 08:00:00.012000+00:00,9.221e-05,0.0001
2021-12-18 16:00:00+00:00,8.402e-05,0.0001
2021-12-19 00:00:00.031000+00:00,7.08e-05,0.0001
2021-12-19 08:00:00+00:00,0.0001,0.0001
2021-12-19 16:00:00.003000+00:00,0.0001,0.0001
2021-12-20 00:00:00.015000+00:00,0.0001,0.0001
2021-12-20 08:00:00.007000+00:00,0.0001,0.0001
2021-12-20 16:00:00.005000+00:00,0.0001,0.0001
2021-12-21 00:00:00.003000+00:00,9.184e-05,0.0001
2021-12-21 08:00:00.012000+00:00,0.0001,0.0001
2021-12-21 16:00:00.005000+00:00,0.0001,0.0001
2021-12-22 00:00:00+00:00,0.0001,0.0001
2021-12-22 08:00:00.001000+00:00,0.0001,0.0001
2021-12-22 16:00:00.006000+00:00,0.0001,0.0001
2021-12-23 00:00:00.011000+00:00,9.72e-05,0.0001
2021-12-23 08:00:00+00:00,0.0001,0.0001
2021-12-23 16:00:00+00:00,4.018e-05,0.0001
2021-12-24 00:00:00.005000+00:00,0.0001,0.0001
2021-12-24 08:00:00+00:00,0.0001,0.0001
2021-12-24 16:00:00.011000+00:00,0.0001,0.0001
2021-12-25 00:00:00+00:00,0.0001,0.0001
2021-12-25 08:00:00.001000+00:00,0.0001,0.0001
2021-12-25 16:00:00.005000+00:00,0.0001,0.0001
2021-12-26 00:00:00.004000+00:00,0.0001,0.0001
2021-12-26 08:00:00.002000+00:00,0.0001,0.0001
2021-12-26 16:00:00+00:00,0.0001,0.0001
2021-12-27 00:00:00.002000+00:00,0.0001,0.0001
2021-12-27 08:00:00.005000+00:00,0.0001,0.0001
2021-12-27 16:00:00+00:00,0.0001,0.0001
2021-12-28 00:00:00+00:00,0.0001,0.0001
2021-12-28 08:00:00.012000+00:00,0.0001,0.0001
2021-12-28 16:00:00+00:00,0.0001,0.0001
2021-12-29 00:00:00.006000+00:00,0.0001,0.0001
2021-12-29 08:00:00.003000+00:00,0.0001,0.0001
2021-12-29 16:00:00.004000+00:00,0.0001,0.0001
2021-12-30 00:00:00.003000+00:00,0.0001,0.0001
2021-12-30 08:00:00.001000+00:00,0.0001,0.0001
2021-12-30 16:00:00.017000+00:00,0.0001,0.0001
2021-12-31 00:00:00.006000+00:00,-3.102e-05,0.0001
2021-12-31 08:00:00.009000+00:00,0.0001,0.0001
2021-12-31 16:00:00+00:00,0.0001,0.0001
2022-01-01 00:00:00.006000+00:00,0.0001,0.0001
2022-01-01 08:00:00.009000+00:00,0.0001,0.0001
2022-01-01 16:00:00+00:00,0.0001,0.0001
2022-01-02 00:00:00.028000+00:00,0.0001,0.0001
2022-01-02 08:00:00+00:00,0.0001,0.0001
2022-01-02 16:00:00+00:00,0.0001,0.0001
2022-01-03 00:00:00.010000+00:00,0.0001,0.0001
2022-01-03 08:00:00.013000+00:00,0.0001,0.0001
2022-01-03 16:00:00.018000+00:00,0.0001,0.0001
2022-01-04 00:00:00+00:00,0.0001,0.0001
2022-01-04 08:00:00.010000+00:00,0.0001,0.0001
2022-01-04 16:00:00.002000+00:00,0.0001,0.0001
2022-01-05 00:00:00.001000+00:00,0.0001,0.0001
2022-01-05 08:00:00.017000+00:00,0.0001,0.0001
2022-01-05 16:00:00+00:00,0.0001,0.0001
2022-01-06 00:00:00.002000+00:00,0.0001,0.0001
2022-01-06 08:00:00.021000+00:00,0.0001,0.0001
2022-01-06 16:00:00.006000+00:00,0.0001,0.0001
2022-01-07 00:00:00.005000+00:00,0.0001,0.0001
2022-01-07 08:00:00+00:00,0.0001,0.0001
2022-01-07 16:00:00.001000+00:00,0.0001,0.0001
2022-01-08 00:00:00.014000+00:00,0.0001,0.0001
2022-01-08 08:00:00.013000+00:00,0.0001,0.0001
2022-01-08 16:00:00+00:00,0.0001,0.0001
2022-01-09 00:00:00.003000+00:00,0.0001,0.0001
2022-01-09 08:00:00+00:00,0.0001,0.0001
2022-01-09 16:00:00+00:00,0.0001,0.0001
2022-01-10 00:00:00+00:00,0.0001,0.0001
2022-01-10 08:00:00.010000+00:00,4.522e-05,0.0001
2022-01-10 16:00:00.007000+00:00,0.0001,0.0001
2022-01-11 00:00:00.013000+00:00,0.0001,0.0001
2022-01-11 08:00:00.004000+00:00,7.394e-05,0.0001
2022-01-11 16:00:00+00:00,0.0001,0.0001
2022-01-12 00:00:00.012000+00:00,-4.772e-05,0.0001
2022-01-12 08:00:00.015000+00:00,9.625e-05,0.0001
2022-01-12 16:00:00+00:00,-5.342e-05,0.0001
2022-01-13 00:00:00.007000+00:00,-7.506e-05,0.0001
2022-01-13 08:00:00+00:00,0.0001,0.0001
2022-01-13 16:00:00.014000+00:00,-6.081e-05,0.0001
2022-01-14 00:00:00+00:00,5.92e-06,0.0001
2022-01-14 08:00:00.006000+00:00,-9.17e-05,0.0001
2022-01-14 16:00:00.014000+00:00,-6.655e-05,0.0001
2022-01-15 00:00:00+00:00,2.282e-05,0.0001
2022-01-15 08:00:00.002000+00:00,0.0001,0.0001
2022-01-15 16:00:00+00:00,2.661e-05,0.0001
2022-01-16 00:00:00+00:00,9.07e-05,0.0001
2022-01-16 08:00:00.017000+00:00,-2.33e-05,0.0001
2022-01-16 16:00:00.011000+00:00,3.62e-05,0.0001
2022-01-17 00:00:00.005000+00:00,1.751e-05,0.0001
2022-01-17 08:00:00.006000+00:00,6.647e-05,0.0001
2022-01-17 16:00:00.012000+00:00,0.0001,0.0001
2022-01-18 00:00:00.020000+00:00,0.0001,0.0001
2022-01-18 08:00:00+00:00,9.998e-05,0.0001
2022-01-18 16:00:00.013000+00:00,0.0001,0.0001
2022-01-19 00:00:00.001000+00:00,4.973e-05,0.0001
2022-01-19 08:00:00+00:00,0.0001,0.0001
2022-01-19 16:00:00+00:00,0.0001,0.0001
2022-01-20 00:00:00.015000+00:00,0.0001,0.0001
2022-01-20 08:00:00+00:00,0.0001,0.0001
2022-01-20 16:00:00+00:00,0.0001,0.0001
2022-01-21 00:00:00.007000+00:00,0.0001,0.0001
2022-01-21 08:00:00.015000+00:00,4.523e-05,0.0001
2022-01-21 16:00:00+00:00,8.226e-05,4.765e-05
2022-01-22 00:00:00.017000+00:00,-1.051e-05,0.0001
2022-01-22 08:00:00.003000+00:00,4.122e-05,0.0001
2022-01-22 16:00:00.021000+00:00,0.0001,-2.909e-05
2022-01-23 00:00:00.026000+00:00,0.0001,-0.00024156
2022-01-23 08:00:00.010000+00:00,-1.256e-05,-0.00014168
2022-01-23 16:00:00.009000+00:00,-1.573e-05,-0.00013112
2022-01-24 00:00:00.010000+00:00,3.48e-05,-3.338e-05
2022-01-24 08:00:00+00:00,5.605e-05,-0.00021201
2022-01-24 16:00:00.021000+00:00,5.009e-05,0.0001
2022-01-25 00:00:00+00:00,0.0001,-0.0001253
2022-01-25 08:00:00+00:00,8.126e-05,-7.29e-06
2022-01-25 16:00:00.012000+00:00,-0.00010008,-0.00011904
2022-01-26 00:00:00+00:00,6.76e-06,-0.00012652
2022-01-26 08:00:00.001000+00:00,-1.905e-05,-0.00017698
2022-01-26 16:00:00.005000+00:00,-4.13e-05,-0.00014955
2022-01-27 00:00:00.004000+00:00,-4.869e-05,-0.00028709
2022-01-27 08:00:00.004000+00:00,-0.00010186,-0.00012589
2022-01-27 16:00:00.019000+00:00,-7.554e-05,-0.00011855
2022-01-28 00:00:00+00:00,-4.93e-06,-7.83e-05
2022-01-28 08:00:00+00:00,7.165e-05,-0.00012491
2022-01-28 16:00:00.025000+00:00,2.88e-05,-0.00022188
2022-01-29 00:00:00.017000+00:00,-1.093e-05,3.439e-05
2022-01-29 08:00:00+00:00,5.239e-05,5.37e-06
2022-01-29 16:00:00.013000+00:00,-3.029e-05,-1.329e-05
2022-01-30 00:00:00.025000+00:00,6.05e-05,-0.0001674
2022-01-30 08:00:00.009000+00:00,9.126e-05,-5.62e-06
2022-01-30 16:00:00+00:00,0.0001,-7.703e-05
2022-01-31 00:00:00+00:00,8.927e-05,-0.00026589
2022-01-31 08:00:00+00:00,-7.369e-05,-0.0001549
2022-01-31 16:00:00+00:00,-5.648e-05,4.16e-06
2022-02-01 00:00:00.010000+00:00,-4e-05,2.229e-05
2022-02-01 08:00:00+00:00,6.113e-05,6.873e-05
2022-02-01 16:00:00.004000+00:00,-6.256e-05,-0.00019965
2022-02-02 00:00:00.004000+00:00,-2.905e-05,-0.00011165
2022-02-02 08:00:00+00:00,0.0001,-3.736e-05
2022-02-02 16:00:00.002000+00:00,2.553e-05,3.5e-05
2022-02-03 00:00:00.002000+00:00,-7.716e-05,-5.362e-05
2022-02-03 08:00:00+00:00,1.168e-05,2.861e-05
2022-02-03 16:00:00+00:00,-1.533e-05,-5.058e-05
2022-02-04 00:00:00.018000+00:00,1.462e-05,-0.00033718
2022-02-04 08:00:00.005000+00:00,-8.571e-05,-2.657e-05
2022-02-04 16:00:00.010000+00:00,0.0001,0.0001
2022-02-05 00:00:00.014000+00:00,7.457e-05,6.989e-05
2022-02-05 08:00:00+00:00,0.0001,8.29e-05
2022-02-05 16:00:00+00:00,0.0001,0.0001
2022-02-06 00:00:00+00:00,0.0001,3.195e-05
2022-02-06 08:00:00+00:00,0.0001,0.0001
2022-02-06 16:00:00+00:00,0.0001,0.0001
2022-02-07 00:00:00.003000+00:00,1.477e-05,0.0001
2022-02-07 08:00:00.014000+00:00,5.264e-05,4.586e-05
2022-02-07 16:00:00.003000+00:00,-9.617e-05,-9.025e-05
2022-02-08 00:00:00.001000+00:00,0.0001,-0.00025025
2022-02-08 08:00:00.003000+00:00,0.0001,-0.00025785
2022-02-08 16:00:00.002000+00:00,0.0001,0.0001
2022-02-09 00:00:00+00:00,8.216e-05,-0.0001339
2022-02-09 08:00:00.005000+00:00,5.826e-05,2.718e-05
2022-02-09 16:00:00.001000+00:00,5.12e-05,9.188e-05
2022-02-10 00:00:00.012000+00:00,0.0001,3.246e-05
2022-02-10 08:00:00+00:00,-1.799e-05,-9.518e-05
2022-02-10 16:00:00.006000+00:00,0.0001,-0.00019747
2022-02-11 00:00:00+00:00,3.895e-05,-0.00018494
2022-02-11 08:00:00.009000+00:00,-5.238e-05,0.0001
2022-02-11 16:00:00.015000+00:00,-7.643e-05,-9.482e-05
2022-02-12 00:00:00.020000+00:00,0.0001,-2.587e-05
2022-02-12 08:00:00.001000+00:00,0.0001,-2.009e-05
2022-02-12 16:00:00.007000+00:00,0.0001,-7.354e-05
2022-02-13 00:00:00.022000+00:00,8.047e-05,-0.00028416
2022-02-13 08:00:00.001000+00:00,7.937e-05,-0.00016471
2022-02-13 16:00:00.007000+00:00,6.814e-05,-0.00019993
2022-02-14 00:00:00.005000+00:00,9.717e-05,-0.00019975
2022-02-14 08:00:00.013000+00:00,2.867e-05,8.372e-05
2022-02-14 16:00:00.019000+00:00,6.445e-05,1.073e-05
2022-02-15 00:00:00.012000+00:00,0.0001,-3.803e-05
2022-02-15 08:00:00.005000+00:00,-7.76e-05,3.362e-05
2022-02-15 16:00:00.011000+00:00,5.462e-05,-7.138e-05
2022-02-16 00:00:00.009000+00:00,0.0001,0.0001
2022-02-16 08:00:00.001000+00:00,0.0001,8.325e-05
2022-02-16 16:00:00.014000+00:00,0.0001,0.0001
2022-02-17 00:00:00.018000+00:00,0.0001,0.0001
2022-02-17 08:00:00+00:00,0.0001,7.98e-06
2022-02-17 16:00:00.010000+00:00,0.0001,0.0001
2022-02-18 00:00:00+00:00,-4.38e-06,-0.00010135
2022-02-18 08:00:00.002000+00:00,-2.923e-05,8.49e-06
2022-02-18 16:00:00+00:00,-9.36e-06,9.853e-05
2022-02-19 00:00:00.007000+00:00,0.0001,-5.937e-05
2022-02-19 08:00:00+00:00,9.61e-06,1.521e-05
2022-02-19 16:00:00.023000+00:00,7.71e-05,0.0001
2022-02-20 00:00:00.001000+00:00,3.023e-05,0.0001
2022-02-20 08:00:00.003000+00:00,6.581e-05,-8.936e-05
2022-02-20 16:00:00.001000+00:00,-7.517e-05,0.0001
2022-02-21 00:00:00+00:00,6.5e-05,4.623e-05
2022-02-21 08:00:00.001000+00:00,-4.498e-05,-1.3e-07
2022-02-21 16:00:00.005000+00:00,-3.473e-05,-0.00012328
2022-02-22 00:00:00.005000+00:00,-5.357e-05,-0.00023825
2022-02-22 08:00:00+00:00,2.477e-05,-0.00023126
2022-02-22 16:00:00+00:00,-3.085e-05,-0.00025532
2022-02-23 00:00:00.002000+00:00,-2.623e-05,-0.00010827
2022-02-23 08:00:00.005000+00:00,-0.00012603,-0.00023449
2022-02-23 16:00:00.010000+00:00,-3.332e-05,7.735e-05
2022-02-24 00:00:00.008000+00:00,6.475e-05,3.882e-05
2022-02-24 08:00:00.003000+00:00,-0.00016045,0.0001
2022-02-24 16:00:00.001000+00:00,-9.21e-05,0.0001
2022-02-25 00:00:00+00:00,0.0001,0.0001
2022-02-25 08:00:00.006000+00:00,6.22e-05,0.0001
2022-02-25 16:00:00.001000+00:00,9.98e-06,9.4e-06
2022-02-26 00:00:00.004000+00:00,9.332e-05,-4.116e-05
2022-02-26 08:00:00.004000+00:00,0.0001,1.092e-05
2022-02-26 16:00:00.007000+00:00,7.614e-05,-7.933e-05
2022-02-27 00:00:00.012000+00:00,5.574e-05,1.93e-05
2022-02-27 08:00:00+00:00,1.803e-05,-0.00013711
2022-02-27 16:00:00+00:00,-6.28e-06,3.243e-05
2022-02-28 00:00:00+00:00,-0.00021167,-9.949e-05
2022-02-28 08:00:00.001000+00:00,-8.986e-05,-2.105e-05
2022-02-28 16:00:00.002000+00:00,-5.386e-05,0.0001
2022-03-01 00:00:00.002000+00:00,0.0001,0.0001
2022-03-01 08:00:00.001000+00:00,0.0001,0.0001
2022-03-01 16:00:00+00:00,4.369e-05,0.0001
2022-03-02 00:00:00+00:00,-5.07e-06,0.0001
2022-03-02 08:00:00+00:00,0.0001,0.0001
2022-03-02 16:00:00.002000+00:00,0.0001,0.0001
2022-03-03 00:00:00+00:00,0.0001,0.0001
2022-03-03 08:00:00+00:00,0.0001,0.0001
2022-03-03 16:00:00.005000+00:00,0.0001,0.0001
2022-03-04 00:00:00.018000+00:00,0.0001,0.0001
2022-03-04 08:00:00+00:00,0.0001,5.32e-05
2022-03-04 16:00:00+00:00,0.0001,6.822e-05
2022-03-05 00:00:00.006000+00:00,0.0001,0.0001
2022-03-05 08:00:00.004000+00:00,0.0001,-5.695e-05
2022-03-05 16:00:00+00:00,1.656e-05,-7.34e-06
2022-03-06 00:00:00.004000+00:00,4.115e-05,3.146e-05
2022-03-06 08:00:00+00:00,-9.6e-06,0.0001
2022-03-06 16:00:00.013000+00:00,1.957e-05,6.764e-05
2022-03-07 00:00:00.008000+00:00,3.18e-06,-4.323e-05
2022-03-07 08:00:00.006000+00:00,-8.983e-05,-4.775e-05
2022-03-07 16:00:00+00:00,-3.177e-05,6.7e-07
2022-03-08 00:00:00.008000+00:00,3.378e-05,2.814e-05
2022-03-08 08:00:00.002000+00:00,0.0001,0.0001
2022-03-08 16:00:00+00:00,0.0001,0.0001
2022-03-09 00:00:00.008000+00:00,6.776e-05,-5.022e-05
2022-03-09 08:00:00+00:00,0.0001,0.0001
2022-03-09 16:00:00.004000+00:00,0.0001,0.0001
2022-03-10 00:00:00+00:00,0.0001,0.0001
2022-03-10 08:00:00.017000+00:00,8.28e-05,0.0001
2022-03-10 16:00:00+00:00,-8.919e-05,-6.881e-05
2022-03-11 00:00:00.008000+00:00,-9.808e-05,-1.487e-05
2022-03-11 08:00:00+00:00,-7.765e-05,-3.858e-05
2022-03-11 16:00:00.001000+00:00,4.301e-05,7.324e-05
2022-03-12 00:00:00.010000+00:00,-3.07e-06,7.735e-05
2022-03-12 08:00:00.001000+00:00,3.168e-05,9.681e-05
2022-03-12 16:00:00.002000+00:00,-3.565e-05,9.897e-05
2022-03-13 00:00:00.008000+00:00,-5.855e-05,0.0001
2022-03-13 08:00:00+00:00,6.13e-06,0.0001
2022-03-13 16:00:00.002000+00:00,-5.741e-05,3.32e-05
2022-03-14 00:00:00.014000+00:00,-8.009e-05,0.0001
2022-03-14 08:00:00.005000+00:00,-6.699e-05,0.0001
2022-03-14 16:00:00.002000+00:00,2.708e-05,0.0001
2022-03-15 00:00:00.008000+00:00,5.726e-05,0.0001
2022-03-15 08:00:00+00:00,4.476e-05,0.0001
2022-03-15 16:00:00.006000+00:00,9.061e-05,0.0001
2022-03-16 00:00:00.013000+00:00,0.0001,0.0001
2022-03-16 08:00:00+00:00,5.871e-05,0.0001
2022-03-16 16:00:00.008000+00:00,0.0001,0.0001
2022-03-17 00:00:00.004000+00:00,0.0001,0.0001
2022-03-17 08:00:00+00:00,0.0001,0.0001
2022-03-17 16:00:00.004000+00:00,0.0001,0.0001
2022-03-18 00:00:00+00:00,0.0001,0.0001
2022-03-18 08:00:00+00:00,1.662e-05,0.0001
2022-03-18 16:00:00.017000+00:00,0.0001,0.0001
2022-03-19 00:00:00.008000+00:00,0.0001,0.0001
2022-03-19 08:00:00.015000+00:00,0.0001,0.0001
2022-03-19 16:00:00+00:00,0.0001,0.0001
2022-03-20 00:00:00+00:00,0.0001,0.0001
2022-03-20 08:00:00.001000+00:00,0.0001,0.0001
2022-03-20 16:00:00.002000+00:00,0.0001,0.0001
2022-03-21 00:00:00.013000+00:00,0.0001,0.0001
2022-03-21 08:00:00.004000+00:00,-9.54e-06,6.183e-05
2022-03-21 16:00:00.010000+00:00,-9.3e-07,4.368e-05
2022-03-22 00:00:00.012000+00:00,0.0001,0.0001
2022-03-22 08:00:00.001000+00:00,0.0001,0.0001
2022-03-22 16:00:00.022000+00:00,0.0001,0.0001
2022-03-23 00:00:00.007000+00:00,0.0001,0.0001
2022-03-23 08:00:00+00:00,0.0001,0.0001
2022-03-23 16:00:00.006000+00:00,7.014e-05,0.0001
2022-03-24 00:00:00.013000+00:00,1.664e-05,0.0001
2022-03-24 08:00:00.006000+00:00,8e-06,0.0001
2022-03-24 16:00:00.020000+00:00,-9.07e-06,0.0001
2022-03-25 00:00:00.010000+00:00,6.7e-06,0.0001
2022-03-25 08:00:00.001000+00:00,9.286e-05,0.0001
2022-03-25 16:00:00.014000+00:00,5.473e-05,0.0001
2022-03-26 00:00:00.020000+00:00,9.739e-05,0.0001
2022-03-26 08:00:00.006000+00:00,-7.111e-05,0.0001
2022-03-26 16:00:00+00:00,0.0001,0.0001
2022-03-27 00:00:00.004000+00:00,-8.253e-05,0.0001
2022-03-27 08:00:00.001000+00:00,1.306e-05,0.0001
2022-03-27 16:00:00.006000+00:00,0.0001,8.569e-05
2022-03-28 00:00:00.012000+00:00,0.0001,3.885e-05
2022-03-28 08:00:00.007000+00:00,0.0001,0.0001
2022-03-28 16:00:00+00:00,0.0001,0.0001
2022-03-29 00:00:00+00:00,0.0001,0.0001
2022-03-29 08:00:00.015000+00:00,0.0001,0.0001
2022-03-29 16:00:00+00:00,9.594e-05,0.0001
2022-03-30 00:00:00+00:00,0.0001,0.0001
2022-03-30 08:00:00.002000+00:00,0.0001,0.0001
2022-03-30 16:00:00.028000+00:00,0.0001,0.0001
2022-03-31 00:00:00.017000+00:00,0.0001,0.0001
2022-03-31 08:00:00+00:00,0.0001,0.0001
2022-03-31 16:00:00.015000+00:00,0.0001,0.0001
2022-04-01 00:00:00+00:00,0.0001,0.0001
2022-04-01 08:00:00+00:00,7.626e-05,0.0001
2022-04-01 16:00:00.018000+00:00,9.193e-05,0.0001
2022-04-02 00:00:00+00:00,0.0001,0.0001
2022-04-02 08:00:00.002000+00:00,0.0001,0.0001
2022-04-02 16:00:00.006000+00:00,0.0001,0.0001
2022-04-03 00:00:00.018000+00:00,0.0001,0.0001
2022-04-03 08:00:00.018000+00:00,0.0001,0.0001
2022-04-03 16:00:00.015000+00:00,0.0001,0.0001
2022-04-04 00:00:00.006000+00:00,0.0001,0.0001
2022-04-04 08:00:00+00:00,0.0001,0.0001
2022-04-04 16:00:00.016000+00:00,0.0001,0.0001
2022-04-05 00:00:00+00:00,0.0001,0.0001
2022-04-05 08:00:00.010000+00:00,0.0001,0.0001
2022-04-05 16:00:00.008000+00:00,0.0001,0.0001
2022-04-06 00:00:00.001000+00:00,9.898e-05,0.0001
2022-04-06 08:00:00.021000+00:00,0.0001,0.0001
2022-04-06 16:00:00+00:00,0.0001,0.0001
2022-04-07 00:00:00.009000+00:00,0.0001,0.0001
2022-04-07 08:00:00+00:00,0.0001,0.0001
2022-04-07 16:00:00+00:00,2.421e-05,-1.999e-05
2022-04-08 00:00:00+00:00,4.306e-05,0.0001
2022-04-08 08:00:00.004000+00:00,0.0001,7.141e-05
2022-04-08 16:00:00.008000+00:00,0.0001,-8.67e-06
2022-04-09 00:00:00.008000+00:00,0.0001,-2.102e-05
2022-04-09 08:00:00+00:00,9.279e-05,-0.00010071
2022-04-09 16:00:00.001000+00:00,0.0001,-4.901e-05
2022-04-10 00:00:00.004000+00:00,2.721e-05,4.621e-05
2022-04-10 08:00:00.007000+00:00,6.231e-05,-3.56e-06
2022-04-10 16:00:00.016000+00:00,0.0001,-5.867e-05
2022-04-11 00:00:00+00:00,2.43e-06,8.77e-05
2022-04-11 08:00:00+00:00,0.0001,0.0001
2022-04-11 16:00:00.009000+00:00,0.0001,0.0001
2022-04-12 00:00:00+00:00,-6.795e-05,1.234e-05
2022-04-12 08:00:00.006000+00:00,-0.00010012,-4.518e-05
2022-04-12 16:00:00.013000+00:00,-7.001e-05,-2.614e-05
2022-04-13 00:00:00.005000+00:00,-1.692e-05,3.38e-06
2022-04-13 08:00:00.008000+00:00,7.53e-06,3.3e-06
2022-04-13 16:00:00.013000+00:00,-1.485e-05,7.56e-06
2022-04-14 00:00:00.007000+00:00,5.018e-05,6.718e-05
2022-04-14 08:00:00+00:00,3.533e-05,1.928e-05
2022-04-14 16:00:00.006000+00:00,4.423e-05,2.405e-05
2022-04-15 00:00:00.008000+00:00,-0.00013233,7.477e-05
2022-04-15 08:00:00.002000+00:00,-6.805e-05,1.093e-05
2022-04-15 16:00:00+00:00,7.697e-05,3.18e-06
2022-04-16 00:00:00.011000+00:00,2.197e-05,4.42e-05
2022-04-16 08:00:00.007000+00:00,5.199e-05,2.7e-07
2022-04-16 16:00:00.007000+00:00,6.201e-05,1.9e-05
2022-04-17 00:00:00+00:00,7.2e-06,0.0001
2022-04-17 08:00:00.004000+00:00,9.838e-05,6.873e-05
2022-04-17 16:00:00+00:00,0.0001,0.0001
2022-04-18 00:00:00.008000+00:00,-3.231e-05,6.509e-05
2022-04-18 08:00:00.012000+00:00,-0.00017197,-8.104e-05
2022-04-18 16:00:00+00:00,-5.436e-05,-8.262e-05
2022-04-19 00:00:00.021000+00:00,0.0001,7.619e-05
2022-04-19 08:00:00.031000+00:00,6.251e-05,0.0001
2022-04-19 16:00:00+00:00,-5.028e-05,0.0001
2022-04-20 00:00:00.025000+00:00,9.45e-05,0.0001
2022-04-20 08:00:00.003000+00:00,9.543e-05,0.0001
2022-04-20 16:00:00+00:00,3.714e-05,0.0001
2022-04-21 00:00:00+00:00,1.77e-06,0.0001
2022-04-21 08:00:00+00:00,-5.245e-05,0.0001
2022-04-21 16:00:00.024000+00:00,5.359e-05,0.0001
2022-04-22 00:00:00.008000+00:00,3.026e-05,0.0001
2022-04-22 08:00:00.008000+00:00,-0.00016984,0.0001
2022-04-22 16:00:00.008000+00:00,-4.15e-06,4.562e-05
2022-04-23 00:00:00+00:00,-9.023e-05,0.0001
2022-04-23 08:00:00+00:00,-7.562e-05,0.0001
2022-04-23 16:00:00.012000+00:00,-0.00011883,-0.00010378
2022-04-24 00:00:00.004000+00:00,-0.00018273,-4.956e-05
2022-04-24 08:00:00.003000+00:00,-0.00015276,7.34e-06
2022-04-24 16:00:00+00:00,-3.654e-05,6.085e-05
2022-04-25 00:00:00.008000+00:00,-8.908e-05,4.967e-05
2022-04-25 08:00:00.018000+00:00,-7.844e-05,-4.545e-05
2022-04-25 16:00:00+00:00,7.223e-05,-8.571e-05
2022-04-26 00:00:00.014000+00:00,0.0001,-3.7e-06
2022-04-26 08:00:00+00:00,0.0001,8.835e-05
2022-04-26 16:00:00.017000+00:00,0.0001,-4.43e-05
2022-04-27 00:00:00.012000+00:00,-0.0001264,-9.244e-05
2022-04-27 08:00:00+00:00,-0.00011034,4.328e-05
2022-04-27 16:00:00.002000+00:00,1.968e-05,5.659e-05
2022-04-28 00:00:00+00:00,-5.716e-05,-7.066e-05
2022-04-28 08:00:00.004000+00:00,-5.544e-05,2.847e-05
2022-04-28 16:00:00.030000+00:00,0.0001,-0.00014775
2022-04-29 00:00:00+00:00,0.0001,4.822e-05
2022-04-29 08:00:00.016000+00:00,0.0001,7.776e-05
2022-04-29 16:00:00.010000+00:00,2.628e-05,3.948e-05
2022-04-30 00:00:00+00:00,-9.371e-05,4.104e-05
2022-04-30 08:00:00.005000+00:00,4.536e-05,0.0001
2022-04-30 16:00:00.015000+00:00,5.926e-05,-1.96e-06
2022-05-01 00:00:00+00:00,2.403e-05,-0.00033407
2022-05-01 08:00:00+00:00,9.5e-07,-0.0001754
2022-05-01 16:00:00.010000+00:00,0.0001,-2.366e-05
2022-05-02 00:00:00.018000+00:00,0.0001,-3.764e-05
2022-05-02 08:00:00.007000+00:00,9e-05,-7.505e-05
2022-05-02 16:00:00+00:00,0.0001,-5.79e-05
2022-05-03 00:00:00.006000+00:00,0.0001,2.527e-05
2022-05-03 08:00:00+00:00,0.0001,4.176e-05
2022-05-03 16:00:00.021000+00:00,0.0001,-6.52e-06
2022-05-04 00:00:00.007000+00:00,0.0001,-1.173e-05
2022-05-04 08:00:00.011000+00:00,2.504e-05,3.65e-06
2022-05-04 16:00:00+00:00,0.0001,-5.21e-06
2022-05-05 00:00:00.005000+00:00,0.0001,1.202e-05
2022-05-05 08:00:00.019000+00:00,0.0001,0.0001
2022-05-05 16:00:00.005000+00:00,0.0001,1.41e-05
2022-05-06 00:00:00.005000+00:00,-0.0001346,-0.00019937
2022-05-06 08:00:00.001000+00:00,-5.734e-05,2.119e-05
2022-05-06 16:00:00.010000+00:00,4.197e-05,-1.453e-05
2022-05-07 00:00:00.004000+00:00,-5.273e-05,-7.63e-06
2022-05-07 08:00:00.016000+00:00,5.998e-05,5.92e-06
2022-05-07 16:00:00.011000+00:00,7.13e-06,-6.997e-05
2022-05-08 00:00:00+00:00,-2.659e-05,-6.156e-05
2022-05-08 08:00:00.007000+00:00,0.0001,5.65e-06
2022-05-08 16:00:00.015000+00:00,0.0001,9.782e-05
2022-05-09 00:00:00+00:00,0.0001,-0.00013911
2022-05-09 08:00:00.001000+00:00,0.0001,-3.995e-05
2022-05-09 16:00:00+00:00,0.0001,-0.00013895
2022-05-10 00:00:00+00:00,0.0001,-0.00015146
2022-05-10 08:00:00.007000+00:00,0.0001,8.977e-05
2022-05-10 16:00:00.008000+00:00,0.0001,-8.877e-05
2022-05-11 00:00:00.004000+00:00,7.58e-05,-0.0003563
2022-05-11 08:00:00.007000+00:00,6.939e-05,-0.00037782
2022-05-11 16:00:00.008000+00:00,-3.512e-05,-0.00131956
2022-05-12 00:00:00.014000+00:00,-0.00018773,-0.00121558
2022-05-12 08:00:00+00:00,-0.00041995,-0.00136442
2022-05-12 16:00:00.007000+00:00,-0.00014678,-0.00132411
2022-05-13 00:00:00.014000+00:00,-7.127e-05,-0.00066663
2022-05-13 08:00:00.001000+00:00,-6.05e-06,-0.00086267
2022-05-13 16:00:00+00:00,6.045e-05,-0.00034587
2022-05-14 00:00:00+00:00,0.0001,-0.0001833
2022-05-14 08:00:00+00:00,0.0001,-0.00013604
2022-05-14 16:00:00.001000+00:00,0.0001,-0.00042046
2022-05-15 00:00:00+00:00,8.29e-05,-6.465e-05
2022-05-15 08:00:00+00:00,0.0001,-3.59e-06
2022-05-15 16:00:00+00:00,9.053e-05,-0.00013599
2022-05-16 00:00:00.021000+00:00,0.0001,-0.00012304
2022-05-16 08:00:00.013000+00:00,8.883e-05,-5.115e-05
2022-05-16 16:00:00.006000+00:00,4.94e-05,-0.00021481
2022-05-17 00:00:00+00:00,0.0001,-0.00016672
2022-05-17 08:00:00.010000+00:00,-7.1e-06,-0.00012752
2022-05-17 16:00:00.023000+00:00,4.705e-05,-4.305e-05
2022-05-18 00:00:00.003000+00:00,-6.956e-05,-7.6e-07
2022-05-18 08:00:00.024000+00:00,-5.753e-05,-6.376e-05
2022-05-18 16:00:00.014000+00:00,2.893e-05,-0.00011468
2022-05-19 00:00:00+00:00,-3.41e-06,-7.774e-05
2022-05-19 08:00:00.008000+00:00,5.624e-05,-6.592e-05
2022-05-19 16:00:00.015000+00:00,7.465e-05,5.065e-05
2022-05-20 00:00:00.001000+00:00,0.0001,3.377e-05
2022-05-20 08:00:00.003000+00:00,0.0001,-1.922e-05
2022-05-20 16:00:00.012000+00:00,0.0001,-6.114e-05
2022-05-21 00:00:00.008000+00:00,-2.02e-06,-4.397e-05
2022-05-21 08:00:00.001000+00:00,-2.146e-05,-3.735e-05
2022-05-21 16:00:00.007000+00:00,2.549e-05,-6.202e-05
2022-05-22 00:00:00.003000+00:00,2.41e-05,4.62e-06
2022-05-22 08:00:00.016000+00:00,-3.063e-05,3.055e-05
2022-05-22 16:00:00+00:00,0.0001,1.666e-05
2022-05-23 00:00:00.011000+00:00,0.0001,6.402e-05
2022-05-23 08:00:00+00:00,0.0001,0.0001
2022-05-23 16:00:00.023000+00:00,0.0001,5.049e-05
2022-05-24 00:00:00.011000+00:00,-0.00012372,-0.00012309
2022-05-24 08:00:00+00:00,-6.76e-06,-0.00011051
2022-05-24 16:00:00.009000+00:00,2.892e-05,-0.00015371
2022-05-25 00:00:00.001000+00:00,3.679e-05,6.104e-05
2022-05-25 08:00:00+00:00,0.0001,7.84e-05
2022-05-25 16:00:00.015000+00:00,0.0001,-2.86e-05
2022-05-26 00:00:00.005000+00:00,7.516e-05,0.0001
2022-05-26 08:00:00.001000+00:00,0.0001,-0.00011389
2022-05-26 16:00:00+00:00,7.21e-06,-0.00021906
2022-05-27 00:00:00.007000+00:00,0.0001,-0.00014257
2022-05-27 08:00:00.008000+00:00,0.0001,-5.33e-06
2022-05-27 16:00:00+00:00,0.0001,-1.81e-06
2022-05-28 00:00:00.018000+00:00,0.0001,7.5e-06
2022-05-28 08:00:00.016000+00:00,8.712e-05,-1.494e-05
2022-05-28 16:00:00.013000+00:00,0.0001,-1.802e-05
2022-05-29 00:00:00+00:00,0.0001,-2.49e-06
2022-05-29 08:00:00.025000+00:00,0.0001,-3.26e-06
2022-05-29 16:00:00.002000+00:00,0.0001,0.0001
2022-05-30 00:00:00+00:00,0.0001,8.839e-05
2022-05-30 08:00:00.013000+00:00,0.0001,0.0001
2022-05-30 16:00:00.005000+00:00,0.0001,0.0001
2022-05-31 00:00:00.016000+00:00,0.0001,0.0001
2022-05-31 08:00:00+00:00,0.0001,0.0001
2022-05-31 16:00:00+00:00,0.0001,0.0001
2022-06-01 00:00:00+00:00,0.0001,0.0001
2022-06-01 08:00:00.011000+00:00,0.0001,0.0001
2022-06-01 16:00:00+00:00,0.0001,0.0001
2022-06-02 00:00:00+00:00,-1.452e-05,-4.526e-05
2022-06-02 08:00:00.006000+00:00,2.265e-05,-8.497e-05
2022-06-02 16:00:00.021000+00:00,2.107e-05,-2.33e-05
2022-06-03 00:00:00.016000+00:00,-3.378e-05,6.063e-05
2022-06-03 08:00:00.016000+00:00,-1.456e-05,3.726e-05
2022-06-03 16:00:00.012000+00:00,6.937e-05,-2.772e-05
2022-06-04 00:00:00.005000+00:00,2.7e-06,6.593e-05
2022-06-04 08:00:00+00:00,4.795e-05,-7.799e-05
2022-06-04 16:00:00.007000+00:00,5.506e-05,-0.00011171
2022-06-05 00:00:00.005000+00:00,4.358e-05,-8.688e-05
2022-06-05 08:00:00.015000+00:00,2.828e-05,-9.031e-05
2022-06-05 16:00:00+00:00,4.753e-05,-4.947e-05
2022-06-06 00:00:00+00:00,6.036e-05,1.117e-05
2022-06-06 08:00:00.017000+00:00,9.656e-05,3.923e-05
2022-06-06 16:00:00+00:00,0.0001,0.0001
2022-06-07 00:00:00+00:00,0.0001,3.519e-05
2022-06-07 08:00:00.011000+00:00,-0.00010234,6.625e-05
2022-06-07 16:00:00+00:00,-3.705e-05,-0.00012704
2022-06-08 00:00:00.008000+00:00,0.0001,2.202e-05
2022-06-08 08:00:00.020000+00:00,0.0001,-5.611e-05
2022-06-08 16:00:00.012000+00:00,0.0001,-5.28e-06
2022-06-09 00:00:00+00:00,0.0001,-2.06e-05
2022-06-09 08:00:00+00:00,9.106e-05,3.94e-06
2022-06-09 16:00:00+00:00,0.0001,2.197e-05
2022-06-10 00:00:00.009000+00:00,0.0001,9.694e-05
2022-06-10 08:00:00+00:00,9.289e-05,4.696e-05
2022-06-10 16:00:00.006000+00:00,3.503e-05,-9.951e-05
2022-06-11 00:00:00.018000+00:00,1.762e-05,-9.987e-05
2022-06-11 08:00:00.014000+00:00,3.79e-06,-9.415e-05
2022-06-11 16:00:00+00:00,6.606e-05,-0.0003144
2022-06-12 00:00:00.015000+00:00,0.0001,-0.0004073
2022-06-12 08:00:00.019000+00:00,5.63e-06,-0.00024937
2022-06-12 16:00:00.010000+00:00,4.39e-06,-0.00018527
2022-06-13 00:00:00.009000+00:00,5.616e-05,-0.00018721
2022-06-13 08:00:00+00:00,-3.182e-05,-0.00035495
2022-06-13 16:00:00.007000+00:00,-5.8e-06,-0.00027264
2022-06-14 00:00:00.013000+00:00,4.088e-05,-0.00018856
2022-06-14 08:00:00.008000+00:00,-0.00010037,-0.00024766
2022-06-14 16:00:00.006000+00:00,-5.186e-05,-0.00012208
2022-06-15 00:00:00+00:00,-2.077e-05,-0.00011727
2022-06-15 08:00:00.016000+00:00,-7.24e-05,-0.00011617
2022-06-15 16:00:00.008000+00:00,-6.66e-06,2.489e-05
2022-06-16 00:00:00.009000+00:00,-4.114e-05,-9.465e-05
2022-06-16 08:00:00.016000+00:00,4.475e-05,6.463e-05
2022-06-16 16:00:00+00:00,-5.277e-05,-0.00015316
2022-06-17 00:00:00.008000+00:00,-2.222e-05,-8.995e-05
2022-06-17 08:00:00.003000+00:00,-9.486e-05,-0.00023728
2022-06-17 16:00:00+00:00,5.092e-05,-0.00020039
2022-06-18 00:00:00.020000+00:00,7.356e-05,0.0001
2022-06-18 08:00:00.025000+00:00,4.575e-05,-0.00019382
2022-06-18 16:00:00.014000+00:00,5.227e-05,-0.00015715
2022-06-19 00:00:00.012000+00:00,4.243e-05,-0.00027253
2022-06-19 08:00:00.012000+00:00,-4.559e-05,3.851e-05
2022-06-19 16:00:00.008000+00:00,7.239e-05,3.159e-05
2022-06-20 00:00:00.016000+00:00,8.73e-06,0.0001
2022-06-20 08:00:00+00:00,-5.4e-06,-7.43e-06
2022-06-20 16:00:00.013000+00:00,6.08e-05,0.0001
2022-06-21 00:00:00.012000+00:00,0.0001,1.335e-05
2022-06-21 08:00:00.018000+00:00,4.967e-05,-4.834e-05
2022-06-21 16:00:00.010000+00:00,2.028e-05,-0.0001115
2022-06-22 00:00:00+00:00,1.78e-06,-0.00018474
2022-06-22 08:00:00.001000+00:00,-2.982e-05,-2.989e-05
2022-06-22 16:00:00.012000+00:00,-1.64e-05,-7.087e-05
2022-06-23 00:00:00+00:00,-8.72e-06,-5.501e-05
2022-06-23 08:00:00+00:00,-1.577e-05,-4.23e-06
2022-06-23 16:00:00.016000+00:00,-2.656e-05,4.8e-05
2022-06-24 00:00:00.005000+00:00,6.006e-05,-3.462e-05
2022-06-24 08:00:00.004000+00:00,0.0001,-3.472e-05
2022-06-24 16:00:00.018000+00:00,0.0001,5.941e-05
2022-06-25 00:00:00.001000+00:00,2.621e-05,4.599e-05
2022-06-25 08:00:00.010000+00:00,0.0001,6.69e-06
2022-06-25 16:00:00+00:00,0.0001,4.134e-05
2022-06-26 00:00:00.002000+00:00,0.0001,0.0001
2022-06-26 08:00:00.016000+00:00,0.0001,5.422e-05
2022-06-26 16:00:00.006000+00:00,6.69e-06,2.984e-05
2022-06-27 00:00:00.008000+00:00,7.82e-05,-8.524e-05
2022-06-27 08:00:00+00:00,3.533e-05,-5.212e-05
2022-06-27 16:00:00.016000+00:00,6.102e-05,-5.794e-05
2022-06-28 00:00:00.016000+00:00,-2.586e-05,-1.66e-06
2022-06-28 08:00:00.001000+00:00,-5.613e-05,-0.00011607
2022-06-28 16:00:00.005000+00:00,2.435e-05,-0.00010439
2022-06-29 00:00:00+00:00,4.188e-05,-3.836e-05
2022-06-29 08:00:00.013000+00:00,8.335e-05,-9.36e-06
2022-06-29 16:00:00+00:00,5.319e-05,5.463e-05
2022-06-30 00:00:00+00:00,3.24e-06,-9.058e-05
2022-06-30 08:00:00+00:00,-5.159e-05,9.26e-06
2022-06-30 16:00:00+00:00,-0.00015879,-1.65e-05
2022-07-01 00:00:00.001000+00:00,-8.786e-05,-7.592e-05
2022-07-01 08:00:00.017000+00:00,3.106e-05,-0.00012661
2022-07-01 16:00:00.005000+00:00,-8.061e-05,-3.883e-05
2022-07-02 00:00:00+00:00,-2.913e-05,-8.115e-05
2022-07-02 08:00:00+00:00,5.218e-05,-6.851e-05
2022-07-02 16:00:00.008000+00:00,2.12e-05,-2.603e-05
2022-07-03 00:00:00.015000+00:00,3.57e-05,-1.291e-05
2022-07-03 08:00:00.004000+00:00,4.779e-05,1.283e-05
2022-07-03 16:00:00.005000+00:00,7.251e-05,-5.817e-05
2022-07-04 00:00:00.021000+00:00,7.792e-05,-1.79e-06
2022-07-04 08:00:00.001000+00:00,4.63e-05,-0.00014514
2022-07-04 16:00:00+00:00,2.248e-05,6.37e-06
2022-07-05 00:00:00+00:00,5.291e-05,-3.792e-05
2022-07-05 08:00:00+00:00,0.0001,-7.35e-05
2022-07-05 16:00:00.015000+00:00,1.2e-06,-4.487e-05
2022-07-06 00:00:00.006000+00:00,0.0001,6.23e-06
2022-07-06 08:00:00+00:00,0.0001,3.646e-05
2022-07-06 16:00:00+00:00,8.373e-05,4.154e-05
2022-07-07 00:00:00.010000+00:00,5.274e-05,-1.899e-05
2022-07-07 08:00:00.010000+00:00,0.0001,7.689e-05
2022-07-07 16:00:00.011000+00:00,0.0001,-4.495e-05
2022-07-08 00:00:00.008000+00:00,2.12e-06,3.905e-05
2022-07-08 08:00:00.009000+00:00,0.0001,8.517e-05
2022-07-08 16:00:00+00:00,0.0001,-0.00010229
2022-07-09 00:00:00+00:00,0.0001,6.265e-05
2022-07-09 08:00:00+00:00,0.0001,0.0001
2022-07-09 16:00:00.009000+00:00,6.143e-05,4.984e-05
2022-07-10 00:00:00.001000+00:00,9.962e-05,5.998e-05
2022-07-10 08:00:00.002000+00:00,0.0001,0.0001
2022-07-10 16:00:00.001000+00:00,0.0001,0.0001
2022-07-11 00:00:00+00:00,4.543e-05,0.0001
2022-07-11 08:00:00.003000+00:00,7.236e-05,0.0001
2022-07-11 16:00:00.001000+00:00,8.5e-05,6.141e-05
2022-07-12 00:00:00+00:00,8.003e-05,-2.61e-06
2022-07-12 08:00:00.021000+00:00,6.433e-05,-3.365e-05
2022-07-12 16:00:00+00:00,2.667e-05,8.5e-06
2022-07-13 00:00:00.012000+00:00,-1.204e-05,-6.728e-05
2022-07-13 08:00:00.022000+00:00,6.17e-06,-6.822e-05
2022-07-13 16:00:00.005000+00:00,-1.218e-05,-0.00017596
2022-07-14 00:00:00.017000+00:00,5.7e-07,1.647e-05
2022-07-14 08:00:00.001000+00:00,0.0001,0.0001
2022-07-14 16:00:00+00:00,3.451e-05,-4.3e-07
2022-07-15 00:00:00.004000+00:00,9.257e-05,0.0001
2022-07-15 08:00:00.019000+00:00,1.401e-05,0.0001
2022-07-15 16:00:00.017000+00:00,1.601e-05,2.787e-05
2022-07-16 00:00:00.021000+00:00,6.055e-05,7.745e-05
2022-07-16 08:00:00.014000+00:00,7.996e-05,0.0001
2022-07-16 16:00:00.005000+00:00,8e-06,4.828e-05
2022-07-17 00:00:00+00:00,8.038e-05,0.0001
2022-07-17 08:00:00.003000+00:00,0.0001,0.0001
2022-07-17 16:00:00.007000+00:00,8.709e-05,0.0001
2022-07-18 00:00:00.001000+00:00,0.0001,4.956e-05
2022-07-18 08:00:00.004000+00:00,0.0001,0.0001
2022-07-18 16:00:00.019000+00:00,0.0001,0.0001
2022-07-19 00:00:00+00:00,0.0001,0.0001
2022-07-19 08:00:00+00:00,0.0001,0.0001
2022-07-19 16:00:00.001000+00:00,0.0001,0.0001
2022-07-20 00:00:00.004000+00:00,0.0001,0.0001
2022-07-20 08:00:00+00:00,0.0001,0.0001
2022-07-20 16:00:00.003000+00:00,8.118e-05,0.0001
2022-07-21 00:00:00+00:00,0.0001,0.0001
2022-07-21 08:00:00.018000+00:00,0.0001,0.0001
2022-07-21 16:00:00.011000+00:00,0.0001,0.0001
2022-07-22 00:00:00.014000+00:00,0.0001,0.0001
2022-07-22 08:00:00+00:00,0.0001,0.0001
2022-07-22 16:00:00+00:00,5.172e-05,0.0001
2022-07-23 00:00:00.004000+00:00,9.043e-05,5.983e-05
2022-07-23 08:00:00.002000+00:00,1.021e-05,7.218e-05
2022-07-23 16:00:00.001000+00:00,0.0001,0.0001
2022-07-24 00:00:00+00:00,3.77e-05,1.546e-05
2022-07-24 08:00:00.011000+00:00,0.0001,0.0001
2022-07-24 16:00:00+00:00,8.293e-05,2.87e-05
2022-07-25 00:00:00+00:00,0.0001,0.0001
2022-07-25 08:00:00.014000+00:00,1.238e-05,-2.96e-05
2022-07-25 16:00:00.006000+00:00,2.319e-05,1.302e-05
2022-07-26 00:00:00.010000+00:00,0.0001,2.473e-05
2022-07-26 08:00:00+00:00,3.654e-05,4.215e-05
2022-07-26 16:00:00+00:00,8.659e-05,7.794e-05
2022-07-27 00:00:00.008000+00:00,4.591e-05,7.23e-06
2022-07-27 08:00:00+00:00,5.085e-05,6.03e-05
2022-07-27 16:00:00.003000+00:00,2.951e-05,-7.25e-06
2022-07-28 00:00:00.009000+00:00,9.229e-05,0.0001
2022-07-28 08:00:00.008000+00:00,0.0001,0.0001
2022-07-28 16:00:00.013000+00:00,0.0001,0.0001
2022-07-29 00:00:00+00:00,0.0001,0.0001
2022-07-29 08:00:00+00:00,0.0001,0.0001
2022-07-29 16:00:00+00:00,0.0001,0.0001
2022-07-30 00:00:00.005000+00:00,0.0001,0.0001
2022-07-30 08:00:00.009000+00:00,0.0001,0.0001
2022-07-30 16:00:00+00:00,0.0001,0.0001
2022-07-31 00:00:00.022000+00:00,0.0001,0.0001
2022-07-31 08:00:00.011000+00:00,0.0001,0.0001
2022-07-31 16:00:00.019000+00:00,6.281e-05,0.0001
2022-08-01 00:00:00.010000+00:00,0.0001,1.22e-05
2022-08-01 08:00:00.019000+00:00,0.0001,0.0001
2022-08-01 16:00:00.017000+00:00,6.449e-05,0.0001
2022-08-02 00:00:00+00:00,0.0001,9.608e-05
2022-08-02 08:00:00.007000+00:00,9.733e-05,-1.138e-05
2022-08-02 16:00:00.014000+00:00,5.885e-05,-5.7e-06
2022-08-03 00:00:00.001000+00:00,3.28e-06,3.935e-05
2022-08-03 08:00:00.020000+00:00,-3.96e-05,-8.266e-05
2022-08-03 16:00:00.008000+00:00,4.382e-05,-0.0001824
2022-08-04 00:00:00.001000+00:00,-1.91e-06,-3.691e-05
2022-08-04 08:00:00.009000+00:00,1.778e-05,-5.352e-05
2022-08-04 16:00:00.015000+00:00,1.436e-05,-1.77e-06
2022-08-05 00:00:00.005000+00:00,1.692e-05,2.935e-05
2022-08-05 08:00:00+00:00,6.774e-05,0.0001
2022-08-05 16:00:00+00:00,2.115e-05,9.433e-05
2022-08-06 00:00:00.021000+00:00,6.888e-05,0.0001
2022-08-06 08:00:00+00:00,8.589e-05,0.0001
2022-08-06 16:00:00.015000+00:00,0.0001,0.0001
2022-08-07 00:00:00.013000+00:00,0.0001,0.0001
2022-08-07 08:00:00+00:00,-7.37e-06,8.3e-05
2022-08-07 16:00:00.014000+00:00,2.401e-05,6.506e-05
2022-08-08 00:00:00.009000+00:00,0.0001,0.0001
2022-08-08 08:00:00.006000+00:00,2.79e-05,0.0001
2022-08-08 16:00:00+00:00,0.0001,0.0001
2022-08-09 00:00:00.020000+00:00,0.0001,0.0001
2022-08-09 08:00:00+00:00,7.92e-05,0.0001
2022-08-09 16:00:00+00:00,0.0001,0.0001
2022-08-10 00:00:00+00:00,-1.314e-05,6.131e-05
2022-08-10 08:00:00.016000+00:00,5.81e-06,0.0001
2022-08-10 16:00:00.018000+00:00,9.44e-05,0.0001
2022-08-11 00:00:00.012000+00:00,7.206e-05,0.0001
2022-08-11 08:00:00+00:00,0.0001,0.0001
2022-08-11 16:00:00+00:00,4.911e-05,0.0001
2022-08-12 00:00:00.006000+00:00,9.024e-05,0.0001
2022-08-12 08:00:00+00:00,1.412e-05,0.0001
2022-08-12 16:00:00.005000+00:00,-3.384e-05,0.0001
2022-08-13 00:00:00.012000+00:00,-3.559e-05,0.0001
2022-08-13 08:00:00.006000+00:00,8.455e-05,0.0001
2022-08-13 16:00:00.018000+00:00,2.154e-05,0.0001
2022-08-14 00:00:00+00:00,2.396e-05,0.0001
2022-08-14 08:00:00+00:00,-3.33e-06,0.0001
2022-08-14 16:00:00+00:00,1.239e-05,5.903e-05
2022-08-15 00:00:00.010000+00:00,-3.766e-05,0.0001
2022-08-15 08:00:00.002000+00:00,1.077e-05,0.0001
2022-08-15 16:00:00.010000+00:00,-1.339e-05,0.0001
2022-08-16 00:00:00.010000+00:00,3.243e-05,5.359e-05
2022-08-16 08:00:00.002000+00:00,1.56e-06,0.0001
2022-08-16 16:00:00+00:00,2.87e-05,7.023e-05
2022-08-17 00:00:00.020000+00:00,4.66e-06,5.26e-05
2022-08-17 08:00:00.016000+00:00,2.62e-06,2.94e-06
2022-08-17 16:00:00.001000+00:00,9.364e-05,3.733e-05
2022-08-18 00:00:00.005000+00:00,8.391e-05,-0.0001383
2022-08-18 08:00:00.012000+00:00,0.0001,3.437e-05
2022-08-18 16:00:00.013000+00:00,7.171e-05,-0.00010846
2022-08-19 00:00:00+00:00,0.0001,6.21e-06
2022-08-19 08:00:00+00:00,2.108e-05,-0.00038828
2022-08-19 16:00:00.009000+00:00,-6.746e-05,-0.00033393
2022-08-20 00:00:00+00:00,1.07e-05,-0.00011506
2022-08-20 08:00:00.005000+00:00,-6.722e-05,-5.997e-05
2022-08-20 16:00:00+00:00,-4.567e-05,-1.428e-05
2022-08-21 00:00:00.010000+00:00,-1.957e-05,-0.00010479
2022-08-21 08:00:00.013000+00:00,-3.589e-05,-8.599e-05
2022-08-21 16:00:00+00:00,-3.234e-05,-0.00026181
2022-08-22 00:00:00.011000+00:00,-8.092e-05,-0.0003227
2022-08-22 08:00:00.005000+00:00,-3.215e-05,-2.91e-05
2022-08-22 16:00:00.005000+00:00,4.021e-05,-9.817e-05
2022-08-23 00:00:00+00:00,-3.345e-05,-4.493e-05
2022-08-23 08:00:00.021000+00:00,-4.031e-05,6.755e-05
2022-08-23 16:00:00.005000+00:00,8.46e-06,4.169e-05
2022-08-24 00:00:00.017000+00:00,2.509e-05,7.789e-05
2022-08-24 08:00:00.021000+00:00,-4.353e-05,-8.471e-05
2022-08-24 16:00:00+00:00,-3.538e-05,-5.88e-06
2022-08-25 00:00:00.003000+00:00,1.28e-06,2.438e-05
2022-08-25 08:00:00+00:00,1.547e-05,-0.00015818
2022-08-25 16:00:00.004000+00:00,4.481e-05,-0.0001082
2022-08-26 00:00:00.001000+00:00,-1.707e-05,-8.608e-05
2022-08-26 08:00:00.004000+00:00,3.207e-05,-0.00030594
2022-08-26 16:00:00+00:00,2.599e-05,-0.00012159
2022-08-27 00:00:00.010000+00:00,-2.808e-05,-0.00044781
2022-08-27 08:00:00.007000+00:00,-6.29e-05,-0.00042888
2022-08-27 16:00:00.008000+00:00,-4.396e-05,-0.00023003
2022-08-28 00:00:00.019000+00:00,-1.396e-05,-0.00040142
2022-08-28 08:00:00+00:00,-8.758e-05,-0.00026121
2022-08-28 16:00:00+00:00,-2.443e-05,-0.00027065
2022-08-29 00:00:00+00:00,-0.00013623,-0.00049567
2022-08-29 08:00:00+00:00,-0.00010056,-0.00023722
2022-08-29 16:00:00.001000+00:00,-6.193e-05,-1.951e-05
2022-08-30 00:00:00.001000+00:00,1.123e-05,4.076e-05
2022-08-30 08:00:00.005000+00:00,-3.356e-05,-5.69e-06
2022-08-30 16:00:00.010000+00:00,-5.903e-05,-9.646e-05
2022-08-31 00:00:00+00:00,-2.089e-05,3.327e-05
2022-08-31 08:00:00.005000+00:00,5.779e-05,4.943e-05
2022-08-31 16:00:00.013000+00:00,4.95e-05,-1.411e-05
2022-09-01 00:00:00.012000+00:00,9.39e-05,1.033e-05
2022-09-01 08:00:00+00:00,2.266e-05,-0.00010618
2022-09-01 16:00:00.013000+00:00,3.63e-05,3.81e-06
2022-09-02 00:00:00.002000+00:00,2.498e-05,5.04e-05
2022-09-02 08:00:00.013000+00:00,4.905e-05,0.0001
2022-09-02 16:00:00+00:00,4.443e-05,7.74e-05
2022-09-03 00:00:00+00:00,-1.99e-06,-0.00014696
2022-09-03 08:00:00.002000+00:00,9.442e-05,-6.406e-05
2022-09-03 16:00:00.007000+00:00,1.115e-05,-0.00012061
2022-09-04 00:00:00.008000+00:00,5.88e-06,-1.164e-05
2022-09-04 08:00:00.009000+00:00,5.463e-05,6.509e-05
2022-09-04 16:00:00+00:00,2.119e-05,0.0001
2022-09-05 00:00:00.015000+00:00,8.292e-05,8.913e-05
2022-09-05 08:00:00.013000+00:00,-7.37e-06,0.0001
2022-09-05 16:00:00.007000+00:00,4.712e-05,1.162e-05
2022-09-06 00:00:00.018000+00:00,-2.45e-06,9.084e-05
2022-09-06 08:00:00.020000+00:00,3.43e-06,0.0001
2022-09-06 16:00:00.028000+00:00,3.473e-05,0.0001
2022-09-07 00:00:00.013000+00:00,-8.601e-05,-0.00016706
2022-09-07 08:00:00.022000+00:00,2.729e-05,-7.127e-05
2022-09-07 16:00:00.021000+00:00,-3.48e-05,-1.799e-05
2022-09-08 00:00:00.010000+00:00,6.2e-06,0.0001
2022-09-08 08:00:00+00:00,3.327e-05,0.0001
2022-09-08 16:00:00.003000+00:00,5.667e-05,0.0001
2022-09-09 00:00:00.011000+00:00,1.312e-05,0.0001
2022-09-09 08:00:00+00:00,0.0001,0.0001
2022-09-09 16:00:00+00:00,0.0001,0.0001
2022-09-10 00:00:00.003000+00:00,0.0001,0.0001
2022-09-10 08:00:00+00:00,9.764e-05,0.0001
2022-09-10 16:00:00.012000+00:00,0.0001,0.0001
2022-09-11 00:00:00.009000+00:00,7.115e-05,0.0001
2022-09-11 08:00:00.012000+00:00,0.0001,9.056e-05
2022-09-11 16:00:00.005000+00:00,6.712e-05,5.748e-05
2022-09-12 00:00:00.007000+00:00,0.0001,5.331e-05
2022-09-12 08:00:00.013000+00:00,8.246e-05,6.804e-05
2022-09-12 16:00:00+00:00,0.0001,0.0001
2022-09-13 00:00:00.004000+00:00,9.965e-05,9.816e-05
2022-09-13 08:00:00+00:00,0.0001,1.301e-05
2022-09-13 16:00:00+00:00,0.0001,1.102e-05
2022-09-14 00:00:00+00:00,-3.953e-05,-0.00012007
2022-09-14 08:00:00+00:00,7.27e-06,-0.00016733
2022-09-14 16:00:00+00:00,1.004e-05,-0.00017481
2022-09-15 00:00:00.019000+00:00,3.24e-06,-3.747e-05
2022-09-15 08:00:00.012000+00:00,0.0001,4.054e-05
2022-09-15 16:00:00.007000+00:00,8.13e-06,-1.19e-05
2022-09-16 00:00:00+00:00,8.055e-05,4.718e-05
2022-09-16 08:00:00+00:00,4.349e-05,9.735e-05
2022-09-16 16:00:00+00:00,2.919e-05,6.856e-05
2022-09-17 00:00:00+00:00,3.024e-05,6.919e-05
2022-09-17 08:00:00.012000+00:00,4.336e-05,5.892e-05
2022-09-17 16:00:00.017000+00:00,1.467e-05,-2.2e-05
2022-09-18 00:00:00+00:00,6.428e-05,-1.851e-05
2022-09-18 08:00:00.004000+00:00,7.82e-05,8.689e-05
2022-09-18 16:00:00+00:00,3.564e-05,0.0001
2022-09-19 00:00:00.018000+00:00,3.581e-05,-6.003e-05
2022-09-19 08:00:00.006000+00:00,-9.289e-05,1.902e-05
2022-09-19 16:00:00.010000+00:00,6e-06,-7.24e-05
2022-09-20 00:00:00.007000+00:00,7.813e-05,4.552e-05
2022-09-20 08:00:00.001000+00:00,5.855e-05,0.0001
2022-09-20 16:00:00+00:00,1.721e-05,1.907e-05
2022-09-21 00:00:00.001000+00:00,5.185e-05,-1.212e-05
2022-09-21 08:00:00.005000+00:00,1.478e-05,-3.318e-05
2022-09-21 16:00:00+00:00,2.732e-05,1.837e-05
2022-09-22 00:00:00+00:00,-0.00011779,-0.00018851
2022-09-22 08:00:00+00:00,-6.911e-05,-0.00013428
2022-09-22 16:00:00.011000+00:00,7.743e-05,0.0001
2022-09-23 00:00:00.023000+00:00,7.261e-05,0.0001
2022-09-23 08:00:00.004000+00:00,2.959e-05,0.0001
2022-09-23 16:00:00.005000+00:00,-5.008e-05,-0.00010164
2022-09-24 00:00:00+00:00,2.947e-05,0.0001
2022-09-24 08:00:00.005000+00:00,1.676e-05,0.0001
2022-09-24 16:00:00+00:00,5.345e-05,0.0001
2022-09-25 00:00:00.010000+00:00,9.99e-06,0.0001
2022-09-25 08:00:00+00:00,3.653e-05,0.0001
2022-09-25 16:00:00.003000+00:00,2.593e-05,0.0001
2022-09-26 00:00:00.001000+00:00,-6.6e-06,3.61e-05
2022-09-26 08:00:00.006000+00:00,3.696e-05,8.988e-05
2022-09-26 16:00:00+00:00,4.497e-05,6.761e-05
2022-09-27 00:00:00.026000+00:00,2.244e-05,0.0001
2022-09-27 08:00:00.004000+00:00,0.0001,0.0001
2022-09-27 16:00:00.006000+00:00,8.538e-05,9.514e-05
2022-09-28 00:00:00.011000+00:00,1.141e-05,-0.00013748
2022-09-28 08:00:00+00:00,-1.071e-05,1.343e-05
2022-09-28 16:00:00+00:00,5.332e-05,-0.00011599
2022-09-29 00:00:00.010000+00:00,5.681e-05,-6.72e-06
2022-09-29 08:00:00+00:00,7.641e-05,0.0001
2022-09-29 16:00:00+00:00,6.685e-05,0.0001
2022-09-30 00:00:00.006000+00:00,0.0001,0.0001
2022-09-30 08:00:00.002000+00:00,0.0001,-1.118e-05
2022-09-30 16:00:00.007000+00:00,0.0001,0.0001
2022-10-01 00:00:00.008000+00:00,3.198e-05,5.725e-05
2022-10-01 08:00:00.011000+00:00,0.0001,-9.37e-06
2022-10-01 16:00:00+00:00,7.005e-05,-8.454e-05
2022-10-02 00:00:00+00:00,4.262e-05,-3.16e-06
2022-10-02 08:00:00+00:00,5.816e-05,-0.00012694
2022-10-02 16:00:00.006000+00:00,5.384e-05,-5.076e-05
2022-10-03 00:00:00+00:00,3.996e-05,0.0001
2022-10-03 08:00:00.014000+00:00,8.316e-05,0.0001
2022-10-03 16:00:00.010000+00:00,0.0001,-3.979e-05
2022-10-04 00:00:00.006000+00:00,0.0001,4.722e-05
2022-10-04 08:00:00.004000+00:00,0.0001,0.0001
2022-10-04 16:00:00.013000+00:00,0.0001,-5.705e-05
2022-10-05 00:00:00+00:00,0.0001,-2.002e-05
2022-10-05 08:00:00+00:00,0.0001,4.8e-05
2022-10-05 16:00:00.012000+00:00,0.0001,7.886e-05
2022-10-06 00:00:00.008000+00:00,0.0001,2.369e-05
2022-10-06 08:00:00.002000+00:00,0.0001,0.0001
2022-10-06 16:00:00.006000+00:00,0.0001,6.34e-06
2022-10-07 00:00:00+00:00,0.0001,5e-08
2022-10-07 08:00:00+00:00,0.0001,8.021e-05
2022-10-07 16:00:00.007000+00:00,7.513e-05,-0.00014355
2022-10-08 00:00:00.010000+00:00,3.85e-05,-8e-07
2022-10-08 08:00:00.004000+00:00,7.345e-05,0.0001
2022-10-08 16:00:00.018000+00:00,4.149e-05,0.0001
2022-10-09 00:00:00+00:00,3.246e-05,-5.496e-05
2022-10-09 08:00:00.007000+00:00,1.776e-05,3.166e-05
2022-10-09 16:00:00.011000+00:00,1.951e-05,-7.535e-05
2022-10-10 00:00:00.018000+00:00,6.241e-05,0.0001
2022-10-10 08:00:00+00:00,6.069e-05,0.0001
2022-10-10 16:00:00.026000+00:00,0.0001,0.0001
2022-10-11 00:00:00.020000+00:00,0.0001,0.0001
2022-10-11 08:00:00.027000+00:00,0.0001,0.0001
2022-10-11 16:00:00+00:00,0.0001,1.173e-05
2022-10-12 00:00:00.014000+00:00,0.0001,3.208e-05
2022-10-12 08:00:00+00:00,0.0001,-6.356e-05
2022-10-12 16:00:00+00:00,0.0001,0.0001
2022-10-13 00:00:00.013000+00:00,7.466e-05,2.943e-05
2022-10-13 08:00:00.016000+00:00,0.0001,-5.1e-06
2022-10-13 16:00:00.009000+00:00,3.936e-05,-0.00018636
2022-10-14 00:00:00.020000+00:00,3.235e-05,-5.035e-05
2022-10-14 08:00:00+00:00,0.0001,3.869e-05
2022-10-14 16:00:00.009000+00:00,8.395e-05,8.847e-05
2022-10-15 00:00:00.001000+00:00,4.317e-05,2.301e-05
2022-10-15 08:00:00.005000+00:00,3.772e-05,-7.96e-05
2022-10-15 16:00:00.004000+00:00,4.563e-05,-6.648e-05
2022-10-16 00:00:00.012000+00:00,2.735e-05,3.129e-05
2022-10-16 08:00:00+00:00,4.61e-06,-0.00010784
2022-10-16 16:00:00.010000+00:00,3.394e-05,-8.849e-05
2022-10-17 00:00:00.012000+00:00,3.31e-06,-0.00011773
2022-10-17 08:00:00.010000+00:00,4.84e-05,1.724e-05
2022-10-17 16:00:00.017000+00:00,6.458e-05,5.717e-05
2022-10-18 00:00:00.010000+00:00,0.0001,1.567e-05
2022-10-18 08:00:00.008000+00:00,0.0001,0.0001
2022-10-18 16:00:00+00:00,0.0001,9.704e-05
2022-10-19 00:00:00.007000+00:00,7.598e-05,3.131e-05
2022-10-19 08:00:00.022000+00:00,0.0001,0.0001
2022-10-19 16:00:00.016000+00:00,0.0001,0.0001
2022-10-20 00:00:00+00:00,0.0001,8.555e-05
2022-10-20 08:00:00.013000+00:00,6.021e-05,0.0001
2022-10-20 16:00:00+00:00,2.095e-05,9.895e-05
2022-10-21 00:00:00.005000+00:00,4.708e-05,0.0001
2022-10-21 08:00:00.018000+00:00,4.483e-05,7.42e-06
2022-10-21 16:00:00+00:00,-8.9e-06,4.104e-05
2022-10-22 00:00:00+00:00,3.721e-05,-0.00016497
2022-10-22 08:00:00.015000+00:00,8.36e-05,-1.121e-05
2022-10-22 16:00:00+00:00,-3.19e-06,-9.324e-05
2022-10-23 00:00:00.025000+00:00,4.152e-05,3.894e-05
2022-10-23 08:00:00+00:00,1.171e-05,1.405e-05
2022-10-23 16:00:00.004000+00:00,5.174e-05,7.513e-05
2022-10-24 00:00:00.009000+00:00,0.0001,0.0001
2022-10-24 08:00:00.012000+00:00,0.0001,0.0001
2022-10-24 16:00:00.002000+00:00,2.328e-05,-3.209e-05
2022-10-25 00:00:00.013000+00:00,4.327e-05,-1.944e-05
2022-10-25 08:00:00.013000+00:00,9.019e-05,9.947e-05
2022-10-25 16:00:00+00:00,-1.66e-06,1.166e-05
2022-10-26 00:00:00.006000+00:00,2.243e-05,0.0001
2022-10-26 08:00:00.013000+00:00,5.665e-05,0.0001
2022-10-26 16:00:00+00:00,6.122e-05,8.93e-06
2022-10-27 00:00:00.009000+00:00,1.3e-07,6.525e-05
2022-10-27 08:00:00.006000+00:00,-2.276e-05,0.0001
2022-10-27 16:00:00.009000+00:00,1.376e-05,8.781e-05
2022-10-28 00:00:00+00:00,-1.228e-05,6.137e-05
2022-10-28 08:00:00+00:00,3.541e-05,7.565e-05
2022-10-28 16:00:00.007000+00:00,-2.629e-05,-6.715e-05
2022-10-29 00:00:00+00:00,2.484e-05,0.0001
2022-10-29 08:00:00.003000+00:00,4.755e-05,0.0001
2022-10-29 16:00:00.010000+00:00,4.205e-05,0.0001
2022-10-30 00:00:00+00:00,-2.515e-05,7.022e-05
2022-10-30 08:00:00.013000+00:00,3.212e-05,0.0001
2022-10-30 16:00:00.009000+00:00,5.135e-05,0.0001
2022-10-31 00:00:00.012000+00:00,1.504e-05,0.0001
2022-10-31 08:00:00+00:00,3.842e-05,0.0001
2022-10-31 16:00:00.010000+00:00,-4.34e-06,5.671e-05
2022-11-01 00:00:00+00:00,7.22e-06,-7.785e-05
2022-11-01 08:00:00+00:00,-1.088e-05,-3.806e-05
2022-11-01 16:00:00+00:00,1.302e-05,-6.234e-05
2022-11-02 00:00:00+00:00,4.787e-05,9.5e-07
2022-11-02 08:00:00+00:00,1.203e-05,1.628e-05
2022-11-02 16:00:00.019000+00:00,6.046e-05,4.18e-06
2022-11-03 00:00:00.011000+00:00,2.68e-05,-0.00025803
2022-11-03 08:00:00.016000+00:00,4.4e-06,6.571e-05
2022-11-03 16:00:00.005000+00:00,6.94e-05,2.784e-05
2022-11-04 00:00:00+00:00,4.429e-05,-8.29e-05
2022-11-04 08:00:00.004000+00:00,1.148e-05,0.0001
2022-11-04 16:00:00.020000+00:00,6.899e-05,9.262e-05
2022-11-05 00:00:00.009000+00:00,4.409e-05,0.0001
2022-11-05 08:00:00.007000+00:00,4.541e-05,0.0001
2022-11-05 16:00:00.018000+00:00,0.0001,0.0001
2022-11-06 00:00:00.009000+00:00,6.491e-05,0.0001
2022-11-06 08:00:00+00:00,9.732e-05,0.0001
2022-11-06 16:00:00.010000+00:00,6.866e-05,0.0001
2022-11-07 00:00:00.012000+00:00,7.813e-05,0.0001
2022-11-07 08:00:00.014000+00:00,0.0001,9.319e-05
2022-11-07 16:00:00.006000+00:00,0.0001,0.0001
2022-11-08 00:00:00+00:00,6.515e-05,-0.00035346
2022-11-08 08:00:00.001000+00:00,-7.88e-06,-0.00124635
2022-11-08 16:00:00.005000+00:00,9.446e-05,-0.00059042
2022-11-09 00:00:00+00:00,-0.00013884,-0.0075
2022-11-09 08:00:00.013000+00:00,7.305e-05,-0.0075
2022-11-09 16:00:00.004000+00:00,-0.00032976,-0.015
2022-11-09 20:00:00.018000+00:00,,-0.02
2022-11-10 00:00:00.006000+00:00,-0.00119172,-0.02
2022-11-10 04:00:00.011000+00:00,,-0.02
2022-11-10 06:00:00+00:00,,-0.02
2022-11-10 08:00:00+00:00,-0.00111953,-0.02
2022-11-10 10:00:00+00:00,,-0.02
2022-11-10 12:00:00+00:00,,-0.02
2022-11-10 14:00:00.007000+00:00,,-0.00937683
2022-11-10 16:00:00.015000+00:00,-0.00023833,-0.00801579
2022-11-10 18:00:00.011000+00:00,,-0.01610749
2022-11-10 20:00:00+00:00,,-0.01792917
2022-11-10 22:00:00+00:00,,-0.00023209
2022-11-11 00:00:00+00:00,-0.00019452,-0.00262997
2022-11-11 02:00:00.011000+00:00,,-0.00229218
2022-11-11 04:00:00.003000+00:00,,-0.00407097
2022-11-11 06:00:00.007000+00:00,,-0.00209331
2022-11-11 08:00:00.015000+00:00,-7.277e-05,-0.00097284
2022-11-11 10:00:00.009000+00:00,,-0.00229598
2022-11-11 12:00:00.005000+00:00,,-0.0026638
2022-11-11 14:00:00+00:00,,-0.00373271
2022-11-11 16:00:00.027000+00:00,-5.802e-05,-0.01139731
2022-11-11 18:00:00+00:00,,-0.00145664
2022-11-11 20:00:00.004000+00:00,,-0.00153438
2022-11-11 22:00:00+00:00,,-0.0007073
2022-11-12 00:00:00.007000+00:00,5.3e-05,-0.00029718
2022-11-12 02:00:00.013000+00:00,,-0.0018903
2022-11-12 04:00:00+00:00,,-0.00194529
2022-11-12 06:00:00.015000+00:00,,-0.00678495
2022-11-12 08:00:00.016000+00:00,-2.406e-05,-0.00090442
2022-11-12 10:00:00.015000+00:00,,-0.00043311
2022-11-12 12:00:00.014000+00:00,,-0.00166604
2022-11-12 14:00:00.013000+00:00,,-0.00153586
2022-11-12 16:00:00+00:00,6.521e-05,-0.00087212
2022-11-12 18:00:00+00:00,,-0.00018986
2022-11-12 20:00:00+00:00,,-0.0002072
2022-11-12 22:00:00.016000+00:00,,-0.00097367
2022-11-13 00:00:00.004000+00:00,3.33e-06,-0.00070342
2022-11-13 02:00:00.006000+00:00,,-0.00078974
2022-11-13 04:00:00.001000+00:00,,-0.00163101
2022-11-13 06:00:00.015000+00:00,,-0.00033147
2022-11-13 08:00:00+00:00,-7.357e-05,-0.0017701
2022-11-13 10:00:00+00:00,,-0.00099368
2022-11-13 12:00:00.007000+00:00,,-0.00083974
2022-11-13 14:00:00.011000+00:00,,-0.0008275
2022-11-13 16:00:00.017000+00:00,2.816e-05,-0.00013499
2022-11-13 18:00:00.001000+00:00,,1.458e-05
2022-11-13 20:00:00.011000+00:00,,-0.00019347
2022-11-13 22:00:00.003000+00:00,,-0.00049299
2022-11-14 00:00:00+00:00,-3.809e-05,-0.0017293
2022-11-14 02:00:00+00:00,,-0.00444734
2022-11-14 04:00:00.004000+00:00,,-0.00469829
2022-11-14 06:00:00+00:00,,-0.00025664
2022-11-14 08:00:00+00:00,-7.645e-05,-0.00020798
2022-11-14 10:00:00+00:00,,-0.00037676
2022-11-14 12:00:00+00:00,,-0.00065817
2022-11-14 14:00:00.013000+00:00,,2.5e-05
2022-11-14 16:00:00+00:00,-1.132e-05,-0.00078889
2022-11-14 18:00:00+00:00,,-0.00120937
2022-11-14 20:00:00.021000+00:00,,2.5e-05
2022-11-14 22:00:00.015000+00:00,,-7.464e-05
2022-11-15 00:00:00.014000+00:00,-0.00010925,2.5e-05
2022-11-15 02:00:00+00:00,,2.5e-05
2022-11-15 04:00:00.016000+00:00,,-0.0004769
2022-11-15 06:00:00.010000+00:00,,-0.00073828
2022-11-15 08:00:00.009000+00:00,-0.00017664,2.5e-05
2022-11-15 10:00:00.018000+00:00,,2.5e-05
2022-11-15 12:00:00.030000+00:00,,-0.00022903
2022-11-15 14:00:00.006000+00:00,,-0.00022959
2022-11-15 16:00:00.010000+00:00,2.275e-05,-0.00071141
2022-11-15 18:00:00.010000+00:00,,-0.00136816
2022-11-15 20:00:00+00:00,,-0.00066296
2022-11-15 22:00:00+00:00,,-0.00074848
2022-11-16 00:00:00.011000+00:00,-0.00013216,-0.00095985
2022-11-16 02:00:00+00:00,,-0.00055134
2022-11-16 04:00:00.014000+00:00,,-0.00094499
2022-11-16 06:00:00.006000+00:00,,-0.00045854
2022-11-16 08:00:00.004000+00:00,1.121e-05,-0.0009133
2022-11-16 10:00:00+00:00,,-0.0011055
2022-11-16 12:00:00+00:00,,-0.00107526
2022-11-16 14:00:00+00:00,,-0.00074867
2022-11-16 16:00:00.008000+00:00,-6.617e-05,-0.00031476
2022-11-16 18:00:00.018000+00:00,,-0.00062708
2022-11-16 20:00:00.006000+00:00,,-3.556e-05
2022-11-16 22:00:00+00:00,,-4.335e-05
2022-11-17 00:00:00+00:00,-4.542e-05,-0.00015275
2022-11-17 02:00:00.009000+00:00,,-8.299e-05
2022-11-17 04:00:00.022000+00:00,,-0.00033443
2022-11-17 06:00:00.013000+00:00,,-1.852e-05
2022-11-17 08:00:00+00:00,-5.138e-05,-9.19e-05
2022-11-17 10:00:00.022000+00:00,,-3.299e-05
2022-11-17 12:00:00.009000+00:00,,2.5e-05
2022-11-17 14:00:00+00:00,,-0.00336778
2022-11-17 16:00:00.006000+00:00,-2.701e-05,-0.00141975
2022-11-17 18:00:00.003000+00:00,,-0.00141426
2022-11-17 20:00:00.020000+00:00,,-0.00038974
2022-11-17 22:00:00.008000+00:00,,-0.00040385
2022-11-18 00:00:00.004000+00:00,-2.836e-05,-0.00107448
2022-11-18 02:00:00.004000+00:00,,-0.00046528
2022-11-18 04:00:00+00:00,,-0.00035674
2022-11-18 06:00:00.007000+00:00,,-0.00029566
2022-11-18 08:00:00.016000+00:00,2.398e-05,-0.00021531
2022-11-18 16:00:00+00:00,9.55e-06,-0.00082757
2022-11-19 00:00:00+00:00,5.556e-05,-0.00068642
2022-11-19 08:00:00.004000+00:00,7.897e-05,-0.00114938
2022-11-19 16:00:00.024000+00:00,-1.169e-05,-0.00052327
2022-11-20 00:00:00.015000+00:00,-7.79e-06,-0.00047571
2022-11-20 08:00:00.004000+00:00,3.552e-05,-0.00037408
2022-11-20 16:00:00+00:00,-9.79e-06,-0.00112922
2022-11-21 00:00:00.006000+00:00,7.898e-05,-0.00075953
2022-11-21 08:00:00.015000+00:00,-1.218e-05,-0.0005083
2022-11-21 16:00:00+00:00,2.302e-05,-0.00116096
2022-11-22 00:00:00+00:00,-7.485e-05,-0.00016606
2022-11-22 08:00:00+00:00,2.033e-05,-0.00056977
2022-11-22 16:00:00+00:00,7.881e-05,-0.00089583
2022-11-23 00:00:00+00:00,9.406e-05,-0.00042476
2022-11-23 08:00:00.011000+00:00,0.0001,-0.00011053
2022-11-23 16:00:00.014000+00:00,-3.9e-06,-0.00097051
2022-11-24 00:00:00.007000+00:00,5.42e-05,-0.00110661
2022-11-24 08:00:00.014000+00:00,2.012e-05,-0.0014096
2022-11-24 16:00:00.013000+00:00,6.272e-05,-0.00203998
2022-11-25 00:00:00.004000+00:00,2.058e-05,-0.00066695
2022-11-25 08:00:00.015000+00:00,4.61e-06,-0.00025529
2022-11-25 16:00:00+00:00,1.329e-05,-0.00056949
2022-11-26 00:00:00.011000+00:00,3.859e-05,-0.00015345
2022-11-26 08:00:00+00:00,-2.455e-05,-0.00034616
2022-11-26 16:00:00+00:00,3.523e-05,-0.00055804
2022-11-27 00:00:00.012000+00:00,1.063e-05,-0.00147702
2022-11-27 08:00:00+00:00,-3.066e-05,-0.00043291
2022-11-27 16:00:00.003000+00:00,3.784e-05,-0.00032864
2022-11-28 00:00:00.015000+00:00,2.303e-05,-0.00016117
2022-11-28 08:00:00.004000+00:00,5.36e-06,-0.00540619
2022-11-28 16:00:00.011000+00:00,2.1e-07,-0.00281466
2022-11-29 00:00:00+00:00,4.76e-05,-0.00021025
2022-11-29 08:00:00.015000+00:00,-3.85e-06,-0.0004623
2022-11-29 16:00:00+00:00,4.171e-05,-0.00073299
2022-11-30 00:00:00.007000+00:00,3.404e-05,-0.00048248
2022-11-30 08:00:00+00:00,4.038e-05,-0.00140667
2022-11-30 16:00:00.015000+00:00,9.511e-05,-0.00041907
2022-12-01 00:00:00.001000+00:00,1.029e-05,-0.00083649
2022-12-01 08:00:00.006000+00:00,-5.001e-05,-0.00015134
2022-12-01 16:00:00+00:00,0.0001,-0.0001949
2022-12-02 00:00:00.001000+00:00,8.203e-05,-0.00093645
2022-12-02 08:00:00.016000+00:00,2.825e-05,-0.00174192
2022-12-02 16:00:00.017000+00:00,-3.753e-05,-5.628e-05
2022-12-03 00:00:00.006000+00:00,3.302e-05,9.346e-05
2022-12-03 08:00:00+00:00,5.123e-05,-0.00016897
2022-12-03 16:00:00.011000+00:00,0.0001,-0.00030733
2022-12-04 00:00:00.006000+00:00,6.174e-05,-0.00022684
2022-12-04 08:00:00+00:00,6.437e-05,4.642e-05
2022-12-04 16:00:00.006000+00:00,4.581e-05,-1.362e-05
2022-12-05 00:00:00.002000+00:00,5.4e-07,0.0001
2022-12-05 08:00:00.011000+00:00,-4.218e-05,-6.606e-05
2022-12-05 16:00:00.008000+00:00,4.603e-05,0.0001
2022-12-06 00:00:00.014000+00:00,2.206e-05,0.0001
2022-12-06 08:00:00.027000+00:00,4.118e-05,6.467e-05
2022-12-06 16:00:00.009000+00:00,2.305e-05,1.418e-05
2022-12-07 00:00:00+00:00,7.887e-05,4.454e-05
2022-12-07 08:00:00+00:00,6.58e-06,3.151e-05
2022-12-07 16:00:00+00:00,-1.492e-05,5.056e-05
2022-12-08 00:00:00.006000+00:00,1.183e-05,5.017e-05
2022-12-08 08:00:00+00:00,2.152e-05,-0.00028326
2022-12-08 16:00:00.014000+00:00,1.67e-06,1.999e-05
2022-12-09 00:00:00.017000+00:00,1.178e-05,-9.895e-05
2022-12-09 08:00:00.005000+00:00,4.007e-05,-2.372e-05
2022-12-09 16:00:00+00:00,3.198e-05,7.054e-05
2022-12-10 00:00:00.009000+00:00,-1.669e-05,-4.552e-05
2022-12-10 08:00:00.010000+00:00,-6.87e-06,-5.93e-06
2022-12-10 16:00:00.001000+00:00,1.711e-05,-0.00016454
2022-12-11 00:00:00.011000+00:00,9.29e-06,-3.942e-05
2022-12-11 08:00:00.007000+00:00,8.73e-06,-0.00010562
2022-12-11 16:00:00.011000+00:00,6.92e-06,-9.44e-06
2022-12-12 00:00:00+00:00,2.406e-05,-0.0001843
2022-12-12 08:00:00.004000+00:00,2.638e-05,-0.00028652
2022-12-12 16:00:00+00:00,-1.67e-05,-0.00012371
2022-12-13 00:00:00+00:00,3.003e-05,-1.654e-05
2022-12-13 08:00:00.018000+00:00,1.971e-05,2e-07
2022-12-13 16:00:00.011000+00:00,0.0001,0.0001
2022-12-14 00:00:00.010000+00:00,0.0001,0.0001
2022-12-14 08:00:00.015000+00:00,0.0001,0.0001
2022-12-14 16:00:00.004000+00:00,0.0001,0.0001
2022-12-15 00:00:00+00:00,0.0001,0.0001
2022-12-15 08:00:00.023000+00:00,0.0001,0.0001
2022-12-15 16:00:00.010000+00:00,5.18e-05,0.0001
2022-12-16 00:00:00.016000+00:00,4.842e-05,0.0001
2022-12-16 08:00:00.011000+00:00,5.706e-05,0.0001
2022-12-16 16:00:00.001000+00:00,-1.987e-05,-3.932e-05
2022-12-17 00:00:00.001000+00:00,2.013e-05,-7.161e-05
2022-12-17 08:00:00.011000+00:00,7.81e-05,-0.0004589
2022-12-17 16:00:00.011000+00:00,9.707e-05,-0.00034297
2022-12-18 00:00:00.008000+00:00,6.274e-05,-0.00045493
2022-12-18 08:00:00.001000+00:00,6.828e-05,-0.00027776
2022-12-18 16:00:00.012000+00:00,-6.47e-06,-0.00035966
2022-12-19 00:00:00+00:00,6.468e-05,-0.00018596
2022-12-19 08:00:00+00:00,3.493e-05,-0.00045428
2022-12-19 16:00:00+00:00,4.496e-05,-0.000376
2022-12-20 00:00:00.005000+00:00,5.611e-05,-0.00029256
2022-12-20 08:00:00.016000+00:00,-1.2e-07,-0.00020607
2022-12-20 16:00:00+00:00,3.401e-05,-0.00024139
2022-12-21 00:00:00.007000+00:00,3.778e-05,-7.839e-05
2022-12-21 08:00:00.012000+00:00,7.742e-05,-0.00034859
2022-12-21 16:00:00.017000+00:00,7.582e-05,-0.00033756
2022-12-22 00:00:00.004000+00:00,2.918e-05,-0.00027437
2022-12-22 08:00:00+00:00,8.167e-05,-0.00027483
2022-12-22 16:00:00.001000+00:00,7.198e-05,-0.00010761
2022-12-23 00:00:00.018000+00:00,0.0001,-9.791e-05
2022-12-23 08:00:00+00:00,0.0001,9.921e-05
2022-12-23 16:00:00+00:00,8.903e-05,-7.019e-05
2022-12-24 00:00:00.001000+00:00,0.0001,-1.74e-06
2022-12-24 08:00:00.007000+00:00,4.748e-05,-0.00121249
2022-12-24 16:00:00.008000+00:00,6.222e-05,-0.00155484
2022-12-25 00:00:00+00:00,5.21e-06,-0.00063471
2022-12-25 08:00:00.013000+00:00,1.855e-05,-0.00080818
2022-12-25 16:00:00+00:00,3.06e-05,-0.00017688
2022-12-26 00:00:00.001000+00:00,3.319e-05,-0.00017839
2022-12-26 08:00:00+00:00,-5.064e-05,-0.00035979
2022-12-26 16:00:00.005000+00:00,2.871e-05,-0.00034214
2022-12-27 00:00:00.005000+00:00,8.655e-05,-0.00014455
2022-12-27 08:00:00.010000+00:00,1.102e-05,2.9e-07
2022-12-27 16:00:00.006000+00:00,1.951e-05,-0.00016284
2022-12-28 00:00:00.010000+00:00,4.252e-05,0.0001
2022-12-28 08:00:00.010000+00:00,9.764e-05,-0.00049469
2022-12-28 16:00:00.010000+00:00,2.111e-05,-0.00062657
2022-12-29 00:00:00.011000+00:00,9.985e-05,-0.00049537
2022-12-29 08:00:00+00:00,8.532e-05,-0.00011408
2022-12-29 16:00:00.008000+00:00,0.0001,-0.00013498
2022-12-30 00:00:00+00:00,0.0001,-0.00277763
2022-12-30 08:00:00+00:00,7.132e-05,-0.00216253
2022-12-30 16:00:00+00:00,0.0001,-0.00240802
2022-12-31 00:00:00.014000+00:00,0.0001,-0.00284191
2022-12-31 08:00:00+00:00,0.0001,-0.00180298
2022-12-31 16:00:00+00:00,0.0001,-0.00095178
2023-01-01 00:00:00+00:00,0.0001,-0.00092452
2023-01-01 08:00:00.008000+00:00,0.0001,-0.00039729
2023-01-01 16:00:00+00:00,6.91e-06,-0.00097445
2023-01-02 00:00:00+00:00,-1.488e-05,-0.00105604
2023-01-02 08:00:00.008000+00:00,-4.356e-05,-0.00073395
2023-01-02 16:00:00.015000+00:00,2.67e-05,-0.00036678
2023-01-03 00:00:00.003000+00:00,0.0001,-0.00137389
2023-01-03 08:00:00.018000+00:00,8.977e-05,-0.0032206
2023-01-03 16:00:00+00:00,3.322e-05,-0.00820119
2023-01-04 00:00:00+00:00,6.489e-05,-0.00349905
2023-01-04 08:00:00.016000+00:00,3.388e-05,-0.00927078
2023-01-04 16:00:00.011000+00:00,4.931e-05,-0.00145742
2023-01-05 00:00:00.009000+00:00,5.417e-05,-0.00197574
2023-01-05 08:00:00.011000+00:00,4.436e-05,-0.00017797
2023-01-05 16:00:00+00:00,7.264e-05,-0.00035808
2023-01-06 00:00:00.005000+00:00,5.587e-05,-0.0028675
2023-01-06 08:00:00.001000+00:00,6.591e-05,-5.103e-05
2023-01-06 16:00:00+00:00,8.658e-05,-0.00097063
2023-01-07 00:00:00.006000+00:00,2.508e-05,-0.00063098
2023-01-07 08:00:00.017000+00:00,6.71e-06,-8.222e-05
2023-01-07 16:00:00+00:00,0.0001,-0.00049317
2023-01-08 00:00:00.015000+00:00,5.657e-05,-0.00032422
2023-01-08 08:00:00+00:00,0.0001,-0.00041686
2023-01-08 16:00:00.010000+00:00,7.452e-05,-0.0002307
2023-01-09 00:00:00.003000+00:00,5.796e-05,-0.0002275
2023-01-09 08:00:00+00:00,-6.66e-06,0.0001
2023-01-09 16:00:00.006000+00:00,9.05e-06,0.0001
2023-01-10 00:00:00.003000+00:00,2.417e-05,0.0001
2023-01-10 08:00:00.021000+00:00,9.685e-05,0.0001
2023-01-10 16:00:00+00:00,3.129e-05,-0.00015347
2023-01-11 00:00:00.011000+00:00,2.761e-05,-0.0002485
2023-01-11 08:00:00.006000+00:00,2.477e-05,-1.768e-05
2023-01-11 16:00:00.004000+00:00,-2.11e-06,0.0001
2023-01-12 00:00:00+00:00,7.549e-05,0.0001
2023-01-12 08:00:00+00:00,0.0001,0.0001
2023-01-12 16:00:00+00:00,0.0001,-0.00044772
2023-01-13 00:00:00.004000+00:00,0.0001,-5.616e-05
2023-01-13 08:00:00+00:00,0.0001,2.603e-05
2023-01-13 16:00:00.018000+00:00,7.16e-05,-0.00058902
2023-01-14 00:00:00+00:00,8.746e-05,0.0001
2023-01-14 08:00:00.001000+00:00,0.00045847,0.00027702
2023-01-14 16:00:00+00:00,0.0001,0.0001
2023-01-15 00:00:00.010000+00:00,0.00013712,0.00023978
2023-01-15 08:00:00.002000+00:00,0.00012434,0.00036502
2023-01-15 16:00:00+00:00,0.00019892,0.00012309
2023-01-16 00:00:00.010000+00:00,0.0001,0.00019979
2023-01-16 08:00:00.007000+00:00,0.0001,0.00041624
2023-01-16 16:00:00+00:00,0.0001,0.0001
2023-01-17 00:00:00.004000+00:00,0.0001,0.00012293
2023-01-17 08:00:00.005000+00:00,0.0001,0.0001
2023-01-17 16:00:00.001000+00:00,0.0001,0.0001
2023-01-18 00:00:00.008000+00:00,0.0001,0.0001
2023-01-18 08:00:00.009000+00:00,0.0001,0.0001
2023-01-18 16:00:00.017000+00:00,0.0001,0.0001
2023-01-19 00:00:00+00:00,0.0001,0.0001
2023-01-19 08:00:00.015000+00:00,0.0001,0.0001
2023-01-19 16:00:00.012000+00:00,0.0001,0.0001
2023-01-20 00:00:00+00:00,0.0001,0.0001
2023-01-20 08:00:00+00:00,0.0001,0.0001
2023-01-20 16:00:00+00:00,0.0001,0.0001
2023-01-21 00:00:00.013000+00:00,0.0001,0.0001
2023-01-21 08:00:00.001000+00:00,0.0001,0.00030268
2023-01-21 16:00:00.016000+00:00,0.0001,0.0001
2023-01-22 00:00:00+00:00,0.0001,0.0001
2023-01-22 08:00:00+00:00,0.0001,0.0001
2023-01-22 16:00:00.023000+00:00,0.0001,0.0001
2023-01-23 00:00:00.014000+00:00,0.0001,0.0001
2023-01-23 08:00:00.014000+00:00,0.0001,0.0001
2023-01-23 16:00:00.016000+00:00,0.0001,0.0001
2023-01-24 00:00:00.008000+00:00,0.0001,0.0001
2023-01-24 08:00:00.008000+00:00,0.0001,0.00013079
2023-01-24 16:00:00+00:00,0.0001,0.0001
2023-01-25 00:00:00.012000+00:00,0.0001,0.0001
2023-01-25 08:00:00+00:00,0.0001,1.239e-05
2023-01-25 16:00:00.010000+00:00,0.0001,0.0001
2023-01-26 00:00:00.010000+00:00,0.0001,0.0001
2023-01-26 08:00:00.003000+00:00,0.0001,0.0001
2023-01-26 16:00:00.020000+00:00,0.0001,0.0001
2023-01-27 00:00:00.008000+00:00,0.0001,0.0001
2023-01-27 08:00:00+00:00,9.541e-05,0.0001
2023-01-27 16:00:00+00:00,0.0001,0.0001
2023-01-28 00:00:00.009000+00:00,0.0001,0.0001
2023-01-28 08:00:00.018000+00:00,0.0001,0.00013046
2023-01-28 16:00:00.005000+00:00,0.0001,0.0001
2023-01-29 00:00:00.011000+00:00,0.0001,0.0001
2023-01-29 08:00:00+00:00,0.0001,0.0001
2023-01-29 16:00:00.008000+00:00,0.0001,0.0001
2023-01-30 00:00:00.001000+00:00,0.0001,0.00050275
2023-01-30 08:00:00+00:00,0.0001,0.0001
2023-01-30 16:00:00+00:00,0.0001,0.0001
2023-01-31 00:00:00.005000+00:00,0.0001,0.0001
2023-01-31 08:00:00+00:00,0.0001,0.0001
2023-01-31 16:00:00.007000+00:00,0.0001,0.0001
2023-02-01 00:00:00.013000+00:00,0.0001,0.0001
2023-02-01 08:00:00+00:00,0.0001,0.0001
2023-02-01 16:00:00.012000+00:00,0.0001,0.0001
2023-02-02 00:00:00.004000+00:00,0.0001,0.0001
2023-02-02 08:00:00.023000+00:00,0.0001,0.00026236
2023-02-02 16:00:00.003000+00:00,0.0001,0.0001
2023-02-03 00:00:00.010000+00:00,0.0001,0.0001
2023-02-03 08:00:00+00:00,0.0001,6.262e-05
2023-02-03 16:00:00+00:00,0.0001,7.317e-05
2023-02-04 00:00:00.010000+00:00,0.0001,0.0001
2023-02-04 08:00:00+00:00,0.0001,0.0001
2023-02-04 16:00:00+00:00,0.0001,0.0001
2023-02-05 00:00:00.016000+00:00,0.0001,0.0001
2023-02-05 08:00:00.009000+00:00,0.0001,-8.182e-05
2023-02-05 16:00:00.018000+00:00,0.0001,-0.00019779
2023-02-06 00:00:00.001000+00:00,0.0001,-4.068e-05
2023-02-06 08:00:00+00:00,0.0001,0.0001
2023-02-06 16:00:00.012000+00:00,0.0001,0.0001
2023-02-07 00:00:00.004000+00:00,0.0001,-0.00011165
2023-02-07 08:00:00.011000+00:00,0.0001,2.94e-05
2023-02-07 16:00:00.018000+00:00,0.0001,0.0001
2023-02-08 00:00:00.009000+00:00,0.0001,-1.031e-05
2023-02-08 08:00:00.010000+00:00,0.0001,0.0001
2023-02-08 16:00:00+00:00,0.0001,0.0001
2023-02-09 00:00:00.014000+00:00,0.0001,0.0001
2023-02-09 08:00:00.006000+00:00,0.0001,-0.00018909
2023-02-09 16:00:00.001000+00:00,0.0001,0.0001
2023-02-10 00:00:00.012000+00:00,0.0001,0.0001
2023-02-10 08:00:00.005000+00:00,0.0001,-0.0001841
2023-02-10 16:00:00.020000+00:00,0.0001,-0.00011823
2023-02-11 00:00:00.007000+00:00,7.684e-05,-0.00020422
2023-02-11 08:00:00.002000+00:00,5.572e-05,-7.827e-05
2023-02-11 16:00:00.021000+00:00,5.241e-05,-0.00029396
2023-02-12 00:00:00.004000+00:00,5.343e-05,-0.00043025
2023-02-12 08:00:00+00:00,0.0001,-0.00045565
2023-02-12 16:00:00.002000+00:00,2.27e-05,-0.00025702
2023-02-13 00:00:00.006000+00:00,2.074e-05,-0.00021151
2023-02-13 08:00:00.008000+00:00,6.323e-05,-0.00021904
2023-02-13 16:00:00.002000+00:00,0.0001,0.0001
2023-02-14 00:00:00.013000+00:00,0.0001,-0.00020755
2023-02-14 08:00:00.014000+00:00,0.0001,-0.00022864
2023-02-14 16:00:00.016000+00:00,8.887e-05,1.781e-05
2023-02-15 00:00:00.011000+00:00,2.377e-05,9.858e-05
2023-02-15 08:00:00+00:00,2.63e-05,8.397e-05
2023-02-15 16:00:00.005000+00:00,9.071e-05,-7.224e-05
2023-02-16 00:00:00.019000+00:00,0.0001,0.0001
2023-02-16 08:00:00+00:00,0.0001,0.0001
2023-02-16 16:00:00.001000+00:00,0.00023171,0.0001
2023-02-17 00:00:00.003000+00:00,0.0001,0.0001
2023-02-17 08:00:00.016000+00:00,0.0001,0.0001
2023-02-17 16:00:00+00:00,0.0001,0.0001
2023-02-18 00:00:00.011000+00:00,0.0001,0.0001
2023-02-18 08:00:00+00:00,0.0001,0.0001
2023-02-18 16:00:00.007000+00:00,0.0001,0.0001
2023-02-19 00:00:00.019000+00:00,0.0001,0.0001
2023-02-19 08:00:00.005000+00:00,0.0001,0.0001
2023-02-19 16:00:00.003000+00:00,0.0001,0.00014645
2023-02-20 00:00:00.006000+00:00,0.0001,0.00017117
2023-02-20 08:00:00.008000+00:00,0.0001,0.00019193
2023-02-20 16:00:00.006000+00:00,0.0001,0.0001276
2023-02-21 00:00:00.001000+00:00,0.0001,0.0001
2023-02-21 08:00:00.004000+00:00,0.0001,0.00016004
2023-02-21 16:00:00.011000+00:00,0.0001,0.0001
2023-02-22 00:00:00.009000+00:00,0.0001,0.0001
2023-02-22 08:00:00.010000+00:00,0.0001,0.0001
2023-02-22 16:00:00+00:00,0.0001,0.0001
2023-02-23 00:00:00.006000+00:00,0.0001,0.0001
2023-02-23 08:00:00.005000+00:00,3.506e-05,0.0001
2023-02-23 16:00:00.002000+00:00,3.631e-05,0.0001
2023-02-24 00:00:00.015000+00:00,4.978e-05,0.0001
2023-02-24 08:00:00.011000+00:00,4.949e-05,0.0001
2023-02-24 16:00:00.014000+00:00,5.44e-05,0.0001
2023-02-25 00:00:00.015000+00:00,1.183e-05,-3.219e-05
2023-02-25 08:00:00.015000+00:00,6.1e-06,0.0001
2023-02-25 16:00:00.015000+00:00,-4.8e-07,0.0001
2023-02-26 00:00:00.007000+00:00,7.372e-05,-4.144e-05
2023-02-26 08:00:00.012000+00:00,2.76e-05,-7.838e-05
2023-02-26 16:00:00+00:00,6.581e-05,-1.898e-05
2023-02-27 00:00:00.011000+00:00,8.144e-05,5.327e-05
2023-02-27 08:00:00.003000+00:00,1.196e-05,0.0001
2023-02-27 16:00:00+00:00,6.826e-05,8.837e-05
2023-02-28 00:00:00.011000+00:00,3.414e-05,5.76e-05
2023-02-28 08:00:00.018000+00:00,1.985e-05,0.0001
2023-02-28 16:00:00.005000+00:00,5.95e-05,8.349e-05
2023-03-01 00:00:00.016000+00:00,1.85e-06,5.877e-05
2023-03-01 08:00:00+00:00,0.0001,0.0001
2023-03-01 16:00:00.008000+00:00,0.0001,0.0001
2023-03-02 00:00:00.009000+00:00,8.612e-05,0.0001
2023-03-02 08:00:00.013000+00:00,8.703e-05,0.0001
2023-03-02 16:00:00+00:00,8.395e-05,-8.101e-05
2023-03-03 00:00:00+00:00,0.0001,2.047e-05
2023-03-03 08:00:00.013000+00:00,-4.203e-05,2.627e-05
2023-03-03 16:00:00+00:00,-2.26e-06,9.745e-05
2023-03-04 00:00:00.001000+00:00,5.3e-06,6.271e-05
2023-03-04 08:00:00.008000+00:00,3.812e-05,4.321e-05
2023-03-04 16:00:00.012000+00:00,2.104e-05,0.0001
2023-03-05 00:00:00+00:00,1.874e-05,0.0001
2023-03-05 08:00:00+00:00,5.44e-06,0.0001
2023-03-05 16:00:00.015000+00:00,3.706e-05,0.0001
2023-03-06 00:00:00.007000+00:00,4.054e-05,0.0001
2023-03-06 08:00:00.017000+00:00,5.46e-05,3.586e-05
2023-03-06 16:00:00+00:00,5.414e-05,-2.168e-05
2023-03-07 00:00:00.009000+00:00,1.173e-05,-9.6e-05
2023-03-07 08:00:00.016000+00:00,4.375e-05,-7.843e-05
2023-03-07 16:00:00.017000+00:00,2.631e-05,-0.00011785
2023-03-08 00:00:00+00:00,2.917e-05,-5.279e-05
2023-03-08 08:00:00.014000+00:00,3.816e-05,-0.00015628
2023-03-08 16:00:00.021000+00:00,0.0001,-0.00015932
2023-03-09 00:00:00.010000+00:00,0.0001,-4.86e-05
2023-03-09 08:00:00.013000+00:00,0.0001,-0.00015189
2023-03-09 16:00:00.002000+00:00,0.0001,0.0001
2023-03-10 00:00:00+00:00,-8.895e-05,-0.00018592
2023-03-10 08:00:00+00:00,5.26e-06,8.585e-05
2023-03-10 16:00:00.005000+00:00,-1.647e-05,-0.00019429
2023-03-11 00:00:00.011000+00:00,2.364e-05,-0.00036773
2023-03-11 08:00:00.003000+00:00,-2.296e-05,-0.0001919
2023-03-11 16:00:00.011000+00:00,-2.341e-05,-0.00035499
2023-03-12 00:00:00.001000+00:00,3.76e-06,-0.00013186
2023-03-12 08:00:00+00:00,9.088e-05,6.8e-05
2023-03-12 16:00:00.005000+00:00,-4.068e-05,-0.00019726
2023-03-13 00:00:00.010000+00:00,0.0001,0.0001
2023-03-13 08:00:00.018000+00:00,6.011e-05,0.0001
2023-03-13 16:00:00.003000+00:00,0.0001,0.0001
2023-03-14 00:00:00.010000+00:00,0.00015042,0.0001
2023-03-14 08:00:00.009000+00:00,0.0001,0.0001
2023-03-14 16:00:00.010000+00:00,0.00029811,0.0001
2023-03-15 00:00:00.011000+00:00,0.0001,0.00018064
2023-03-15 08:00:00+00:00,0.00024127,0.0001
2023-03-15 16:00:00.012000+00:00,0.00022126,0.0001
2023-03-16 00:00:00.004000+00:00,0.0001,-0.00010063
2023-03-16 08:00:00.018000+00:00,0.0001,0.0001
2023-03-16 16:00:00.005000+00:00,0.0001,-0.00017595
2023-03-17 00:00:00.017000+00:00,3.311e-05,6.18e-06
2023-03-17 08:00:00.010000+00:00,0.0001,-3.828e-05
2023-03-17 16:00:00.003000+00:00,0.0001,-5.87e-05
2023-03-18 00:00:00.012000+00:00,0.0001,0.0001
2023-03-18 08:00:00+00:00,0.0001,0.00027581
2023-03-18 16:00:00.016000+00:00,0.0001,0.0001
2023-03-19 00:00:00.013000+00:00,0.0001,0.0001
2023-03-19 08:00:00.024000+00:00,0.0001,0.0001
2023-03-19 16:00:00+00:00,0.0001,0.0001
2023-03-20 00:00:00.005000+00:00,0.0001,0.0001
2023-03-20 08:00:00.012000+00:00,9.081e-05,0.0001
2023-03-20 16:00:00.015000+00:00,0.0001,0.0001
2023-03-21 00:00:00.006000+00:00,8.118e-05,0.0001
2023-03-21 08:00:00.004000+00:00,1.254e-05,0.0001
2023-03-21 16:00:00.003000+00:00,2.92e-06,0.0001
2023-03-22 00:00:00+00:00,2.68e-06,0.0001
2023-03-22 08:00:00.003000+00:00,6e-08,6.109e-05
2023-03-22 16:00:00+00:00,5.334e-05,0.0001
2023-03-23 00:00:00.016000+00:00,2.48e-06,-8.698e-05
2023-03-23 08:00:00.001000+00:00,-1.09e-05,1.638e-05
2023-03-23 16:00:00.013000+00:00,0.0001,0.0001
2023-03-24 00:00:00.013000+00:00,0.0001,0.0001
2023-03-24 08:00:00.012000+00:00,0.0001,0.0001
2023-03-24 16:00:00.027000+00:00,0.0001,0.0001
2023-03-25 00:00:00.015000+00:00,-3.1e-06,-6.551e-05
2023-03-25 08:00:00.011000+00:00,4.25e-06,-5.825e-05
2023-03-25 16:00:00.011000+00:00,2.92e-06,-4.6e-05
2023-03-26 00:00:00+00:00,6.1e-07,-0.00010361
2023-03-26 08:00:00.015000+00:00,-3.326e-05,-2.291e-05
2023-03-26 16:00:00+00:00,3.634e-05,-4.191e-05
2023-03-27 00:00:00.019000+00:00,2.905e-05,0.0001
2023-03-27 08:00:00.009000+00:00,2.409e-05,3.888e-05
2023-03-27 16:00:00+00:00,-3.96e-06,2.013e-05
2023-03-28 00:00:00.007000+00:00,-1.428e-05,-0.00017394
2023-03-28 08:00:00+00:00,1.123e-05,8.36e-05
2023-03-28 16:00:00.013000+00:00,7.531e-05,-2.188e-05
2023-03-29 00:00:00.010000+00:00,6.075e-05,-0.00016763
2023-03-29 08:00:00.006000+00:00,7.098e-05,0.0001
2023-03-29 16:00:00.014000+00:00,0.0001,8.936e-05
2023-03-30 00:00:00+00:00,6.987e-05,4.312e-05
2023-03-30 08:00:00+00:00,5.638e-05,7.675e-05
2023-03-30 16:00:00.006000+00:00,1.123e-05,-6.11e-05
2023-03-31 00:00:00.003000+00:00,-2.712e-05,-0.00011842
2023-03-31 08:00:00.006000+00:00,6.358e-05,-3.734e-05
2023-03-31 16:00:00.011000+00:00,0.0001,-1.814e-05
2023-04-01 00:00:00+00:00,0.0001,0.0001
2023-04-01 08:00:00+00:00,0.0001,0.0001
2023-04-01 16:00:00.018000+00:00,8.84e-05,0.0001
2023-04-02 00:00:00.013000+00:00,4.527e-05,0.0001
2023-04-02 08:00:00.014000+00:00,6.893e-05,0.0001
2023-04-02 16:00:00.001000+00:00,4.514e-05,6.11e-06
2023-04-03 00:00:00+00:00,1.759e-05,-0.00014684
2023-04-03 08:00:00.013000+00:00,-1.24e-05,2.36e-05
2023-04-03 16:00:00.011000+00:00,5.688e-05,7.659e-05
2023-04-04 00:00:00.002000+00:00,-6.009e-05,7.915e-05
2023-04-04 08:00:00.017000+00:00,-1.357e-05,2.383e-05
2023-04-04 16:00:00.008000+00:00,-1.276e-05,0.0001
2023-04-05 00:00:00+00:00,2.76e-05,0.0001
2023-04-05 08:00:00.016000+00:00,8.517e-05,0.0001
2023-04-05 16:00:00.004000+00:00,5.265e-05,0.0001
2023-04-06 00:00:00+00:00,1.442e-05,0.0001
2023-04-06 08:00:00.011000+00:00,3.598e-05,8.021e-05
2023-04-06 16:00:00+00:00,-2.975e-05,1.019e-05
2023-04-07 00:00:00.006000+00:00,1.004e-05,4.2e-07
2023-04-07 08:00:00.005000+00:00,-1.473e-05,-7.207e-05
2023-04-07 16:00:00+00:00,1.055e-05,2.05e-06
2023-04-08 00:00:00+00:00,2.68e-06,0.0001
2023-04-08 08:00:00.014000+00:00,4.66e-06,4.752e-05
2023-04-08 16:00:00.018000+00:00,3.192e-05,8.084e-05
2023-04-09 00:00:00.013000+00:00,9.5e-06,8.52e-06
2023-04-09 08:00:00.024000+00:00,-9.04e-06,-1.384e-05
2023-04-09 16:00:00.010000+00:00,-8.53e-06,8.973e-05
2023-04-10 00:00:00+00:00,0.0001,0.0001
2023-04-10 08:00:00.010000+00:00,0.0001,6.116e-05
2023-04-10 16:00:00.006000+00:00,6.167e-05,0.0001
2023-04-11 00:00:00.008000+00:00,0.0001,0.0001
2023-04-11 08:00:00.007000+00:00,0.0001,0.0001
2023-04-11 16:00:00.016000+00:00,0.0001,0.0001
2023-04-12 00:00:00.006000+00:00,9.582e-05,0.0001
2023-04-12 08:00:00.008000+00:00,8.195e-05,0.0001
2023-04-12 16:00:00.014000+00:00,1.747e-05,0.0001
2023-04-13 00:00:00.027000+00:00,6.665e-05,2.795e-05
2023-04-13 08:00:00.010000+00:00,4.427e-05,6.992e-05
2023-04-13 16:00:00+00:00,0.0001,0.0001
2023-04-14 00:00:00.001000+00:00,-1.13e-06,0.0001
2023-04-14 08:00:00.008000+00:00,0.0001,0.0001
2023-04-14 16:00:00.007000+00:00,3.42e-05,0.0001
2023-04-15 00:00:00.007000+00:00,-4.975e-05,0.0001
2023-04-15 08:00:00.007000+00:00,8.455e-05,0.0001
2023-04-15 16:00:00.011000+00:00,0.0001,0.0001
2023-04-16 00:00:00.014000+00:00,7.144e-05,0.0001
2023-04-16 08:00:00.007000+00:00,0.0001,0.00025575
2023-04-16 16:00:00.002000+00:00,0.0001,0.0001
2023-04-17 00:00:00.017000+00:00,0.0001,0.0002925
2023-04-17 08:00:00.006000+00:00,7.376e-05,0.00035646
2023-04-17 16:00:00+00:00,0.0001,0.00013821
2023-04-18 00:00:00.013000+00:00,4.683e-05,0.0001
2023-04-18 08:00:00.017000+00:00,-5.1e-06,0.0001
2023-04-18 16:00:00+00:00,6.772e-05,0.0001
2023-04-19 00:00:00.022000+00:00,0.0001,0.0001
2023-04-19 08:00:00.014000+00:00,6.231e-05,0.0001
2023-04-19 16:00:00+00:00,-8.1e-07,-5.574e-05
2023-04-20 00:00:00.010000+00:00,8.579e-05,0.0001
2023-04-20 08:00:00.012000+00:00,3.668e-05,0.0001
2023-04-20 16:00:00.012000+00:00,5.898e-05,0.0001
2023-04-21 00:00:00.009000+00:00,6.297e-05,-3.575e-05
2023-04-21 08:00:00.009000+00:00,0.0001,0.0001
2023-04-21 16:00:00.003000+00:00,0.0001,0.0001
2023-04-22 00:00:00+00:00,0.0001,-1.147e-05
2023-04-22 08:00:00+00:00,6.858e-05,9.14e-06
2023-04-22 16:00:00.016000+00:00,2.09e-05,-3.008e-05
2023-04-23 00:00:00.009000+00:00,3.768e-05,-4.662e-05
2023-04-23 08:00:00.020000+00:00,1.376e-05,7.476e-05
2023-04-23 16:00:00.007000+00:00,2.369e-05,9.355e-05
2023-04-24 00:00:00+00:00,4.679e-05,3.83e-06
2023-04-24 08:00:00.008000+00:00,3.694e-05,9.297e-05
2023-04-24 16:00:00.006000+00:00,2.63e-05,0.0001
2023-04-25 00:00:00.014000+00:00,5.066e-05,-1.61e-05
2023-04-25 08:00:00.009000+00:00,6.606e-05,-2.918e-05
2023-04-25 16:00:00.015000+00:00,8.541e-05,1.692e-05
2023-04-26 00:00:00.015000+00:00,4.346e-05,5.839e-05
2023-04-26 08:00:00.013000+00:00,1.686e-05,1.365e-05
2023-04-26 16:00:00.001000+00:00,0.0001,0.0001
2023-04-27 00:00:00.014000+00:00,2.518e-05,-0.00012155
2023-04-27 08:00:00.008000+00:00,5.769e-05,2.06e-05
2023-04-27 16:00:00.005000+00:00,3.265e-05,5.188e-05
2023-04-28 00:00:00.011000+00:00,0.0001,0.0001
2023-04-28 08:00:00.007000+00:00,0.0001,0.0001
2023-04-28 16:00:00.006000+00:00,4.476e-05,0.0001
2023-04-29 00:00:00.004000+00:00,3.7e-07,6.328e-05
2023-04-29 08:00:00.016000+00:00,6.751e-05,0.0001
2023-04-29 16:00:00.001000+00:00,7.826e-05,0.0001
2023-04-30 00:00:00.008000+00:00,3.132e-05,5.413e-05
2023-04-30 08:00:00+00:00,3.501e-05,7.129e-05
2023-04-30 16:00:00.010000+00:00,6.078e-05,0.0001
2023-05-01 00:00:00.004000+00:00,2.435e-05,0.0001
2023-05-01 08:00:00.008000+00:00,-6.37e-05,1.535e-05
2023-05-01 16:00:00.014000+00:00,5.66e-06,0.0001
2023-05-02 00:00:00.015000+00:00,9.68e-06,6.98e-06
2023-05-02 08:00:00.018000+00:00,6.135e-05,3.889e-05
2023-05-02 16:00:00+00:00,1.204e-05,-4.732e-05
2023-05-03 00:00:00.009000+00:00,8.568e-05,2.069e-05
2023-05-03 08:00:00.003000+00:00,5.435e-05,3.138e-05
2023-05-03 16:00:00.011000+00:00,5.701e-05,3.849e-05
2023-05-04 00:00:00+00:00,0.0001,-2.27e-06
2023-05-04 08:00:00+00:00,9.992e-05,0.0001
2023-05-04 16:00:00.011000+00:00,4.314e-05,0.0001
2023-05-05 00:00:00.002000+00:00,3.731e-05,0.0001
2023-05-05 08:00:00+00:00,9.909e-05,3.223e-05
2023-05-05 16:00:00+00:00,8.548e-05,0.0001
2023-05-06 00:00:00.009000+00:00,0.0001,0.0001
2023-05-06 08:00:00+00:00,0.0001,0.0001
2023-05-06 16:00:00+00:00,0.0001,2.441e-05
2023-05-07 00:00:00+00:00,4.321e-05,3.648e-05
2023-05-07 08:00:00+00:00,4.047e-05,-2.12e-05
2023-05-07 16:00:00.006000+00:00,6.046e-05,6.249e-05
2023-05-08 00:00:00+00:00,7.2e-06,0.0001
2023-05-08 08:00:00.007000+00:00,4.07e-06,-7.742e-05
2023-05-08 16:00:00.015000+00:00,3.902e-05,2.595e-05
2023-05-09 00:00:00.015000+00:00,5.11e-05,-0.00019637
2023-05-09 08:00:00+00:00,6.841e-05,-5.327e-05
2023-05-09 16:00:00+00:00,3.78e-06,-5.678e-05
2023-05-10 00:00:00.007000+00:00,3.752e-05,-4.287e-05
2023-05-10 08:00:00.003000+00:00,4.785e-05,2.809e-05
2023-05-10 16:00:00+00:00,3.792e-05,-2.9e-07
2023-05-11 00:00:00.011000+00:00,1.596e-05,7.952e-05
2023-05-11 08:00:00+00:00,6.926e-05,2.605e-05
2023-05-11 16:00:00.005000+00:00,5.207e-05,2.286e-05
2023-05-12 00:00:00.020000+00:00,3.633e-05,1.031e-05
2023-05-12 08:00:00.001000+00:00,3.964e-05,8.362e-05
2023-05-12 16:00:00.010000+00:00,2.762e-05,8.03e-06
2023-05-13 00:00:00+00:00,-1e-07,1.245e-05
2023-05-13 08:00:00+00:00,5.385e-05,6.953e-05
2023-05-13 16:00:00.026000+00:00,4.494e-05,0.0001
2023-05-14 00:00:00.029000+00:00,1.715e-05,7.69e-05
2023-05-14 08:00:00.010000+00:00,3.039e-05,6.449e-05
2023-05-14 16:00:00.008000+00:00,3.537e-05,6.799e-05
2023-05-15 00:00:00.006000+00:00,4.407e-05,8.94e-06
2023-05-15 08:00:00.005000+00:00,-1.576e-05,6.491e-05
2023-05-15 16:00:00.008000+00:00,-1.9e-06,8.447e-05
2023-05-16 00:00:00.021000+00:00,8.66e-05,0.0001
2023-05-16 08:00:00+00:00,3.165e-05,6.067e-05
2023-05-16 16:00:00+00:00,5.8e-05,0.0001
2023-05-17 00:00:00.010000+00:00,8.392e-05,3.051e-05
2023-05-17 08:00:00+00:00,7.029e-05,0.0001
2023-05-17 16:00:00.001000+00:00,4.461e-05,9.695e-05
2023-05-18 00:00:00+00:00,0.0001,0.0001
2023-05-18 08:00:00.026000+00:00,0.0001,0.0001
2023-05-18 16:00:00.019000+00:00,8.342e-05,2.95e-05
2023-05-19 00:00:00+00:00,2.716e-05,-9.122e-05
2023-05-19 08:00:00.002000+00:00,4.474e-05,2.946e-05
2023-05-19 16:00:00+00:00,3.815e-05,8.946e-05
2023-05-20 00:00:00.005000+00:00,5.313e-05,9.555e-05
2023-05-20 08:00:00.014000+00:00,2.455e-05,2.515e-05
2023-05-20 16:00:00.020000+00:00,-8.49e-06,3.057e-05
2023-05-21 00:00:00.014000+00:00,4.776e-05,0.0001
2023-05-21 08:00:00.001000+00:00,7.262e-05,0.0001
2023-05-21 16:00:00.015000+00:00,5.071e-05,9.479e-05
2023-05-22 00:00:00.028000+00:00,3.019e-05,2.963e-05
2023-05-22 08:00:00+00:00,2.1e-06,7.846e-05
2023-05-22 16:00:00.012000+00:00,4.77e-05,0.0001
2023-05-23 00:00:00.006000+00:00,0.0001,0.0001
2023-05-23 08:00:00.014000+00:00,0.0001,9.997e-05
2023-05-23 16:00:00.008000+00:00,0.0001,0.0001
2023-05-24 00:00:00+00:00,0.0001,0.0001
2023-05-24 08:00:00.025000+00:00,2.067e-05,6.455e-05
2023-05-24 16:00:00.008000+00:00,4.362e-05,9.78e-05
2023-05-25 00:00:00+00:00,5.82e-05,5.668e-05
2023-05-25 08:00:00.025000+00:00,0.0001,5.885e-05
2023-05-25 16:00:00.016000+00:00,0.0001,0.0001
2023-05-26 00:00:00+00:00,0.0001,0.0001
2023-05-26 08:00:00.024000+00:00,9.583e-05,0.0001
2023-05-26 16:00:00.012000+00:00,4.953e-05,0.0001
2023-05-27 00:00:00.012000+00:00,7.146e-05,0.0001
2023-05-27 08:00:00.018000+00:00,8.564e-05,0.0001
2023-05-27 16:00:00.008000+00:00,7.362e-05,0.0001
2023-05-28 00:00:00.017000+00:00,9.88e-05,0.0001
2023-05-28 08:00:00.015000+00:00,0.0001,0.0001
2023-05-28 16:00:00+00:00,0.0001,0.0001
2023-05-29 00:00:00+00:00,0.0001,0.0001
2023-05-29 08:00:00.020000+00:00,0.0001,0.0001
2023-05-29 16:00:00.011000+00:00,0.0001,0.0001
2023-05-30 00:00:00.003000+00:00,6.187e-05,0.0001
2023-05-30 08:00:00+00:00,9.036e-05,0.0001
2023-05-30 16:00:00.003000+00:00,3.861e-05,0.0001
2023-05-31 00:00:00.013000+00:00,2.344e-05,0.0001
2023-05-31 08:00:00+00:00,2.864e-05,0.0001
2023-05-31 16:00:00+00:00,9.865e-05,0.0001
2023-06-01 00:00:00.008000+00:00,2.096e-05,0.0001
2023-06-01 08:00:00.012000+00:00,9.641e-05,0.0001
2023-06-01 16:00:00+00:00,0.0001,0.0001
2023-06-02 00:00:00+00:00,4.77e-05,0.0001
2023-06-02 08:00:00.006000+00:00,9.266e-05,0.0001
2023-06-02 16:00:00.012000+00:00,9.946e-05,0.0001
2023-06-03 00:00:00+00:00,7.42e-05,0.0001
2023-06-03 08:00:00.011000+00:00,0.0001,0.0001
2023-06-03 16:00:00.003000+00:00,5.566e-05,0.0001
2023-06-04 00:00:00+00:00,4.85e-05,0.0001
2023-06-04 08:00:00+00:00,0.0001,0.0001
2023-06-04 16:00:00+00:00,0.0001,0.0001
2023-06-05 00:00:00.005000+00:00,0.0001,0.0001
2023-06-05 08:00:00+00:00,9.538e-05,0.0001
2023-06-05 16:00:00+00:00,7.856e-05,0.0001
2023-06-06 00:00:00+00:00,-7.157e-05,-7.522e-05
2023-06-06 08:00:00.009000+00:00,-3.047e-05,-1.215e-05
2023-06-06 16:00:00.013000+00:00,4.288e-05,6.245e-05
2023-06-07 00:00:00+00:00,0.0001,0.0001
2023-06-07 08:00:00.016000+00:00,0.0001,0.0001
2023-06-07 16:00:00+00:00,4.005e-05,8.161e-05
2023-06-08 00:00:00.006000+00:00,5.504e-05,-2.973e-05
2023-06-08 08:00:00+00:00,3.09e-05,-6.138e-05
2023-06-08 16:00:00+00:00,4.011e-05,-3.987e-05
2023-06-09 00:00:00+00:00,6.588e-05,-1.99e-05
2023-06-09 08:00:00+00:00,7.916e-05,2.244e-05
2023-06-09 16:00:00+00:00,4.404e-05,4.756e-05
2023-06-10 00:00:00+00:00,8.702e-05,4.312e-05
2023-06-10 08:00:00+00:00,2.417e-05,-0.00018689
2023-06-10 16:00:00+00:00,3.854e-05,-0.00045568
2023-06-11 00:00:00.001000+00:00,4.45e-05,-0.00025962
2023-06-11 08:00:00+00:00,3.197e-05,-0.00039139
2023-06-11 16:00:00+00:00,5.925e-05,-0.00011432
2023-06-12 00:00:00+00:00,8.66e-05,-5.452e-05
2023-06-12 08:00:00+00:00,3.065e-05,-0.00010351
2023-06-12 16:00:00.001000+00:00,3.624e-05,0.0001
2023-06-13 00:00:00+00:00,0.0001,-6.7e-06
2023-06-13 08:00:00+00:00,6.18e-05,8.95e-06
2023-06-13 16:00:00+00:00,6.503e-05,-1.734e-05
2023-06-14 00:00:00+00:00,2.438e-05,-6.216e-05
2023-06-14 08:00:00+00:00,2.716e-05,-9.959e-05
2023-06-14 16:00:00+00:00,3.661e-05,-3.849e-05
2023-06-15 00:00:00+00:00,-3.265e-05,-3.913e-05
2023-06-15 08:00:00+00:00,6.193e-05,-0.0001096
2023-06-15 16:00:00+00:00,6.687e-05,0.0001
2023-06-16 00:00:00+00:00,3.971e-05,2.986e-05
2023-06-16 08:00:00+00:00,7.81e-06,3.481e-05
2023-06-16 16:00:00+00:00,2.36e-06,-4.6e-06
2023-06-17 00:00:00+00:00,9.868e-05,-3.146e-05
2023-06-17 08:00:00+00:00,0.0001,5.237e-05
2023-06-17 16:00:00+00:00,7.543e-05,6.248e-05
2023-06-18 00:00:00+00:00,3.706e-05,-2.892e-05
2023-06-18 08:00:00+00:00,8.233e-05,-5.493e-05
2023-06-18 16:00:00+00:00,6.705e-05,-1.03e-06
2023-06-19 00:00:00+00:00,7.04e-05,-6.35e-05
2023-06-19 08:00:00+00:00,6.397e-05,-8.954e-05
2023-06-19 16:00:00+00:00,3.69e-05,-4.972e-05
2023-06-20 00:00:00.001000+00:00,4.35e-05,-0.0001454
2023-06-20 08:00:00+00:00,-4.48e-06,-8.12e-06
2023-06-20 16:00:00+00:00,-2.597e-05,1.7e-06
2023-06-21 00:00:00+00:00,6.295e-05,5.55e-06
2023-06-21 08:00:00+00:00,0.0001,7.67e-05
2023-06-21 16:00:00+00:00,2.551e-05,1.523e-05
2023-06-22 00:00:00+00:00,0.0001,5.684e-05
2023-06-22 08:00:00.001000+00:00,0.0001,1.267e-05
2023-06-22 16:00:00+00:00,9.236e-05,-9.97e-06
2023-06-23 00:00:00+00:00,0.0001,8.86e-05
2023-06-23 08:00:00+00:00,0.0001,0.0001
2023-06-23 16:00:00+00:00,0.0001,-3.27e-06
2023-06-24 00:00:00+00:00,0.0001,-5.354e-05
2023-06-24 08:00:00+00:00,0.0001,8.164e-05
2023-06-24 16:00:00+00:00,0.0001,1.615e-05
2023-06-25 00:00:00+00:00,0.0001,-9.403e-05
2023-06-25 08:00:00+00:00,0.0001,4.045e-05
2023-06-25 16:00:00+00:00,0.0001,2.049e-05
2023-06-26 00:00:00+00:00,0.0001,2.481e-05
2023-06-26 08:00:00+00:00,0.0001,-6.749e-05
2023-06-26 16:00:00+00:00,0.0001,5.956e-05
2023-06-27 00:00:00+00:00,0.0001,-2.886e-05
2023-06-27 08:00:00+00:00,0.0001,0.0001
2023-06-27 16:00:00+00:00,0.0001,0.0001
2023-06-28 00:00:00+00:00,0.0001,0.0001
2023-06-28 08:00:00+00:00,9.302e-05,-1.801e-05
2023-06-28 16:00:00+00:00,4.598e-05,5.458e-05
2023-06-29 00:00:00+00:00,6.574e-05,1.7e-05
2023-06-29 08:00:00+00:00,9.3e-05,0.0001
2023-06-29 16:00:00+00:00,0.0001,0.0001
2023-06-30 00:00:00+00:00,0.0001,4.827e-05
2023-06-30 08:00:00+00:00,0.0001,0.0001
2023-06-30 16:00:00.001000+00:00,0.0001,0.0001
2023-07-01 00:00:00+00:00,0.0001,0.0001
2023-07-01 08:00:00+00:00,0.0001,0.0001
2023-07-01 16:00:00+00:00,0.0001,2.201e-05
2023-07-02 00:00:00+00:00,0.0001,0.0001
2023-07-02 08:00:00+00:00,0.0001,0.0001
2023-07-02 16:00:00.001000+00:00,0.0001,0.0001
2023-07-03 00:00:00+00:00,0.0001,0.0001
2023-07-03 08:00:00+00:00,0.0001,0.0001
2023-07-03 16:00:00+00:00,0.0001,0.0001
2023-07-04 00:00:00.001000+00:00,0.0001,6.327e-05
2023-07-04 08:00:00+00:00,0.0001,0.0001
2023-07-04 16:00:00+00:00,0.0001,0.0001
2023-07-05 00:00:00+00:00,0.0001,0.0001
2023-07-05 08:00:00+00:00,0.0001,0.0001
2023-07-05 16:00:00+00:00,0.0001,4.304e-05
2023-07-06 00:00:00+00:00,0.0001,-5.29e-06
2023-07-06 08:00:00+00:00,7.72e-05,0.0001
2023-07-06 16:00:00+00:00,1.492e-05,0.0001
2023-07-07 00:00:00+00:00,6.98e-06,0.0001
2023-07-07 08:00:00+00:00,4.221e-05,8.838e-05
2023-07-07 16:00:00+00:00,-6.58e-06,-0.00022841
2023-07-08 00:00:00+00:00,3.757e-05,-5.703e-05
2023-07-08 08:00:00+00:00,2.631e-05,1.315e-05
2023-07-08 16:00:00+00:00,1.686e-05,0.0001
2023-07-09 00:00:00+00:00,5.707e-05,-0.00011345
2023-07-09 08:00:00+00:00,6.821e-05,1.049e-05
2023-07-09 16:00:00+00:00,6.153e-05,0.0001
2023-07-10 00:00:00+00:00,-2.182e-05,0.0001
2023-07-10 08:00:00+00:00,4.85e-05,0.0001
2023-07-10 16:00:00+00:00,2.995e-05,-5.346e-05
2023-07-11 00:00:00+00:00,8.01e-05,-0.00013561
2023-07-11 08:00:00+00:00,8.265e-05,-2.651e-05
2023-07-11 16:00:00+00:00,3.954e-05,2.775e-05
2023-07-12 00:00:00+00:00,7.041e-05,1.497e-05
2023-07-12 08:00:00+00:00,6.479e-05,-2.714e-05
2023-07-12 16:00:00+00:00,4.65e-05,4.12e-05
2023-07-13 00:00:00+00:00,-1.135e-05,9.789e-05
2023-07-13 08:00:00+00:00,6.12e-05,-6.37e-06
2023-07-13 16:00:00+00:00,5.29e-06,-0.00021919
2023-07-14 00:00:00+00:00,0.0001,0.0001
2023-07-14 08:00:00+00:00,0.0001,0.00029523
2023-07-14 16:00:00+00:00,0.0001,0.00017912
2023-07-15 00:00:00+00:00,-7.313e-05,0.0001
2023-07-15 08:00:00+00:00,3.007e-05,0.0001
2023-07-15 16:00:00+00:00,2.984e-05,0.0001
2023-07-16 00:00:00.001000+00:00,1.993e-05,0.0001
2023-07-16 08:00:00+00:00,7.772e-05,0.0001
2023-07-16 16:00:00+00:00,4.583e-05,0.0001
2023-07-17 00:00:00+00:00,2.785e-05,0.0001
2023-07-17 08:00:00+00:00,6.278e-05,0.0001
2023-07-17 16:00:00+00:00,6.261e-05,0.0001
2023-07-18 00:00:00+00:00,3.983e-05,9.171e-05
2023-07-18 08:00:00+00:00,6.798e-05,0.0001
2023-07-18 16:00:00+00:00,7.477e-05,0.0001
2023-07-19 00:00:00+00:00,0.0001,0.0001
2023-07-19 08:00:00+00:00,5.224e-05,0.0001
2023-07-19 16:00:00.001000+00:00,7.69e-05,0.0001
2023-07-20 00:00:00+00:00,2.652e-05,7.165e-05
2023-07-20 08:00:00+00:00,9.641e-05,0.0001
2023-07-20 16:00:00+00:00,5.563e-05,0.0001
2023-07-21 00:00:00.001000+00:00,2.877e-05,1.25e-05
2023-07-21 08:00:00+00:00,7.77e-06,-1.51e-06
2023-07-21 16:00:00+00:00,3.717e-05,7.977e-05
2023-07-22 00:00:00+00:00,2.195e-05,2.099e-05
2023-07-22 08:00:00+00:00,9.44e-06,0.0001
2023-07-22 16:00:00+00:00,1.77e-06,0.0001
2023-07-23 00:00:00+00:00,2.908e-05,8.045e-05
2023-07-23 08:00:00+00:00,0.0001,6.786e-05
2023-07-23 16:00:00+00:00,9.372e-05,0.0001
2023-07-24 00:00:00+00:00,0.0001,5.539e-05
2023-07-24 08:00:00+00:00,4.338e-05,8.79e-05
2023-07-24 16:00:00+00:00,0.0001,0.0001
2023-07-25 00:00:00+00:00,7.702e-05,2.921e-05
2023-07-25 08:00:00+00:00,6.913e-05,4.666e-05
2023-07-25 16:00:00+00:00,9.465e-05,-2.252e-05
2023-07-26 00:00:00+00:00,9.451e-05,9.281e-05
2023-07-26 08:00:00.001000+00:00,0.0001,-1.83e-06
2023-07-26 16:00:00+00:00,5.768e-05,4.654e-05
2023-07-27 00:00:00+00:00,3.136e-05,0.0001
2023-07-27 08:00:00+00:00,3.83e-05,2.473e-05
2023-07-27 16:00:00.001000+00:00,2.876e-05,1.048e-05
2023-07-28 00:00:00+00:00,4.373e-05,0.0001
2023-07-28 08:00:00+00:00,6.675e-05,0.0001
2023-07-28 16:00:00+00:00,0.0001,0.0001
2023-07-29 00:00:00+00:00,0.0001,0.0001
2023-07-29 08:00:00+00:00,4.567e-05,0.0001
2023-07-29 16:00:00.001000+00:00,7.53e-05,8.555e-05
2023-07-30 00:00:00+00:00,8.151e-05,0.0001
2023-07-30 08:00:00+00:00,5.56e-05,9.213e-05
2023-07-30 16:00:00+00:00,4.357e-05,0.0001
2023-07-31 00:00:00+00:00,2.369e-05,9.232e-05
2023-07-31 08:00:00+00:00,7.362e-05,-2.568e-05
2023-07-31 16:00:00.001000+00:00,8.239e-05,4.713e-05
2023-08-01 00:00:00+00:00,6.3e-05,0.0001
2023-08-01 08:00:00+00:00,6.768e-05,7.943e-05
2023-08-01 16:00:00+00:00,0.0001,6.97e-05
2023-08-02 00:00:00+00:00,0.0001,1.932e-05
2023-08-02 08:00:00+00:00,0.0001,1.057e-05
2023-08-02 16:00:00+00:00,0.0001,3.245e-05
2023-08-03 00:00:00+00:00,0.0001,-2.37e-05
2023-08-03 08:00:00+00:00,0.0001,0.0001
2023-08-03 16:00:00.001000+00:00,0.0001,-3.185e-05
2023-08-04 00:00:00+00:00,8.116e-05,1.777e-05
2023-08-04 08:00:00+00:00,0.0001,9.93e-06
2023-08-04 16:00:00+00:00,0.0001,5.856e-05
2023-08-05 00:00:00+00:00,4.181e-05,0.0001
2023-08-05 08:00:00+00:00,0.0001,2.082e-05
2023-08-05 16:00:00.001000+00:00,0.0001,4.43e-05
2023-08-06 00:00:00+00:00,0.0001,-3.498e-05
2023-08-06 08:00:00.001000+00:00,0.0001,0.0001
2023-08-06 16:00:00.005000+00:00,0.0001,0.0001
2023-08-07 00:00:00+00:00,0.0001,0.0001
2023-08-07 08:00:00+00:00,7.669e-05,7.203e-05
2023-08-07 16:00:00+00:00,0.0001,0.0001
2023-08-08 00:00:00+00:00,0.0001,7.405e-05
2023-08-08 08:00:00+00:00,9.136e-05,0.0001
2023-08-08 16:00:00+00:00,5.944e-05,9.805e-05
2023-08-09 00:00:00+00:00,8.11e-05,9.326e-05
2023-08-09 08:00:00+00:00,9.527e-05,7.15e-06
2023-08-09 16:00:00+00:00,8.877e-05,6.361e-05
2023-08-10 00:00:00.001000+00:00,0.0001,0.0001
2023-08-10 08:00:00+00:00,0.0001,0.0001
2023-08-10 16:00:00+00:00,8.277e-05,0.0001
2023-08-11 00:00:00+00:00,0.0001,5.018e-05
2023-08-11 08:00:00+00:00,0.0001,0.0001
2023-08-11 16:00:00+00:00,7.123e-05,0.0001
2023-08-12 00:00:00+00:00,0.0001,0.0001
2023-08-12 08:00:00+00:00,0.0001,0.0001
2023-08-12 16:00:00+00:00,9.305e-05,0.0001
2023-08-13 00:00:00+00:00,0.0001,7.464e-05
2023-08-13 08:00:00+00:00,4.637e-05,5.155e-05
2023-08-13 16:00:00+00:00,0.0001,0.0001
2023-08-14 00:00:00.001000+00:00,0.0001,0.0001
2023-08-14 08:00:00+00:00,0.0001,7.157e-05
2023-08-14 16:00:00+00:00,0.0001,3.069e-05
2023-08-15 00:00:00.001000+00:00,0.0001,7.225e-05
2023-08-15 08:00:00+00:00,0.0001,0.0001
2023-08-15 16:00:00+00:00,0.0001,0.0001
2023-08-16 00:00:00+00:00,0.0001,0.0001
2023-08-16 08:00:00.001000+00:00,0.0001,0.0001
2023-08-16 16:00:00+00:00,0.0001,5.907e-05
2023-08-17 00:00:00+00:00,0.0001,6.9e-07
2023-08-17 08:00:00+00:00,0.0001,0.0001
2023-08-17 16:00:00+00:00,0.0001,3.019e-05
2023-08-18 00:00:00+00:00,0.0001,-0.00029147
2023-08-18 08:00:00+00:00,-4.6e-07,-2.584e-05
2023-08-18 16:00:00+00:00,5.166e-05,8.169e-05
2023-08-19 00:00:00+00:00,-2.74e-06,-7.003e-05
2023-08-19 08:00:00+00:00,-3.22e-06,-5.498e-05
2023-08-19 16:00:00+00:00,-5.286e-05,-6.27e-05
2023-08-20 00:00:00+00:00,-3.069e-05,-6.623e-05
2023-08-20 08:00:00+00:00,-4.364e-05,-7.076e-05
2023-08-20 16:00:00+00:00,-1.93e-06,-3.023e-05
2023-08-21 00:00:00+00:00,-2.797e-05,-3.625e-05
2023-08-21 08:00:00+00:00,8.16e-06,-7.183e-05
2023-08-21 16:00:00+00:00,-1.619e-05,-7.18e-06
2023-08-22 00:00:00+00:00,-3.08e-06,1.569e-05
2023-08-22 08:00:00+00:00,-1.928e-05,5.112e-05
2023-08-22 16:00:00+00:00,3.048e-05,2.087e-05
2023-08-23 00:00:00+00:00,7.39e-06,-0.00012671
2023-08-23 08:00:00+00:00,-1.02e-05,-3.319e-05
2023-08-23 16:00:00+00:00,3.247e-05,3.526e-05
2023-08-24 00:00:00+00:00,-2.822e-05,-7.433e-05
2023-08-24 08:00:00+00:00,2.506e-05,-9.124e-05
2023-08-24 16:00:00+00:00,4.9e-05,-9.96e-06
2023-08-25 00:00:00+00:00,-6.59e-06,-8.674e-05
2023-08-25 08:00:00+00:00,2.802e-05,-5.421e-05
2023-08-25 16:00:00+00:00,5.218e-05,-0.00018382
2023-08-26 00:00:00+00:00,3.82e-05,-0.00014373
2023-08-26 08:00:00+00:00,5.334e-05,-0.00024234
2023-08-26 16:00:00+00:00,2.096e-05,-0.00018306
2023-08-27 00:00:00+00:00,9.9e-07,-0.00017578
2023-08-27 08:00:00+00:00,3.976e-05,-0.00011914
2023-08-27 16:00:00+00:00,1.232e-05,-0.00016818
2023-08-28 00:00:00+00:00,-3.95e-06,-3.451e-05
2023-08-28 08:00:00.001000+00:00,4.424e-05,-2.329e-05
2023-08-28 16:00:00.001000+00:00,4.524e-05,2.945e-05
2023-08-29 00:00:00+00:00,8.24e-06,8.373e-05
2023-08-29 08:00:00+00:00,3.769e-05,5.29e-06
2023-08-29 16:00:00+00:00,-0.00010934,-0.00040362
2023-08-30 00:00:00+00:00,4.868e-05,0.0001
2023-08-30 08:00:00+00:00,5.731e-05,2.088e-05
2023-08-30 16:00:00+00:00,3.944e-05,8.869e-05
2023-08-31 00:00:00+00:00,2.909e-05,-5.589e-05
2023-08-31 08:00:00+00:00,6.859e-05,-7.295e-05
2023-08-31 16:00:00+00:00,8.105e-05,-9.89e-05
2023-09-01 00:00:00+00:00,2.583e-05,-0.00013928
2023-09-01 08:00:00+00:00,5.968e-05,-9.007e-05
2023-09-01 16:00:00.001000+00:00,6.254e-05,5.2e-05
2023-09-02 00:00:00+00:00,4.998e-05,6.71e-06
2023-09-02 08:00:00+00:00,1.937e-05,-8.469e-05
2023-09-02 16:00:00+00:00,-2.018e-05,-5.343e-05
2023-09-03 00:00:00+00:00,4.839e-05,-6.5e-07
2023-09-03 08:00:00+00:00,2.35e-06,-3.935e-05
2023-09-03 16:00:00+00:00,2.89e-05,-3.56e-05
2023-09-04 00:00:00+00:00,2.69e-05,-5.078e-05
2023-09-04 08:00:00+00:00,1.469e-05,-7.224e-05
2023-09-04 16:00:00+00:00,-1.059e-05,8.919e-05
2023-09-05 00:00:00+00:00,5.3e-07,1.756e-05
2023-09-05 08:00:00+00:00,1.975e-05,-6.252e-05
2023-09-05 16:00:00+00:00,3.366e-05,-0.00010758
2023-09-06 00:00:00+00:00,1.737e-05,-1.341e-05
2023-09-06 08:00:00+00:00,-2.763e-05,8.04e-06
2023-09-06 16:00:00.001000+00:00,2.135e-05,2.839e-05
2023-09-07 00:00:00+00:00,3.83e-05,-2.787e-05
2023-09-07 08:00:00+00:00,3.883e-05,2.88e-06
2023-09-07 16:00:00+00:00,6.924e-05,3.3e-07
2023-09-08 00:00:00+00:00,-1.525e-05,-8.527e-05
2023-09-08 08:00:00+00:00,5.12e-06,-0.00013966
2023-09-08 16:00:00+00:00,-1.691e-05,-0.00021132
2023-09-09 00:00:00+00:00,-5.057e-05,-0.0001045
2023-09-09 08:00:00+00:00,-3.77e-06,-0.00021188
2023-09-09 16:00:00+00:00,1.423e-05,-0.00016996
2023-09-10 00:00:00+00:00,-7.3e-07,-0.0002388
2023-09-10 08:00:00+00:00,3.294e-05,-0.00038599
2023-09-10 16:00:00+00:00,2.609e-05,-0.00047908
2023-09-11 00:00:00+00:00,-3e-06,-0.00036941
2023-09-11 08:00:00+00:00,1.823e-05,-0.00022734
2023-09-11 16:00:00.001000+00:00,1.838e-05,-6.124e-05
2023-09-12 00:00:00+00:00,2.73e-05,-3.978e-05
2023-09-12 08:00:00+00:00,5.425e-05,-5.673e-05
2023-09-12 16:00:00+00:00,-3.502e-05,-7.381e-05
2023-09-13 00:00:00+00:00,2.342e-05,-0.00016024
2023-09-13 08:00:00+00:00,1.26e-05,-0.00017635
2023-09-13 16:00:00+00:00,3.099e-05,-4.981e-05
2023-09-14 00:00:00+00:00,4.61e-06,-0.00016123
2023-09-14 08:00:00.001000+00:00,3.428e-05,-0.0001497
2023-09-14 16:00:00+00:00,-4.748e-05,-0.00024678
2023-09-15 00:00:00+00:00,-2.641e-05,-0.0002153
2023-09-15 08:00:00+00:00,-7.61e-06,-0.00012046
2023-09-15 16:00:00+00:00,7.561e-05,-5.91e-06
2023-09-16 00:00:00+00:00,-1.381e-05,1.257e-05
2023-09-16 08:00:00+00:00,-4.32e-05,-5.38e-05
2023-09-16 16:00:00+00:00,-3.161e-05,-0.00014091
2023-09-17 00:00:00+00:00,8.97e-06,-0.00021514
2023-09-17 08:00:00+00:00,1.142e-05,-7.124e-05
2023-09-17 16:00:00+00:00,6.49e-06,-5.427e-05
2023-09-18 00:00:00+00:00,-5.08e-06,-0.00030943
2023-09-18 08:00:00+00:00,5.79e-06,-7.847e-05
2023-09-18 16:00:00+00:00,-6.774e-05,-0.00013976
2023-09-19 00:00:00+00:00,2.468e-05,-5.9e-05
2023-09-19 08:00:00.001000+00:00,-1.972e-05,-0.00010841
2023-09-19 16:00:00+00:00,-1.756e-05,0.0001
2023-09-20 00:00:00+00:00,-2.614e-05,-0.00014401
2023-09-20 08:00:00+00:00,-3.777e-05,-8.143e-05
2023-09-20 16:00:00+00:00,-9.91e-06,-9.609e-05
2023-09-21 00:00:00.001000+00:00,-2.9e-07,-7.77e-06
2023-09-21 08:00:00+00:00,4.303e-05,-6.489e-05
2023-09-21 16:00:00+00:00,7.429e-05,0.0001
2023-09-22 00:00:00+00:00,-6.2e-07,1.075e-05
2023-09-22 08:00:00+00:00,1.034e-05,1.389e-05
2023-09-22 16:00:00+00:00,2.136e-05,4.359e-05
2023-09-23 00:00:00+00:00,6.676e-05,5.987e-05
2023-09-23 08:00:00+00:00,1.556e-05,0.0001
2023-09-23 16:00:00+00:00,2.09e-06,5.94e-05
2023-09-24 00:00:00+00:00,-1.392e-05,8.557e-05
2023-09-24 08:00:00+00:00,4.721e-05,8.1e-06
2023-09-24 16:00:00+00:00,2.887e-05,6.559e-05
2023-09-25 00:00:00+00:00,-1.26e-05,1.511e-05
2023-09-25 08:00:00+00:00,8.565e-05,-3.233e-05
2023-09-25 16:00:00+00:00,4.792e-05,2.778e-05
2023-09-26 00:00:00+00:00,-3.91e-05,1.913e-05
2023-09-26 08:00:00+00:00,-1.215e-05,-6.278e-05
2023-09-26 16:00:00+00:00,5.626e-05,1.89e-05
2023-09-27 00:00:00+00:00,9.944e-05,7.51e-05
2023-09-27 08:00:00.001000+00:00,3.378e-05,3.583e-05
2023-09-27 16:00:00+00:00,2.074e-05,2.165e-05
2023-09-28 00:00:00+00:00,6.74e-06,-0.00025005
2023-09-28 08:00:00+00:00,-1.581e-05,4.959e-05
2023-09-28 16:00:00+00:00,-4.732e-05,0.0001
2023-09-29 00:00:00+00:00,-3.894e-05,-8.879e-05
2023-09-29 08:00:00+00:00,-2.567e-05,3.522e-05
2023-09-29 16:00:00+00:00,4.76e-06,-8.995e-05
2023-09-30 00:00:00+00:00,6.43e-06,-9.192e-05
2023-09-30 08:00:00+00:00,1.864e-05,-0.00013968
2023-09-30 16:00:00+00:00,1.525e-05,-0.00033235
2023-10-01 00:00:00+00:00,2.95e-06,-0.00015019
2023-10-01 08:00:00+00:00,-6.19e-06,-0.00024577
2023-10-01 16:00:00+00:00,-2.263e-05,4.55e-05
2023-10-02 00:00:00+00:00,5.831e-05,0.0001
2023-10-02 08:00:00+00:00,7.28e-06,-5.358e-05
2023-10-02 16:00:00+00:00,-1.477e-05,7.399e-05
2023-10-03 00:00:00+00:00,4.172e-05,0.0001
2023-10-03 08:00:00+00:00,1.667e-05,-9.329e-05
2023-10-03 16:00:00+00:00,2.5e-05,-0.00016715
2023-10-04 00:00:00+00:00,6.031e-05,-0.00020449
2023-10-04 08:00:00+00:00,6.2e-05,-0.00014362
2023-10-04 16:00:00+00:00,-2.857e-05,1.008e-05
2023-10-05 00:00:00+00:00,-3.807e-05,-0.00019583
2023-10-05 08:00:00+00:00,-4.268e-05,-0.00010441
2023-10-05 16:00:00.001000+00:00,-2.302e-05,-0.0002138
2023-10-06 00:00:00+00:00,-1.106e-05,-0.00014401
2023-10-06 08:00:00+00:00,1.436e-05,-1.702e-05
2023-10-06 16:00:00+00:00,-3.149e-05,6.028e-05
2023-10-07 00:00:00+00:00,2.124e-05,1.517e-05
2023-10-07 08:00:00+00:00,2.849e-05,-3.624e-05
2023-10-07 16:00:00+00:00,2.083e-05,-0.00013829
2023-10-08 00:00:00+00:00,3.14e-06,-7.284e-05
2023-10-08 08:00:00.001000+00:00,9.74e-06,-4.763e-05
2023-10-08 16:00:00+00:00,5.163e-05,-2.324e-05
2023-10-09 00:00:00+00:00,3.992e-05,-2.043e-05
2023-10-09 08:00:00+00:00,3.515e-05,-0.00010232
2023-10-09 16:00:00+00:00,7.838e-05,-8.685e-05
2023-10-10 00:00:00+00:00,6.349e-05,-0.00026515
2023-10-10 08:00:00+00:00,1.894e-05,-0.00011672
2023-10-10 16:00:00+00:00,4.548e-05,-4.739e-05
2023-10-11 00:00:00+00:00,5.918e-05,-8.746e-05
2023-10-11 08:00:00+00:00,8.33e-05,-1.27e-05
2023-10-11 16:00:00+00:00,6.319e-05,-0.00010217
2023-10-12 00:00:00+00:00,0.0001,-5.206e-05
2023-10-12 08:00:00+00:00,2.661e-05,5.051e-05
2023-10-12 16:00:00+00:00,7.304e-05,-4.469e-05
2023-10-13 00:00:00+00:00,2.294e-05,-4.739e-05
2023-10-13 08:00:00+00:00,2.039e-05,-7.419e-05
2023-10-13 16:00:00+00:00,2.326e-05,-7.301e-05
2023-10-14 00:00:00+00:00,1.05e-06,-0.00015669
2023-10-14 08:00:00+00:00,2.211e-05,-0.0003452
2023-10-14 16:00:00+00:00,2.456e-05,-4.015e-05
2023-10-15 00:00:00+00:00,-1.509e-05,-7.073e-05
2023-10-15 08:00:00+00:00,4.292e-05,-1.29e-06
2023-10-15 16:00:00+00:00,2.224e-05,2.222e-05
2023-10-16 00:00:00+00:00,5.11e-06,-0.00010829
2023-10-16 08:00:00+00:00,2.8e-07,-6.321e-05
2023-10-16 16:00:00+00:00,9.644e-05,-0.00013087
2023-10-17 00:00:00+00:00,2.04e-06,8.45e-06
2023-10-17 08:00:00+00:00,1.493e-05,-0.00014135
2023-10-17 16:00:00+00:00,-2.311e-05,2.264e-05
2023-10-18 00:00:00+00:00,-3.343e-05,7.478e-05
2023-10-18 08:00:00+00:00,-1.216e-05,-2.937e-05
2023-10-18 16:00:00+00:00,1.644e-05,9.438e-05
2023-10-19 00:00:00+00:00,-1.028e-05,1.267e-05
2023-10-19 08:00:00.001000+00:00,-6.24e-06,-0.00010177
2023-10-19 16:00:00+00:00,-0.00011006,-0.00018428
2023-10-20 00:00:00+00:00,-9.272e-05,-1.42e-05
2023-10-20 08:00:00.005000+00:00,1.938e-05,-0.00060231
2023-10-20 16:00:00+00:00,2.687e-05,-6.18e-06
2023-10-21 00:00:00+00:00,-1.585e-05,-8.888e-05
2023-10-21 08:00:00+00:00,4.374e-05,-9.934e-05
2023-10-21 16:00:00+00:00,5.827e-05,6.969e-05
2023-10-22 00:00:00+00:00,2.567e-05,-9.897e-05
2023-10-22 08:00:00+00:00,2.579e-05,-4.073e-05
2023-10-22 16:00:00+00:00,3.115e-05,5.08e-05
2023-10-23 00:00:00+00:00,8.25e-05,2.37e-06
2023-10-23 08:00:00.001000+00:00,9.59e-05,-2.29e-06
2023-10-23 16:00:00.001000+00:00,6.48e-06,1.601e-05
2023-10-24 00:00:00+00:00,0.0001,0.0001
2023-10-24 08:00:00+00:00,0.0001,0.0001
2023-10-24 16:00:00+00:00,0.0001,0.0001
2023-10-25 00:00:00+00:00,0.0001,0.0001
2023-10-25 08:00:00+00:00,0.0001,0.0001
2023-10-25 16:00:00.001000+00:00,0.0001,0.0001
2023-10-26 00:00:00.001000+00:00,0.0001,0.0001
2023-10-26 08:00:00+00:00,0.0001,0.0001
2023-10-26 16:00:00+00:00,0.0001,4.969e-05
2023-10-27 00:00:00+00:00,0.0001,0.0001
2023-10-27 08:00:00+00:00,0.0001,0.0001
2023-10-27 16:00:00+00:00,0.0001,0.0001
2023-10-28 00:00:00+00:00,0.0001,0.0001
2023-10-28 08:00:00.001000+00:00,0.0001,0.0001
2023-10-28 16:00:00+00:00,0.0001,0.0001
2023-10-29 00:00:00+00:00,0.0001,0.0001
2023-10-29 08:00:00+00:00,0.0001,0.0001
2023-10-29 16:00:00+00:00,0.0001,0.0001
2023-10-30 00:00:00+00:00,0.0001,0.0001
2023-10-30 08:00:00+00:00,0.0001,9.376e-05
2023-10-30 16:00:00+00:00,0.0001,0.0001
2023-10-31 00:00:00.001000+00:00,0.0001,0.0001
2023-10-31 08:00:00+00:00,0.0001,0.0001
2023-10-31 16:00:00+00:00,0.0001,4.712e-05
2023-11-01 00:00:00+00:00,0.0001,5.676e-05
2023-11-01 08:00:00+00:00,0.0001,-4.06e-05
2023-11-01 16:00:00+00:00,0.0001,-0.00041129
2023-11-02 00:00:00.001000+00:00,0.0001,0.0001
2023-11-02 08:00:00+00:00,0.0001,0.0001
2023-11-02 16:00:00+00:00,0.0001,0.0001
2023-11-03 00:00:00+00:00,0.0001,0.0001
2023-11-03 08:00:00+00:00,0.0001,0.0001
2023-11-03 16:00:00+00:00,0.0001,0.0001
2023-11-04 00:00:00+00:00,0.0001,0.0001
2023-11-04 08:00:00+00:00,0.0001,0.0001
2023-11-04 16:00:00+00:00,0.0001,0.0001
2023-11-05 00:00:00+00:00,0.0001,0.0001
2023-11-05 08:00:00+00:00,0.0001,0.0001
2023-11-05 16:00:00+00:00,0.0001,0.0001
2023-11-06 00:00:00+00:00,0.0001,0.0001
2023-11-06 08:00:00.001000+00:00,0.0001,0.0001
2023-11-06 16:00:00+00:00,0.0001,0.00015286
2023-11-07 00:00:00.001000+00:00,0.0001,0.0001
2023-11-07 08:00:00+00:00,0.0001,0.0001
2023-11-07 16:00:00+00:00,0.0001,0.00020579
2023-11-08 00:00:00+00:00,0.0001,0.00017143
2023-11-08 08:00:00+00:00,0.0001,0.0001
2023-11-08 16:00:00+00:00,0.0001,0.0001
2023-11-09 00:00:00+00:00,0.0001,0.0001
2023-11-09 08:00:00+00:00,0.0001,0.0001
2023-11-09 16:00:00+00:00,0.00020027,0.00028089
2023-11-10 00:00:00+00:00,0.0001,0.0001
2023-11-10 08:00:00+00:00,0.00011682,0.00015368
2023-11-10 16:00:00+00:00,0.0001,0.00011529
2023-11-11 00:00:00+00:00,0.0001,0.0001
2023-11-11 08:00:00+00:00,0.00016607,0.0001
2023-11-11 16:00:00+00:00,0.00014648,0.00030654
2023-11-12 00:00:00+00:00,0.0001543,0.00051279
2023-11-12 08:00:00+00:00,0.00023487,0.00017231
2023-11-12 16:00:00.001000+00:00,0.00027221,0.00016254
2023-11-13 00:00:00+00:00,0.00032467,0.00050694
2023-11-13 08:00:00+00:00,0.00010893,0.00033025
2023-11-13 16:00:00+00:00,0.00020492,0.0001
2023-11-14 00:00:00+00:00,0.00017382,0.00047225
2023-11-14 08:00:00+00:00,0.00016369,0.0001
2023-11-14 16:00:00.001000+00:00,0.00014477,0.00027352
2023-11-15 00:00:00+00:00,0.0001,0.00012356
2023-11-15 08:00:00+00:00,0.0001,0.00010903
2023-11-15 16:00:00+00:00,0.0001,0.00026624
2023-11-16 00:00:00+00:00,0.0001,0.00031874
2023-11-16 08:00:00+00:00,0.00015199,0.00014572
2023-11-16 16:00:00.001000+00:00,0.00012014,0.0003015
2023-11-17 00:00:00+00:00,0.0001,0.0001
2023-11-17 08:00:00.001000+00:00,0.0001,0.0001
2023-11-17 16:00:00.001000+00:00,0.0001,0.0001
2023-11-18 00:00:00+00:00,0.0001,0.0001
2023-11-18 08:00:00+00:00,0.0001,0.0001
2023-11-18 16:00:00+00:00,0.0001,0.0001
2023-11-19 00:00:00+00:00,0.0001,0.0001
2023-11-19 08:00:00+00:00,0.0001,0.0001
2023-11-19 16:00:00+00:00,0.0001,0.0001
2023-11-20 00:00:00+00:00,0.0001,0.0001
2023-11-20 08:00:00+00:00,0.0001,0.0001
2023-11-20 16:00:00+00:00,0.0001,0.0001
2023-11-21 00:00:00+00:00,0.0001,0.0001
2023-11-21 08:00:00+00:00,0.0001,0.0001
2023-11-21 16:00:00+00:00,0.0001,0.0001
2023-11-22 00:00:00+00:00,0.0001,0.0001
2023-11-22 08:00:00+00:00,0.0001,0.0001
2023-11-22 16:00:00+00:00,0.0001,0.0001
2023-11-23 00:00:00+00:00,0.0001,0.0001
2023-11-23 08:00:00+00:00,0.0001,0.0001
2023-11-23 16:00:00.001000+00:00,0.0001,0.0001
2023-11-24 00:00:00+00:00,0.0001,0.0001
2023-11-24 08:00:00+00:00,0.0001,0.0001
2023-11-24 16:00:00+00:00,0.0001,0.0001
2023-11-25 00:00:00+00:00,0.0001,0.0001
2023-11-25 08:00:00+00:00,0.0001,0.0001
2023-11-25 16:00:00+00:00,0.0001,0.0001
2023-11-26 00:00:00+00:00,0.0001,0.0001
2023-11-26 08:00:00+00:00,0.0001,0.0001
2023-11-26 16:00:00+00:00,0.0001,0.0001
2023-11-27 00:00:00+00:00,0.0001,0.0001
2023-11-27 08:00:00.001000+00:00,0.0001,0.0001
2023-11-27 16:00:00+00:00,0.0001,0.0001
2023-11-28 00:00:00+00:00,0.0001,0.0001
2023-11-28 08:00:00+00:00,0.0001,0.0001
2023-11-28 16:00:00+00:00,0.0001,0.0001
2023-11-29 00:00:00.001000+00:00,0.0001,0.0001
2023-11-29 08:00:00+00:00,0.0001,0.0001
2023-11-29 16:00:00+00:00,0.0001,0.0001
2023-11-30 00:00:00+00:00,0.0001,0.0001
2023-11-30 08:00:00+00:00,0.0001,0.0001
2023-11-30 16:00:00+00:00,0.0001,0.0001
2023-12-01 00:00:00+00:00,0.0001,0.0001
2023-12-01 08:00:00+00:00,0.0001,0.0001
2023-12-01 16:00:00+00:00,0.0001,0.0001
2023-12-02 00:00:00+00:00,9.95e-05,0.0001
2023-12-02 08:00:00+00:00,6.973e-05,0.00030174
2023-12-02 16:00:00+00:00,8.541e-05,0.0001
2023-12-03 00:00:00+00:00,0.0001,0.0001
2023-12-03 08:00:00+00:00,0.0001,0.00020381
2023-12-03 16:00:00+00:00,0.0001,0.00018264
2023-12-04 00:00:00+00:00,0.0001,0.0001
2023-12-04 08:00:00+00:00,0.0001,0.00053853
2023-12-04 16:00:00+00:00,0.0001,0.0001
2023-12-05 00:00:00+00:00,0.0001,0.0001
2023-12-05 08:00:00+00:00,0.0001,0.0001
2023-12-05 16:00:00+00:00,0.0001,0.0001
2023-12-06 00:00:00+00:00,0.0001,0.00025226
2023-12-06 08:00:00+00:00,0.0001,0.00045867
2023-12-06 16:00:00+00:00,0.0001,0.00011861
2023-12-07 00:00:00+00:00,0.0001,0.0001
2023-12-07 08:00:00+00:00,0.0001,0.0001
2023-12-07 16:00:00+00:00,0.0001,0.00036868
2023-12-08 00:00:00+00:00,0.0001,0.00061268
2023-12-08 08:00:00+00:00,0.00023288,0.00024053
2023-12-08 16:00:00+00:00,0.00020242,0.0002033
2023-12-09 00:00:00+00:00,0.00011504,0.00032215
2023-12-09 08:00:00+00:00,0.00030159,0.000394
2023-12-09 16:00:00+00:00,0.00017192,0.0001
2023-12-10 00:00:00+00:00,0.00020724,0.00025874
2023-12-10 08:00:00+00:00,0.00020383,0.00037686
2023-12-10 16:00:00+00:00,0.00023923,0.00020175
2023-12-11 00:00:00+00:00,0.0001473,0.00027221
2023-12-11 08:00:00+00:00,0.0001,0.0001
2023-12-11 16:00:00+00:00,0.0001,0.0001
2023-12-12 00:00:00+00:00,0.0001,0.00023316
2023-12-12 08:00:00+00:00,0.0001,0.00011574
2023-12-12 16:00:00+00:00,0.0001,0.00011972
2023-12-13 00:00:00+00:00,0.00011909,0.0001
2023-12-13 08:00:00+00:00,0.00010162,0.0001
2023-12-13 16:00:00.001000+00:00,0.00012601,0.0001
2023-12-14 00:00:00+00:00,0.0001,0.0001
2023-12-14 08:00:00+00:00,0.0001,0.0001
2023-12-14 16:00:00+00:00,0.0001,0.0001
2023-12-15 00:00:00+00:00,0.0001,0.00016198
2023-12-15 08:00:00+00:00,0.0001,0.0001688
2023-12-15 16:00:00+00:00,0.0001,0.00032874
2023-12-16 00:00:00+00:00,0.0001,0.0001
2023-12-16 08:00:00+00:00,0.0001,0.0001
2023-12-16 16:00:00.001000+00:00,0.0001,0.0001
2023-12-17 00:00:00+00:00,0.0001,0.0001
2023-12-17 08:00:00+00:00,0.0001,0.0001
2023-12-17 16:00:00+00:00,0.0001,0.0001
2023-12-18 00:00:00+00:00,0.00013355,0.0001
2023-12-18 08:00:00.001000+00:00,0.0001,0.0001
2023-12-18 16:00:00+00:00,0.00015611,0.0001
2023-12-19 00:00:00+00:00,0.0001,0.0001
2023-12-19 08:00:00+00:00,0.0001,0.0001
2023-12-19 16:00:00+00:00,0.0001,0.0001033
2023-12-20 00:00:00+00:00,0.00010506,0.0001
2023-12-20 08:00:00+00:00,0.0001,0.00028564
2023-12-20 16:00:00+00:00,0.00023637,0.00018812
2023-12-21 00:00:00+00:00,0.00027143,0.0001
2023-12-21 08:00:00+00:00,0.00029216,0.0001
2023-12-21 16:00:00+00:00,0.00028948,0.0001
2023-12-22 00:00:00+00:00,0.00030806,0.00031152
2023-12-22 08:00:00+00:00,0.0002961,0.00036827
2023-12-22 16:00:00+00:00,0.00018011,0.00012814
2023-12-23 00:00:00+00:00,0.00016285,0.0001
2023-12-23 08:00:00.001000+00:00,0.0001,0.00018694
2023-12-23 16:00:00+00:00,0.00015066,0.0001
2023-12-24 00:00:00+00:00,0.0001,0.00034505
2023-12-24 08:00:00+00:00,0.0002079,0.00025777
2023-12-24 16:00:00+00:00,0.00019729,0.00012453
2023-12-25 00:00:00+00:00,0.0001,0.0001913
2023-12-25 08:00:00+00:00,0.0001,0.00018571
2023-12-25 16:00:00+00:00,0.00037908,0.00063964
2023-12-26 00:00:00+00:00,0.00043391,0.00029627
2023-12-26 08:00:00+00:00,0.00023757,0.00012594
2023-12-26 16:00:00+00:00,0.00029559,0.00014423
2023-12-27 00:00:00+00:00,0.00027621,0.0001
2023-12-27 08:00:00+00:00,0.00037942,0.00041146
2023-12-27 16:00:00+00:00,0.00032304,0.00067699
2023-12-28 00:00:00+00:00,0.00013021,0.00053993
2023-12-28 08:00:00+00:00,0.00037879,0.00086297
2023-12-28 16:00:00+00:00,0.00050152,0.00084399
2023-12-29 00:00:00.001000+00:00,0.0005517,0.00050327
2023-12-29 08:00:00+00:00,0.00049912,0.00040365
2023-12-29 16:00:00+00:00,0.00047082,0.00044869
2023-12-30 00:00:00.001000+00:00,0.00033033,0.00046726
2023-12-30 08:00:00+00:00,0.0004358,0.00024082
2023-12-30 16:00:00+00:00,0.00037842,0.00030813
2023-12-31 00:00:00+00:00,0.00027855,0.00034362
2023-12-31 08:00:00.001000+00:00,0.00034573,0.00052654
2023-12-31 16:00:00+00:00,0.00033597,0.00041035
2024-01-01 00:00:00+00:00,0.00037409,0.0002241
2024-01-01 08:00:00+00:00,0.00027213,0.00032989
2024-01-01 16:00:00+00:00,0.00033601,0.00051477
2024-01-02 00:00:00+00:00,0.00065846,0.00057513
2024-01-02 08:00:00+00:00,0.00035179,0.00046798
2024-01-02 16:00:00+00:00,0.0005373,0.00096801
2024-01-03 00:00:00+00:00,0.00021159,0.00032289
2024-01-03 08:00:00+00:00,0.00017123,0.00013468
2024-01-03 16:00:00+00:00,0.0001,0.0001
2024-01-04 00:00:00+00:00,0.0001,0.0001
2024-01-04 08:00:00+00:00,0.0001,0.0001
2024-01-04 16:00:00+00:00,0.0001,0.0001
2024-01-05 00:00:00.001000+00:00,0.0001,0.0001
2024-01-05 08:00:00+00:00,0.0001,0.0001
2024-01-05 16:00:00+00:00,0.0001,0.0001
2024-01-06 00:00:00+00:00,0.0001,0.0001
2024-01-06 08:00:00+00:00,0.0001,0.0001
2024-01-06 16:00:00+00:00,0.0001,0.0001
2024-01-07 00:00:00+00:00,0.0001,0.0001
2024-01-07 08:00:00.001000+00:00,0.0001,0.0001
2024-01-07 16:00:00.001000+00:00,0.0001,0.0001
2024-01-08 00:00:00+00:00,0.0001,0.0001
2024-01-08 08:00:00+00:00,0.0001,0.0001
2024-01-08 16:00:00+00:00,0.0001,0.0001
2024-01-09 00:00:00.001000+00:00,0.0001,0.0001
2024-01-09 08:00:00+00:00,0.0001,0.0001
2024-01-09 16:00:00+00:00,0.0001,0.0001
2024-01-10 00:00:00+00:00,0.0001,0.0001
2024-01-10 08:00:00+00:00,0.0001,0.0001
2024-01-10 16:00:00+00:00,0.0001,0.0001
2024-01-11 00:00:00+00:00,0.0001,0.0001
2024-01-11 08:00:00+00:00,0.0001,0.0001
2024-01-11 16:00:00+00:00,0.0001,0.0001
2024-01-12 00:00:00.001000+00:00,0.0001,0.0001
2024-01-12 08:00:00+00:00,0.0001,0.0001
2024-01-12 16:00:00+00:00,0.0001,0.0001
2024-01-13 00:00:00+00:00,0.0001,0.0001
2024-01-13 08:00:00+00:00,0.0001,0.0001
2024-01-13 16:00:00.001000+00:00,0.0001,0.0001
2024-01-14 00:00:00+00:00,0.0001,0.0001
2024-01-14 08:00:00+00:00,0.0001,0.0001
2024-01-14 16:00:00.001000+00:00,0.0001,0.0001
2024-01-15 00:00:00+00:00,0.0001,0.0001
2024-01-15 08:00:00+00:00,0.0001,0.0001
2024-01-15 16:00:00+00:00,0.0001,0.0001
2024-01-16 00:00:00+00:00,0.0001,0.0001
2024-01-16 08:00:00+00:00,0.0001,0.0001
2024-01-16 16:00:00.001000+00:00,0.0001,0.0001
2024-01-17 00:00:00+00:00,0.0001,0.0001
2024-01-17 08:00:00+00:00,0.0001,0.0001
2024-01-17 16:00:00+00:00,0.0001,0.0001
2024-01-18 00:00:00.001000+00:00,0.0001,0.0001
2024-01-18 08:00:00+00:00,0.0001,0.0001
2024-01-18 16:00:00+00:00,0.0001,0.0001
2024-01-19 00:00:00+00:00,0.0001,0.0001
2024-01-19 08:00:00+00:00,0.0001,0.0001
2024-01-19 16:00:00.002000+00:00,0.0001,0.0001
2024-01-20 00:00:00+00:00,0.0001,0.0001
2024-01-20 08:00:00.003000+00:00,0.0001,0.0001
2024-01-20 16:00:00+00:00,0.0001,0.0001
2024-01-21 00:00:00+00:00,0.0001,0.0001
2024-01-21 08:00:00+00:00,0.0001,0.0001
2024-01-21 16:00:00+00:00,0.0001,0.0001
2024-01-22 00:00:00+00:00,0.0001,0.0001
2024-01-22 08:00:00+00:00,0.0001,0.0001
2024-01-22 16:00:00+00:00,0.0001,0.0001
2024-01-23 00:00:00+00:00,0.0001,0.0001
2024-01-23 08:00:00+00:00,0.0001,0.0001
2024-01-23 16:00:00+00:00,0.0001,0.0001
2024-01-24 00:00:00+00:00,0.0001,0.0001
2024-01-24 08:00:00+00:00,0.0001,0.0001
2024-01-24 16:00:00+00:00,0.0001,0.0001
2024-01-25 00:00:00+00:00,0.0001,0.0001
2024-01-25 08:00:00.001000+00:00,0.0001,0.0001
2024-01-25 16:00:00+00:00,0.0001,0.0001
2024-01-26 00:00:00.001000+00:00,0.0001,0.0001
2024-01-26 08:00:00+00:00,0.0001,0.0001
2024-01-26 16:00:00+00:00,0.0001,7.999e-05
2024-01-27 00:00:00+00:00,8.966e-05,0.0001
2024-01-27 08:00:00+00:00,0.0001,0.0001
2024-01-27 16:00:00+00:00,8.3e-05,0.0001
2024-01-28 00:00:00+00:00,0.0001,8.902e-05
2024-01-28 08:00:00+00:00,4.725e-05,2.568e-05
2024-01-28 16:00:00+00:00,0.0001,0.0001
2024-01-29 00:00:00+00:00,0.0001,0.0001
2024-01-29 08:00:00.001000+00:00,9.142e-05,3.929e-05
2024-01-29 16:00:00+00:00,0.0001,0.0001
2024-01-30 00:00:00+00:00,0.0001,0.0001
2024-01-30 08:00:00+00:00,9.492e-05,4.333e-05
2024-01-30 16:00:00.001000+00:00,5.149e-05,0.0001
2024-01-31 00:00:00+00:00,2.154e-05,0.0001
2024-01-31 08:00:00+00:00,0.0001,5.702e-05
2024-01-31 16:00:00+00:00,0.0001,0.0001
2024-02-01 00:00:00+00:00,0.0001,5.15e-05
2024-02-01 08:00:00+00:00,0.0001,0.0001
2024-02-01 16:00:00.002000+00:00,0.0001,7.451e-05
2024-02-02 00:00:00+00:00,0.0001,0.0001
2024-02-02 08:00:00+00:00,0.0001,0.0001
2024-02-02 16:00:00+00:00,0.0001,0.0001
2024-02-03 00:00:00+00:00,7.627e-05,0.0001
2024-02-03 08:00:00+00:00,9.042e-05,9.726e-05
2024-02-03 16:00:00.001000+00:00,8.028e-05,0.0001
2024-02-04 00:00:00+00:00,8.307e-05,0.0001
2024-02-04 08:00:00.004000+00:00,8.846e-05,0.0001
2024-02-04 16:00:00+00:00,0.0001,0.0001
2024-02-05 00:00:00+00:00,0.0001,0.0001
2024-02-05 08:00:00+00:00,0.0001,0.0001
2024-02-05 16:00:00+00:00,0.0001,0.0001
2024-02-06 00:00:00+00:00,0.0001,5.616e-05
2024-02-06 08:00:00.001000+00:00,6.723e-05,0.0001
2024-02-06 16:00:00+00:00,0.0001,0.0001
2024-02-07 00:00:00+00:00,7.527e-05,0.0001
2024-02-07 08:00:00+00:00,5.373e-05,0.0001
2024-02-07 16:00:00+00:00,8.306e-05,0.0001
2024-02-08 00:00:00+00:00,0.0001,0.0001
2024-02-08 08:00:00+00:00,6.535e-05,0.0001
2024-02-08 16:00:00+00:00,2.59e-05,0.0001
2024-02-09 00:00:00+00:00,3.16e-05,7.069e-05
2024-02-09 08:00:00+00:00,0.0001,3.075e-05
2024-02-09 16:00:00.001000+00:00,9.801e-05,0.0001
2024-02-10 00:00:00.001000+00:00,8.041e-05,0.0001
2024-02-10 08:00:00+00:00,0.0001,0.0001
2024-02-10 16:00:00+00:00,0.0001,0.0001
2024-02-11 00:00:00+00:00,0.0001,0.0001
2024-02-11 08:00:00.001000+00:00,0.0001,0.0001
2024-02-11 16:00:00+00:00,0.0001,0.0001
2024-02-12 00:00:00+00:00,0.0001,0.0001
2024-02-12 08:00:00+00:00,0.0001,0.0001
2024-02-12 16:00:00+00:00,0.0001,0.0001
2024-02-13 00:00:00+00:00,0.0001,0.0001
2024-02-13 08:00:00+00:00,0.0001,0.00014166
2024-02-13 16:00:00+00:00,0.0001,0.0001
2024-02-14 00:00:00+00:00,0.0001,0.0001
2024-02-14 08:00:00+00:00,0.0001,0.0001
2024-02-14 16:00:00+00:00,0.00012283,0.00029225
2024-02-15 00:00:00+00:00,0.0001,0.00013572
2024-02-15 08:00:00+00:00,0.0001,0.00015932
2024-02-15 16:00:00+00:00,0.0001,0.00012
2024-02-16 00:00:00+00:00,0.0001,0.00022371
2024-02-16 08:00:00+00:00,0.0001,0.00032087
2024-02-16 16:00:00+00:00,0.0001,0.00016914
2024-02-17 00:00:00+00:00,0.0001,0.00017661
2024-02-17 08:00:00+00:00,0.0001,0.00042046
2024-02-17 16:00:00+00:00,0.00016041,0.00028279
2024-02-18 00:00:00+00:00,0.0001724,0.00022777
2024-02-18 08:00:00+00:00,0.00015305,0.00019395
2024-02-18 16:00:00+00:00,0.00017095,0.00022192
2024-02-19 00:00:00+00:00,0.00023064,0.0003023
2024-02-19 08:00:00+00:00,0.00019594,0.00029566
2024-02-19 16:00:00+00:00,0.00013327,0.00031944
2024-02-20 00:00:00+00:00,0.00010461,0.0004747
2024-02-20 08:00:00+00:00,0.00010912,0.00029934
2024-02-20 16:00:00+00:00,0.00020259,0.00031742
2024-02-21 00:00:00+00:00,0.0001,0.00016255
2024-02-21 08:00:00+00:00,0.00011242,0.0002531
2024-02-21 16:00:00+00:00,0.0001,0.0001773
2024-02-22 00:00:00.001000+00:00,0.0001,0.00016351
2024-02-22 08:00:00.001000+00:00,0.0001348,0.00021049
2024-02-22 16:00:00+00:00,0.00012557,0.00018339
2024-02-23 00:00:00+00:00,0.0001,0.00026289
2024-02-23 08:00:00+00:00,0.0001,0.00032841
2024-02-23 16:00:00+00:00,0.00012991,0.00016957
2024-02-24 00:00:00+00:00,0.0001,0.00027113
2024-02-24 08:00:00.001000+00:00,0.0001,0.00033132
2024-02-24 16:00:00+00:00,0.0001,0.0002623
2024-02-25 00:00:00.001000+00:00,0.00011438,0.00027207
2024-02-25 08:00:00+00:00,0.00015012,0.00041614
2024-02-25 16:00:00+00:00,0.00015062,0.00042645
2024-02-26 00:00:00+00:00,0.00026761,0.00055329
2024-02-26 08:00:00+00:00,0.00021567,0.00055349
2024-02-26 16:00:00+00:00,0.00027227,0.00038701
2024-02-27 00:00:00+00:00,0.00032262,0.00060184
2024-02-27 08:00:00+00:00,0.00073521,0.00069189
2024-02-27 16:00:00+00:00,0.00022965,0.00051508
2024-02-28 00:00:00+00:00,0.00026729,0.00032603
2024-02-28 08:00:00+00:00,0.00023682,0.00040753
2024-02-28 16:00:00+00:00,0.00053538,0.00078549
2024-02-29 00:00:00+00:00,0.00069091,0.00089
2024-02-29 08:00:00+00:00,0.00076337,0.00098885
2024-02-29 16:00:00+00:00,0.00057031,0.00081567
2024-03-01 00:00:00+00:00,0.00053322,0.00060436
2024-03-01 08:00:00+00:00,0.00064824,0.00061591
2024-03-01 16:00:00+00:00,0.0004601,0.00066424
2024-03-02 00:00:00+00:00,0.00033426,0.00073268
2024-03-02 08:00:00.001000+00:00,0.00057174,0.000755
2024-03-02 16:00:00+00:00,0.00056396,0.00063147
2024-03-03 00:00:00+00:00,0.00046267,0.00076414
2024-03-03 08:00:00+00:00,0.00042989,0.0005416
2024-03-03 16:00:00+00:00,0.00044598,0.00058338
2024-03-04 00:00:00+00:00,0.00055071,0.00070533
2024-03-04 08:00:00+00:00,0.00046833,0.00072401
2024-03-04 16:00:00+00:00,0.0006362,0.00073074
2024-03-05 00:00:00+00:00,0.0004896,0.00071628
2024-03-05 08:00:00+00:00,0.00082969,0.00119261
2024-03-05 16:00:00+00:00,0.00088148,0.0011456
2024-03-06 00:00:00+00:00,0.0003628,0.0001
2024-03-06 08:00:00.001000+00:00,0.00033876,0.00036233
2024-03-06 16:00:00+00:00,0.00049354,0.00038317
2024-03-07 00:00:00+00:00,0.00030311,0.00038906
2024-03-07 08:00:00+00:00,0.00040984,0.00054339
2024-03-07 16:00:00+00:00,0.00054217,0.00052411
2024-03-08 00:00:00+00:00,0.00034819,0.00059435
2024-03-08 08:00:00+00:00,0.00043497,0.00055843
2024-03-08 16:00:00+00:00,0.00062913,0.00053032
2024-03-09 00:00:00+00:00,0.00019134,0.00048054
2024-03-09 08:00:00.001000+00:00,0.00031281,0.00029228
2024-03-09 16:00:00+00:00,0.00026407,0.00044156
2024-03-10 00:00:00+00:00,0.0003101,0.00040915
2024-03-10 08:00:00+00:00,0.00063451,0.00084919
2024-03-10 16:00:00+00:00,0.00054479,0.00033129
2024-03-11 00:00:00+00:00,0.00035489,0.00023257
2024-03-11 08:00:00+00:00,0.00078428,0.00066664
2024-03-11 16:00:00+00:00,0.00066396,0.00081096
2024-03-12 00:00:00+00:00,0.0004447,0.00071463
2024-03-12 08:00:00+00:00,0.000453,0.00073858
2024-03-12 16:00:00+00:00,0.00047935,0.00055607
2024-03-13 00:00:00+00:00,0.00033224,0.00064251
2024-03-13 08:00:00.001000+00:00,0.0006442,0.00069679
2024-03-13 16:00:00+00:00,0.00045402,0.00064562
2024-03-14 00:00:00.001000+00:00,0.00024393,0.0005267
2024-03-14 08:00:00+00:00,0.00038753,0.0005183
2024-03-14 16:00:00+00:00,0.00038258,0.00052725
2024-03-15 00:00:00+00:00,0.00038515,0.00063046
2024-03-15 08:00:00+00:00,0.00014328,0.00034279
2024-03-15 16:00:00+00:00,0.00015306,0.0002746
2024-03-16 00:00:00+00:00,0.0001,0.00014955
2024-03-16 08:00:00+00:00,0.00023202,0.00020435
2024-03-16 16:00:00+00:00,0.00020813,0.00015327
2024-03-17 00:00:00+00:00,0.00013089,0.00014108
2024-03-17 08:00:00+00:00,0.00017773,0.0001
2024-03-17 16:00:00+00:00,0.00024827,0.00030858
2024-03-18 00:00:00+00:00,0.00020181,0.00033129
2024-03-18 08:00:00+00:00,0.00030597,0.00028956
2024-03-18 16:00:00.001000+00:00,0.00027195,0.00018996
2024-03-19 00:00:00+00:00,0.00026923,0.0002092
2024-03-19 08:00:00+00:00,0.00029065,0.00020307
2024-03-19 16:00:00.001000+00:00,0.00024018,0.0001
2024-03-20 00:00:00+00:00,0.00015847,0.00018828
2024-03-20 08:00:00.004000+00:00,0.00018388,0.00018831
2024-03-20 16:00:00+00:00,0.0001,0.00010917
2024-03-21 00:00:00+00:00,0.00010403,0.00015928
2024-03-21 08:00:00+00:00,0.00019304,0.00030752
2024-03-21 16:00:00+00:00,0.0001951,0.00014524
2024-03-22 00:00:00+00:00,0.00016271,0.00014092
2024-03-22 08:00:00+00:00,0.0001,0.00014802
2024-03-22 16:00:00+00:00,0.00011993,0.00016161
2024-03-23 00:00:00+00:00,0.0001,0.00015244
2024-03-23 08:00:00+00:00,0.0001,0.00015091
2024-03-23 16:00:00+00:00,0.00010806,0.00016841
2024-03-24 00:00:00+00:00,0.00010351,0.00017713
2024-03-24 08:00:00+00:00,0.00014616,0.00015435
2024-03-24 16:00:00+00:00,0.00015884,0.00025686
2024-03-25 00:00:00+00:00,0.00025549,0.00021466
2024-03-25 08:00:00.001000+00:00,0.00016324,0.00017494
2024-03-25 16:00:00+00:00,0.00028815,0.00020373
2024-03-26 00:00:00+00:00,0.00021963,0.00039207
2024-03-26 08:00:00+00:00,0.00018348,0.00020767
2024-03-26 16:00:00+00:00,0.00026764,0.00025173
2024-03-27 00:00:00+00:00,0.00028757,0.00032068
2024-03-27 08:00:00.001000+00:00,0.00029551,0.0004048
2024-03-27 16:00:00+00:00,0.00043631,0.00025221
2024-03-28 00:00:00+00:00,0.00024195,0.00026487
2024-03-28 08:00:00+00:00,0.00029899,0.00039989
2024-03-28 16:00:00+00:00,0.0002943,0.00036742
2024-03-29 00:00:00+00:00,0.0001825,0.00045018
2024-03-29 08:00:00+00:00,0.00025456,0.00035449
2024-03-29 16:00:00+00:00,0.0003017,0.00040773
2024-03-30 00:00:00+00:00,0.00019624,0.00052381
2024-03-30 08:00:00+00:00,0.00032267,0.00055026
2024-03-30 16:00:00+00:00,0.0003436,0.00058211
2024-03-31 00:00:00+00:00,0.00032351,0.00044594
2024-03-31 08:00:00+00:00,0.00039889,0.00046087
2024-03-31 16:00:00.001000+00:00,0.00040301,0.00053015
2024-04-01 00:00:00+00:00,0.00070161,0.00083459
2024-04-01 08:00:00+00:00,0.00033491,0.00044327
2024-04-01 16:00:00+00:00,0.00027469,0.00031429
2024-04-02 00:00:00.007000+00:00,0.00010926,0.00015817
2024-04-02 08:00:00.015000+00:00,0.0001,0.0001
2024-04-02 16:00:00+00:00,0.00016456,0.00015893
2024-04-03 00:00:00+00:00,0.0001,0.0001096
2024-04-03 08:00:00+00:00,0.0001,0.0001
2024-04-03 16:00:00+00:00,0.0001,0.00016154
2024-04-04 00:00:00+00:00,0.0001,0.0001
2024-04-04 08:00:00+00:00,0.0001,0.0001
2024-04-04 16:00:00+00:00,0.0001,0.00016815
2024-04-05 00:00:00+00:00,0.0001,0.0001
2024-04-05 08:00:00+00:00,0.0001,0.0001
2024-04-05 16:00:00+00:00,0.0001,0.0001
2024-04-06 00:00:00+00:00,0.0001,0.0001
2024-04-06 08:00:00+00:00,0.0001,0.0001
2024-04-06 16:00:00+00:00,0.0001,0.0001
2024-04-07 00:00:00+00:00,0.0001,0.0001
2024-04-07 08:00:00+00:00,0.0001,0.0001
2024-04-07 16:00:00+00:00,0.0001,0.0001
2024-04-08 00:00:00.001000+00:00,0.0001,0.00013953
2024-04-08 08:00:00+00:00,0.0001,0.00025466
2024-04-08 16:00:00.006000+00:00,0.00035189,0.00018234
2024-04-09 00:00:00+00:00,0.00020915,0.00013524
2024-04-09 08:00:00.001000+00:00,0.00020603,0.00012502
2024-04-09 16:00:00.001000+00:00,0.00019061,0.00011397
2024-04-10 00:00:00+00:00,0.00011929,0.00036513
2024-04-10 08:00:00.001000+00:00,0.00012457,0.00031624
2024-04-10 16:00:00+00:00,0.0001,0.00017163
2024-04-11 00:00:00+00:00,0.00013979,0.00027306
2024-04-11 08:00:00+00:00,0.00020153,0.00024101
2024-04-11 16:00:00+00:00,0.00019763,0.00027676
2024-04-12 00:00:00+00:00,0.00011258,0.00026578
2024-04-12 08:00:00.001000+00:00,0.0002563,0.0002941
2024-04-12 16:00:00+00:00,0.00012214,0.00025596
2024-04-13 00:00:00+00:00,0.0001,0.0001
2024-04-13 08:00:00+00:00,0.0001,0.0001
2024-04-13 16:00:00.001000+00:00,0.0001,0.0001
2024-04-14 00:00:00+00:00,0.0001,0.0001
2024-04-14 08:00:00+00:00,0.0001,0.0001
2024-04-14 16:00:00+00:00,0.0001,0.0001
2024-04-15 00:00:00+00:00,0.0001,9.686e-05
2024-04-15 08:00:00.001000+00:00,1.759e-05,-7.58e-06
2024-04-15 16:00:00+00:00,0.0001,6.37e-05
2024-04-16 00:00:00.001000+00:00,5.953e-05,-5.815e-05
2024-04-16 08:00:00+00:00,9.525e-05,4.459e-05
2024-04-16 16:00:00+00:00,3.513e-05,2.516e-05
2024-04-17 00:00:00+00:00,6.375e-05,-2.599e-05
2024-04-17 08:00:00+00:00,3.574e-05,3.33e-06
2024-04-17 16:00:00+00:00,6.534e-05,0.0001
2024-04-18 00:00:00+00:00,6.937e-05,6.888e-05
2024-04-18 08:00:00+00:00,5.982e-05,7.203e-05
2024-04-18 16:00:00+00:00,-3.334e-05,6.59e-05
2024-04-19 00:00:00.001000+00:00,-3.12e-05,-1.667e-05
2024-04-19 08:00:00+00:00,6.641e-05,4.68e-05
2024-04-19 16:00:00+00:00,5.88e-05,2.007e-05
2024-04-20 00:00:00+00:00,0.0001,0.0001
2024-04-20 08:00:00+00:00,-7.66e-06,4.184e-05
2024-04-20 16:00:00+00:00,4.204e-05,6.594e-05
2024-04-21 00:00:00+00:00,3.186e-05,7.055e-05
2024-04-21 08:00:00+00:00,-2.093e-05,-2.982e-05
2024-04-21 16:00:00+00:00,8.271e-05,4.268e-05
2024-04-22 00:00:00+00:00,4.409e-05,3.735e-05
2024-04-22 08:00:00+00:00,2.497e-05,8.512e-05
2024-04-22 16:00:00+00:00,8.98e-06,-3.018e-05
2024-04-23 00:00:00+00:00,-1.236e-05,-1.27e-05
2024-04-23 08:00:00+00:00,5.24e-05,-4.214e-05
2024-04-23 16:00:00.001000+00:00,-1.083e-05,1.577e-05
2024-04-24 00:00:00+00:00,1.413e-05,9.77e-06
2024-04-24 08:00:00+00:00,5.302e-05,6.43e-06
2024-04-24 16:00:00+00:00,7.047e-05,0.0001
2024-04-25 00:00:00+00:00,7.02e-05,0.0001
2024-04-25 08:00:00+00:00,4.069e-05,2.239e-05
2024-04-25 16:00:00.010000+00:00,1.14e-05,0.0001
2024-04-26 00:00:00.001000+00:00,1.709e-05,6.164e-05
2024-04-26 08:00:00+00:00,6.85e-06,8.426e-05
2024-04-26 16:00:00+00:00,5.562e-05,8.505e-05
2024-04-27 00:00:00+00:00,0.0001,5.384e-05
2024-04-27 08:00:00.001000+00:00,7.47e-05,-2.561e-05
2024-04-27 16:00:00+00:00,2.834e-05,2.358e-05
2024-04-28 00:00:00+00:00,1.006e-05,2.733e-05
2024-04-28 08:00:00+00:00,-2.081e-05,3.029e-05
2024-04-28 16:00:00+00:00,2.782e-05,0.0001
2024-04-29 00:00:00+00:00,2.472e-05,0.0001
2024-04-29 08:00:00+00:00,5.544e-05,0.0001
2024-04-29 16:00:00+00:00,6.828e-05,0.0001
2024-04-30 00:00:00+00:00,9.74e-05,6.384e-05
2024-04-30 08:00:00+00:00,9.154e-05,0.0001
2024-04-30 16:00:00+00:00,0.0001,4.102e-05
2024-05-01 00:00:00+00:00,0.0001,-3.566e-05
2024-05-01 08:00:00+00:00,8.946e-05,0.0001
2024-05-01 16:00:00+00:00,9.902e-05,9.105e-05
2024-05-02 00:00:00+00:00,6.634e-05,3.78e-06
2024-05-02 08:00:00+00:00,6.169e-05,7.951e-05
2024-05-02 16:00:00.002000+00:00,-1.23e-06,3.479e-05
2024-05-03 00:00:00+00:00,-1.549e-05,5.799e-05
2024-05-03 08:00:00+00:00,-3.764e-05,-5.326e-05
2024-05-03 16:00:00+00:00,8.091e-05,3.126e-05
2024-05-04 00:00:00+00:00,2.703e-05,-8.768e-05
2024-05-04 08:00:00+00:00,7.455e-05,1.077e-05
2024-05-04 16:00:00+00:00,6.265e-05,1.309e-05
2024-05-05 00:00:00+00:00,6.906e-05,5.621e-05
2024-05-05 08:00:00+00:00,6.47e-06,8.266e-05
2024-05-05 16:00:00+00:00,3.893e-05,7.548e-05
2024-05-06 00:00:00+00:00,6.02e-06,5.854e-05
2024-05-06 08:00:00+00:00,-1.031e-05,5.22e-05
2024-05-06 16:00:00+00:00,7.746e-05,0.0001
2024-05-07 00:00:00+00:00,6.064e-05,7.714e-05
2024-05-07 08:00:00+00:00,1.581e-05,-1.698e-05
2024-05-07 16:00:00+00:00,9.028e-05,2.502e-05
2024-05-08 00:00:00+00:00,4.891e-05,0.0001
2024-05-08 08:00:00+00:00,5.553e-05,0.0001
2024-05-08 16:00:00+00:00,9.292e-05,0.0001
2024-05-09 00:00:00+00:00,5.648e-05,5.327e-05
2024-05-09 08:00:00+00:00,3.315e-05,8.335e-05
2024-05-09 16:00:00+00:00,7.253e-05,7.648e-05
2024-05-10 00:00:00+00:00,1.026e-05,2.012e-05
2024-05-10 08:00:00+00:00,5.934e-05,5.156e-05
2024-05-10 16:00:00+00:00,7.653e-05,0.0001
2024-05-11 00:00:00+00:00,8.881e-05,4.734e-05
2024-05-11 08:00:00+00:00,3.771e-05,9.445e-05
2024-05-11 16:00:00+00:00,5.067e-05,5.096e-05
2024-05-12 00:00:00+00:00,2.604e-05,4.613e-05
2024-05-12 08:00:00+00:00,2.83e-05,2.9e-05
2024-05-12 16:00:00+00:00,0.0001,6.071e-05
2024-05-13 00:00:00.001000+00:00,0.0001,-7.24e-06
2024-05-13 08:00:00.001000+00:00,8.469e-05,0.0001
2024-05-13 16:00:00+00:00,9.151e-05,9.778e-05
2024-05-14 00:00:00+00:00,9.866e-05,0.0001
2024-05-14 08:00:00+00:00,0.0001,8.969e-05
2024-05-14 16:00:00+00:00,4.392e-05,4.564e-05
2024-05-15 00:00:00+00:00,0.0001,1.738e-05
2024-05-15 08:00:00+00:00,-3.85e-06,1.895e-05
2024-05-15 16:00:00+00:00,2.373e-05,8.36e-05
2024-05-16 00:00:00.004000+00:00,2.103e-05,0.0001
2024-05-16 08:00:00+00:00,5.148e-05,0.0001
2024-05-16 16:00:00+00:00,3.543e-05,0.0001
2024-05-17 00:00:00+00:00,4.647e-05,7.45e-05
2024-05-17 08:00:00+00:00,8.15e-06,3.361e-05
2024-05-17 16:00:00+00:00,-2.98e-06,4.112e-05
2024-05-18 00:00:00+00:00,6.28e-06,4.208e-05
2024-05-18 08:00:00+00:00,8.012e-05,2.883e-05
2024-05-18 16:00:00+00:00,-7.92e-06,6.893e-05
2024-05-19 00:00:00+00:00,3.339e-05,3.799e-05
2024-05-19 08:00:00+00:00,5.21e-05,1.875e-05
2024-05-19 16:00:00+00:00,4.779e-05,8.795e-05
2024-05-20 00:00:00+00:00,5.607e-05,0.0001
2024-05-20 08:00:00+00:00,2.479e-05,0.0001
2024-05-20 16:00:00.003000+00:00,2.552e-05,6.762e-05
2024-05-21 00:00:00+00:00,0.0001,0.0001
2024-05-21 08:00:00.001000+00:00,0.00010517,0.0001
2024-05-21 16:00:00+00:00,0.0001,0.0001
2024-05-22 00:00:00+00:00,0.0001,0.0001
2024-05-22 08:00:00+00:00,0.00015759,0.0001
2024-05-22 16:00:00+00:00,0.0001,0.0001
2024-05-23 00:00:00+00:00,0.0001,0.0001
2024-05-23 08:00:00+00:00,0.0001,0.0001
2024-05-23 16:00:00+00:00,0.0001,0.0001
2024-05-24 00:00:00+00:00,0.0001,0.0001
2024-05-24 08:00:00+00:00,0.0001,0.0001
2024-05-24 16:00:00+00:00,0.0001,0.0001
2024-05-25 00:00:00+00:00,0.0001,0.0001
2024-05-25 08:00:00+00:00,0.0001,0.0001
2024-05-25 16:00:00+00:00,0.0001,0.0001
2024-05-26 00:00:00+00:00,0.0001,0.0001
2024-05-26 08:00:00+00:00,0.0001,0.0001
2024-05-26 16:00:00+00:00,0.0001,0.0001
2024-05-27 00:00:00+00:00,0.0001,0.0001
2024-05-27 08:00:00+00:00,0.0001,0.0001
2024-05-27 16:00:00+00:00,0.0001,0.0001
2024-05-28 00:00:00+00:00,0.0001,0.0001
2024-05-28 08:00:00+00:00,0.0001,0.0001
2024-05-28 16:00:00+00:00,0.0001,0.00014129
2024-05-29 00:00:00.001000+00:00,0.0001,0.00018529
2024-05-29 08:00:00+00:00,0.0001,0.00013729
2024-05-29 16:00:00+00:00,0.00012558,0.0001
2024-05-30 00:00:00+00:00,0.0001,0.0001
2024-05-30 08:00:00+00:00,0.0001,0.0001
2024-05-30 16:00:00+00:00,0.0001,0.0001
2024-05-31 00:00:00+00:00,0.00014599,0.0001
2024-05-31 08:00:00+00:00,0.00012268,0.0001
2024-05-31 16:00:00+00:00,0.0001,0.0001
2024-06-01 00:00:00+00:00,0.0001,0.00016081
2024-06-01 08:00:00+00:00,0.0001,0.00011764
2024-06-01 16:00:00.001000+00:00,0.0001025,0.00010981
2024-06-02 00:00:00+00:00,0.0001,0.00016684
2024-06-02 08:00:00+00:00,0.0001,0.0001
2024-06-02 16:00:00+00:00,0.0001,0.0001
2024-06-03 00:00:00+00:00,0.0001,0.00012157
2024-06-03 08:00:00+00:00,0.00014135,0.00010832
2024-06-03 16:00:00+00:00,0.0001,0.00011323
2024-06-04 00:00:00+00:00,0.00012008,0.00015497
2024-06-04 08:00:00+00:00,0.0001,0.00013282
2024-06-04 16:00:00+00:00,0.0001,0.00016338
2024-06-05 00:00:00+00:00,0.0001,0.00021045
2024-06-05 08:00:00+00:00,0.00016387,0.00023899
2024-06-05 16:00:00+00:00,0.00013226,0.00021842
2024-06-06 00:00:00+00:00,0.0001,0.00016193
2024-06-06 08:00:00.008000+00:00,0.00010438,0.00020255
2024-06-06 16:00:00+00:00,0.0001177,0.00020758
2024-06-07 00:00:00+00:00,0.0001,0.0001
2024-06-07 08:00:00+00:00,0.0001,0.00016418
2024-06-07 16:00:00+00:00,0.00010166,0.0001698
2024-06-08 00:00:00+00:00,0.0001,0.0001
2024-06-08 08:00:00+00:00,0.0001,0.0001
2024-06-08 16:00:00+00:00,0.0001,0.0001
2024-06-09 00:00:00+00:00,0.0001,0.0001
2024-06-09 08:00:00+00:00,0.0001,0.0001
2024-06-09 16:00:00.001000+00:00,0.0001,0.0001
2024-06-10 00:00:00+00:00,0.0001,0.0001
2024-06-10 08:00:00+00:00,0.0001,0.0001
2024-06-10 16:00:00.001000+00:00,0.0001,0.0001
2024-06-11 00:00:00.001000+00:00,0.0001,0.0001
2024-06-11 08:00:00+00:00,0.0001,0.0001
2024-06-11 16:00:00+00:00,0.0001,0.0001
2024-06-12 00:00:00+00:00,0.0001,0.0001
2024-06-12 08:00:00+00:00,0.0001,0.0001
2024-06-12 16:00:00+00:00,0.0001,0.0001
2024-06-13 00:00:00+00:00,0.0001,0.0001
2024-06-13 08:00:00.001000+00:00,0.0001,0.0001
2024-06-13 16:00:00+00:00,0.0001,0.0001
2024-06-14 00:00:00+00:00,0.0001,0.0001
2024-06-14 08:00:00+00:00,0.0001,8.277e-05
2024-06-14 16:00:00+00:00,0.0001,9.897e-05
2024-06-15 00:00:00+00:00,0.0001,0.0001
2024-06-15 08:00:00+00:00,0.0001,0.0001
2024-06-15 16:00:00+00:00,0.0001,0.0001
2024-06-16 00:00:00.001000+00:00,0.0001,0.0001
2024-06-16 08:00:00+00:00,0.0001,0.0001
2024-06-16 16:00:00+00:00,0.0001,3.192e-05
2024-06-17 00:00:00+00:00,0.0001,0.0001
2024-06-17 08:00:00+00:00,0.0001,0.0001
2024-06-17 16:00:00+00:00,0.0001,7.161e-05
2024-06-18 00:00:00+00:00,0.0001,7.592e-05
2024-06-18 08:00:00+00:00,8.236e-05,-8.849e-05
2024-06-18 16:00:00+00:00,0.0001,0.0001
2024-06-19 00:00:00.001000+00:00,0.0001,0.0001
2024-06-19 08:00:00.001000+00:00,4.127e-05,4.103e-05
2024-06-19 16:00:00+00:00,2.967e-05,6.996e-05
2024-06-20 00:00:00+00:00,3.934e-05,7.341e-05
2024-06-20 08:00:00+00:00,5.953e-05,1.175e-05
2024-06-20 16:00:00+00:00,6.879e-05,-2.605e-05
2024-06-21 00:00:00+00:00,3.344e-05,8.76e-06
2024-06-21 08:00:00+00:00,7.328e-05,4.454e-05
2024-06-21 16:00:00+00:00,0.0001,4.111e-05
2024-06-22 00:00:00+00:00,0.0001,7.06e-05
2024-06-22 08:00:00+00:00,4.146e-05,-2.362e-05
2024-06-22 16:00:00+00:00,0.0001,0.0001
2024-06-23 00:00:00+00:00,0.0001,7.846e-05
2024-06-23 08:00:00+00:00,2.307e-05,3.933e-05
2024-06-23 16:00:00+00:00,4.676e-05,4.131e-05
2024-06-24 00:00:00.002000+00:00,9.534e-05,0.0001
2024-06-24 08:00:00+00:00,0.0001,3.318e-05
2024-06-24 16:00:00+00:00,7.488e-05,2.872e-05
2024-06-25 00:00:00+00:00,7.447e-05,1.182e-05
2024-06-25 08:00:00+00:00,5.949e-05,-3.228e-05
2024-06-25 16:00:00+00:00,7.752e-05,8.255e-05
2024-06-26 00:00:00.002000+00:00,0.0001,0.0001
2024-06-26 08:00:00+00:00,0.0001,0.0001
2024-06-26 16:00:00+00:00,0.0001,0.0001
2024-06-27 00:00:00+00:00,0.0001,0.0001
2024-06-27 08:00:00.001000+00:00,0.0001,0.0001
2024-06-27 16:00:00+00:00,0.0001,0.0001
2024-06-28 00:00:00+00:00,0.0001,0.0001
2024-06-28 08:00:00+00:00,0.0001,8.707e-05
2024-06-28 16:00:00+00:00,0.0001,9.286e-05
2024-06-29 00:00:00.001000+00:00,0.0001,0.0001
2024-06-29 08:00:00+00:00,0.0001,0.0001
2024-06-29 16:00:00+00:00,0.0001,0.0001
2024-06-30 00:00:00+00:00,0.0001,0.0001
2024-06-30 08:00:00+00:00,0.0001,0.0001
2024-06-30 16:00:00+00:00,0.0001,0.0001
2024-07-01 00:00:00+00:00,0.0001,8.734e-05
2024-07-01 08:00:00+00:00,0.0001,5.816e-05
2024-07-01 16:00:00.001000+00:00,0.0001,0.0001
2024-07-02 00:00:00+00:00,0.0001,0.0001
2024-07-02 08:00:00+00:00,0.0001,7.576e-05
2024-07-02 16:00:00+00:00,0.0001,2.759e-05
2024-07-03 00:00:00+00:00,0.0001,0.0001
2024-07-03 08:00:00.001000+00:00,0.0001,0.0001
2024-07-03 16:00:00+00:00,0.0001,0.0001
2024-07-04 00:00:00+00:00,0.0001,0.0001
2024-07-04 08:00:00+00:00,0.0001,8.877e-05
2024-07-04 16:00:00+00:00,0.0001,4.97e-05
2024-07-05 00:00:00+00:00,0.0001,-9.47e-06
2024-07-05 08:00:00+00:00,0.0001,5.21e-05
2024-07-05 16:00:00+00:00,1.762e-05,-0.0001139
2024-07-06 00:00:00+00:00,5.729e-05,7.35e-05
2024-07-06 08:00:00+00:00,7.512e-05,4.265e-05
2024-07-06 16:00:00+00:00,3.25e-05,-0.00012992
2024-07-07 00:00:00.001000+00:00,8.164e-05,3.52e-06
2024-07-07 08:00:00+00:00,0.0001,0.0001
2024-07-07 16:00:00+00:00,0.0001,0.0001
2024-07-08 00:00:00+00:00,7.905e-05,0.0001
2024-07-08 08:00:00+00:00,8.222e-05,-5.629e-05
2024-07-08 16:00:00+00:00,0.0001,0.0001
2024-07-09 00:00:00+00:00,0.0001,0.0001
2024-07-09 08:00:00.001000+00:00,8.61e-06,5.602e-05
2024-07-09 16:00:00+00:00,0.0001,4.22e-05
2024-07-10 00:00:00+00:00,0.0001,8.78e-05
2024-07-10 08:00:00+00:00,9.225e-05,8.961e-05
2024-07-10 16:00:00+00:00,5.485e-05,7.406e-05
2024-07-11 00:00:00.002000+00:00,0.0001,0.0001
2024-07-11 08:00:00.002000+00:00,0.0001,2.205e-05
2024-07-11 16:00:00.004000+00:00,0.0001,-1.433e-05
2024-07-12 00:00:00+00:00,6.378e-05,0.0001
2024-07-12 08:00:00+00:00,3.026e-05,4.566e-05
2024-07-12 16:00:00+00:00,4.037e-05,-1.079e-05
2024-07-13 00:00:00+00:00,8.319e-05,1.668e-05
2024-07-13 08:00:00+00:00,6.865e-05,8.326e-05
2024-07-13 16:00:00+00:00,0.0001,4.063e-05
2024-07-14 00:00:00+00:00,8.737e-05,8.116e-05
2024-07-14 08:00:00+00:00,3.71e-05,4.07e-05
2024-07-14 16:00:00+00:00,8.342e-05,2.006e-05
2024-07-15 00:00:00+00:00,4.59e-05,-1.038e-05
2024-07-15 08:00:00+00:00,3.202e-05,2.402e-05
2024-07-15 16:00:00+00:00,-5.14e-06,3.81e-05
2024-07-16 00:00:00+00:00,-5.062e-05,-3.759e-05
2024-07-16 08:00:00+00:00,8.814e-05,0.0001
2024-07-16 16:00:00+00:00,2.717e-05,7.774e-05
2024-07-17 00:00:00+00:00,-3.419e-05,0.0001
2024-07-17 08:00:00.001000+00:00,1.775e-05,5.083e-05
2024-07-17 16:00:00+00:00,2.143e-05,0.0001
2024-07-18 00:00:00+00:00,6.89e-06,6.464e-05
2024-07-18 08:00:00+00:00,1.546e-05,8.411e-05
2024-07-18 16:00:00+00:00,3.127e-05,0.0001
2024-07-19 00:00:00+00:00,4.029e-05,7.366e-05
2024-07-19 08:00:00+00:00,4.855e-05,0.0001
2024-07-19 16:00:00+00:00,4.606e-05,5.128e-05
2024-07-20 00:00:00.001000+00:00,-3.077e-05,0.0001
2024-07-20 08:00:00+00:00,1.944e-05,2.379e-05
2024-07-20 16:00:00+00:00,1.622e-05,3.05e-06
2024-07-21 00:00:00+00:00,-5.313e-05,0.0001
2024-07-21 08:00:00+00:00,2.194e-05,0.0001
2024-07-21 16:00:00+00:00,6.46e-06,5.463e-05
2024-07-22 00:00:00+00:00,9.136e-05,0.0001
2024-07-22 08:00:00+00:00,5.953e-05,0.0001
2024-07-22 16:00:00+00:00,2.769e-05,7.105e-05
2024-07-23 00:00:00+00:00,4.709e-05,0.0001
2024-07-23 08:00:00+00:00,4.31e-05,0.0001
2024-07-23 16:00:00+00:00,4.642e-05,0.0001
2024-07-24 00:00:00+00:00,0.0001,4.584e-05
2024-07-24 08:00:00+00:00,0.0001,0.0001
2024-07-24 16:00:00+00:00,0.0001,7.12e-05
2024-07-25 00:00:00+00:00,0.0001,8.091e-05
2024-07-25 08:00:00+00:00,0.0001,9.813e-05
2024-07-25 16:00:00+00:00,0.0001,7.841e-05
2024-07-26 00:00:00+00:00,0.0001,7.483e-05
2024-07-26 08:00:00+00:00,0.0001,3.235e-05
2024-07-26 16:00:00+00:00,3.34e-05,6.143e-05
2024-07-27 00:00:00+00:00,6.547e-05,4.76e-05
2024-07-27 08:00:00+00:00,8.022e-05,3.411e-05
2024-07-27 16:00:00+00:00,9.109e-05,8.705e-05
2024-07-28 00:00:00+00:00,8.18e-05,0.0001
2024-07-28 08:00:00+00:00,9.177e-05,0.0001
2024-07-28 16:00:00.001000+00:00,2.804e-05,8.932e-05
2024-07-29 00:00:00.001000+00:00,8.361e-05,3.694e-05
2024-07-29 08:00:00+00:00,5.623e-05,0.0001
2024-07-29 16:00:00.001000+00:00,0.0001,0.0001
2024-07-30 00:00:00+00:00,3.396e-05,7.783e-05
2024-07-30 08:00:00.001000+00:00,3.562e-05,0.0001
2024-07-30 16:00:00+00:00,7.691e-05,0.0001
2024-07-31 00:00:00+00:00,3.063e-05,3.184e-05
2024-07-31 08:00:00+00:00,7.178e-05,7.743e-05
2024-07-31 16:00:00+00:00,3.826e-05,8.931e-05
2024-08-01 00:00:00+00:00,8.208e-05,9.291e-05
2024-08-01 08:00:00+00:00,0.0001,0.0001
2024-08-01 16:00:00+00:00,0.0001,0.0001
2024-08-02 00:00:00+00:00,0.0001,3.639e-05
2024-08-02 08:00:00.001000+00:00,0.0001,0.0001
2024-08-02 16:00:00+00:00,0.0001,0.0001
2024-08-03 00:00:00+00:00,0.0001,9.802e-05
2024-08-03 08:00:00+00:00,9.788e-05,0.0001
2024-08-03 16:00:00.001000+00:00,4.247e-05,8.073e-05
2024-08-04 00:00:00+00:00,0.0001,-1.748e-05
2024-08-04 08:00:00+00:00,5.343e-05,8.871e-05
2024-08-04 16:00:00+00:00,0.0001,4.224e-05
2024-08-05 00:00:00+00:00,0.0001,6.211e-05
2024-08-05 08:00:00+00:00,4.429e-05,-7.57e-06
2024-08-05 16:00:00+00:00,5.967e-05,4.63e-06
2024-08-06 00:00:00+00:00,3.566e-05,8.019e-05
2024-08-06 08:00:00+00:00,-2.845e-05,-5.258e-05
2024-08-06 16:00:00+00:00,4.485e-05,-3.23e-06
2024-08-07 00:00:00+00:00,-7.3e-06,2.337e-05
2024-08-07 08:00:00.001000+00:00,-6.859e-05,-8.086e-05
2024-08-07 16:00:00+00:00,3.241e-05,1.745e-05
2024-08-08 00:00:00.001000+00:00,2.637e-05,7.141e-05
2024-08-08 08:00:00+00:00,3.086e-05,2.523e-05
2024-08-08 16:00:00+00:00,1.147e-05,-2.941e-05
2024-08-09 00:00:00+00:00,4.994e-05,3.148e-05
2024-08-09 08:00:00+00:00,2.184e-05,1.575e-05
2024-08-09 16:00:00+00:00,4.846e-05,2.642e-05
2024-08-10 00:00:00+00:00,-3.942e-05,-6.621e-05
2024-08-10 08:00:00+00:00,-1.379e-05,4.285e-05
2024-08-10 16:00:00+00:00,-1.949e-05,5.146e-05
2024-08-11 00:00:00+00:00,4.049e-05,-3.889e-05
2024-08-11 08:00:00+00:00,-1.839e-05,-1.62e-05
2024-08-11 16:00:00.001000+00:00,1.185e-05,2.894e-05
2024-08-12 00:00:00+00:00,1.113e-05,9.903e-05
2024-08-12 08:00:00+00:00,8.783e-05,6.88e-06
2024-08-12 16:00:00+00:00,-2.238e-05,-9.32e-06
2024-08-13 00:00:00+00:00,6.14e-05,-6.2e-06
2024-08-13 08:00:00+00:00,5.21e-06,5.492e-05
2024-08-13 16:00:00+00:00,-3.902e-05,8.364e-05
2024-08-14 00:00:00+00:00,1.152e-05,-1e-07
2024-08-14 08:00:00+00:00,-1.33e-05,2.644e-05
2024-08-14 16:00:00+00:00,-7.811e-05,8.21e-06
2024-08-15 00:00:00+00:00,-8.488e-05,5.88e-06
2024-08-15 08:00:00+00:00,6.339e-05,4.403e-05
2024-08-15 16:00:00+00:00,-6.181e-05,-2.764e-05
2024-08-16 00:00:00+00:00,-0.00011235,-6.592e-05
2024-08-16 08:00:00+00:00,-7.387e-05,2.572e-05
2024-08-16 16:00:00+00:00,-5.57e-06,-3.407e-05
2024-08-17 00:00:00+00:00,1.912e-05,2.001e-05
2024-08-17 08:00:00+00:00,4.177e-05,-1.28e-05
2024-08-17 16:00:00+00:00,-1.52e-06,-7.03e-06
2024-08-18 00:00:00+00:00,3.966e-05,4.55e-06
2024-08-18 08:00:00+00:00,-1.323e-05,-2.019e-05
2024-08-18 16:00:00+00:00,-3.149e-05,-0.00010289
2024-08-19 00:00:00+00:00,-3.616e-05,1.862e-05
2024-08-19 08:00:00+00:00,-6.75e-05,-9.28e-06
2024-08-19 16:00:00.002000+00:00,-1.957e-05,5.854e-05
2024-08-20 00:00:00+00:00,-2.656e-05,3.839e-05
2024-08-20 08:00:00+00:00,1.349e-05,-2.96e-05
2024-08-20 16:00:00.001000+00:00,1.419e-05,-3.807e-05
2024-08-21 00:00:00.001000+00:00,-6.756e-05,2.703e-05
2024-08-21 08:00:00+00:00,-5.91e-06,8.62e-06
2024-08-21 16:00:00.001000+00:00,3.96e-06,-1.553e-05
2024-08-22 00:00:00+00:00,-2.229e-05,6.11e-06
2024-08-22 08:00:00+00:00,1.338e-05,6.844e-05
2024-08-22 16:00:00.008000+00:00,-7.261e-05,2.936e-05
2024-08-23 00:00:00+00:00,-3.329e-05,4.556e-05
2024-08-23 08:00:00+00:00,2.391e-05,4.05e-05
2024-08-23 16:00:00+00:00,-4.317e-05,-4.648e-05
2024-08-24 00:00:00+00:00,-7.72e-06,7.101e-05
2024-08-24 08:00:00.005000+00:00,-7.23e-06,2.046e-05
2024-08-24 16:00:00+00:00,6.395e-05,6.232e-05
2024-08-25 00:00:00+00:00,-4.806e-05,9.763e-05
2024-08-25 08:00:00+00:00,-1.531e-05,0.0001
2024-08-25 16:00:00+00:00,3.108e-05,-1.338e-05
2024-08-26 00:00:00+00:00,2.439e-05,1.048e-05
2024-08-26 08:00:00.001000+00:00,3.448e-05,0.0001
2024-08-26 16:00:00+00:00,3.789e-05,2.054e-05
2024-08-27 00:00:00.001000+00:00,2.795e-05,0.0001
2024-08-27 08:00:00+00:00,1.751e-05,4.402e-05
2024-08-27 16:00:00+00:00,7.753e-05,5.909e-05
2024-08-28 00:00:00+00:00,-6.803e-05,-1.779e-05
2024-08-28 08:00:00+00:00,2.433e-05,1.753e-05
2024-08-28 16:00:00.001000+00:00,1.143e-05,2.718e-05
2024-08-29 00:00:00+00:00,-9.76e-06,-1.723e-05
2024-08-29 08:00:00.001000+00:00,-1.644e-05,-8.639e-05
2024-08-29 16:00:00+00:00,5.59e-06,-9.711e-05
2024-08-30 00:00:00+00:00,9.36e-06,-3.891e-05
2024-08-30 08:00:00+00:00,3.578e-05,3.115e-05
2024-08-30 16:00:00+00:00,2.927e-05,-5.69e-05
2024-08-31 00:00:00+00:00,-1.749e-05,-6.239e-05
2024-08-31 08:00:00+00:00,3.578e-05,4.9e-05
2024-08-31 16:00:00+00:00,3.8e-05,1.853e-05
2024-09-01 00:00:00+00:00,4.113e-05,-9.59e-06
2024-09-01 08:00:00.001000+00:00,-3.432e-05,-2.631e-05
2024-09-01 16:00:00+00:00,-3.82e-06,-2.877e-05
2024-09-02 00:00:00.001000+00:00,-3.386e-05,-4.426e-05
2024-09-02 08:00:00.001000+00:00,2.48e-06,5.21e-06
2024-09-02 16:00:00+00:00,-3.63e-06,-5.556e-05
2024-09-03 00:00:00+00:00,6.245e-05,-8.288e-05
2024-09-03 08:00:00.001000+00:00,5.123e-05,3.441e-05
2024-09-03 16:00:00+00:00,4.598e-05,5.362e-05
2024-09-04 00:00:00+00:00,2.209e-05,8.904e-05
2024-09-04 08:00:00+00:00,1.05e-05,-1.3e-05
2024-09-04 16:00:00+00:00,-1.47e-05,3.561e-05
2024-09-05 00:00:00+00:00,9.016e-05,6.659e-05
2024-09-05 08:00:00+00:00,2.025e-05,5.123e-05
2024-09-05 16:00:00.005000+00:00,2.49e-05,1.522e-05
2024-09-06 00:00:00+00:00,2.28e-05,5.678e-05
2024-09-06 08:00:00.001000+00:00,-1e-08,4.047e-05
2024-09-06 16:00:00+00:00,1.428e-05,-1.324e-05
2024-09-07 00:00:00+00:00,-5.57e-06,-2.225e-05
2024-09-07 08:00:00+00:00,-7.634e-05,-2.317e-05
2024-09-07 16:00:00+00:00,-7.236e-05,5.99e-06
2024-09-08 00:00:00+00:00,3.745e-05,8.148e-05
2024-09-08 08:00:00+00:00,-5.999e-05,6.264e-05
2024-09-08 16:00:00+00:00,-5.245e-05,6.412e-05
2024-09-09 00:00:00+00:00,-7.585e-05,3.966e-05
2024-09-09 08:00:00+00:00,-7.108e-05,-5.564e-05
2024-09-09 16:00:00.001000+00:00,-3.875e-05,-4.794e-05
2024-09-10 00:00:00+00:00,-6.028e-05,9.587e-05
2024-09-10 08:00:00+00:00,-2.93e-05,-1.672e-05
2024-09-10 16:00:00+00:00,-1.126e-05,2.349e-05
2024-09-11 00:00:00+00:00,-8.953e-05,-6.617e-05
2024-09-11 08:00:00+00:00,-2.247e-05,-1.813e-05
2024-09-11 16:00:00+00:00,-5.212e-05,-2.041e-05
2024-09-12 00:00:00+00:00,-1.951e-05,-2.81e-05
2024-09-12 08:00:00+00:00,-5.46e-06,-8.6e-06
2024-09-12 16:00:00+00:00,-2.95e-05,1.32e-05
2024-09-13 00:00:00+00:00,-6.9e-07,2.638e-05
2024-09-13 08:00:00.001000+00:00,-8.69e-06,1.756e-05
2024-09-13 16:00:00.001000+00:00,-2.443e-05,1.798e-05
2024-09-14 00:00:00+00:00,-8.699e-05,-1.2e-06
2024-09-14 08:00:00+00:00,8.59e-06,3.207e-05
2024-09-14 16:00:00.001000+00:00,2.326e-05,5.55e-06
2024-09-15 00:00:00+00:00,-4.91e-06,1.401e-05
2024-09-15 08:00:00+00:00,1e-08,1.07e-06
2024-09-15 16:00:00+00:00,4.02e-06,1.278e-05
2024-09-16 00:00:00+00:00,2.402e-05,1.892e-05
2024-09-16 08:00:00.001000+00:00,3.564e-05,-5.218e-05
2024-09-16 16:00:00+00:00,6.762e-05,7.164e-05
2024-09-17 00:00:00.001000+00:00,8.529e-05,0.0001
2024-09-17 08:00:00+00:00,1.911e-05,2.206e-05
2024-09-17 16:00:00+00:00,5.327e-05,2.153e-05
2024-09-18 00:00:00+00:00,1.344e-05,-1.61e-06
2024-09-18 08:00:00+00:00,1.678e-05,-3.792e-05
2024-09-18 16:00:00.004000+00:00,4.648e-05,2.354e-05
2024-09-19 00:00:00+00:00,3.512e-05,6.423e-05
2024-09-19 08:00:00+00:00,2.949e-05,8.771e-05
2024-09-19 16:00:00.001000+00:00,4.072e-05,1.474e-05
2024-09-20 00:00:00+00:00,8.065e-05,0.0001
2024-09-20 08:00:00.001000+00:00,-5.03e-06,0.0001
2024-09-20 16:00:00+00:00,5.543e-05,0.0001
2024-09-21 00:00:00.001000+00:00,4.638e-05,0.0001
2024-09-21 08:00:00+00:00,0.0001,0.0001
2024-09-21 16:00:00+00:00,8.234e-05,4.074e-05
2024-09-22 00:00:00+00:00,6.285e-05,0.0001
2024-09-22 08:00:00+00:00,9.254e-05,7.587e-05
2024-09-22 16:00:00+00:00,5.537e-05,1.979e-05
2024-09-23 00:00:00+00:00,6.546e-05,-4.401e-05
2024-09-23 08:00:00+00:00,1.364e-05,5.545e-05
2024-09-23 16:00:00+00:00,5.304e-05,-2.612e-05
2024-09-24 00:00:00+00:00,2.324e-05,4.827e-05
2024-09-24 08:00:00+00:00,2.895e-05,6.92e-05
2024-09-24 16:00:00.001000+00:00,-1.82e-06,5.57e-06
2024-09-25 00:00:00+00:00,1.223e-05,0.0001
2024-09-25 08:00:00.003000+00:00,1.141e-05,0.0001
2024-09-25 16:00:00+00:00,1.336e-05,5.783e-05
2024-09-26 00:00:00.005000+00:00,1.65e-05,3.616e-05
2024-09-26 08:00:00+00:00,6.246e-05,6.697e-05
2024-09-26 16:00:00+00:00,0.0001,0.0001
2024-09-27 00:00:00+00:00,0.0001,0.0001
2024-09-27 08:00:00+00:00,6.722e-05,9.81e-06
2024-09-27 16:00:00+00:00,2.275e-05,0.0001
2024-09-28 00:00:00+00:00,5.455e-05,0.0001
2024-09-28 08:00:00.001000+00:00,8.3e-05,9.8e-05
2024-09-28 16:00:00+00:00,1.414e-05,0.0001
2024-09-29 00:00:00.001000+00:00,7.25e-06,9.314e-05
2024-09-29 08:00:00+00:00,3.128e-05,0.0001
2024-09-29 16:00:00+00:00,7.253e-05,0.0001
2024-09-30 00:00:00+00:00,3.077e-05,0.0001
2024-09-30 08:00:00.001000+00:00,7.939e-05,0.0001
2024-09-30 16:00:00+00:00,0.0001,0.0001
2024-10-01 00:00:00+00:00,0.0001,0.0001
2024-10-01 08:00:00+00:00,0.0001,0.0001
2024-10-01 16:00:00.001000+00:00,0.0001,0.0001
2024-10-02 00:00:00+00:00,6.632e-05,0.0001
2024-10-02 08:00:00+00:00,8.409e-05,1.306e-05
2024-10-02 16:00:00+00:00,8.191e-05,7.012e-05
2024-10-03 00:00:00+00:00,4.381e-05,1.07e-06
2024-10-03 08:00:00+00:00,3.746e-05,5.138e-05
2024-10-03 16:00:00+00:00,4.99e-05,-3.81e-06
2024-10-04 00:00:00+00:00,7.097e-05,3.715e-05
2024-10-04 08:00:00+00:00,2.119e-05,-4.939e-05
2024-10-04 16:00:00.001000+00:00,2.43e-06,5.24e-06
2024-10-05 00:00:00+00:00,-1.596e-05,5.818e-05
2024-10-05 08:00:00+00:00,1.088e-05,9.502e-05
2024-10-05 16:00:00+00:00,8.61e-06,4.49e-06
2024-10-06 00:00:00+00:00,5.72e-06,0.0001
2024-10-06 08:00:00.001000+00:00,3.288e-05,0.0001
2024-10-06 16:00:00+00:00,4.18e-05,3.507e-05
2024-10-07 00:00:00+00:00,4.573e-05,3.973e-05
2024-10-07 08:00:00+00:00,-9.52e-06,7.543e-05
2024-10-07 16:00:00.001000+00:00,2.177e-05,5.43e-06
2024-10-08 00:00:00+00:00,-1.678e-05,3.9e-07
2024-10-08 08:00:00+00:00,7.094e-05,0.0001
2024-10-08 16:00:00+00:00,8.1e-05,-2.549e-05
2024-10-09 00:00:00+00:00,0.0001,8.84e-06
2024-10-09 08:00:00+00:00,5.138e-05,-3.713e-05
2024-10-09 16:00:00+00:00,7.939e-05,0.0001
2024-10-10 00:00:00+00:00,2.09e-05,0.0001
2024-10-10 08:00:00+00:00,1.532e-05,-3.657e-05
2024-10-10 16:00:00+00:00,0.0001,5.098e-05
2024-10-11 00:00:00+00:00,2.231e-05,5.45e-06
2024-10-11 08:00:00+00:00,-1.874e-05,2.89e-06
2024-10-11 16:00:00.001000+00:00,1.2e-06,-6.334e-05
2024-10-12 00:00:00+00:00,4.558e-05,-3.249e-05
2024-10-12 08:00:00.001000+00:00,7.664e-05,6.95e-05
2024-10-12 16:00:00+00:00,-1.489e-05,-4.766e-05
2024-10-13 00:00:00+00:00,6.93e-06,5.22e-06
2024-10-13 08:00:00+00:00,1.638e-05,5.938e-05
2024-10-13 16:00:00+00:00,3.938e-05,5.394e-05
2024-10-14 00:00:00+00:00,5.429e-05,1.631e-05
2024-10-14 08:00:00+00:00,0.0001,7.203e-05
2024-10-14 16:00:00+00:00,0.0001,7.332e-05
2024-10-15 00:00:00+00:00,0.0001,0.0001
2024-10-15 08:00:00+00:00,0.0001,0.0001
2024-10-15 16:00:00+00:00,0.0001,0.0001
2024-10-16 00:00:00+00:00,8.325e-05,6.943e-05
2024-10-16 08:00:00.001000+00:00,8.5e-05,2.087e-05
2024-10-16 16:00:00+00:00,0.0001,9.905e-05
2024-10-17 00:00:00+00:00,0.0001,4.579e-05
2024-10-17 08:00:00+00:00,0.0001,9.905e-05
2024-10-17 16:00:00.001000+00:00,0.0001,0.0001
2024-10-18 00:00:00.010000+00:00,0.0001,7.589e-05
2024-10-18 08:00:00.001000+00:00,0.0001,3.467e-05
2024-10-18 16:00:00+00:00,0.0001,9.885e-05
2024-10-19 00:00:00+00:00,0.0001,3.918e-05
2024-10-19 08:00:00+00:00,0.0001,5.265e-05
2024-10-19 16:00:00+00:00,0.0001,7.269e-05
2024-10-20 00:00:00+00:00,0.0001,0.0001
2024-10-20 08:00:00+00:00,0.0001,4.903e-05
2024-10-20 16:00:00+00:00,0.0001,7.01e-05
2024-10-21 00:00:00+00:00,0.0001,0.0001
2024-10-21 08:00:00+00:00,0.0001,0.0001
2024-10-21 16:00:00+00:00,0.0001,0.0001
2024-10-22 00:00:00+00:00,0.0001,0.0001
2024-10-22 08:00:00+00:00,0.0001,0.0001
2024-10-22 16:00:00+00:00,0.0001,0.0001
2024-10-23 00:00:00+00:00,0.0001,0.0001
2024-10-23 08:00:00+00:00,0.0001,0.0001
2024-10-23 16:00:00+00:00,0.0001,0.0001
2024-10-24 00:00:00+00:00,0.0001,0.0001
2024-10-24 08:00:00+00:00,0.0001,0.0001
2024-10-24 16:00:00+00:00,0.0001,0.0001
2024-10-25 00:00:00+00:00,0.0001,0.0001
2024-10-25 08:00:00+00:00,0.0001,0.0001
2024-10-25 16:00:00+00:00,0.0001,3.16e-05
2024-10-26 00:00:00+00:00,4.755e-05,5.848e-05
2024-10-26 08:00:00.001000+00:00,7.569e-05,5.269e-05
2024-10-26 16:00:00+00:00,0.0001,0.0001
2024-10-27 00:00:00+00:00,0.0001,0.0001
2024-10-27 08:00:00+00:00,9.724e-05,4.801e-05
2024-10-27 16:00:00+00:00,0.0001,-1.684e-05
2024-10-28 00:00:00+00:00,9.425e-05,8.656e-05
2024-10-28 08:00:00.001000+00:00,0.0001,0.0001
2024-10-28 16:00:00+00:00,8.946e-05,2.332e-05
2024-10-29 00:00:00+00:00,0.0001,0.0001
2024-10-29 08:00:00+00:00,0.0001,0.0001
2024-10-29 16:00:00.004000+00:00,0.0001,0.0001
2024-10-30 00:00:00+00:00,0.0001,0.0001
2024-10-30 08:00:00+00:00,0.0001,0.0001
2024-10-30 16:00:00.013000+00:00,0.0001,0.0001
2024-10-31 00:00:00+00:00,0.0001,0.0001
2024-10-31 08:00:00+00:00,0.0001,0.0001
2024-10-31 16:00:00+00:00,0.0001,0.0001
2024-11-01 00:00:00+00:00,0.0001,0.0001
2024-11-01 08:00:00+00:00,0.0001,0.0001
2024-11-01 16:00:00+00:00,0.0001,0.0001
2024-11-02 00:00:00+00:00,0.0001,6.813e-05
2024-11-02 08:00:00+00:00,0.0001,9.387e-05
2024-11-02 16:00:00+00:00,0.0001,6.9e-05
2024-11-03 00:00:00+00:00,0.0001,3.98e-05
2024-11-03 08:00:00+00:00,0.0001,3.241e-05
2024-11-03 16:00:00+00:00,0.0001,8.014e-05
2024-11-04 00:00:00+00:00,0.0001,4.818e-05
2024-11-04 08:00:00+00:00,0.0001,6.725e-05
2024-11-04 16:00:00+00:00,0.0001,6.216e-05
2024-11-05 00:00:00+00:00,0.0001,5.868e-05
2024-11-05 08:00:00.003000+00:00,0.0001,4.51e-05
2024-11-05 16:00:00.001000+00:00,0.0001,7.17e-06
2024-11-06 00:00:00+00:00,0.0001,-1.892e-05
2024-11-06 08:00:00+00:00,0.0001,0.0001
2024-11-06 16:00:00+00:00,0.0001,0.0001
2024-11-07 00:00:00+00:00,0.0001,0.0001
2024-11-07 08:00:00+00:00,0.0001,0.0001
2024-11-07 16:00:00+00:00,0.0001,0.0001
2024-11-08 00:00:00+00:00,0.0001,0.0001
2024-11-08 08:00:00+00:00,0.0001,0.0001
2024-11-08 16:00:00+00:00,0.0001,0.0001
2024-11-09 00:00:00+00:00,0.0001,0.0001
2024-11-09 08:00:00+00:00,0.0001,0.0001
2024-11-09 16:00:00+00:00,0.0001,0.0001
2024-11-10 00:00:00+00:00,0.0001,0.0001
2024-11-10 08:00:00+00:00,0.00025603,0.00019071
2024-11-10 16:00:00+00:00,0.00014113,0.00041975
2024-11-11 00:00:00.001000+00:00,0.00036878,0.00034668
2024-11-11 08:00:00+00:00,0.0001,0.00011081
2024-11-11 16:00:00+00:00,0.0001,0.00022373
2024-11-12 00:00:00.002000+00:00,0.00049133,0.00035969
2024-11-12 08:00:00+00:00,0.00043737,0.00043733
2024-11-12 16:00:00+00:00,0.00038754,0.00048819
2024-11-13 00:00:00+00:00,0.0001,0.00032823
2024-11-13 08:00:00.010000+00:00,0.00013101,0.00020936
2024-11-13 16:00:00+00:00,0.00021856,0.00022016
2024-11-14 00:00:00.001000+00:00,0.0001,0.00020764
2024-11-14 08:00:00+00:00,0.0001,0.00022462
2024-11-14 16:00:00+00:00,0.0001,0.0001
2024-11-15 00:00:00+00:00,0.0001,0.0001
2024-11-15 08:00:00+00:00,0.0001,0.0001
2024-11-15 16:00:00+00:00,0.00010977,0.0001
2024-11-16 00:00:00.001000+00:00,0.0001,0.0001
2024-11-16 08:00:00.001000+00:00,0.0001,0.00023693
2024-11-16 16:00:00+00:00,0.00013231,0.00016028
2024-11-17 00:00:00+00:00,0.00015765,0.0001
2024-11-17 08:00:00+00:00,0.0001,0.00044518
2024-11-17 16:00:00.001000+00:00,0.00010577,0.00021627
2024-11-18 00:00:00+00:00,0.0001,0.00023762
2024-11-18 08:00:00+00:00,0.0003645,0.0001653
2024-11-18 16:00:00+00:00,0.00021318,0.0002213
2024-11-19 00:00:00+00:00,0.00021606,0.00022018
2024-11-19 08:00:00+00:00,0.00030216,0.00019184
2024-11-19 16:00:00+00:00,0.00017959,0.00012644
2024-11-20 00:00:00.003000+00:00,0.0001,0.0001
2024-11-20 08:00:00+00:00,0.0001,0.0001
2024-11-20 16:00:00+00:00,0.0001,0.0001
2024-11-21 00:00:00.001000+00:00,0.0001,0.0001
2024-11-21 08:00:00+00:00,0.0001,0.0001
2024-11-21 16:00:00.001000+00:00,0.0001,0.0001
2024-11-22 00:00:00+00:00,0.0001,0.00043945
2024-11-22 08:00:00+00:00,0.0001,0.00022593
2024-11-22 16:00:00.001000+00:00,0.0001,0.0001702
2024-11-23 00:00:00+00:00,0.0001,0.0001
2024-11-23 08:00:00+00:00,0.0001,0.00028946
2024-11-23 16:00:00+00:00,0.0001,0.00025577
2024-11-24 00:00:00.001000+00:00,0.0001,0.00018175
2024-11-24 08:00:00+00:00,0.00016148,0.00033189
2024-11-24 16:00:00+00:00,0.00023228,0.00025244
2024-11-25 00:00:00+00:00,0.00021035,0.00014445
2024-11-25 08:00:00+00:00,0.0001,0.00019888
2024-11-25 16:00:00+00:00,0.00025233,0.00010485
2024-11-26 00:00:00+00:00,0.00021902,0.0001
2024-11-26 08:00:00+00:00,0.00017936,0.0001
2024-11-26 16:00:00+00:00,0.00029599,0.0001
2024-11-27 00:00:00+00:00,0.00031205,0.0001
2024-11-27 08:00:00+00:00,0.00016795,0.0001
2024-11-27 16:00:00.001000+00:00,0.0001,0.0001
2024-11-28 00:00:00+00:00,0.0001,0.0001
2024-11-28 08:00:00+00:00,0.00014326,0.0001
2024-11-28 16:00:00+00:00,0.00011859,0.0001
2024-11-29 00:00:00+00:00,0.00020619,0.0001
2024-11-29 08:00:00+00:00,0.00011747,0.0001
2024-11-29 16:00:00+00:00,0.00021921,0.0001
2024-11-30 00:00:00+00:00,0.0001,0.0001
2024-11-30 08:00:00+00:00,0.00015909,0.0001
2024-11-30 16:00:00+00:00,0.00012063,0.0001
2024-12-01 00:00:00+00:00,0.00015901,0.00011575
2024-12-01 08:00:00+00:00,0.00019581,0.0001
2024-12-01 16:00:00+00:00,0.0001,0.00021606
2024-12-02 00:00:00.001000+00:00,0.00025726,0.00037518
2024-12-02 08:00:00.001000+00:00,0.00024556,0.00025587
2024-12-02 16:00:00+00:00,0.00013387,0.00026772
2024-12-03 00:00:00+00:00,0.00012779,0.00032728
2024-12-03 08:00:00+00:00,0.00024926,0.00031454
2024-12-03 16:00:00+00:00,0.00011952,0.00030312
2024-12-04 00:00:00+00:00,0.00026634,0.00035501
2024-12-04 08:00:00+00:00,0.00026254,0.00023264
2024-12-04 16:00:00+00:00,0.00023234,0.00036215
2024-12-05 00:00:00.001000+00:00,0.00027625,0.00027166
2024-12-05 08:00:00+00:00,0.00072446,0.00055995
2024-12-05 16:00:00+00:00,0.00047059,0.0005091
2024-12-06 00:00:00+00:00,0.0001,0.00032251
2024-12-06 08:00:00+00:00,0.00014634,0.00032302
2024-12-06 16:00:00+00:00,0.0001,0.00012425
2024-12-07 00:00:00+00:00,0.00031972,0.00041557
2024-12-07 08:00:00+00:00,0.00012374,0.00034529
2024-12-07 16:00:00+00:00,0.0001409,0.00038467
2024-12-08 00:00:00+00:00,0.00016985,0.00045069
2024-12-08 08:00:00+00:00,0.00016572,0.00019374
2024-12-08 16:00:00+00:00,0.0001758,0.00013754
2024-12-09 00:00:00+00:00,0.00030413,0.00025945
2024-12-09 08:00:00+00:00,0.00021032,0.00015891
2024-12-09 16:00:00.001000+00:00,0.00011115,0.00012595
2024-12-10 00:00:00.007000+00:00,0.0001,0.0001
2024-12-10 08:00:00+00:00,0.0001,0.0001
2024-12-10 16:00:00+00:00,0.0001,0.0001
2024-12-11 00:00:00+00:00,0.0001,0.0001
2024-12-11 08:00:00+00:00,0.0001,0.0001
2024-12-11 16:00:00.001000+00:00,0.0001,0.0001
2024-12-12 00:00:00.001000+00:00,0.0001,0.0001
2024-12-12 08:00:00+00:00,0.0001,0.0001
2024-12-12 16:00:00.001000+00:00,0.0001,0.0001
2024-12-13 00:00:00+00:00,0.0001,0.0001
2024-12-13 08:00:00+00:00,0.0001,0.0001
2024-12-13 16:00:00.001000+00:00,0.0001,0.0001
2024-12-14 00:00:00+00:00,6.75e-05,0.0001
2024-12-14 08:00:00+00:00,0.0001,0.0001
2024-12-14 16:00:00+00:00,0.0001,0.0001
2024-12-15 00:00:00+00:00,0.0001,0.0001
2024-12-15 08:00:00+00:00,8.194e-05,6.761e-05
2024-12-15 16:00:00+00:00,0.0001,0.0001
2024-12-16 00:00:00+00:00,0.0001,0.0001
2024-12-16 08:00:00.001000+00:00,0.0001,0.0001
2024-12-16 16:00:00+00:00,9.181e-05,0.0001
2024-12-17 00:00:00+00:00,7.866e-05,0.0001
2024-12-17 08:00:00+00:00,0.0001,4.064e-05
2024-12-17 16:00:00+00:00,0.0001,0.0001
2024-12-18 00:00:00+00:00,0.0001,0.0001
2024-12-18 08:00:00+00:00,9.159e-05,9.102e-05
2024-12-18 16:00:00+00:00,0.0001,6.23e-06
2024-12-19 00:00:00+00:00,0.0001,-3.6e-05
2024-12-19 08:00:00+00:00,0.0001,-1.903e-05
2024-12-19 16:00:00+00:00,0.0001,1.572e-05
2024-12-20 00:00:00+00:00,0.0001,-1.795e-05
2024-12-20 08:00:00.001000+00:00,0.0001,-2.757e-05
2024-12-20 16:00:00.014000+00:00,0.0001,-6.045e-05
2024-12-21 00:00:00+00:00,0.0001,-0.00018625
2024-12-21 08:00:00+00:00,1.206e-05,-0.00013946
2024-12-21 16:00:00.001000+00:00,0.0001,-4.2e-05
2024-12-22 00:00:00+00:00,0.0001,-0.00011655
2024-12-22 08:00:00+00:00,0.0001,2.97e-05
2024-12-22 16:00:00+00:00,9.629e-05,-0.00010865
2024-12-23 00:00:00+00:00,0.0001,-5.764e-05
2024-12-23 08:00:00+00:00,0.0001,-2.514e-05
2024-12-23 16:00:00.001000+00:00,8.981e-05,-1.518e-05
2024-12-24 00:00:00+00:00,0.0001,4.56e-06
2024-12-24 08:00:00+00:00,0.0001,-8.87e-06
2024-12-24 16:00:00.001000+00:00,0.0001,-2.528e-05
2024-12-25 00:00:00.001000+00:00,0.0001,-1.032e-05
2024-12-25 08:00:00+00:00,0.0001,-2.015e-05
2024-12-25 16:00:00+00:00,0.0001,3.692e-05
2024-12-26 00:00:00+00:00,9.827e-05,2.735e-05
2024-12-26 08:00:00+00:00,7.453e-05,0.0001
2024-12-26 16:00:00+00:00,8.585e-05,1.522e-05
2024-12-27 00:00:00+00:00,0.0001,3.726e-05
2024-12-27 08:00:00+00:00,0.0001,-2.625e-05
2024-12-27 16:00:00+00:00,0.0001,-8.145e-05
2024-12-28 00:00:00.001000+00:00,0.0001,9.283e-05
2024-12-28 08:00:00+00:00,7.639e-05,1.275e-05
2024-12-28 16:00:00+00:00,5.173e-05,-9.03e-06
2024-12-29 00:00:00+00:00,8.013e-05,7.78e-06
2024-12-29 08:00:00+00:00,0.0001,-2.727e-05
2024-12-29 16:00:00+00:00,0.0001,6.14e-05
2024-12-30 00:00:00+00:00,-4.2e-07,0.0001
2024-12-30 08:00:00.001000+00:00,8.791e-05,4.76e-05
2024-12-30 16:00:00+00:00,0.0001,5.906e-05
2024-12-31 00:00:00+00:00,0.0001,8.373e-05
2024-12-31 08:00:00+00:00,0.0001,2.697e-05
2024-12-31 16:00:00+00:00,0.0001,6.744e-05
2025-01-01 00:00:00.015000+00:00,0.0001,-5.587e-05
2025-01-01 08:00:00+00:00,0.0001,-2.663e-05
2025-01-01 16:00:00.001000+00:00,0.0001,-1.487e-05
2025-01-02 00:00:00+00:00,0.0001,0.0001
2025-01-02 08:00:00.006000+00:00,0.0001,0.0001
2025-01-02 16:00:00+00:00,0.0001,9.337e-05
2025-01-03 00:00:00+00:00,0.0001,0.0001
2025-01-03 08:00:00+00:00,0.0001,-1.47e-05
2025-01-03 16:00:00+00:00,5.242e-05,-7.967e-05
2025-01-04 00:00:00+00:00,7.699e-05,-7.358e-05
2025-01-04 08:00:00+00:00,0.0001,4.915e-05
2025-01-04 16:00:00+00:00,7.98e-06,5.813e-05
2025-01-05 00:00:00+00:00,0.0001,9.572e-05
2025-01-05 08:00:00+00:00,0.0001,-3.098e-05
2025-01-05 16:00:00+00:00,8.32e-05,0.0001
2025-01-06 00:00:00+00:00,0.0001,-1.03e-06
2025-01-06 08:00:00.001000+00:00,0.0001,-1.539e-05
2025-01-06 16:00:00+00:00,0.0001,5.815e-05
2025-01-07 00:00:00+00:00,0.0001,-2.492e-05
2025-01-07 08:00:00+00:00,8.903e-05,1.88e-05
2025-01-07 16:00:00.008000+00:00,8.279e-05,1.765e-05
2025-01-08 00:00:00.001000+00:00,0.0001,9.47e-06
2025-01-08 08:00:00+00:00,0.0001,9.384e-05
2025-01-08 16:00:00+00:00,0.0001,-2.658e-05
2025-01-09 00:00:00+00:00,0.0001,-4.356e-05
2025-01-09 08:00:00+00:00,9.834e-05,0.0001
2025-01-09 16:00:00+00:00,-5.44e-06,-1.659e-05
2025-01-10 00:00:00+00:00,3.966e-05,8.73e-06
2025-01-10 08:00:00+00:00,-1.06e-05,-7.385e-05
2025-01-10 16:00:00+00:00,8.078e-05,3.388e-05
2025-01-11 00:00:00+00:00,5.68e-05,9.89e-06
2025-01-11 08:00:00+00:00,4.055e-05,-3.578e-05
2025-01-11 16:00:00+00:00,2.608e-05,-4.343e-05
2025-01-12 00:00:00+00:00,5.009e-05,2.102e-05
2025-01-12 08:00:00+00:00,3.21e-05,-4.366e-05
2025-01-12 16:00:00+00:00,6.647e-05,3.548e-05
2025-01-13 00:00:00+00:00,5.266e-05,0.0001
2025-01-13 08:00:00+00:00,6.989e-05,2.66e-05
2025-01-13 16:00:00+00:00,8.81e-06,8.17e-06
2025-01-14 00:00:00+00:00,0.0001,-4.601e-05
2025-01-14 08:00:00+00:00,0.0001,-2.434e-05
2025-01-14 16:00:00+00:00,9.496e-05,2.374e-05
2025-01-15 00:00:00+00:00,4.989e-05,3.357e-05
2025-01-15 08:00:00+00:00,8.795e-05,-5.153e-05
2025-01-15 16:00:00+00:00,5.844e-05,-2.957e-05
2025-01-16 00:00:00+00:00,7.28e-06,0.0001
2025-01-16 08:00:00+00:00,7.568e-05,0.0001
2025-01-16 16:00:00+00:00,4.598e-05,0.0001
2025-01-17 00:00:00.004000+00:00,4.597e-05,0.0001
2025-01-17 08:00:00+00:00,9.386e-05,8.22e-05
2025-01-17 16:00:00.008000+00:00,3.432e-05,0.0001
2025-01-18 00:00:00+00:00,6.707e-05,0.0001
2025-01-18 08:00:00.007000+00:00,0.0001,1.883e-05
2025-01-18 16:00:00+00:00,0.0001,5.671e-05
2025-01-19 00:00:00+00:00,0.0001,0.0001
2025-01-19 08:00:00+00:00,0.0001,9.252e-05
2025-01-19 16:00:00+00:00,0.0001,5.667e-05
2025-01-20 00:00:00+00:00,0.0001,-0.0007115
2025-01-20 08:00:00.009000+00:00,0.0001,-7.723e-05
2025-01-20 16:00:00+00:00,0.0001,8.924e-05
2025-01-21 00:00:00+00:00,0.0001,-0.00027508
2025-01-21 08:00:00+00:00,0.0001,9.31e-05
2025-01-21 16:00:00+00:00,0.0001,-3.008e-05
2025-01-22 00:00:00+00:00,0.0001,0.0001
2025-01-22 08:00:00+00:00,0.0001,-2.092e-05
2025-01-22 16:00:00+00:00,0.0001,8.64e-05
2025-01-23 00:00:00.001000+00:00,8.654e-05,0.0001
2025-01-23 08:00:00+00:00,0.0001,8.081e-05
2025-01-23 16:00:00+00:00,8.616e-05,-7.98e-05
2025-01-24 00:00:00+00:00,3.34e-06,6.903e-05
2025-01-24 08:00:00+00:00,7.537e-05,9.064e-05
2025-01-24 16:00:00+00:00,9.54e-05,0.0001
2025-01-25 00:00:00+00:00,5.702e-05,-1.473e-05
2025-01-25 08:00:00+00:00,8.495e-05,-4.82e-06
2025-01-25 16:00:00.001000+00:00,7.782e-05,-0.00012014
2025-01-26 00:00:00+00:00,8.363e-05,0.0001
2025-01-26 08:00:00+00:00,0.0001,8.407e-05
2025-01-26 16:00:00+00:00,8.443e-05,2.626e-05
2025-01-27 00:00:00+00:00,9.084e-05,-3.653e-05
2025-01-27 08:00:00+00:00,3.712e-05,5.173e-05
2025-01-27 16:00:00+00:00,9.8e-07,-0.00018696
2025-01-28 00:00:00+00:00,0.0001,7.942e-05
2025-01-28 08:00:00+00:00,3.714e-05,-4.139e-05
2025-01-28 16:00:00+00:00,9.848e-05,3.672e-05
2025-01-29 00:00:00+00:00,0.0001,8.718e-05
2025-01-29 08:00:00+00:00,0.0001,5.356e-05
2025-01-29 16:00:00+00:00,9.949e-05,-1.196e-05
2025-01-30 00:00:00+00:00,7.59e-05,1.678e-05
2025-01-30 08:00:00+00:00,0.0001,0.0001
2025-01-30 16:00:00+00:00,9.499e-05,2.727e-05
2025-01-31 00:00:00+00:00,1.225e-05,-7.61e-06
2025-01-31 08:00:00+00:00,0.0001,-4.97e-05
2025-01-31 16:00:00+00:00,0.0001,5.524e-05
2025-02-01 00:00:00+00:00,8.098e-05,-6.866e-05
2025-02-01 08:00:00+00:00,5.369e-05,3.033e-05
2025-02-01 16:00:00+00:00,5.968e-05,-5.063e-05
2025-02-02 00:00:00.001000+00:00,5.824e-05,-5.306e-05
2025-02-02 08:00:00+00:00,3.38e-05,7.21e-06
2025-02-02 16:00:00+00:00,-8.61e-06,2.68e-06
2025-02-03 00:00:00+00:00,0.0001,7.72e-06
2025-02-03 08:00:00+00:00,0.0001,-0.00012368
2025-02-03 16:00:00+00:00,4.845e-05,-8.808e-05
2025-02-04 00:00:00+00:00,2.612e-05,-0.00055791
2025-02-04 08:00:00.001000+00:00,6.8e-05,-4.35e-05
2025-02-04 16:00:00+00:00,4.138e-05,5.7e-05
2025-02-05 00:00:00.001000+00:00,-4.61e-06,-3.571e-05
2025-02-05 08:00:00.001000+00:00,4.774e-05,-4.834e-05
2025-02-05 16:00:00+00:00,1.61e-05,-0.0001085
2025-02-06 00:00:00.001000+00:00,2.186e-05,-4.538e-05
2025-02-06 08:00:00.001000+00:00,-2.38e-06,-1.671e-05
2025-02-06 16:00:00+00:00,5.903e-05,6.857e-05
2025-02-07 00:00:00+00:00,7.983e-05,2.703e-05
2025-02-07 08:00:00+00:00,6.989e-05,6.95e-06
2025-02-07 16:00:00+00:00,5.167e-05,7.27e-06
2025-02-08 00:00:00+00:00,-4.1e-05,-2.483e-05
2025-02-08 08:00:00+00:00,1.137e-05,2.105e-05
2025-02-08 16:00:00+00:00,3.24e-06,5.719e-05
2025-02-09 00:00:00+00:00,3.873e-05,-0.00011027
2025-02-09 08:00:00+00:00,9.6e-05,-4.053e-05
2025-02-09 16:00:00+00:00,2.839e-05,-0.00021227
2025-02-10 00:00:00+00:00,1.802e-05,-0.00016119
2025-02-10 08:00:00+00:00,9.176e-05,-2.743e-05
2025-02-10 16:00:00+00:00,7.457e-05,-4.863e-05
2025-02-11 00:00:00+00:00,4.218e-05,-0.00018095
2025-02-11 08:00:00+00:00,7.09e-05,-0.00011994
2025-02-11 16:00:00+00:00,-2.446e-05,-0.00027714
2025-02-12 00:00:00+00:00,1.298e-05,-0.00022332
2025-02-12 08:00:00+00:00,4.899e-05,1.847e-05
2025-02-12 16:00:00.001000+00:00,4.96e-05,7.002e-05
2025-02-13 00:00:00.001000+00:00,0.0001,3.627e-05
2025-02-13 08:00:00+00:00,4.117e-05,-3.212e-05
2025-02-13 16:00:00.001000+00:00,8.05e-06,-0.00012867
2025-02-14 00:00:00+00:00,4.1e-05,-1.559e-05
2025-02-14 08:00:00.001000+00:00,5.51e-05,8.32e-05
2025-02-14 16:00:00+00:00,7.093e-05,8.466e-05
2025-02-15 00:00:00+00:00,5.5e-07,8.582e-05
2025-02-15 08:00:00+00:00,3.297e-05,3.121e-05
2025-02-15 16:00:00+00:00,3.735e-05,-5.05e-05
2025-02-16 00:00:00+00:00,3.39e-05,-5.811e-05
2025-02-16 08:00:00+00:00,1.82e-06,-2.569e-05
2025-02-16 16:00:00+00:00,3.799e-05,-0.00016876
2025-02-17 00:00:00+00:00,6.239e-05,-0.00015544
2025-02-17 08:00:00+00:00,6.397e-05,-0.00016029
2025-02-17 16:00:00+00:00,2.009e-05,2.136e-05
2025-02-18 00:00:00+00:00,9.488e-05,3.5e-05
2025-02-18 08:00:00+00:00,0.0001,3.939e-05
2025-02-18 16:00:00+00:00,0.0001,7.053e-05
2025-02-19 00:00:00+00:00,7.007e-05,-1.072e-05
2025-02-19 08:00:00+00:00,7.779e-05,3.53e-06
2025-02-19 16:00:00+00:00,8.96e-05,-3.859e-05
2025-02-20 00:00:00+00:00,2.42e-05,-6.024e-05
2025-02-20 08:00:00+00:00,3.269e-05,1.172e-05
2025-02-20 16:00:00+00:00,7.346e-05,-2.991e-05
2025-02-21 00:00:00.001000+00:00,1.23e-06,7.497e-05
2025-02-21 08:00:00+00:00,2.286e-05,1.692e-05
2025-02-21 16:00:00+00:00,-9.7e-07,-4.765e-05
2025-02-22 00:00:00+00:00,0.0001,-0.00011947
2025-02-22 08:00:00+00:00,6.466e-05,-6.714e-05
2025-02-22 16:00:00+00:00,2.318e-05,-6.107e-05
2025-02-23 00:00:00+00:00,4.112e-05,9.111e-05
2025-02-23 08:00:00+00:00,3.14e-05,7.31e-05
2025-02-23 16:00:00+00:00,1.478e-05,-5.162e-05
2025-02-24 00:00:00+00:00,-2.97e-05,-6.07e-05
2025-02-24 08:00:00+00:00,6.881e-05,-6.256e-05
2025-02-24 16:00:00+00:00,2.05e-05,6.005e-05
2025-02-25 00:00:00+00:00,0.0001,2.735e-05
2025-02-25 08:00:00+00:00,5.245e-05,3.295e-05
2025-02-25 16:00:00+00:00,1.385e-05,-5.354e-05
2025-02-26 00:00:00+00:00,3.521e-05,-0.00010562
2025-02-26 08:00:00+00:00,6.005e-05,2.46e-05
2025-02-26 16:00:00+00:00,0.0001,3.131e-05
2025-02-27 00:00:00.001000+00:00,9.305e-05,7.728e-05
2025-02-27 08:00:00+00:00,-6.17e-06,2.605e-05
2025-02-27 16:00:00+00:00,9.433e-05,0.0001
2025-02-28 00:00:00.001000+00:00,9.444e-05,0.0001
2025-02-28 08:00:00+00:00,9.521e-05,0.0001
2025-02-28 16:00:00+00:00,-3.73e-06,0.0001
2025-03-01 00:00:00+00:00,-1.4e-07,0.0001
2025-03-01 08:00:00+00:00,-6.108e-05,8.741e-05
2025-03-01 16:00:00.001000+00:00,-8.58e-06,7.852e-05
2025-03-02 00:00:00+00:00,-1.094e-05,-8.161e-05
2025-03-02 08:00:00+00:00,-2.783e-05,9.93e-05
2025-03-02 16:00:00+00:00,-2.869e-05,7.81e-05
2025-03-03 00:00:00.001000+00:00,-5.518e-05,-3.892e-05
2025-03-03 08:00:00+00:00,7.91e-06,6.535e-05
2025-03-03 16:00:00+00:00,5.272e-05,-8.506e-05
2025-03-04 00:00:00.001000+00:00,-1.526e-05,-7.114e-05
2025-03-04 08:00:00.005000+00:00,-2.7e-06,-8.372e-05
2025-03-04 16:00:00+00:00,1.306e-05,3.869e-05
2025-03-05 00:00:00+00:00,4.113e-05,-0.00014911
2025-03-05 08:00:00+00:00,2.722e-05,2.866e-05
2025-03-05 16:00:00+00:00,5.028e-05,-6.413e-05
2025-03-06 00:00:00+00:00,3.538e-05,-0.00011916
2025-03-06 08:00:00.001000+00:00,6.413e-05,-1.489e-05
2025-03-06 16:00:00+00:00,6.818e-05,-3.599e-05
2025-03-07 00:00:00+00:00,-6.12e-06,-0.00011194
2025-03-07 08:00:00.001000+00:00,-1.539e-05,-8.351e-05
2025-03-07 16:00:00+00:00,2.028e-05,4.709e-05
2025-03-08 00:00:00+00:00,5.328e-05,6.15e-05
2025-03-08 08:00:00.001000+00:00,3.73e-06,-3.422e-05
2025-03-08 16:00:00.001000+00:00,1.208e-05,-6.242e-05
2025-03-09 00:00:00.001000+00:00,-2.779e-05,-0.00010535
2025-03-09 08:00:00+00:00,3.218e-05,5.62e-06
2025-03-09 16:00:00+00:00,0.0001,6.936e-05
2025-03-10 00:00:00+00:00,3.952e-05,-5.692e-05
2025-03-10 08:00:00+00:00,1.344e-05,-0.00010237
2025-03-10 16:00:00+00:00,4.037e-05,-9.844e-05
2025-03-11 00:00:00+00:00,4.705e-05,-0.00011653
2025-03-11 08:00:00+00:00,3.26e-05,9.198e-05
2025-03-11 16:00:00.001000+00:00,8.746e-05,8.681e-05
2025-03-12 00:00:00+00:00,5.76e-06,-7.98e-06
2025-03-12 08:00:00+00:00,5.815e-05,3.25e-06
2025-03-12 16:00:00.001000+00:00,4.013e-05,-3.859e-05
2025-03-13 00:00:00+00:00,4.3e-06,1.189e-05
2025-03-13 08:00:00+00:00,2.069e-05,-7.287e-05
2025-03-13 16:00:00+00:00,3.19e-05,7.399e-05
2025-03-14 00:00:00+00:00,5.386e-05,3.347e-05
2025-03-14 08:00:00+00:00,5.331e-05,0.0001
2025-03-14 16:00:00+00:00,3.57e-06,9.595e-05
2025-03-15 00:00:00+00:00,-6.035e-05,0.0001
2025-03-15 08:00:00+00:00,-2.389e-05,7.299e-05
2025-03-15 16:00:00+00:00,-3.21e-06,-2.397e-05
2025-03-16 00:00:00+00:00,4.32e-06,3.93e-06
2025-03-16 08:00:00+00:00,4.236e-05,5.58e-05
2025-03-16 16:00:00+00:00,1.247e-05,-3.228e-05
2025-03-17 00:00:00+00:00,1.065e-05,-8.027e-05
2025-03-17 08:00:00+00:00,8.474e-05,-5.403e-05
2025-03-17 16:00:00+00:00,8.59e-06,-3.998e-05
2025-03-18 00:00:00+00:00,7.03e-06,-6.365e-05
2025-03-18 08:00:00+00:00,2.059e-05,-8.081e-05
2025-03-18 16:00:00+00:00,3.514e-05,-2.71e-05
2025-03-19 00:00:00+00:00,2e-06,-6.788e-05
2025-03-19 08:00:00+00:00,5.961e-05,7.274e-05
2025-03-19 16:00:00+00:00,5.024e-05,0.0001
2025-03-20 00:00:00+00:00,1.944e-05,0.0001
2025-03-20 08:00:00+00:00,3.79e-05,0.0001
2025-03-20 16:00:00+00:00,1.086e-05,-1.871e-05
2025-03-21 00:00:00+00:00,1.615e-05,-3.932e-05
2025-03-21 08:00:00+00:00,5.324e-05,-1.407e-05
2025-03-21 16:00:00+00:00,2.518e-05,-3.604e-05
2025-03-22 00:00:00+00:00,2.836e-05,-3.723e-05
2025-03-22 08:00:00.004000+00:00,-1.77e-05,-2.882e-05
2025-03-22 16:00:00+00:00,5.092e-05,-8.49e-06
2025-03-23 00:00:00+00:00,2.099e-05,-6.482e-05
2025-03-23 08:00:00+00:00,-1.84e-06,2.642e-05
2025-03-23 16:00:00+00:00,4.02e-05,5.551e-05
2025-03-24 00:00:00+00:00,2.039e-05,-2.538e-05
2025-03-24 08:00:00+00:00,5.512e-05,0.0001
2025-03-24 16:00:00+00:00,-3.422e-05,5.301e-05
2025-03-25 00:00:00.001000+00:00,-2.47e-06,0.0001
2025-03-25 08:00:00+00:00,1.15e-05,1.127e-05
2025-03-25 16:00:00+00:00,-3.776e-05,1.713e-05
2025-03-26 00:00:00+00:00,-2.99e-05,6.16e-06
2025-03-26 08:00:00+00:00,1.659e-05,-4.441e-05
2025-03-26 16:00:00.001000+00:00,-3.082e-05,-0.00012817
2025-03-27 00:00:00.001000+00:00,3.136e-05,-0.00013711
2025-03-27 08:00:00.001000+00:00,5.512e-05,-5.633e-05
2025-03-27 16:00:00.002000+00:00,-3.76e-05,-2.555e-05
2025-03-28 00:00:00.001000+00:00,1.584e-05,-3.227e-05
2025-03-28 08:00:00.001000+00:00,-4.57e-06,-0.00010137
2025-03-28 16:00:00+00:00,8.118e-05,-9.351e-05
2025-03-29 00:00:00+00:00,5.364e-05,-4.899e-05
2025-03-29 08:00:00+00:00,8.214e-05,2.251e-05
2025-03-29 16:00:00+00:00,2.53e-05,-8.909e-05
2025-03-30 00:00:00+00:00,3.41e-06,-0.00025778
2025-03-30 08:00:00+00:00,4.27e-06,-0.00040116
2025-03-30 16:00:00+00:00,4.588e-05,-0.00018023
2025-03-31 00:00:00+00:00,2.643e-05,-0.0002337
2025-03-31 08:00:00+00:00,6.02e-05,-7.84e-06
2025-03-31 16:00:00+00:00,1.845e-05,-4.24e-06
2025-04-01 00:00:00+00:00,3.961e-05,-9.179e-05
2025-04-01 08:00:00.001000+00:00,2.889e-05,-5.66e-06
2025-04-01 16:00:00+00:00,3.573e-05,-5.281e-05
2025-04-02 00:00:00.001000+00:00,-2.112e-05,-6.427e-05
2025-04-02 08:00:00+00:00,3.036e-05,-0.00013428
2025-04-02 16:00:00+00:00,7.33e-06,4.319e-05
2025-04-03 00:00:00+00:00,5.862e-05,-7.645e-05
2025-04-03 08:00:00+00:00,5.038e-05,-7.305e-05
2025-04-03 16:00:00+00:00,6.484e-05,-0.00011099
2025-04-04 00:00:00+00:00,4.283e-05,-0.00033632
2025-04-04 08:00:00+00:00,4.736e-05,-1.52e-06
2025-04-04 16:00:00+00:00,8.038e-05,5.6e-06
2025-04-05 00:00:00+00:00,8.559e-05,4.038e-05
2025-04-05 08:00:00+00:00,7.437e-05,9.687e-05
2025-04-05 16:00:00+00:00,4.08e-06,2.06e-05
2025-04-06 00:00:00+00:00,2.21e-06,-5.619e-05
2025-04-06 08:00:00+00:00,5.363e-05,0.0001
2025-04-06 16:00:00.002000+00:00,-6.03e-06,-5.463e-05
2025-04-07 00:00:00+00:00,4.946e-05,-5.72e-06
2025-04-07 08:00:00+00:00,6.857e-05,3.966e-05
2025-04-07 16:00:00+00:00,4.998e-05,-5.584e-05
2025-04-08 00:00:00+00:00,4.074e-05,-0.00011753
2025-04-08 08:00:00+00:00,3.575e-05,-4.472e-05
2025-04-08 16:00:00+00:00,3.134e-05,-0.00023327
2025-04-09 00:00:00+00:00,9.568e-05,-8.09e-05
2025-04-09 08:00:00.001000+00:00,-2.252e-05,-7.831e-05
2025-04-09 16:00:00+00:00,6.856e-05,7.621e-05
2025-04-10 00:00:00+00:00,7.705e-05,0.0001
2025-04-10 08:00:00+00:00,1.14e-06,0.0001
2025-04-10 16:00:00+00:00,6.775e-05,3.456e-05
2025-04-11 00:00:00.001000+00:00,2.065e-05,-6.109e-05
2025-04-11 08:00:00+00:00,-4.294e-05,4.298e-05
2025-04-11 16:00:00+00:00,3.29e-05,0.0001
2025-04-12 00:00:00+00:00,3.654e-05,5.911e-05
2025-04-12 08:00:00.001000+00:00,5.64e-05,-1.714e-05
2025-04-12 16:00:00+00:00,5.388e-05,2.768e-05
2025-04-13 00:00:00+00:00,5.057e-05,-3.35e-06
2025-04-13 08:00:00+00:00,8.429e-05,0.0001
2025-04-13 16:00:00+00:00,9.642e-05,8.174e-05
2025-04-14 00:00:00+00:00,8.113e-05,9.053e-05
2025-04-14 08:00:00+00:00,7.127e-05,-3.957e-05
2025-04-14 16:00:00+00:00,2.428e-05,-9.45e-05
2025-04-15 00:00:00+00:00,-2.073e-05,-5.912e-05
2025-04-15 08:00:00+00:00,6.606e-05,-0.00013087
2025-04-15 16:00:00.001000+00:00,1.883e-05,1.824e-05
2025-04-16 00:00:00+00:00,2.428e-05,-9.158e-05
2025-04-16 08:00:00+00:00,6.917e-05,-3.187e-05
2025-04-16 16:00:00+00:00,1.978e-05,-2.327e-05
2025-04-17 00:00:00.001000+00:00,1.404e-05,0.0001
2025-04-17 08:00:00+00:00,5.679e-05,0.0001
2025-04-17 16:00:00.001000+00:00,3.425e-05,1.614e-05
2025-04-18 00:00:00+00:00,1.788e-05,1.84e-06
2025-04-18 08:00:00+00:00,7.071e-05,-1.498e-05
2025-04-18 16:00:00+00:00,2.995e-05,-3.334e-05
2025-04-19 00:00:00+00:00,2.93e-05,-5.659e-05
2025-04-19 08:00:00+00:00,6.024e-05,-5.634e-05
2025-04-19 16:00:00+00:00,-1.953e-05,-0.00013071
2025-04-20 00:00:00+00:00,-2.98e-06,-7.971e-05
2025-04-20 08:00:00+00:00,-1.078e-05,-0.00016975
2025-04-20 16:00:00+00:00,-2.258e-05,-0.00013544
2025-04-21 00:00:00+00:00,5.232e-05,-0.00019655
2025-04-21 08:00:00.005000+00:00,5.403e-05,-0.0001549
2025-04-21 16:00:00.003000+00:00,1.553e-05,-0.00010934
2025-04-22 00:00:00.008000+00:00,7.749e-05,-0.00025936
2025-04-22 08:00:00+00:00,-7.44e-06,3.362e-05
2025-04-22 16:00:00+00:00,-7.045e-05,4.549e-05
2025-04-23 00:00:00+00:00,-1.389e-05,0.0001
2025-04-23 08:00:00.002000+00:00,1.374e-05,-3.559e-05
2025-04-23 16:00:00+00:00,4.587e-05,6.137e-05
2025-04-24 00:00:00+00:00,-2.671e-05,0.0001
2025-04-24 08:00:00.001000+00:00,5.21e-05,0.0001
2025-04-24 16:00:00.001000+00:00,-2.165e-05,5.163e-05
2025-04-25 00:00:00.007000+00:00,-1.764e-05,0.0001
2025-04-25 08:00:00.002000+00:00,1.7e-06,0.0001
2025-04-25 16:00:00.003000+00:00,1.2e-06,1.235e-05
2025-04-26 00:00:00.002000+00:00,-0.00010085,1.05e-05
2025-04-26 08:00:00+00:00,-2.774e-05,-4.023e-05
2025-04-26 16:00:00.002000+00:00,2.855e-05,-7.805e-05
2025-04-27 00:00:00.001000+00:00,-1.5e-05,1.325e-05
2025-04-27 08:00:00+00:00,-6.6e-06,-7.219e-05
2025-04-27 16:00:00+00:00,-4.21e-06,5.977e-05
2025-04-28 00:00:00.001000+00:00,3.73e-06,-2.3e-05
2025-04-28 08:00:00.003000+00:00,2.46e-06,5.514e-05
2025-04-28 16:00:00.005000+00:00,-5.821e-05,-0.00010338
2025-04-29 00:00:00+00:00,-7.73e-06,-0.00016044
2025-04-29 08:00:00+00:00,4.13e-06,-4.373e-05
2025-04-29 16:00:00.010000+00:00,1.305e-05,2.238e-05
2025-04-30 00:00:00.001000+00:00,-5.181e-05,-6.214e-05
2025-04-30 08:00:00+00:00,2.939e-05,-5.841e-05
2025-04-30 16:00:00.003000+00:00,-3.797e-05,-0.0001511
2025-05-01 00:00:00+00:00,3.519e-05,4.946e-05
2025-05-01 08:00:00+00:00,5.755e-05,8.433e-05
2025-05-01 16:00:00.001000+00:00,-8.028e-05,5.6e-06
2025-05-02 00:00:00+00:00,-0.00012232,2.49e-05
2025-05-02 08:00:00+00:00,-9.382e-05,-5.683e-05
2025-05-02 16:00:00.003000+00:00,-8.689e-05,-5.442e-05
2025-05-03 00:00:00+00:00,-5.953e-05,-0.00012523
2025-05-03 08:00:00+00:00,3.198e-05,-3.821e-05
2025-05-03 16:00:00+00:00,-1.483e-05,-9.958e-05
2025-05-04 00:00:00.001000+00:00,3.7e-06,-4.04e-06
2025-05-04 08:00:00.001000+00:00,3.229e-05,-4.138e-05
2025-05-04 16:00:00.002000+00:00,3.745e-05,-0.00012151
2025-05-05 00:00:00+00:00,-2.404e-05,-6.756e-05
2025-05-05 08:00:00+00:00,3.636e-05,1.617e-05
2025-05-05 16:00:00.006000+00:00,-2.247e-05,-9.298e-05
2025-05-06 00:00:00.002000+00:00,1.978e-05,6.405e-05
2025-05-06 08:00:00.005000+00:00,4.44e-05,-4.546e-05
2025-05-06 16:00:00+00:00,7.57e-06,-2.434e-05
2025-05-07 00:00:00.002000+00:00,1.218e-05,8.971e-05
2025-05-07 08:00:00+00:00,-2.5e-07,3.313e-05
2025-05-07 16:00:00.006000+00:00,1.32e-05,6.688e-05
2025-05-08 00:00:00+00:00,2.318e-05,2.457e-05
2025-05-08 08:00:00.001000+00:00,4.608e-05,5.832e-05
2025-05-08 16:00:00.002000+00:00,5.728e-05,9.64e-05
2025-05-09 00:00:00.001000+00:00,0.0001,0.0001
2025-05-09 08:00:00.006000+00:00,0.0001,0.0001
2025-05-09 16:00:00+00:00,4.378e-05,0.0001
2025-05-10 00:00:00.001000+00:00,9.657e-05,0.0001
2025-05-10 08:00:00+00:00,0.0001,0.0001
2025-05-10 16:00:00.001000+00:00,4.257e-05,0.0001
2025-05-11 00:00:00+00:00,0.0001,0.0001
2025-05-11 08:00:00.001000+00:00,4.15e-05,0.0001
2025-05-11 16:00:00.001000+00:00,0.0001,5.117e-05
2025-05-12 00:00:00.004000+00:00,4.454e-05,3.571e-05
2025-05-12 08:00:00+00:00,0.0001,6.886e-05
2025-05-12 16:00:00+00:00,2.301e-05,0.0001
2025-05-13 00:00:00+00:00,6.847e-05,8.216e-05
2025-05-13 08:00:00.008000+00:00,0.0001,0.0001
2025-05-13 16:00:00.001000+00:00,7.256e-05,4.667e-05
2025-05-14 00:00:00.007000+00:00,9.921e-05,0.0001
2025-05-14 08:00:00+00:00,7.542e-05,0.0001
2025-05-14 16:00:00.002000+00:00,3.175e-05,2.295e-05
2025-05-15 00:00:00+00:00,2.978e-05,-2.267e-05
2025-05-15 08:00:00.003000+00:00,5.336e-05,9.24e-06
2025-05-15 16:00:00+00:00,1.439e-05,3.324e-05
2025-05-16 00:00:00.001000+00:00,4.504e-05,-1.229e-05
2025-05-16 08:00:00+00:00,7.535e-05,8.483e-05
2025-05-16 16:00:00+00:00,4.768e-05,-1.038e-05
2025-05-17 00:00:00+00:00,2.821e-05,-4.807e-05
2025-05-17 08:00:00.001000+00:00,3.34e-05,3.475e-05
2025-05-17 16:00:00.004000+00:00,5.97e-06,1.111e-05
2025-05-18 00:00:00+00:00,6.742e-05,2.02e-05
2025-05-18 08:00:00+00:00,5.903e-05,7.853e-05
2025-05-18 16:00:00+00:00,0.0001,5.057e-05
2025-05-19 00:00:00+00:00,5.99e-05,-1.197e-05
2025-05-19 08:00:00.006000+00:00,6.04e-05,-0.00013744
2025-05-19 16:00:00.010000+00:00,2.11e-05,-0.00010509
2025-05-20 00:00:00+00:00,8.378e-05,7.217e-05
2025-05-20 08:00:00.002000+00:00,7.107e-05,0.0001
2025-05-20 16:00:00+00:00,1.266e-05,-2.235e-05
2025-05-21 00:00:00+00:00,8.767e-05,6.901e-05
2025-05-21 08:00:00.001000+00:00,7.147e-05,9.58e-05
2025-05-21 16:00:00.004000+00:00,5.119e-05,9.897e-05
2025-05-22 00:00:00.001000+00:00,0.0001,7.607e-05
2025-05-22 08:00:00+00:00,0.0001,0.0001
2025-05-22 16:00:00.002000+00:00,0.0001,0.0001
2025-05-23 00:00:00.006000+00:00,9.321e-05,0.0001
2025-05-23 08:00:00+00:00,7.261e-05,0.0001
2025-05-23 16:00:00.007000+00:00,8.614e-05,0.0001
2025-05-24 00:00:00.010000+00:00,3.524e-05,0.0001
2025-05-24 08:00:00+00:00,4.59e-05,-2.064e-05
2025-05-24 16:00:00.003000+00:00,7.837e-05,1.263e-05
2025-05-25 00:00:00.004000+00:00,9.794e-05,6.352e-05
2025-05-25 08:00:00+00:00,5.113e-05,-3.821e-05
2025-05-25 16:00:00+00:00,3.651e-05,-3.651e-05
2025-05-26 00:00:00+00:00,7.331e-05,-9.9e-06
2025-05-26 08:00:00+00:00,0.0001,1.765e-05
2025-05-26 16:00:00.002000+00:00,9.782e-05,8.686e-05
2025-05-27 00:00:00.003000+00:00,7.65e-05,-8.877e-05
2025-05-27 08:00:00.001000+00:00,7.266e-05,-2.909e-05
2025-05-27 16:00:00.005000+00:00,2.476e-05,0.0001
2025-05-28 00:00:00.002000+00:00,3.26e-05,0.0001
2025-05-28 08:00:00.003000+00:00,2.164e-05,-2.762e-05
2025-05-28 16:00:00.002000+00:00,5.368e-05,-0.00013891
2025-05-29 00:00:00+00:00,3.186e-05,-8.565e-05
2025-05-29 08:00:00.006000+00:00,2.812e-05,7.947e-05
2025-05-29 16:00:00+00:00,8.379e-05,-3.067e-05
2025-05-30 00:00:00.003000+00:00,2.622e-05,-1.093e-05
2025-05-30 08:00:00.003000+00:00,3.849e-05,-5.322e-05
2025-05-30 16:00:00+00:00,7.392e-05,3.101e-05
2025-05-31 00:00:00+00:00,8.506e-05,3.422e-05
2025-05-31 08:00:00+00:00,7.552e-05,1.633e-05
2025-05-31 16:00:00+00:00,4.687e-05,-0.00010143
2025-06-01 00:00:00.001000+00:00,-5.82e-06,-6.233e-05
2025-06-01 08:00:00.002000+00:00,2.335e-05,-8.005e-05
2025-06-01 16:00:00+00:00,4.117e-05,-4.325e-05
2025-06-02 00:00:00.001000+00:00,-6.42e-06,4.401e-05
2025-06-02 08:00:00+00:00,5.593e-05,4.587e-05
2025-06-02 16:00:00+00:00,4.467e-05,-3.75e-06
2025-06-03 00:00:00+00:00,5.005e-05,4.371e-05
2025-06-03 08:00:00+00:00,6.066e-05,6.746e-05
2025-06-03 16:00:00.001000+00:00,4.456e-05,5.76e-06
2025-06-04 00:00:00+00:00,-1.1e-07,-4.581e-05
2025-06-04 08:00:00+00:00,2.611e-05,5.065e-05
2025-06-04 16:00:00+00:00,9.62e-06,1.795e-05
2025-06-05 00:00:00.016000+00:00,7.4e-07,1.332e-05
2025-06-05 08:00:00+00:00,2.871e-05,3.552e-05
2025-06-05 16:00:00+00:00,5.156e-05,-6.04e-06
2025-06-06 00:00:00.002000+00:00,-3.491e-05,-6.476e-05
2025-06-06 08:00:00+00:00,-3.03e-05,-0.00011387
2025-06-06 16:00:00.006000+00:00,-2.995e-05,-1.384e-05
2025-06-07 00:00:00+00:00,-2.89e-05,6.211e-05
2025-06-07 08:00:00+00:00,-3.158e-05,1.3e-05
2025-06-07 16:00:00.002000+00:00,2.94e-06,-2.393e-05
2025-06-08 00:00:00+00:00,4.808e-05,-7.4e-07
2025-06-08 08:00:00+00:00,5.613e-05,4.196e-05
2025-06-08 16:00:00+00:00,-3.602e-05,-2.649e-05
2025-06-09 00:00:00+00:00,-2.164e-05,0.0001
2025-06-09 08:00:00.001000+00:00,4.024e-05,2.864e-05
2025-06-09 16:00:00.001000+00:00,3.057e-05,4.81e-05
2025-06-10 00:00:00+00:00,6.374e-05,9.077e-05
2025-06-10 08:00:00.001000+00:00,0.0001,0.0001
2025-06-10 16:00:00.003000+00:00,8.165e-05,-1.13e-06
2025-06-11 00:00:00+00:00,8.779e-05,0.0001
2025-06-11 08:00:00+00:00,8.39e-05,0.0001
2025-06-11 16:00:00.010000+00:00,5.039e-05,0.0001
2025-06-12 00:00:00.002000+00:00,1.856e-05,5.193e-05
2025-06-12 08:00:00.003000+00:00,7.247e-05,3.997e-05
2025-06-12 16:00:00.001000+00:00,1.198e-05,-2.02e-06
2025-06-13 00:00:00+00:00,-1.801e-05,-1.707e-05
2025-06-13 08:00:00.001000+00:00,-2.7e-06,-9.27e-05
2025-06-13 16:00:00.004000+00:00,3.857e-05,1.064e-05
2025-06-14 00:00:00+00:00,1.958e-05,8.928e-05
2025-06-14 08:00:00+00:00,3.858e-05,2.159e-05
2025-06-14 16:00:00+00:00,1.135e-05,-4.8e-06
2025-06-15 00:00:00.005000+00:00,-3.641e-05,-3.76e-05
2025-06-15 08:00:00.009000+00:00,1.439e-05,7.334e-05
2025-06-15 16:00:00+00:00,7.369e-05,8.709e-05
2025-06-16 00:00:00+00:00,9.36e-06,0.0001
2025-06-16 08:00:00+00:00,5.07e-05,0.0001
2025-06-16 16:00:00.003000+00:00,2.793e-05,-6.24e-06
2025-06-17 00:00:00+00:00,1.847e-05,9.96e-06
2025-06-17 08:00:00.006000+00:00,5.776e-05,0.0001
2025-06-17 16:00:00.001000+00:00,2.211e-05,5.322e-05
2025-06-18 00:00:00.001000+00:00,-1.752e-05,5.552e-05
2025-06-18 08:00:00.001000+00:00,3.695e-05,-7.1e-06
2025-06-18 16:00:00.001000+00:00,6.692e-05,-2.074e-05
2025-06-19 00:00:00.005000+00:00,8.45e-06,2.853e-05
2025-06-19 08:00:00.003000+00:00,6.16e-06,2.565e-05
2025-06-19 16:00:00+00:00,2.396e-05,1.075e-05
2025-06-20 00:00:00+00:00,3.565e-05,5.538e-05
2025-06-20 08:00:00.002000+00:00,7.862e-05,4.09e-05
2025-06-20 16:00:00.001000+00:00,2.4e-05,1.443e-05
2025-06-21 00:00:00.002000+00:00,3.977e-05,-5.118e-05
2025-06-21 08:00:00.005000+00:00,1.933e-05,-7.613e-05
2025-06-21 16:00:00+00:00,7.44e-05,2.732e-05
2025-06-22 00:00:00.005000+00:00,2.883e-05,-3.464e-05
2025-06-22 08:00:00+00:00,0.0001,3.965e-05
2025-06-22 16:00:00.003000+00:00,4.145e-05,8.55e-06
2025-06-23 00:00:00+00:00,-1.061e-05,4.979e-05
2025-06-23 08:00:00.004000+00:00,-2.809e-05,4.69e-06
2025-06-23 16:00:00.013000+00:00,4.889e-05,1.44e-05
2025-06-24 00:00:00.003000+00:00,1.245e-05,8.638e-05
2025-06-24 08:00:00+00:00,1.218e-05,-2.013e-05
2025-06-24 16:00:00+00:00,4.47e-06,2.041e-05
2025-06-25 00:00:00.005000+00:00,-3.174e-05,-1.345e-05
2025-06-25 08:00:00+00:00,2.747e-05,0.0001
2025-06-25 16:00:00.005000+00:00,9.62e-06,4.739e-05
2025-06-26 00:00:00+00:00,1.41e-06,3.413e-05
2025-06-26 08:00:00.006000+00:00,3.805e-05,2.145e-05
2025-06-26 16:00:00.007000+00:00,6.82e-06,-6.184e-05
2025-06-27 00:00:00+00:00,1.113e-05,-6.442e-05
2025-06-27 08:00:00+00:00,2.663e-05,1.541e-05
2025-06-27 16:00:00.009000+00:00,2.557e-05,1.738e-05
2025-06-28 00:00:00.001000+00:00,-1.161e-05,6.933e-05
2025-06-28 08:00:00.002000+00:00,6.053e-05,0.0001
2025-06-28 16:00:00+00:00,4.434e-05,0.0001
2025-06-29 00:00:00.004000+00:00,1.25e-05,0.0001
2025-06-29 08:00:00.001000+00:00,5.36e-05,0.0001
2025-06-29 16:00:00.001000+00:00,0.0001,3.46e-05
2025-06-30 00:00:00+00:00,1.084e-05,6.987e-05
2025-06-30 08:00:00.005000+00:00,2.959e-05,8.33e-06
2025-06-30 16:00:00.002000+00:00,4.923e-05,3.926e-05
2025-07-01 00:00:00.007000+00:00,1.053e-05,9.123e-05
2025-07-01 08:00:00.002000+00:00,4.334e-05,5.05e-05
2025-07-01 16:00:00+00:00,1.109e-05,-7.235e-05
2025-07-02 00:00:00.001000+00:00,1.807e-05,-5.826e-05
2025-07-02 08:00:00+00:00,3.403e-05,-4.281e-05
2025-07-02 16:00:00.003000+00:00,4.13e-05,-4.92e-06
2025-07-03 00:00:00.006000+00:00,4.871e-05,7.514e-05
2025-07-03 08:00:00.003000+00:00,3.562e-05,8.784e-05
2025-07-03 16:00:00.003000+00:00,5.028e-05,-8.08e-06
2025-07-04 00:00:00.005000+00:00,5.23e-05,-1.339e-05
2025-07-04 08:00:00.003000+00:00,5.009e-05,9.974e-05
2025-07-04 16:00:00.001000+00:00,1.797e-05,-6.162e-05
2025-07-05 00:00:00.004000+00:00,1.066e-05,-0.00015145
2025-07-05 08:00:00.009000+00:00,3.055e-05,-7.863e-05
2025-07-05 16:00:00.006000+00:00,4.005e-05,-6.498e-05
2025-07-06 00:00:00.001000+00:00,1.941e-05,-3.364e-05
2025-07-06 08:00:00.002000+00:00,1.665e-05,-7.54e-05
2025-07-06 16:00:00.004000+00:00,1.028e-05,3.442e-05
2025-07-07 00:00:00+00:00,2.36e-05,0.0001
2025-07-07 08:00:00.007000+00:00,3.438e-05,6.88e-05
2025-07-07 16:00:00+00:00,4.271e-05,3.57e-05
2025-07-08 00:00:00.010000+00:00,1.073e-05,3.474e-05
2025-07-08 08:00:00.003000+00:00,4.563e-05,-3.311e-05
2025-07-08 16:00:00+00:00,3.601e-05,-7.41e-06
2025-07-09 00:00:00.002000+00:00,3.093e-05,2.053e-05
2025-07-09 08:00:00.006000+00:00,3.396e-05,1.7e-07
2025-07-09 16:00:00.001000+00:00,4.253e-05,5.52e-06
2025-07-10 00:00:00.003000+00:00,0.0001,0.0001
2025-07-10 08:00:00+00:00,8.523e-05,2.127e-05
2025-07-10 16:00:00.004000+00:00,1.908e-05,1.69e-05
2025-07-11 00:00:00.004000+00:00,0.0001,0.0001
2025-07-11 08:00:00.007000+00:00,0.0001,4.064e-05
2025-07-11 16:00:00.001000+00:00,0.0001,0.0001
2025-07-12 00:00:00+00:00,0.0001,0.0001
2025-07-12 08:00:00.001000+00:00,0.0001,0.0001
2025-07-12 16:00:00.002000+00:00,0.0001,0.0001
2025-07-13 00:00:00.006000+00:00,0.0001,0.0001
2025-07-13 08:00:00.001000+00:00,0.0001,0.0001
2025-07-13 16:00:00.003000+00:00,0.0001,7.719e-05
2025-07-14 00:00:00+00:00,8.051e-05,3.59e-05
2025-07-14 08:00:00+00:00,0.0001,0.0001
2025-07-14 16:00:00+00:00,0.0001,0.0001
2025-07-15 00:00:00.002000+00:00,0.0001,7.758e-05
2025-07-15 08:00:00+00:00,0.0001,-3.61e-06
2025-07-15 16:00:00+00:00,0.0001,2.244e-05
2025-07-16 00:00:00+00:00,0.0001,0.0001
2025-07-16 08:00:00+00:00,0.0001,0.0001
2025-07-16 16:00:00.008000+00:00,0.0001,0.0001
2025-07-17 00:00:00.003000+00:00,0.0001,0.0001
2025-07-17 08:00:00+00:00,0.0001,0.0001
2025-07-17 16:00:00+00:00,0.0001,0.0001
2025-07-18 00:00:00.004000+00:00,0.0001,0.0001
2025-07-18 08:00:00+00:00,0.0001,0.0001
2025-07-18 16:00:00+00:00,0.0001,0.0001
2025-07-19 00:00:00.009000+00:00,0.0001,0.0001
2025-07-19 08:00:00+00:00,0.0001,0.0001
2025-07-19 16:00:00.002000+00:00,0.0001,0.0001
2025-07-20 00:00:00+00:00,0.0001,0.0001
2025-07-20 08:00:00+00:00,0.0001,0.0001
2025-07-20 16:00:00+00:00,0.0001,0.0001
2025-07-21 00:00:00.001000+00:00,0.0001,0.0001
2025-07-21 08:00:00+00:00,0.0001,0.0001
2025-07-21 16:00:00.001000+00:00,0.0001,0.000129
2025-07-22 00:00:00+00:00,0.0001,0.0001
2025-07-22 08:00:00.010000+00:00,0.0001,0.0001
2025-07-22 16:00:00.007000+00:00,0.0001,0.0001
2025-07-23 00:00:00+00:00,0.0001,0.0001
2025-07-23 08:00:00.004000+00:00,0.0001,0.0001
2025-07-23 16:00:00.002000+00:00,0.0001,0.0001
2025-07-24 00:00:00+00:00,0.0001,0.0001
2025-07-24 08:00:00.001000+00:00,0.0001,0.0001
2025-07-24 16:00:00+00:00,0.0001,0.0001
2025-07-25 00:00:00+00:00,0.0001,0.0001
2025-07-25 08:00:00+00:00,0.0001,6.102e-05
2025-07-25 16:00:00+00:00,0.0001,0.0001
2025-07-26 00:00:00.001000+00:00,0.0001,0.0001
2025-07-26 08:00:00.005000+00:00,0.0001,0.0001
2025-07-26 16:00:00.001000+00:00,0.0001,0.0001
2025-07-27 00:00:00.001000+00:00,0.0001,0.0001
2025-07-27 08:00:00+00:00,0.0001,0.0001
2025-07-27 16:00:00.008000+00:00,0.0001,0.0001
2025-07-28 00:00:00.005000+00:00,0.0001,0.0001
2025-07-28 08:00:00+00:00,0.0001,0.0001
2025-07-28 16:00:00+00:00,0.0001,0.0001
2025-07-29 00:00:00.001000+00:00,0.0001,-3.47e-06
2025-07-29 08:00:00+00:00,0.0001,8.17e-06
2025-07-29 16:00:00+00:00,0.0001,4.218e-05
2025-07-30 00:00:00.011000+00:00,0.0001,1.098e-05
2025-07-30 08:00:00+00:00,0.0001,7.655e-05
2025-07-30 16:00:00.008000+00:00,0.0001,-1.266e-05
2025-07-31 00:00:00+00:00,5.694e-05,-8.14e-06
2025-07-31 08:00:00.009000+00:00,0.0001,4.662e-05
2025-07-31 16:00:00+00:00,0.0001,8.62e-06
2025-08-01 00:00:00.001000+00:00,-1.408e-05,4.034e-05
2025-08-01 08:00:00.003000+00:00,1.549e-05,-1.44e-05
2025-08-01 16:00:00+00:00,5.681e-05,3.852e-05
2025-08-02 00:00:00.004000+00:00,4.81e-05,-3.851e-05
2025-08-02 08:00:00+00:00,8.94e-06,3.654e-05
2025-08-02 16:00:00+00:00,4.437e-05,3.981e-05
2025-08-03 00:00:00+00:00,5.633e-05,-0.00010062
2025-08-03 08:00:00+00:00,4.533e-05,-5.92e-05
2025-08-03 16:00:00.003000+00:00,7.504e-05,-7.571e-05
2025-08-04 00:00:00.004000+00:00,4.188e-05,-0.00014534
2025-08-04 08:00:00+00:00,5.719e-05,-6.297e-05
2025-08-04 16:00:00.002000+00:00,3.912e-05,-6.458e-05
2025-08-05 00:00:00+00:00,7.101e-05,-3.577e-05
2025-08-05 08:00:00+00:00,8.589e-05,-2.117e-05
2025-08-05 16:00:00+00:00,4.784e-05,-4.816e-05
2025-08-06 00:00:00.005000+00:00,5.172e-05,-6.84e-05
2025-08-06 08:00:00+00:00,9.275e-05,-3.584e-05
2025-08-06 16:00:00+00:00,8.288e-05,1.84e-05
2025-08-07 00:00:00.003000+00:00,4.843e-05,0.0001
2025-08-07 08:00:00.002000+00:00,7.574e-05,1.246e-05
2025-08-07 16:00:00.002000+00:00,6.275e-05,4.431e-05
2025-08-08 00:00:00.002000+00:00,2.403e-05,6.422e-05
2025-08-08 08:00:00.004000+00:00,1.729e-05,1.197e-05
2025-08-08 16:00:00+00:00,7.973e-05,3.043e-05
2025-08-09 00:00:00.005000+00:00,8.835e-05,0.0001
2025-08-09 08:00:00+00:00,9.087e-05,8.345e-05
2025-08-09 16:00:00.007000+00:00,5.151e-05,7.712e-05
2025-08-10 00:00:00.003000+00:00,9.849e-05,9.612e-05
2025-08-10 08:00:00.005000+00:00,0.0001,7.842e-05
2025-08-10 16:00:00.002000+00:00,0.0001,0.0001
2025-08-11 00:00:00+00:00,0.0001,9.508e-05
2025-08-11 08:00:00+00:00,0.0001,0.0001
2025-08-11 16:00:00+00:00,0.0001,3.19e-06
2025-08-12 00:00:00+00:00,0.0001,-2.394e-05
2025-08-12 08:00:00.001000+00:00,7.988e-05,-1.203e-05
2025-08-12 16:00:00.005000+00:00,8.543e-05,-2.257e-05
2025-08-13 00:00:00+00:00,7.123e-05,0.0001
2025-08-13 08:00:00.002000+00:00,0.0001,0.0001
2025-08-13 16:00:00.006000+00:00,0.0001,0.0001
2025-08-14 00:00:00.002000+00:00,0.0001,0.0001
2025-08-14 08:00:00.003000+00:00,0.0001,0.00025876
2025-08-14 16:00:00+00:00,0.0001,0.0001
2025-08-15 00:00:00+00:00,1.939e-05,0.0001
2025-08-15 08:00:00+00:00,7.99e-05,0.0001
2025-08-15 16:00:00+00:00,3.722e-05,4.024e-05
2025-08-16 00:00:00.004000+00:00,8.85e-05,-4.219e-05
2025-08-16 08:00:00+00:00,8.268e-05,6.279e-05
2025-08-16 16:00:00.002000+00:00,9.023e-05,7.134e-05
2025-08-17 00:00:00+00:00,8.206e-05,0.0001
2025-08-17 08:00:00.001000+00:00,4.68e-05,9.63e-05
2025-08-17 16:00:00.007000+00:00,1.862e-05,5.105e-05
2025-08-18 00:00:00+00:00,2.846e-05,8.86e-05
2025-08-18 08:00:00.001000+00:00,-6.82e-06,-5.077e-05
2025-08-18 16:00:00.002000+00:00,5.296e-05,-6.163e-05
2025-08-19 00:00:00+00:00,7.137e-05,-1.986e-05
2025-08-19 08:00:00.001000+00:00,6.262e-05,4.048e-05
2025-08-19 16:00:00+00:00,3.167e-05,6.293e-05
2025-08-20 00:00:00+00:00,4.543e-05,2.581e-05
2025-08-20 08:00:00+00:00,1.364e-05,8.81e-05
2025-08-20 16:00:00+00:00,4.936e-05,0.0001
2025-08-21 00:00:00.006000+00:00,1.143e-05,0.0001
2025-08-21 08:00:00+00:00,7.757e-05,0.0001
2025-08-21 16:00:00.003000+00:00,7.414e-05,1.366e-05
2025-08-22 00:00:00.010000+00:00,7.296e-05,3.301e-05
2025-08-22 08:00:00.007000+00:00,0.0001,0.0001
2025-08-22 16:00:00.001000+00:00,5.867e-05,0.0001
2025-08-23 00:00:00.004000+00:00,0.0001,0.0001
2025-08-23 08:00:00.006000+00:00,0.0001,0.0001
2025-08-23 16:00:00+00:00,9.711e-05,0.0001
2025-08-24 00:00:00.001000+00:00,0.0001,0.0001
2025-08-24 08:00:00.002000+00:00,0.0001,0.0001
2025-08-24 16:00:00.001000+00:00,0.0001,0.0001
2025-08-25 00:00:00+00:00,0.0001,0.0001
2025-08-25 08:00:00.002000+00:00,0.0001,0.0001
2025-08-25 16:00:00.002000+00:00,8.344e-05,0.0001
2025-08-26 00:00:00+00:00,4.522e-05,2.857e-05
2025-08-26 08:00:00+00:00,3.9e-05,-8.98e-06
2025-08-26 16:00:00+00:00,0.0001,5.27e-05
2025-08-27 00:00:00.003000+00:00,1.802e-05,0.0001
2025-08-27 08:00:00+00:00,5.503e-05,0.0001
2025-08-27 16:00:00.009000+00:00,3.496e-05,0.0001
2025-08-28 00:00:00+00:00,5.297e-05,0.0001
2025-08-28 08:00:00.005000+00:00,9.693e-05,0.0001
2025-08-28 16:00:00.004000+00:00,7.512e-05,0.0001
2025-08-29 00:00:00+00:00,4.261e-05,8.562e-05
2025-08-29 08:00:00+00:00,5.856e-05,7.793e-05
2025-08-29 16:00:00.005000+00:00,6.44e-06,7.047e-05
2025-08-30 00:00:00+00:00,7.523e-05,-1.362e-05
2025-08-30 08:00:00.002000+00:00,7.979e-05,5.373e-05
2025-08-30 16:00:00.003000+00:00,8.042e-05,-3.14e-05
2025-08-31 00:00:00.016000+00:00,-1.232e-05,1.753e-05
2025-08-31 08:00:00+00:00,4.749e-05,9.518e-05
2025-08-31 16:00:00.001000+00:00,0.0001,9.036e-05
2025-09-01 00:00:00+00:00,4.66e-05,9.019e-05
2025-09-01 08:00:00+00:00,0.0001,7.92e-06
2025-09-01 16:00:00.001000+00:00,4.963e-05,2.302e-05
2025-09-02 00:00:00+00:00,6.946e-05,4.576e-05
2025-09-02 08:00:00.005000+00:00,8.805e-05,0.0001
2025-09-02 16:00:00.007000+00:00,6.356e-05,9.872e-05
2025-09-03 00:00:00.006000+00:00,7.67e-06,0.0001
2025-09-03 08:00:00.002000+00:00,5.127e-05,8.685e-05
2025-09-03 16:00:00.002000+00:00,2.344e-05,7.61e-06
2025-09-04 00:00:00.002000+00:00,1.808e-05,3.074e-05
2025-09-04 08:00:00+00:00,4.385e-05,6.703e-05
2025-09-04 16:00:00+00:00,7.941e-05,6.691e-05
2025-09-05 00:00:00.001000+00:00,7.532e-05,-4.57e-06
2025-09-05 08:00:00.006000+00:00,0.0001,1.493e-05
2025-09-05 16:00:00+00:00,7.872e-05,1.122e-05
2025-09-06 00:00:00+00:00,1.297e-05,8.9e-05
2025-09-06 08:00:00.005000+00:00,5.66e-05,0.0001
2025-09-06 16:00:00+00:00,5.11e-05,1.754e-05
2025-09-07 00:00:00+00:00,1.97e-05,6e-08
2025-09-07 08:00:00+00:00,3.611e-05,6.542e-05
2025-09-07 16:00:00+00:00,6.969e-05,3.077e-05
2025-09-08 00:00:00.007000+00:00,9.404e-05,0.0001
2025-09-08 08:00:00+00:00,6.682e-05,0.0001
2025-09-08 16:00:00+00:00,7.311e-05,0.0001
2025-09-09 00:00:00+00:00,3.799e-05,8.916e-05
2025-09-09 08:00:00+00:00,0.0001,0.0001
2025-09-09 16:00:00+00:00,0.0001,0.0001
2025-09-10 00:00:00+00:00,5.805e-05,3.617e-05
2025-09-10 08:00:00.002000+00:00,5.026e-05,0.0001
2025-09-10 16:00:00+00:00,0.0001,0.0001
2025-09-11 00:00:00+00:00,5.843e-05,4.953e-05
2025-09-11 08:00:00+00:00,4.283e-05,-1.99e-05
2025-09-11 16:00:00.001000+00:00,3.326e-05,9.486e-05
2025-09-12 00:00:00.002000+00:00,6.137e-05,2.36e-06
2025-09-12 08:00:00.001000+00:00,3.768e-05,4.69e-06
2025-09-12 16:00:00.005000+00:00,6.891e-05,7.19e-06
2025-09-13 00:00:00.005000+00:00,-1.554e-05,1.709e-05
2025-09-13 08:00:00.002000+00:00,2.251e-05,6.327e-05
2025-09-13 16:00:00+00:00,3.137e-05,5.623e-05
2025-09-14 00:00:00.006000+00:00,8.182e-05,-3.76e-06
2025-09-14 08:00:00+00:00,4.78e-05,5.813e-05
2025-09-14 16:00:00.001000+00:00,3.115e-05,2.92e-05
2025-09-15 00:00:00.006000+00:00,6.207e-05,-7.17e-06
2025-09-15 08:00:00.002000+00:00,8.259e-05,8.58e-06
2025-09-15 16:00:00.001000+00:00,8.189e-05,4.813e-05
2025-09-16 00:00:00.001000+00:00,9.97e-06,6.405e-05
2025-09-16 08:00:00+00:00,6.991e-05,7.636e-05
2025-09-16 16:00:00+00:00,6.472e-05,7.783e-05
2025-09-17 00:00:00.001000+00:00,6.972e-05,-1.958e-05
2025-09-17 08:00:00+00:00,8.441e-05,3.782e-05
2025-09-17 16:00:00.003000+00:00,6.303e-05,3.428e-05
2025-09-18 00:00:00.006000+00:00,4.941e-05,8.719e-05
2025-09-18 08:00:00.002000+00:00,8.928e-05,0.0001
2025-09-18 16:00:00+00:00,4.208e-05,1.468e-05
2025-09-19 00:00:00+00:00,-2.31e-06,0.0001
2025-09-19 08:00:00.005000+00:00,2.109e-05,9.667e-05
2025-09-19 16:00:00+00:00,5.264e-05,8.03e-06
2025-09-20 00:00:00+00:00,3.757e-05,-3.324e-05
2025-09-20 08:00:00+00:00,-2.7e-07,-6.98e-05
2025-09-20 16:00:00.002000+00:00,-1.006e-05,-2.909e-05
2025-09-21 00:00:00+00:00,-5.322e-05,-4.39e-06
2025-09-21 08:00:00+00:00,2.563e-05,4.391e-05
2025-09-21 16:00:00+00:00,3.742e-05,9.63e-06
2025-09-22 00:00:00.005000+00:00,6.665e-05,4.06e-06
2025-09-22 08:00:00.003000+00:00,1.743e-05,-1.362e-05
2025-09-22 16:00:00+00:00,4.838e-05,-0.00010344
2025-09-23 00:00:00+00:00,7.062e-05,4.622e-05
2025-09-23 08:00:00.001000+00:00,7.083e-05,4.873e-05
2025-09-23 16:00:00+00:00,7.478e-05,5.93e-06
2025-09-24 00:00:00.003000+00:00,5.794e-05,2.831e-05
2025-09-24 08:00:00.001000+00:00,6.267e-05,3.094e-05
2025-09-24 16:00:00.002000+00:00,4.886e-05,-3.4e-06
2025-09-25 00:00:00+00:00,-2.2e-06,-0.0001284
2025-09-25 08:00:00.001000+00:00,1.73e-05,-3.446e-05
2025-09-25 16:00:00+00:00,9.56e-05,3.595e-05
2025-09-26 00:00:00+00:00,3.143e-05,3.743e-05
2025-09-26 08:00:00+00:00,4.36e-05,-3.977e-05
2025-09-26 16:00:00.008000+00:00,7.716e-05,-4.772e-05
2025-09-27 00:00:00+00:00,-1e-07,-9.862e-05
2025-09-27 08:00:00.010000+00:00,3.425e-05,6.955e-05
2025-09-27 16:00:00.003000+00:00,7.821e-05,-2.293e-05
2025-09-28 00:00:00+00:00,3.314e-05,2.105e-05
2025-09-28 08:00:00+00:00,4.976e-05,-3.715e-05
2025-09-28 16:00:00+00:00,5.261e-05,1.97e-05
2025-09-29 00:00:00+00:00,2.312e-05,4.762e-05
2025-09-29 08:00:00.002000+00:00,1.304e-05,0.0001
2025-09-29 16:00:00.001000+00:00,3.2e-07,-7.412e-05
2025-09-30 00:00:00.002000+00:00,2.353e-05,-5.066e-05
2025-09-30 08:00:00.005000+00:00,5.893e-05,-0.00016084
2025-09-30 16:00:00+00:00,2.584e-05,-3.859e-05
2025-10-01 00:00:00+00:00,3.355e-05,7.07e-05
2025-10-01 08:00:00+00:00,3.457e-05,0.0001
2025-10-01 16:00:00+00:00,0.0001,-7.02e-06
2025-10-02 00:00:00+00:00,7.784e-05,7.943e-05
2025-10-02 08:00:00.013000+00:00,0.0001,-9.812e-05
2025-10-02 16:00:00+00:00,9.543e-05,-2.091e-05
2025-10-03 00:00:00.006000+00:00,9.926e-05,-9.937e-05
2025-10-03 08:00:00.006000+00:00,0.0001,6.248e-05
2025-10-03 16:00:00+00:00,0.0001,7.389e-05
2025-10-04 00:00:00.001000+00:00,0.0001,7.725e-05
2025-10-04 08:00:00+00:00,0.0001,5.17e-06
2025-10-04 16:00:00+00:00,8.312e-05,1.04e-05
2025-10-05 00:00:00+00:00,8.648e-05,1.013e-05
2025-10-05 08:00:00.003000+00:00,0.0001,8.81e-05
2025-10-05 16:00:00.009000+00:00,9.566e-05,-4.722e-05
2025-10-06 00:00:00.004000+00:00,7.672e-05,-7.241e-05
2025-10-06 08:00:00.002000+00:00,9.708e-05,2.963e-05
2025-10-06 16:00:00.004000+00:00,5.831e-05,5.395e-05
2025-10-07 00:00:00+00:00,0.0001,1.768e-05
2025-10-07 08:00:00.003000+00:00,8.608e-05,-6.695e-05
2025-10-07 16:00:00+00:00,6.194e-05,-2.108e-05
2025-10-08 00:00:00+00:00,2.542e-05,-6.781e-05
2025-10-08 08:00:00.006000+00:00,0.0001,-6.05e-06
2025-10-08 16:00:00.002000+00:00,5.396e-05,-3.581e-05
2025-10-09 00:00:00.001000+00:00,1.344e-05,0.0001
2025-10-09 08:00:00+00:00,5.35e-05,0.0001
2025-10-09 16:00:00+00:00,1.455e-05,-2.36e-06
2025-10-10 00:00:00.005000+00:00,7.85e-06,-2.367e-05
2025-10-10 08:00:00.002000+00:00,3.879e-05,2.784e-05
2025-10-10 16:00:00.014000+00:00,1.013e-05,3.06e-06
2025-10-11 00:00:00+00:00,0.0001,-0.00302761
2025-10-11 08:00:00.003000+00:00,0.0001,-0.00203878
2025-10-11 16:00:00+00:00,4.67e-06,-0.00158704
2025-10-12 00:00:00.004000+00:00,-3.055e-05,-0.00124994
2025-10-12 08:00:00.002000+00:00,2.865e-05,-0.00123408
2025-10-12 16:00:00+00:00,-0.00010915,-0.00057183
2025-10-13 00:00:00.003000+00:00,-3.942e-05,-0.00060725
2025-10-13 08:00:00.002000+00:00,2.519e-05,-0.00023311
2025-10-13 16:00:00.003000+00:00,-2.305e-05,-5.122e-05
2025-10-14 00:00:00+00:00,-4.041e-05,6.21e-06
2025-10-14 08:00:00+00:00,7.12e-06,4.088e-05
2025-10-14 16:00:00+00:00,-4.498e-05,-7.11e-05
2025-10-15 00:00:00.006000+00:00,-5.425e-05,-6.096e-05
2025-10-15 08:00:00.002000+00:00,3.973e-05,5.749e-05
2025-10-15 16:00:00+00:00,2.25e-06,4.099e-05
2025-10-16 00:00:00+00:00,-2.741e-05,-6.784e-05
2025-10-16 08:00:00.003000+00:00,-2.23e-05,-4.113e-05
2025-10-16 16:00:00.002000+00:00,-3.004e-05,-7.614e-05
2025-10-17 00:00:00.001000+00:00,-2.85e-06,-2.994e-05
2025-10-17 08:00:00.005000+00:00,-6.34e-06,7.329e-05
2025-10-17 16:00:00.003000+00:00,-2.91e-06,9.462e-05
2025-10-18 00:00:00+00:00,-4.819e-05,-8.545e-05
2025-10-18 08:00:00.002000+00:00,-6.376e-05,-1.55e-06
2025-10-18 16:00:00.001000+00:00,-3.681e-05,-3.501e-05
2025-10-19 00:00:00.001000+00:00,-1.411e-05,0.0001
2025-10-19 08:00:00.001000+00:00,1.512e-05,1.997e-05
2025-10-19 16:00:00.001000+00:00,2.787e-05,2.25e-05
2025-10-20 00:00:00.004000+00:00,-2.197e-05,-8.569e-05
2025-10-20 08:00:00.001000+00:00,-6.65e-06,5.3e-06
2025-10-20 16:00:00+00:00,-1.8e-07,-3.004e-05
2025-10-21 00:00:00.009000+00:00,-5.567e-05,-3.42e-06
2025-10-21 08:00:00+00:00,2.222e-05,-8.944e-05
2025-10-21 16:00:00+00:00,-2.506e-05,4.135e-05
2025-10-22 00:00:00.004000+00:00,-4.212e-05,0.0001
2025-10-22 08:00:00+00:00,2.445e-05,-9.872e-05
2025-10-22 16:00:00+00:00,5.702e-05,-2.23e-05
2025-10-23 00:00:00+00:00,8.911e-05,-3.216e-05
2025-10-23 08:00:00.001000+00:00,2.673e-05,6.84e-06
2025-10-23 16:00:00.004000+00:00,3.933e-05,0.0001
2025-10-24 00:00:00+00:00,3.391e-05,0.0001
2025-10-24 08:00:00+00:00,1.783e-05,0.0001
2025-10-24 16:00:00.009000+00:00,3.224e-05,1.595e-05
2025-10-25 00:00:00+00:00,5.02e-05,0.0001
2025-10-25 08:00:00.001000+00:00,1.484e-05,0.0001
2025-10-25 16:00:00.001000+00:00,5.57e-05,5.536e-05
2025-10-26 00:00:00.001000+00:00,1.903e-05,6.721e-05
2025-10-26 08:00:00.001000+00:00,5.35e-06,4.492e-05
2025-10-26 16:00:00+00:00,6.904e-05,5.882e-05
2025-10-27 00:00:00+00:00,0.0001,0.0001
2025-10-27 08:00:00.005000+00:00,0.0001,0.0001
2025-10-27 16:00:00+00:00,7.304e-05,3.983e-05
2025-10-28 00:00:00+00:00,6.059e-05,1.82e-05
2025-10-28 08:00:00+00:00,7.806e-05,7.929e-05
2025-10-28 16:00:00.004000+00:00,2.992e-05,6.17e-06
2025-10-29 00:00:00.004000+00:00,-3.2e-07,-0.0001386
2025-10-29 08:00:00.005000+00:00,3.588e-05,-5.808e-05
2025-10-29 16:00:00+00:00,5.003e-05,8.873e-05
2025-10-30 00:00:00.004000+00:00,1.097e-05,7.1e-07
2025-10-30 08:00:00.008000+00:00,3.449e-05,2.026e-05
2025-10-30 16:00:00.001000+00:00,3.562e-05,-0.00016797
2025-10-31 00:00:00+00:00,2.13e-06,-0.00022069
2025-10-31 08:00:00.008000+00:00,0.0001,-7.523e-05
2025-10-31 16:00:00.007000+00:00,0.0001,-1.38e-06
2025-11-01 00:00:00.001000+00:00,0.0001,1.5e-06
2025-11-01 08:00:00+00:00,0.0001,2.93e-05
2025-11-01 16:00:00+00:00,9.782e-05,-5.041e-05
2025-11-02 00:00:00.007000+00:00,8.2e-05,5.263e-05
2025-11-02 08:00:00+00:00,8.15e-05,2.822e-05
2025-11-02 16:00:00.001000+00:00,5.635e-05,-7.385e-05
2025-11-03 00:00:00+00:00,6.098e-05,2.882e-05
2025-11-03 08:00:00.010000+00:00,6.853e-05,-0.00017049
2025-11-03 16:00:00+00:00,5.329e-05,-0.00015146
2025-11-04 00:00:00.002000+00:00,0.0001,-4.994e-05
2025-11-04 08:00:00.004000+00:00,5.808e-05,-0.00013832
2025-11-04 16:00:00+00:00,6.339e-05,1.759e-05
2025-11-05 00:00:00+00:00,7.132e-05,3.273e-05
2025-11-05 08:00:00+00:00,2.831e-05,5.027e-05
2025-11-05 16:00:00.004000+00:00,2.816e-05,-0.00011308
2025-11-06 00:00:00.001000+00:00,3.985e-05,-0.0001041
2025-11-06 08:00:00+00:00,7.916e-05,-4.391e-05
2025-11-06 16:00:00.001000+00:00,4.494e-05,7.661e-05
2025-11-07 00:00:00.005000+00:00,4.705e-05,-1.927e-05
2025-11-07 08:00:00.003000+00:00,4.227e-05,-4.73e-06
2025-11-07 16:00:00.005000+00:00,8.631e-05,1.958e-05
2025-11-08 00:00:00.011000+00:00,7.776e-05,8.95e-05
2025-11-08 08:00:00.015000+00:00,3.047e-05,-1.277e-05
2025-11-08 16:00:00.001000+00:00,3.74e-05,4.85e-06
2025-11-09 00:00:00.004000+00:00,-1.64e-05,-9.501e-05
2025-11-09 08:00:00+00:00,4.187e-05,-2.922e-05
2025-11-09 16:00:00.005000+00:00,8.948e-05,4.444e-05
2025-11-10 00:00:00+00:00,8.87e-05,0.0001
2025-11-10 08:00:00+00:00,7.355e-05,-0.00011243
2025-11-10 16:00:00.003000+00:00,4.979e-05,-7.96e-05
2025-11-11 00:00:00.007000+00:00,2.818e-05,-4.5e-05
2025-11-11 08:00:00+00:00,-2.775e-05,-0.00020845
2025-11-11 16:00:00.009000+00:00,5.823e-05,-1.407e-05
2025-11-12 00:00:00+00:00,2.462e-05,-2e-05
2025-11-12 08:00:00.002000+00:00,6.87e-06,-0.00015825
2025-11-12 16:00:00+00:00,5.786e-05,-3.65e-05
2025-11-13 00:00:00.002000+00:00,1.077e-05,-8.205e-05
2025-11-13 08:00:00+00:00,9.352e-05,3.785e-05
2025-11-13 16:00:00.001000+00:00,7.448e-05,-1.195e-05
2025-11-14 00:00:00+00:00,8.569e-05,-0.00019091
2025-11-14 08:00:00+00:00,9.126e-05,-9.95e-06
2025-11-14 16:00:00.001000+00:00,9.078e-05,0.0001
2025-11-15 00:00:00.005000+00:00,8.507e-05,0.0001
2025-11-15 08:00:00+00:00,0.0001,5.851e-05
2025-11-15 16:00:00.001000+00:00,5.923e-05,-1.324e-05
2025-11-16 00:00:00.001000+00:00,7.745e-05,4.071e-05
2025-11-16 08:00:00+00:00,0.0001,7.161e-05
2025-11-16 16:00:00+00:00,7.06e-05,-5.32e-06
2025-11-17 00:00:00.003000+00:00,0.0001,0.0001
2025-11-17 08:00:00.003000+00:00,9.568e-05,0.0001
2025-11-17 16:00:00+00:00,7.208e-05,9.994e-05
2025-11-18 00:00:00.002000+00:00,0.0001,2.095e-05
2025-11-18 08:00:00.004000+00:00,0.0001,0.0001
2025-11-18 16:00:00+00:00,3.725e-05,8.922e-05
2025-11-19 00:00:00+00:00,7.496e-05,2.756e-05
2025-11-19 08:00:00+00:00,5.012e-05,8.916e-05
2025-11-19 16:00:00.008000+00:00,3.98e-05,-6.86e-06
2025-11-20 00:00:00+00:00,4.259e-05,-0.00010212
2025-11-20 08:00:00+00:00,0.0001,0.0001
2025-11-20 16:00:00+00:00,8.999e-05,0.0001
2025-11-21 00:00:00.001000+00:00,4.272e-05,-9.397e-05
2025-11-21 08:00:00+00:00,4.524e-05,5.033e-05
2025-11-21 16:00:00.001000+00:00,2.642e-05,-0.00012104
2025-11-22 00:00:00.004000+00:00,1.373e-05,-5.419e-05
2025-11-22 08:00:00+00:00,6.735e-05,-3.816e-05
2025-11-22 16:00:00+00:00,5.057e-05,-5.023e-05
2025-11-23 00:00:00+00:00,3.812e-05,4.294e-05
2025-11-23 08:00:00.008000+00:00,1.53e-06,-4.937e-05
2025-11-23 16:00:00.003000+00:00,-8.93e-06,2.945e-05
2025-11-24 00:00:00.004000+00:00,-6e-08,1.509e-05
2025-11-24 08:00:00+00:00,-1.34e-06,3.449e-05
2025-11-24 16:00:00.006000+00:00,5.044e-05,4.57e-06
2025-11-25 00:00:00+00:00,-5.29e-05,-4.847e-05
2025-11-25 08:00:00.009000+00:00,1.996e-05,8.543e-05
2025-11-25 16:00:00.007000+00:00,-3.019e-05,-0.00018105
2025-11-26 00:00:00.001000+00:00,4.038e-05,-6.75e-06
2025-11-26 08:00:00.001000+00:00,5.388e-05,0.0001
2025-11-26 16:00:00+00:00,-4.19e-06,-8.604e-05
2025-11-27 00:00:00.013000+00:00,-2.599e-05,8.82e-05
2025-11-27 08:00:00+00:00,2.408e-05,-1.255e-05
2025-11-27 16:00:00.004000+00:00,4.624e-05,2.643e-05
2025-11-28 00:00:00.008000+00:00,1.771e-05,-6.408e-05
2025-11-28 08:00:00+00:00,6.007e-05,-0.00015136
2025-11-28 16:00:00.008000+00:00,-1.703e-05,2.204e-05
2025-11-29 00:00:00+00:00,-1.982e-05,-8.328e-05
2025-11-29 08:00:00.005000+00:00,1.778e-05,6.1e-05
2025-11-29 16:00:00.001000+00:00,2.635e-05,1.089e-05
2025-11-30 00:00:00.003000+00:00,6.082e-05,7.173e-05
2025-11-30 08:00:00+00:00,3.556e-05,6.664e-05
2025-11-30 16:00:00.004000+00:00,3.88e-05,8.402e-05
2025-12-01 00:00:00+00:00,3.593e-05,0.0001
2025-12-01 08:00:00.004000+00:00,3.153e-05,-9.161e-05
2025-12-01 16:00:00+00:00,1.491e-05,7.07e-06
2025-12-02 00:00:00.004000+00:00,-1.009e-05,-6.147e-05
2025-12-02 08:00:00+00:00,2.643e-05,1.549e-05
2025-12-02 16:00:00+00:00,3.999e-05,2.488e-05
2025-12-03 00:00:00+00:00,-1.732e-05,0.0001
2025-12-03 08:00:00+00:00,4.206e-05,8.835e-05
2025-12-03 16:00:00.005000+00:00,-8.85e-06,6.438e-05
2025-12-04 00:00:00.012000+00:00,-3.95e-06,0.0001
2025-12-04 08:00:00+00:00,7.435e-05,7.212e-05
2025-12-04 16:00:00.011000+00:00,3.928e-05,0.0001
2025-12-05 00:00:00+00:00,4.837e-05,2.583e-05
2025-12-05 08:00:00+00:00,4.944e-05,4.599e-05
2025-12-05 16:00:00.010000+00:00,3.91e-06,6.353e-05
2025-12-06 00:00:00.001000+00:00,3.693e-05,-2.519e-05
2025-12-06 08:00:00.001000+00:00,1.919e-05,-1.154e-05
2025-12-06 16:00:00.008000+00:00,-1.822e-05,-2.208e-05
2025-12-07 00:00:00+00:00,4.192e-05,4.977e-05
2025-12-07 08:00:00.004000+00:00,1.666e-05,2.491e-05
2025-12-07 16:00:00+00:00,5.212e-05,-4.449e-05
2025-12-08 00:00:00+00:00,-5.39e-06,-4.676e-05
2025-12-08 08:00:00+00:00,6.545e-05,6.981e-05
2025-12-08 16:00:00.001000+00:00,3.395e-05,7.621e-05
2025-12-09 00:00:00.001000+00:00,8.52e-06,-4.393e-05
2025-12-09 08:00:00.001000+00:00,6.379e-05,3.189e-05
2025-12-09 16:00:00.007000+00:00,5.443e-05,-1.38e-05
2025-12-10 00:00:00.007000+00:00,2.777e-05,0.0001
2025-12-10 08:00:00.002000+00:00,1.996e-05,2.067e-05
2025-12-10 16:00:00.012000+00:00,3.205e-05,2.31e-05
2025-12-11 00:00:00.001000+00:00,2.59e-05,9.45e-06
2025-12-11 08:00:00+00:00,-1.577e-05,-0.00016369
2025-12-11 16:00:00+00:00,6.1e-05,-6.531e-05
2025-12-12 00:00:00.005000+00:00,6.914e-05,9.412e-05
2025-12-12 08:00:00.007000+00:00,4.698e-05,0.0001
2025-12-12 16:00:00.002000+00:00,3.383e-05,0.0001
2025-12-13 00:00:00.001000+00:00,1.21e-06,-7.703e-05
2025-12-13 08:00:00.006000+00:00,6.02e-05,-2.011e-05
2025-12-13 16:00:00+00:00,6.041e-05,-2.083e-05
2025-12-14 00:00:00+00:00,0.0001,-1.51e-05
2025-12-14 08:00:00.003000+00:00,2.898e-05,-2.194e-05
2025-12-14 16:00:00.005000+00:00,3.773e-05,-9.436e-05
2025-12-15 00:00:00+00:00,1.9e-06,-9.823e-05
2025-12-15 08:00:00+00:00,-8.93e-06,2.213e-05
2025-12-15 16:00:00+00:00,3.081e-05,2.482e-05
2025-12-16 00:00:00.002000+00:00,7.467e-05,-0.00012962
2025-12-16 08:00:00+00:00,1.35e-05,-6.503e-05
2025-12-16 16:00:00.002000+00:00,4.089e-05,6.541e-05
2025-12-17 00:00:00.004000+00:00,6.221e-05,3.595e-05
2025-12-17 08:00:00+00:00,8.987e-05,3.39e-05
2025-12-17 16:00:00+00:00,5.917e-05,5.848e-05
2025-12-18 00:00:00.005000+00:00,6.23e-05,-0.00017374
2025-12-18 08:00:00.007000+00:00,-8.67e-06,-3.187e-05
2025-12-18 16:00:00.001000+00:00,8.355e-05,4.877e-05
2025-12-19 00:00:00+00:00,5.491e-05,-3.298e-05
2025-12-19 08:00:00.001000+00:00,0.0001,7.363e-05
2025-12-19 16:00:00+00:00,0.0001,0.0001
2025-12-20 00:00:00.005000+00:00,0.0001,0.0001
2025-12-20 08:00:00+00:00,1.234e-05,6.912e-05
2025-12-20 16:00:00.002000+00:00,7.171e-05,6.936e-05
2025-12-21 00:00:00+00:00,9.682e-05,8.009e-05
2025-12-21 08:00:00.009000+00:00,8.873e-05,9.929e-05
2025-12-21 16:00:00+00:00,3.977e-05,-1.358e-05
2025-12-22 00:00:00+00:00,4.389e-05,3.525e-05
2025-12-22 08:00:00.005000+00:00,4.524e-05,4.368e-05
2025-12-22 16:00:00.009000+00:00,6.654e-05,5.393e-05
2025-12-23 00:00:00+00:00,2.633e-05,-6.2e-05
2025-12-23 08:00:00+00:00,5.231e-05,2.113e-05
2025-12-23 16:00:00.001000+00:00,1.795e-05,-7.533e-05
2025-12-24 00:00:00.001000+00:00,0.0001,7.105e-05
2025-12-24 08:00:00.001000+00:00,8.455e-05,-3.47e-06
2025-12-24 16:00:00+00:00,5.927e-05,2.942e-05
2025-12-25 00:00:00+00:00,5.953e-05,0.0001
2025-12-25 08:00:00.001000+00:00,7.953e-05,0.0001
2025-12-25 16:00:00.005000+00:00,8.322e-05,2.98e-05
2025-12-26 00:00:00.004000+00:00,4.378e-05,8.16e-05
2025-12-26 08:00:00.001000+00:00,5.427e-05,4.708e-05
2025-12-26 16:00:00.007000+00:00,0.0001,0.0001
2025-12-27 00:00:00+00:00,1.809e-05,4.89e-06
2025-12-27 08:00:00+00:00,2.788e-05,0.0001
2025-12-27 16:00:00.011000+00:00,5.85e-05,0.0001
2025-12-28 00:00:00.008000+00:00,-3.6e-07,0.0001
2025-12-28 08:00:00+00:00,7.955e-05,0.0001
2025-12-28 16:00:00+00:00,9.464e-05,0.0001
2025-12-29 00:00:00.016000+00:00,0.0001,5.464e-05
2025-12-29 08:00:00.001000+00:00,0.0001,0.0001
2025-12-29 16:00:00+00:00,4.826e-05,-3.375e-05
2025-12-30 00:00:00.005000+00:00,0.0001,-2.097e-05
2025-12-30 08:00:00.001000+00:00,4.613e-05,-3.541e-05
2025-12-30 16:00:00.003000+00:00,8.345e-05,0.0001
2025-12-31 00:00:00.004000+00:00,2.922e-05,0.0001
2025-12-31 08:00:00.001000+00:00,1.453e-05,2.078e-05
2025-12-31 16:00:00.001000+00:00,3.75e-05,0.0001
2026-01-01 00:00:00.008000+00:00,0.0001,2.778e-05
2026-01-01 08:00:00.002000+00:00,0.0001,1.759e-05
2026-01-01 16:00:00.001000+00:00,1.711e-05,2.227e-05
2026-01-02 00:00:00.006000+00:00,5.608e-05,0.0001
2026-01-02 08:00:00.007000+00:00,4.219e-05,0.0001
2026-01-02 16:00:00+00:00,4.813e-05,0.0001
2026-01-03 00:00:00.001000+00:00,3.11e-05,0.0001
2026-01-03 08:00:00+00:00,1.055e-05,8.286e-05
2026-01-03 16:00:00+00:00,6.938e-05,6.427e-05
2026-01-04 00:00:00+00:00,9.488e-05,0.0001
2026-01-04 08:00:00+00:00,5.813e-05,4.499e-05
2026-01-04 16:00:00.001000+00:00,4.436e-05,4.667e-05
2026-01-05 00:00:00+00:00,8.893e-05,5.164e-05
2026-01-05 08:00:00+00:00,5.23e-05,1.007e-05
2026-01-05 16:00:00+00:00,7.723e-05,1.357e-05
2026-01-06 00:00:00.010000+00:00,-1.376e-05,0.0001
2026-01-06 08:00:00+00:00,2.816e-05,3.473e-05
2026-01-06 16:00:00+00:00,2.691e-05,0.0001
2026-01-07 00:00:00.001000+00:00,6.582e-05,0.0001
2026-01-07 08:00:00.001000+00:00,0.0001,-1.47e-06
2026-01-07 16:00:00.001000+00:00,2.885e-05,-4.471e-05
2026-01-08 00:00:00.001000+00:00,8.693e-05,2.799e-05
2026-01-08 08:00:00+00:00,0.0001,7.768e-05
2026-01-08 16:00:00+00:00,6.436e-05,8.5e-07
2026-01-09 00:00:00.003000+00:00,-2.813e-05,0.0001
2026-01-09 08:00:00+00:00,7.258e-05,9.569e-05
2026-01-09 16:00:00.001000+00:00,2.18e-06,0.0001
2026-01-10 00:00:00+00:00,5.643e-05,-9.725e-05
2026-01-10 08:00:00.002000+00:00,7.657e-05,-6.589e-05
2026-01-10 16:00:00.001000+00:00,6.235e-05,-1.82e-06
2026-01-11 00:00:00.003000+00:00,8.744e-05,8.687e-05
2026-01-11 08:00:00.006000+00:00,4.67e-05,0.0001
2026-01-11 16:00:00+00:00,1.667e-05,4.403e-05
2026-01-12 00:00:00.005000+00:00,1.813e-05,0.0001
2026-01-12 08:00:00+00:00,2.902e-05,0.0001
2026-01-12 16:00:00+00:00,4.65e-05,3.69e-05
2026-01-13 00:00:00.007000+00:00,2.245e-05,3.697e-05
2026-01-13 08:00:00.009000+00:00,9.838e-05,2.223e-05
2026-01-13 16:00:00.002000+00:00,3.445e-05,0.0001
2026-01-14 00:00:00+00:00,1.29e-06,0.0001
2026-01-14 08:00:00.001000+00:00,2.497e-05,0.0001
2026-01-14 16:00:00.004000+00:00,4.076e-05,9.806e-05
2026-01-15 00:00:00+00:00,-3.67e-06,0.0001
2026-01-15 08:00:00.004000+00:00,1.749e-05,9.75e-06
2026-01-15 16:00:00.002000+00:00,1.526e-05,-1.293e-05
2026-01-16 00:00:00+00:00,7.34e-05,-4.172e-05
2026-01-16 08:00:00+00:00,7.337e-05,-1.717e-05
2026-01-16 16:00:00.001000+00:00,2.495e-05,1.27e-05
2026-01-17 00:00:00+00:00,-1.78e-06,0.0001
2026-01-17 08:00:00+00:00,3.007e-05,7.146e-05
2026-01-17 16:00:00.002000+00:00,2.976e-05,-1.012e-05
2026-01-18 00:00:00.001000+00:00,3.503e-05,1.596e-05
2026-01-18 08:00:00+00:00,9.616e-05,-9.483e-05
2026-01-18 16:00:00+00:00,6.571e-05,-3.06e-05
2026-01-19 00:00:00.007000+00:00,3.473e-05,-1.163e-05
2026-01-19 08:00:00.007000+00:00,1.943e-05,2.229e-05
2026-01-19 16:00:00.007000+00:00,2.494e-05,9.979e-05
2026-01-20 00:00:00.005000+00:00,9.819e-05,2.304e-05
2026-01-20 08:00:00.001000+00:00,6.626e-05,8.389e-05
2026-01-20 16:00:00.009000+00:00,5.652e-05,-6.674e-05
2026-01-21 00:00:00.001000+00:00,0.0001,2.13e-06
2026-01-21 08:00:00.011000+00:00,6.055e-05,-2.73e-05
2026-01-21 16:00:00.011000+00:00,2.41e-05,3.81e-06
2026-01-22 00:00:00.010000+00:00,6.355e-05,6.571e-05
2026-01-22 08:00:00.003000+00:00,5.11e-05,-6.167e-05
2026-01-22 16:00:00.005000+00:00,9.419e-05,-6.749e-05
2026-01-23 00:00:00.005000+00:00,5.09e-05,-1.016e-05
2026-01-23 08:00:00+00:00,3.39e-05,1.237e-05
2026-01-23 16:00:00.011000+00:00,6.968e-05,-6.703e-05
2026-01-24 00:00:00.011000+00:00,1.531e-05,-1.852e-05
2026-01-24 08:00:00.002000+00:00,8.909e-05,-9.28e-06
2026-01-24 16:00:00.001000+00:00,3.901e-05,5.43e-06
2026-01-25 00:00:00.002000+00:00,1.336e-05,-7.297e-05
2026-01-25 08:00:00.011000+00:00,8.051e-05,-3.952e-05
2026-01-25 16:00:00.005000+00:00,4.917e-05,5.353e-05
2026-01-26 00:00:00+00:00,4.067e-05,-0.00020746
2026-01-26 08:00:00.003000+00:00,2.847e-05,7.17e-06
2026-01-26 16:00:00+00:00,5.606e-05,2.194e-05
2026-01-27 00:00:00.002000+00:00,4.267e-05,8.056e-05
2026-01-27 08:00:00+00:00,6.028e-05,7.857e-05
2026-01-27 16:00:00+00:00,7.503e-05,2.427e-05
2026-01-28 00:00:00+00:00,6.237e-05,8.604e-05
2026-01-28 08:00:00+00:00,6.174e-05,6.014e-05
2026-01-28 16:00:00+00:00,3.83e-05,3.305e-05
2026-01-29 00:00:00+00:00,7.21e-05,1.45e-05
2026-01-29 08:00:00.009000+00:00,5.856e-05,-5.141e-05
2026-01-29 16:00:00+00:00,4.023e-05,-7.62e-05
2026-01-30 00:00:00.008000+00:00,4.478e-05,-0.000182
2026-01-30 08:00:00+00:00,1.714e-05,-8.985e-05
2026-01-30 16:00:00.001000+00:00,3.1e-06,-4.603e-05
2026-01-31 00:00:00+00:00,9.693e-05,-4.73e-06
2026-01-31 08:00:00.001000+00:00,3.548e-05,-0.00019176
2026-01-31 16:00:00.009000+00:00,6.585e-05,-0.00015483
2026-02-01 00:00:00.001000+00:00,-3.267e-05,-0.00069212
2026-02-01 08:00:00.004000+00:00,3.421e-05,-0.00019219
2026-02-01 16:00:00+00:00,1.722e-05,-8.954e-05
2026-02-02 00:00:00+00:00,6.8e-07,-0.00014659
2026-02-02 08:00:00.014000+00:00,-3.043e-05,-7.189e-05
2026-02-02 16:00:00+00:00,-5.713e-05,-5.479e-05
2026-02-03 00:00:00+00:00,-2.203e-05,-0.00012874
2026-02-03 08:00:00.007000+00:00,2.245e-05,-9.347e-05
2026-02-03 16:00:00+00:00,-4.65e-06,-0.00016414
2026-02-04 00:00:00.002000+00:00,1.19e-06,-0.00017777
2026-02-04 08:00:00.007000+00:00,3.551e-05,-0.00047041
2026-02-04 16:00:00+00:00,4.618e-05,-0.00033402
2026-02-05 00:00:00.011000+00:00,9.173e-05,-2.794e-05
2026-02-05 08:00:00+00:00,2.98e-06,9.48e-06
2026-02-05 16:00:00.007000+00:00,-4.957e-05,-2.324e-05
2026-02-06 00:00:00+00:00,-1.597e-05,-0.00016041
2026-02-06 08:00:00.001000+00:00,-0.00013688,-0.00043701
2026-02-06 16:00:00+00:00,-0.00013478,-0.00055144
2026-02-07 00:00:00.003000+00:00,-0.00015178,-0.00053126
2026-02-07 08:00:00+00:00,-8.326e-05,-0.00024143
2026-02-07 16:00:00.010000+00:00,-2.907e-05,-0.00015393
2026-02-08 00:00:00.003000+00:00,-3.403e-05,-0.00028211
2026-02-08 08:00:00+00:00,-3.546e-05,-0.00039857
2026-02-08 16:00:00+00:00,-4.864e-05,-0.00030758
2026-02-09 00:00:00.002000+00:00,-3.075e-05,-0.00018599
2026-02-09 08:00:00.001000+00:00,1.846e-05,-0.00015733
2026-02-09 16:00:00.007000+00:00,-4.284e-05,-1.919e-05
2026-02-10 00:00:00+00:00,-8.798e-05,-0.00012797
2026-02-10 08:00:00.007000+00:00,-4.829e-05,-9.266e-05
2026-02-10 16:00:00+00:00,-8.816e-05,-0.00015079
2026-02-11 00:00:00+00:00,1.4e-05,3.598e-05
2026-02-11 08:00:00.006000+00:00,-8.417e-05,-9.212e-05
2026-02-11 16:00:00+00:00,-1.169e-05,-8.635e-05
2026-02-12 00:00:00+00:00,-1.381e-05,-0.0001924
2026-02-12 08:00:00.001000+00:00,3.499e-05,-7.372e-05
2026-02-12 16:00:00.001000+00:00,-1.728e-05,-0.00016709
2026-02-13 00:00:00.007000+00:00,5.834e-05,-4.022e-05
2026-02-13 08:00:00.003000+00:00,7.16e-06,-6.12e-06
2026-02-13 16:00:00.005000+00:00,-1.274e-05,7.1e-06
2026-02-14 00:00:00.002000+00:00,1.291e-05,2.902e-05
2026-02-14 08:00:00.004000+00:00,3.174e-05,-7.743e-05
2026-02-14 16:00:00.002000+00:00,-3.094e-05,-5.619e-05
2026-02-15 00:00:00+00:00,-1.068e-05,-0.00017847
2026-02-15 08:00:00.002000+00:00,4.664e-05,-1.01e-05
2026-02-15 16:00:00+00:00,-2.371e-05,5.339e-05
2026-02-16 00:00:00.001000+00:00,2.659e-05,-4.817e-05
2026-02-16 08:00:00.003000+00:00,-3.277e-05,-6.6e-06
2026-02-16 16:00:00+00:00,-4.112e-05,-0.00015888
2026-02-17 00:00:00.008000+00:00,5.883e-05,-3.812e-05
2026-02-17 08:00:00.001000+00:00,2.672e-05,-5.851e-05
2026-02-17 16:00:00.002000+00:00,5.077e-05,-0.00012454
2026-02-18 00:00:00+00:00,3.215e-05,-9.696e-05
2026-02-18 08:00:00+00:00,-1.41e-06,-3.984e-05
2026-02-18 16:00:00.011000+00:00,3.604e-05,-0.0002287
2026-02-19 00:00:00.013000+00:00,-4.014e-05,-0.00012426
2026-02-19 08:00:00+00:00,2.686e-05,-0.00012365
2026-02-19 16:00:00.003000+00:00,-3.052e-05,3.106e-05
2026-02-20 00:00:00+00:00,5.365e-05,2.253e-05
2026-02-20 08:00:00+00:00,1.302e-05,-9.514e-05
2026-02-20 16:00:00+00:00,-6.71e-06,3.03e-06
2026-02-21 00:00:00.004000+00:00,4.456e-05,5.856e-05
2026-02-21 08:00:00+00:00,2.485e-05,-9.185e-05
2026-02-21 16:00:00.005000+00:00,3.235e-05,-6.16e-06
2026-02-22 00:00:00.001000+00:00,7.3e-06,-5.057e-05
2026-02-22 08:00:00.004000+00:00,4.2e-07,-0.00010584
2026-02-22 16:00:00+00:00,4.972e-05,-6.575e-05
2026-02-23 00:00:00.001000+00:00,6.946e-05,-7.447e-05
2026-02-23 08:00:00+00:00,-9.317e-05,-0.00053535
2026-02-23 16:00:00+00:00,2.251e-05,-0.00014788
2026-02-24 00:00:00.007000+00:00,5.706e-05,-4.143e-05
2026-02-24 08:00:00+00:00,-1.193e-05,-7.491e-05
2026-02-24 16:00:00.001000+00:00,-1.82e-06,-5.768e-05
2026-02-25 00:00:00.001000+00:00,2.375e-05,-0.00017258
2026-02-25 08:00:00.007000+00:00,3.3e-07,6.827e-05
2026-02-25 16:00:00+00:00,-9.68e-06,6.24e-05
2026-02-26 00:00:00+00:00,-1.998e-05,0.0001
2026-02-26 08:00:00.006000+00:00,-1.128e-05,1.584e-05
2026-02-26 16:00:00.002000+00:00,4.007e-05,-6.714e-05
2026-02-27 00:00:00.007000+00:00,-9.91e-06,-2.35e-06
2026-02-27 08:00:00+00:00,-8.123e-05,-8.411e-05
2026-02-27 16:00:00.001000+00:00,-6.56e-06,-0.00018881
2026-02-28 00:00:00+00:00,4.041e-05,5.04e-06
2026-02-28 08:00:00+00:00,-3.727e-05,-0.00020116
2026-02-28 16:00:00.004000+00:00,-4.305e-05,-0.00022315
2026-03-01 00:00:00.005000+00:00,-6.88e-06,-4.585e-05
2026-03-01 08:00:00+00:00,4.563e-05,0.0001
2026-03-01 16:00:00.002000+00:00,2.948e-05,5.377e-05
2026-03-02 00:00:00.001000+00:00,-2.99e-06,2.413e-05
2026-03-02 08:00:00.007000+00:00,-1.956e-05,-8.58e-05
2026-03-02 16:00:00+00:00,-1.083e-05,-1.424e-05
2026-03-03 00:00:00+00:00,-1.86e-06,-3.622e-05
2026-03-03 08:00:00+00:00,1.437e-05,-6.186e-05
2026-03-03 16:00:00.007000+00:00,1.481e-05,-0.00014862
2026-03-04 00:00:00.001000+00:00,-5.39e-05,3.07e-06
2026-03-04 08:00:00.005000+00:00,2.52e-05,1.145e-05
2026-03-04 16:00:00+00:00,4.683e-05,2.4e-05
2026-03-05 00:00:00+00:00,3.567e-05,5.985e-05
2026-03-05 08:00:00+00:00,4.965e-05,-7.723e-05
2026-03-05 16:00:00.004000+00:00,1.74e-06,-0.00011105
2026-03-06 00:00:00.001000+00:00,1.689e-05,6.362e-05
2026-03-06 08:00:00.001000+00:00,-3.061e-05,-7.936e-05
2026-03-06 16:00:00.004000+00:00,-2.176e-05,-0.00013058
2026-03-07 00:00:00.001000+00:00,6.19e-06,-6.121e-05
2026-03-07 08:00:00.012000+00:00,3.525e-05,2.98e-06
2026-03-07 16:00:00.001000+00:00,-4.217e-05,-0.00012228
2026-03-08 00:00:00.001000+00:00,-4.496e-05,-0.00010523
2026-03-08 08:00:00+00:00,-1.115e-05,-0.00016925
2026-03-08 16:00:00.002000+00:00,-2.868e-05,-0.00019962
2026-03-09 00:00:00+00:00,-5.77e-05,-0.00010144
2026-03-09 08:00:00.004000+00:00,-4.579e-05,-8.215e-05
2026-03-09 16:00:00.003000+00:00,-3.431e-05,-1.812e-05
2026-03-10 00:00:00.012000+00:00,-2.394e-05,3.046e-05
2026-03-10 08:00:00.002000+00:00,1.23e-05,6.257e-05
2026-03-10 16:00:00.001000+00:00,1.738e-05,-1.909e-05
2026-03-11 00:00:00+00:00,-0.00011052,6.61e-06
2026-03-11 08:00:00.007000+00:00,-5.252e-05,-9.673e-05
2026-03-11 16:00:00.010000+00:00,-5.824e-05,-0.00010183
2026-03-12 00:00:00+00:00,-7.802e-05,4.554e-05
2026-03-12 08:00:00+00:00,-5.392e-05,-0.00016439
2026-03-12 16:00:00+00:00,-7.381e-05,-3.63e-06
2026-03-13 00:00:00.006000+00:00,-2.789e-05,7.234e-05
2026-03-13 08:00:00.001000+00:00,4.263e-05,7.241e-05
2026-03-13 16:00:00+00:00,-6.38e-06,9.095e-05
2026-03-14 00:00:00.001000+00:00,-3.79e-06,-2.65e-05
2026-03-14 08:00:00+00:00,-3.988e-05,-6.738e-05
2026-03-14 16:00:00.007000+00:00,-4.851e-05,-9.915e-05
2026-03-15 00:00:00+00:00,-1.883e-05,-0.00010764
2026-03-15 08:00:00+00:00,-6.461e-05,-5.506e-05
2026-03-15 16:00:00+00:00,2.659e-05,1.663e-05
2026-03-16 00:00:00+00:00,2.513e-05,9.583e-05
2026-03-16 08:00:00.010000+00:00,7.139e-05,0.0001
2026-03-16 16:00:00+00:00,2.015e-05,5.241e-05
2026-03-17 00:00:00+00:00,2.41e-06,8.675e-05
2026-03-17 08:00:00.002000+00:00,-2.505e-05,4.97e-06
2026-03-17 16:00:00.011000+00:00,-1.26e-05,-1.43e-05
2026-03-18 00:00:00.002000+00:00,-6.569e-05,-8.83e-06
2026-03-18 08:00:00.002000+00:00,-4.813e-05,-4.951e-05
2026-03-18 16:00:00.005000+00:00,2.418e-05,-6.465e-05
2026-03-19 00:00:00+00:00,-9.74e-06,-0.00010064
2026-03-19 08:00:00.003000+00:00,-3.012e-05,-1.65e-06
2026-03-19 16:00:00.003000+00:00,1.205e-05,-3.8e-06
2026-03-20 00:00:00.002000+00:00,6.25e-06,3.87e-06
2026-03-20 08:00:00+00:00,7.53e-06,-4.929e-05
2026-03-20 16:00:00+00:00,-2.23e-06,-6.064e-05
2026-03-21 00:00:00+00:00,-1.493e-05,2.431e-05
2026-03-21 08:00:00+00:00,-7.38e-06,-1.16e-05
2026-03-21 16:00:00.014000+00:00,1.093e-05,-0.00012136
2026-03-22 00:00:00.012000+00:00,8.06e-06,-0.00012994
2026-03-22 08:00:00.007000+00:00,-4.425e-05,-0.00013452
2026-03-22 16:00:00.002000+00:00,-6.837e-05,-0.00012882
2026-03-23 00:00:00+00:00,-2.079e-05,-6.305e-05
2026-03-23 08:00:00.003000+00:00,-2.863e-05,-1.921e-05
2026-03-23 16:00:00.002000+00:00,1.6e-06,4.974e-05
2026-03-24 00:00:00+00:00,4.229e-05,0.0001
2026-03-24 08:00:00+00:00,3.675e-05,2.758e-05
2026-03-24 16:00:00.003000+00:00,3.056e-05,-0.00011027
2026-03-25 00:00:00+00:00,2.31e-05,-4.578e-05
2026-03-25 08:00:00+00:00,1.074e-05,6.687e-05
2026-03-25 16:00:00.013000+00:00,4.721e-05,9.615e-05
2026-03-26 00:00:00.001000+00:00,2.448e-05,8.033e-05
2026-03-26 08:00:00.001000+00:00,1.379e-05,-0.00019611
2026-03-26 16:00:00+00:00,-2.103e-05,-0.00022349
2026-03-27 00:00:00.006000+00:00,2.925e-05,-0.00022517
2026-03-27 08:00:00+00:00,-6.298e-05,-0.00019053
2026-03-27 16:00:00+00:00,-5.841e-05,-0.0003981
2026-03-28 00:00:00.005000+00:00,-8.088e-05,-0.00028259
2026-03-28 08:00:00.005000+00:00,-7.604e-05,-0.00021298
2026-03-28 16:00:00+00:00,-1.73e-06,-0.00016926
2026-03-29 00:00:00.003000+00:00,-3.68e-05,-0.00030226
2026-03-29 08:00:00.001000+00:00,-1.2e-07,-0.00023173
2026-03-29 16:00:00+00:00,2.677e-05,-0.00014871
2026-03-30 00:00:00+00:00,3e-06,-0.00027324
2026-03-30 08:00:00.005000+00:00,4.92e-06,-7.1e-06
2026-03-30 16:00:00+00:00,7.58e-06,-1.962e-05
2026-03-31 00:00:00+00:00,1.16e-06,-8.653e-05
2026-03-31 08:00:00+00:00,-1.921e-05,3.994e-05
2026-03-31 16:00:00+00:00,-2.763e-05,-0.0001383
2026-04-01 00:00:00+00:00,-3.449e-05,1.608e-05
2026-04-01 08:00:00+00:00,-4.61e-06,-6.42e-06
2026-04-01 16:00:00+00:00,5.77e-06,-1.877e-05
2026-04-02 00:00:00.003000+00:00,3.521e-05,1.042e-05
2026-04-02 08:00:00.001000+00:00,8.45e-06,-0.00023581
2026-04-02 16:00:00.001000+00:00,-7.398e-05,-6.199e-05
2026-04-03 00:00:00+00:00,-8.31e-06,-6.8e-06
2026-04-03 08:00:00.008000+00:00,-5.99e-06,-2.576e-05
2026-04-03 16:00:00.008000+00:00,3.51e-06,4.323e-05
2026-04-04 00:00:00+00:00,3.761e-05,-4.223e-05
2026-04-04 08:00:00.003000+00:00,4.115e-05,-7.014e-05
2026-04-04 16:00:00+00:00,1.651e-05,-3.973e-05
2026-04-05 00:00:00.008000+00:00,2.407e-05,-4.086e-05
2026-04-05 08:00:00+00:00,3.812e-05,-9.381e-05
2026-04-05 16:00:00.001000+00:00,1.889e-05,-7.917e-05
2026-04-06 00:00:00.004000+00:00,7.073e-05,-1.272e-05
2026-04-06 08:00:00.001000+00:00,5.544e-05,7.896e-05
2026-04-06 16:00:00.003000+00:00,4.23e-06,-1.845e-05
2026-04-07 00:00:00+00:00,-3.15e-06,-0.00010287
2026-04-07 08:00:00+00:00,3.703e-05,-0.00021212
2026-04-07 16:00:00+00:00,7.393e-05,-6.822e-05
2026-04-08 00:00:00+00:00,6.02e-05,0.0001
2026-04-08 08:00:00+00:00,1.563e-05,0.0001
2026-04-08 16:00:00.006000+00:00,4.048e-05,0.0001
2026-04-09 00:00:00+00:00,-1.47e-06,4.258e-05
2026-04-09 08:00:00.010000+00:00,5.239e-05,-1.292e-05
2026-04-09 16:00:00.001000+00:00,-1.986e-05,2.462e-05
2026-04-10 00:00:00+00:00,4.11e-06,0.0001
2026-04-10 08:00:00.005000+00:00,2.458e-05,1e-06
2026-04-10 16:00:00+00:00,-2.187e-05,8.338e-05
2026-04-11 00:00:00+00:00,-7.225e-05,4.33e-05
2026-04-11 08:00:00+00:00,-6.083e-05,-1.872e-05
2026-04-11 16:00:00.003000+00:00,-6.755e-05,-1.22e-05
2026-04-12 00:00:00+00:00,-8.108e-05,0.0001
2026-04-12 08:00:00+00:00,-3.69e-05,-0.00011509
2026-04-12 16:00:00+00:00,-3.35e-06,-6.761e-05
2026-04-13 00:00:00.011000+00:00,-2.34e-06,3.827e-05
2026-04-13 08:00:00.006000+00:00,-1.83e-06,-9.36e-06
2026-04-13 16:00:00+00:00,-5.409e-05,0.0001
2026-04-14 00:00:00.005000+00:00,-5.854e-05,0.0001
2026-04-14 08:00:00.003000+00:00,2.732e-05,0.0001
2026-04-14 16:00:00.001000+00:00,-5.234e-05,0.0001
2026-04-15 00:00:00+00:00,-9.313e-05,1.64e-06
2026-04-15 08:00:00+00:00,-5.085e-05,-9.128e-05
2026-04-15 16:00:00+00:00,-7.151e-05,-2.279e-05
2026-04-16 00:00:00.013000+00:00,-3.418e-05,0.0001
2026-04-16 08:00:00+00:00,-2.841e-05,0.0001
2026-04-16 16:00:00+00:00,-2.225e-05,7.305e-05
2026-04-17 00:00:00.001000+00:00,3.297e-05,0.0001
2026-04-17 08:00:00.011000+00:00,2.781e-05,3.085e-05
2026-04-17 16:00:00.001000+00:00,-0.00010789,1.016e-05
2026-04-18 00:00:00.001000+00:00,-8.098e-05,2.64e-06
2026-04-18 08:00:00.006000+00:00,-7.082e-05,-8.193e-05
2026-04-18 16:00:00+00:00,-4.586e-05,-7.993e-05
2026-04-19 00:00:00.002000+00:00,-8.395e-05,-6.547e-05
2026-04-19 08:00:00.010000+00:00,-7.219e-05,-9.117e-05
2026-04-19 16:00:00.001000+00:00,-0.00012276,-7.527e-05
2026-04-20 00:00:00+00:00,-4.615e-05,-8.585e-05
2026-04-20 08:00:00+00:00,-4.778e-05,-1.265e-05
2026-04-20 16:00:00.001000+00:00,-2.745e-05,4.88e-05
2026-04-21 00:00:00+00:00,-7.937e-05,8.917e-05
2026-04-21 08:00:00.004000+00:00,-5.824e-05,2.729e-05
2026-04-21 16:00:00.004000+00:00,-4.242e-05,-7.3e-07
2026-04-22 00:00:00.004000+00:00,-2.237e-05,6.371e-05
2026-04-22 08:00:00+00:00,3.56e-05,0.0001
2026-04-22 16:00:00+00:00,-7.49e-06,0.0001
2026-04-23 00:00:00+00:00,-7.87e-05,8.553e-05
2026-04-23 08:00:00+00:00,-3.553e-05,-4.21e-05
2026-04-23 16:00:00.004000+00:00,-6.696e-05,1.908e-05
2026-04-24 00:00:00.006000+00:00,-3.829e-05,-7.719e-05
2026-04-24 08:00:00+00:00,-7.865e-05,-2.981e-05
2026-04-24 16:00:00+00:00,-3.152e-05,-5.314e-05
2026-04-25 00:00:00+00:00,-1.077e-05,5.235e-05
2026-04-25 08:00:00.002000+00:00,-6.235e-05,1.927e-05
2026-04-25 16:00:00.002000+00:00,-5.699e-05,-5.575e-05
2026-04-26 00:00:00.003000+00:00,2.41e-06,-4.604e-05
2026-04-26 08:00:00.007000+00:00,1.53e-06,9.411e-05
2026-04-26 16:00:00.004000+00:00,1.95e-06,-3.44e-06
2026-04-27 00:00:00.004000+00:00,2.49e-06,-1.262e-05
2026-04-27 08:00:00+00:00,-8.659e-05,-2.08e-05
2026-04-27 16:00:00.002000+00:00,-5.678e-05,-0.00011407
2026-04-28 00:00:00.001000+00:00,-3.951e-05,-0.00011394
2026-04-28 08:00:00+00:00,-3.204e-05,8.41e-06
2026-04-28 16:00:00.004000+00:00,5.242e-05,-4.511e-05
2026-04-29 00:00:00.006000+00:00,1.305e-05,-1.641e-05
2026-04-29 08:00:00.011000+00:00,-2.84e-05,7.892e-05
2026-04-29 16:00:00.003000+00:00,3.571e-05,-6.745e-05
2026-04-30 00:00:00.002000+00:00,-4.22e-05,-3.778e-05
2026-04-30 08:00:00+00:00,-1.837e-05,7.422e-05
2026-04-30 16:00:00+00:00,-2.904e-05,7.585e-05
2026-05-01 00:00:00+00:00,-3.746e-05,6.01e-05
2026-05-01 08:00:00.005000+00:00,-1.81e-05,1.697e-05
2026-05-01 16:00:00+00:00,-3.143e-05,4.955e-05
2026-05-02 00:00:00.006000+00:00,-8.22e-06,7.261e-05
2026-05-02 08:00:00+00:00,-5.103e-05,-3.588e-05
2026-05-02 16:00:00.010000+00:00,-2.54e-05,-1.782e-05
2026-05-03 00:00:00.005000+00:00,2.29e-05,4.38e-05
2026-05-03 08:00:00.003000+00:00,-1.398e-05,-2.973e-05
2026-05-03 16:00:00+00:00,7.03e-06,-1.872e-05
2026-05-04 00:00:00+00:00,4.304e-05,7.211e-05
2026-05-04 08:00:00+00:00,-1.58e-06,0.0001
2026-05-04 16:00:00.003000+00:00,-3.16e-05,2.423e-05
2026-05-05 00:00:00+00:00,-3.83e-06,6.511e-05
2026-05-05 08:00:00.011000+00:00,-4.626e-05,7.893e-05
2026-05-05 16:00:00+00:00,-8.24e-05,0.0001
2026-05-06 00:00:00.010000+00:00,-9.153e-05,0.0001
2026-05-06 08:00:00+00:00,-6.15e-05,5.677e-05
2026-05-06 16:00:00.002000+00:00,-3.756e-05,0.0001
2026-05-07 00:00:00+00:00,-5.856e-05,8.995e-05
2026-05-07 08:00:00+00:00,-4.568e-05,8.232e-05
2026-05-07 16:00:00.004000+00:00,-3.014e-05,-5.96e-05
2026-05-08 00:00:00.003000+00:00,-7.406e-05,9.448e-05
2026-05-08 08:00:00.002000+00:00,2.415e-05,0.0001
2026-05-08 16:00:00.003000+00:00,-1.542e-05,-9.97e-06
2026-05-09 00:00:00+00:00,1.841e-05,0.0001
2026-05-09 08:00:00.001000+00:00,-3.792e-05,4.331e-05
2026-05-09 16:00:00.002000+00:00,3.645e-05,1.497e-05
2026-05-10 00:00:00.003000+00:00,9e-07,-5.236e-05
2026-05-10 08:00:00+00:00,4.626e-05,1.717e-05
2026-05-10 16:00:00+00:00,5.764e-05,-8.59e-06
2026-05-11 00:00:00+00:00,5.798e-05,8.884e-05
2026-05-11 08:00:00+00:00,2.592e-05,3.592e-05
2026-05-11 16:00:00+00:00,4.555e-05,6.498e-05
2026-05-12 00:00:00.002000+00:00,-1.15e-06,3.539e-05
2026-05-12 08:00:00.008000+00:00,3.877e-05,-6.049e-05
2026-05-12 16:00:00+00:00,5.822e-05,8.095e-05
2026-05-13 00:00:00.010000+00:00,5.367e-05,0.0001
2026-05-13 08:00:00.003000+00:00,5.437e-05,-1.573e-05
2026-05-13 16:00:00.001000+00:00,1.749e-05,-0.00012043
2026-05-14 00:00:00.005000+00:00,3.928e-05,-0.0001508
2026-05-14 08:00:00+00:00,2.928e-05,-3.038e-05
2026-05-14 16:00:00+00:00,4.094e-05,-5.361e-05
2026-05-15 00:00:00+00:00,-4.239e-05,-1.584e-05
2026-05-15 08:00:00.016000+00:00,-1.893e-05,4.052e-05
2026-05-15 16:00:00.012000+00:00,1.548e-05,2.053e-05
2026-05-16 00:00:00.005000+00:00,3.938e-05,0.0001
2026-05-16 08:00:00+00:00,-2.1e-06,5.209e-05
2026-05-16 16:00:00.005000+00:00,4.955e-05,-0.00015361
2026-05-17 00:00:00+00:00,4.037e-05,-5.139e-05
2026-05-17 08:00:00.010000+00:00,1.176e-05,-5.436e-05
2026-05-17 16:00:00.009000+00:00,4.8e-07,-0.00012569
2026-05-18 00:00:00.007000+00:00,-1.131e-05,-0.00010788
2026-05-18 08:00:00.002000+00:00,5.778e-05,3.36e-06
2026-05-18 16:00:00.007000+00:00,7.178e-05,5.09e-06
2026-05-19 00:00:00.001000+00:00,5.164e-05,3.87e-06
2026-05-19 08:00:00.001000+00:00,4.809e-05,-2.902e-05
2026-05-19 16:00:00.009000+00:00,5.563e-05,-0.00010936
2026-05-20 00:00:00.001000+00:00,3.254e-05,2.839e-05
2026-05-20 08:00:00.006000+00:00,7.983e-05,-6.66e-06
2026-05-20 16:00:00+00:00,6.858e-05,-1.433e-05
2026-05-21 00:00:00.001000+00:00,1.925e-05,-2.74e-06
2026-05-21 08:00:00+00:00,4.003e-05,6.241e-05
2026-05-21 16:00:00+00:00,6.13e-05,2.943e-05
2026-05-22 00:00:00+00:00,3.564e-05,0.0001
2026-05-22 08:00:00.004000+00:00,-8.2e-06,-1.571e-05
2026-05-22 16:00:00.001000+00:00,2.891e-05,-1.78e-06
2026-05-23 00:00:00.009000+00:00,1.783e-05,2.621e-05
2026-05-23 08:00:00.001000+00:00,1.025e-05,-0.0001267
2026-05-23 16:00:00.003000+00:00,7.441e-05,-0.00028322
2026-05-24 00:00:00.011000+00:00,9.044e-05,-4.389e-05
2026-05-24 08:00:00.008000+00:00,6.29e-05,5.791e-05
2026-05-24 16:00:00+00:00,6.265e-05,9.58e-06
2026-05-25 00:00:00.001000+00:00,6.549e-05,-4.636e-05
2026-05-25 08:00:00.001000+00:00,3.527e-05,-4.276e-05
2026-05-25 16:00:00.001000+00:00,1.426e-05,3.864e-05
2026-05-26 00:00:00+00:00,8.058e-05,4.297e-05
2026-05-26 08:00:00.003000+00:00,3.852e-05,-0.00010038
2026-05-26 16:00:00+00:00,5.776e-05,4.692e-05
2026-05-27 00:00:00+00:00,0.0001,-0.00014384
2026-05-27 08:00:00.004000+00:00,8.948e-05,-8.548e-05
2026-05-27 16:00:00.009000+00:00,9.914e-05,1.025e-05
2026-05-28 00:00:00.001000+00:00,0.0001,-5.061e-05
2026-05-28 08:00:00+00:00,5.011e-05,-0.00014123
2026-05-28 16:00:00.001000+00:00,0.0001,-3.559e-05
2026-05-29 00:00:00+00:00,0.0001,4.219e-05
2026-05-29 08:00:00.001000+00:00,5.391e-05,2.5e-05
2026-05-29 16:00:00.008000+00:00,6.702e-05,6.335e-05
2026-05-30 00:00:00+00:00,3.464e-05,7.48e-05
2026-05-30 08:00:00.001000+00:00,4.732e-05,3.702e-05
2026-05-30 16:00:00+00:00,6.214e-05,4.292e-05
2026-05-31 00:00:00+00:00,4.432e-05,2.3e-05
2026-05-31 08:00:00+00:00,5.663e-05,3.645e-05
2026-05-31 16:00:00.004000+00:00,5.988e-05,2.671e-05
2026-06-01 00:00:00.001000+00:00,5.703e-05,5.009e-05
2026-06-01 08:00:00.001000+00:00,4.438e-05,-2.566e-05
2026-06-01 16:00:00+00:00,0.0001,3.141e-05
2026-06-02 00:00:00+00:00,0.0001,0.0001
2026-06-02 08:00:00+00:00,5.99e-05,2.624e-05
2026-06-02 16:00:00+00:00,8.345e-05,-4.38e-05
2026-06-03 00:00:00.013000+00:00,7.165e-05,-0.00019668
2026-06-03 08:00:00+00:00,5.229e-05,-4.817e-05
2026-06-03 16:00:00.001000+00:00,0.0001,-4.446e-05
2026-06-04 00:00:00.009000+00:00,2.705e-05,-0.00012086
2026-06-04 08:00:00+00:00,1.519e-05,-0.00018206
2026-06-04 16:00:00.003000+00:00,-1.077e-05,-6.287e-05
2026-06-05 00:00:00+00:00,1.315e-05,-9.673e-05
2026-06-05 08:00:00.004000+00:00,-1.431e-05,-0.00025721
2026-06-05 16:00:00.009000+00:00,-8.63e-06,-8.011e-05
2026-06-06 00:00:00+00:00,-1.234e-05,-7.32e-05
2026-06-06 08:00:00+00:00,2.675e-05,-0.00018542
2026-06-06 16:00:00+00:00,-5.11e-06,-0.00016398
2026-06-07 00:00:00.001000+00:00,-2.828e-05,-7.23e-05
2026-06-07 08:00:00+00:00,4.07e-06,-0.00023704
2026-06-07 16:00:00+00:00,2.742e-05,-0.00038757
2026-06-08 00:00:00+00:00,3.533e-05,-0.00025513
2026-06-08 08:00:00.005000+00:00,3.454e-05,-0.00022946
2026-06-08 16:00:00.004000+00:00,1.22e-06,-1.174e-05
2026-06-09 00:00:00+00:00,-1.565e-05,-6.393e-05
2026-06-09 08:00:00+00:00,3.041e-05,-2.354e-05
2026-06-09 16:00:00.001000+00:00,6.06e-06,-9.828e-05
2026-06-10 00:00:00.001000+00:00,3.65e-06,1.79e-05
2026-06-10 08:00:00.011000+00:00,-3.385e-05,-8.438e-05
2026-06-10 16:00:00.009000+00:00,2.542e-05,-1.777e-05
2026-06-11 00:00:00+00:00,-8.11e-06,-8.243e-05
2026-06-11 08:00:00.004000+00:00,2.525e-05,-8.25e-06
2026-06-11 16:00:00+00:00,2.736e-05,-3.36e-06
2026-06-12 00:00:00+00:00,-1.303e-05,-9.068e-05
2026-06-12 08:00:00+00:00,2.446e-05,-9.448e-05
2026-06-12 16:00:00+00:00,8.4e-06,-2.866e-05
2026-06-13 00:00:00+00:00,5.357e-05,-5.235e-05
2026-06-13 08:00:00.007000+00:00,6e-07,-2.582e-05
2026-06-13 16:00:00.002000+00:00,9.38e-06,-4.55e-06
2026-06-14 00:00:00.005000+00:00,-4.51e-05,-0.00012137
2026-06-14 08:00:00.009000+00:00,-4.657e-05,-0.00010682
2026-06-14 16:00:00+00:00,-3.265e-05,-9.337e-05
2026-06-15 00:00:00.013000+00:00,2.808e-05,-3.596e-05
2026-06-15 08:00:00.013000+00:00,6.21e-06,-3.856e-05
2026-06-15 16:00:00.004000+00:00,-6.079e-05,-4.542e-05
2026-06-16 00:00:00+00:00,-4.28e-06,1.871e-05
2026-06-16 08:00:00+00:00,-1.11e-05,-1.544e-05
2026-06-16 16:00:00.001000+00:00,2.46e-06,-2.499e-05
2026-06-17 00:00:00.012000+00:00,1.957e-05,-1.7e-06
2026-06-17 08:00:00+00:00,-6.685e-05,-5.638e-05
2026-06-17 16:00:00+00:00,-2.582e-05,-3.481e-05
2026-06-18 00:00:00.002000+00:00,2.636e-05,-5.509e-05
2026-06-18 08:00:00+00:00,1.896e-05,-4.124e-05
2026-06-18 16:00:00.001000+00:00,8.72e-06,-2.67e-05
2026-06-19 00:00:00.005000+00:00,6.039e-05,0.0001
2026-06-19 08:00:00.001000+00:00,1.984e-05,6.065e-05
2026-06-19 16:00:00.001000+00:00,2.823e-05,-3.617e-05
2026-06-20 00:00:00.001000+00:00,5.814e-05,-3.087e-05
2026-06-20 08:00:00+00:00,2.633e-05,-3.337e-05
2026-06-20 16:00:00.001000+00:00,3.985e-05,-1.391e-05
2026-06-21 00:00:00+00:00,7.78e-06,4.438e-05
2026-06-21 08:00:00+00:00,3.034e-05,2.277e-05
2026-06-21 16:00:00+00:00,4.189e-05,7.45e-06
2026-06-22 00:00:00+00:00,6.572e-05,4.338e-05
2026-06-22 08:00:00+00:00,1.514e-05,-4.305e-05
2026-06-22 16:00:00.002000+00:00,4.813e-05,-3.017e-05
2026-06-23 00:00:00.003000+00:00,4.041e-05,-2.964e-05
2026-06-23 08:00:00.005000+00:00,1.655e-05,-9.607e-05
2026-06-23 16:00:00.002000+00:00,-1.889e-05,-0.00020855
2026-06-24 00:00:00.005000+00:00,2.154e-05,-8.775e-05
2026-06-24 08:00:00.005000+00:00,2.134e-05,-7.233e-05
2026-06-24 16:00:00.003000+00:00,2.7e-07,-1.309e-05
2026-06-25 00:00:00+00:00,-1.423e-05,-0.00011854
2026-06-25 08:00:00+00:00,-1.803e-05,-4.028e-05
2026-06-25 16:00:00+00:00,1.58e-05,-4.827e-05
2026-06-26 00:00:00.010000+00:00,5.298e-05,3.113e-05
2026-06-26 08:00:00.002000+00:00,5.904e-05,8.442e-05
2026-06-26 16:00:00+00:00,7.308e-05,6.096e-05
2026-06-27 00:00:00+00:00,5.255e-05,0.0001
2026-06-27 08:00:00+00:00,4.284e-05,4.81e-05
2026-06-27 16:00:00.009000+00:00,3.742e-05,-1.93e-05
2026-06-28 00:00:00+00:00,4.258e-05,1.63e-05
2026-06-28 08:00:00.013000+00:00,1.355e-05,2.764e-05
2026-06-28 16:00:00+00:00,4.43e-05,9.68e-06
2026-06-29 00:00:00.006000+00:00,3.112e-05,5.21e-06
2026-06-29 08:00:00.013000+00:00,7.444e-05,3.745e-05
2026-06-29 16:00:00.004000+00:00,8.658e-05,4.184e-05
2026-06-30 00:00:00+00:00,6.175e-05,0.0001
2026-06-30 08:00:00+00:00,8.349e-05,7.704e-05
2026-06-30 16:00:00.005000+00:00,3.327e-05,7.228e-05
2026-07-01 00:00:00+00:00,5.532e-05,0.0001
2026-07-01 08:00:00+00:00,1.853e-05,0.0001
2026-07-01 16:00:00+00:00,7.073e-05,6.848e-05
2026-07-02 00:00:00+00:00,8.001e-05,2.682e-05
