Date,GLD,SPY,TLT,UUP
2020-06-01,163.66000366210938,280.1524658203125,135.1622314453125,22.802566528320312
2020-06-02,162.60000610351562,282.47210693359375,134.67083740234375,22.776704788208008
2020-06-03,159.60000610351562,286.2313232421875,132.8800811767578,22.638769149780273
2020-06-04,161.27999877929688,285.47955322265625,130.9561309814453,22.55255889892578
2020-06-05,158.00999450683594,292.7962341308594,130.02330017089844,22.59566307067871
2020-06-08,159.72000122070312,296.3352966308594,130.52301025390625,22.535316467285156
2020-06-09,161.25999450683594,294.12579345703125,132.00555419921875,22.46634864807129
2020-06-10,163.57000732421875,292.4844665527344,133.96295166015625,22.35427474975586
2020-06-11,162.38999938964844,275.6230773925781,136.49497985839844,22.57842254638672
2020-06-12,162.6199951171875,278.9238586425781,135.17892456054688,22.638769149780273
2020-06-15,162.3300018310547,281.52783203125,135.25389099121094,22.543935775756836
2020-06-16,162.25,286.94659423828125,133.17994689941406,22.612903594970703
2020-06-17,162.55999755859375,285.7545471191406,133.72967529296875,22.63014793395996
2020-06-18,162.24000549316406,285.8647155761719,135.14561462402344,22.716358184814453
2020-06-19,164.02999877929688,284.23095703125,135.25389099121094,22.742219924926758
2020-06-22,165.08999633789062,286.0543212890625,135.2705841064453,22.621524810791016
2020-06-23,166.47999572753906,287.3711853027344,134.3459930419922,22.543935775756836
2020-06-24,165.89999389648438,280.04071044921875,135.78692626953125,22.647390365600586
2020-06-25,165.8000030517578,283.04296875,136.178466796875,22.68187141418457
2020-06-26,166.5399932861328,276.3202819824219,137.6360321044922,22.716358184814453
2020-06-29,166.6300048828125,280.38153076171875,137.20286560058594,22.724979400634766
2020-06-30,167.3699951171875,283.9730529785156,136.53656005859375,22.690494537353516
2020-07-01,166.6199951171875,285.9623107910156,136.2714080810547,22.638769149780273
2020-07-02,166.97999572753906,287.53704833984375,136.4131622314453,22.656009674072266
2020-07-06,167.97999572753906,291.97589111328125,135.85446166992188,22.535316467285156
2020-07-07,169.0399932861328,288.9645080566406,137.76402282714844,22.5870418548584
2020-07-08,170.08999633789062,291.1745910644531,137.213623046875,22.46634864807129
2020-07-09,169.6300048828125,289.5169677734375,139.3983612060547,22.543935775756836
2020-07-10,169.19000244140625,292.4731140136719,138.6979217529297,22.50945472717285
2020-07-13,169.39999389648438,289.9406433105469,139.1565399169922,22.4749698638916
2020-07-14,170.19000244140625,293.6978454589844,139.356689453125,22.43186378479004
2020-07-15,170.33999633789062,296.396240234375,138.70628356933594,22.371517181396484
2020-07-16,168.72999572753906,295.4200744628906,139.3650665283203,22.449106216430664
2020-07-17,170.1199951171875,296.2764892578125,139.07321166992188,22.35427474975586
2020-07-20,170.94000244140625,298.6708679199219,139.41513061523438,22.31978988647461
2020-07-21,173.0,299.30633544921875,139.4984588623047,22.181854248046875
2020-07-22,175.6300048828125,301.0099792480469,139.9154052734375,22.12150764465332
2020-07-23,177.17999267578125,297.41839599609375,141.5497589111328,22.07840347290039
2020-07-24,178.6999969482422,295.50299072265625,141.54148864746094,21.98357391357422
2020-07-27,182.22999572753906,297.6578674316406,141.01612854003906,21.819772720336914
2020-07-28,183.75,295.77001953125,141.9917449951172,21.854257583618164
2020-07-29,185.1300048828125,299.40765380859375,141.74990844726562,21.750802993774414
2020-07-30,183.75999450683594,298.3392639160156,142.68385314941406,21.664594650268555
2020-07-31,185.42999267578125,300.6968688964844,142.59210205078125,21.79391098022461
2020-08-03,185.63999938964844,302.7873840332031,141.87423706054688,21.79391098022461
2020-08-04,189.58999633789062,303.9568786621094,143.22653198242188,21.716320037841797
2020-08-05,191.35000610351562,305.8448181152344,141.9744415283203,21.621488571166992
2020-08-06,193.88999938964844,307.88922119140625,142.7674560546875,21.621488571166992
2020-08-07,190.80999755859375,308.1102600097656,141.81573486328125,21.750802993774414
2020-08-10,190.14999389648438,309.03118896484375,141.18130493164062,21.785287857055664
2020-08-11,179.94000244140625,306.4801940917969,139.50338745117188,21.819772720336914
2020-08-12,179.10000610351562,310.7532653808594,138.23443603515625,21.750802993774414
2020-08-13,183.3300018310547,310.19146728515625,136.75686645507812,21.742183685302734
2020-08-14,182.5399932861328,310.20074462890625,136.22256469726562,21.707698822021484
2020-08-17,186.5,311.18603515625,136.56488037109375,21.612869262695312
2020-08-18,188.17999267578125,311.8583679199219,137.54161071777344,21.49217414855957
2020-08-19,182.24000549316406,310.55987548828125,136.68170166015625,21.664594650268555
2020-08-20,183.5,311.5269470214844,137.91726684570312,21.604248046875
2020-08-21,182.02999877929688,312.6319580078125,138.74371337890625,21.707698822021484
2020-08-24,181.0,315.79986572265625,138.51824951171875,21.742183685302734
2020-08-25,181.22000122070312,316.9049377441406,137.4580535888672,21.664594650268555
2020-08-26,183.36000061035156,320.0821228027344,136.9321746826172,21.63873291015625
2020-08-27,181.24000549316406,320.7820739746094,134.6031036376953,21.664594650268555
2020-08-28,184.38999938964844,322.8540344238281,134.5028839111328,21.49217414855957
2020-08-31,184.8300018310547,321.6845397949219,135.39617919921875,21.466310501098633
2020-09-01,185.0500030517578,324.71435546875,136.9447479248047,21.509416580200195
2020-09-02,182.6199951171875,329.4110412597656,138.2484893798828,21.587005615234375
2020-09-03,181.13999938964844,318.0745544433594,138.6414337158203,21.595624923706055
2020-09-04,181.63999938964844,315.4775085449219,136.0087432861328,21.630109786987305
2020-09-08,181.2899932861328,306.8577575683594,136.84449768066406,21.742183685302734
2020-09-09,183.0500030517578,312.91741943359375,136.4767608642578,21.707698822021484
2020-09-10,182.4600067138672,307.4840393066406,137.1704559326172,21.750802993774414
2020-09-11,182.4499969482422,307.6405944824219,137.46295166015625,21.707698822021484
2020-09-14,183.88999938964844,311.69256591796875,137.45455932617188,21.655973434448242
2020-09-15,183.4499969482422,313.2673645019531,137.1203155517578,21.673213958740234
2020-09-16,183.97000122070312,312.024169921875,136.71075439453125,21.699077606201172
2020-09-17,182.9600067138672,309.27984619140625,137.12867736816406,21.621488571166992
2020-09-18,183.1999969482422,305.71923828125,136.7024383544922,21.64735221862793
2020-09-21,179.52000427246094,302.31658935546875,137.3960723876953,21.802532196044922
2020-09-22,178.64999389648438,305.3955993652344,137.28746032714844,21.880117416381836
2020-09-23,174.7899932861328,298.31304931640625,137.4713134765625,22.000812530517578
2020-09-24,175.44000244140625,299.1083068847656,137.9978485107422,21.96632957458496
2020-09-25,174.94000244140625,303.9439697265625,137.9978485107422,22.026676177978516
2020-09-28,176.6999969482422,308.99224853515625,137.6050262451172,21.95770835876465
2020-09-29,178.19000244140625,307.3094787597656,137.7637939453125,21.854257583618164
2020-09-30,177.1199951171875,309.6394958496094,136.4433135986328,21.854257583618164
2020-10-01,178.6999969482422,311.6273193359375,136.6683349609375,21.819772720336914
2020-10-02,178.5399932861328,308.6686706542969,136.1580352783203,21.871498107910156
2020-10-05,179.41000366210938,314.1422424316406,133.4976806640625,21.776668548583984
2020-10-06,177.3000030517578,309.6763916015625,134.21705627441406,21.837013244628906
2020-10-07,177.22000122070312,315.06683349609375,133.23825073242188,21.81114959716797
2020-10-08,177.85000610351562,317.85919189453125,133.95765686035156,21.802532196044922
2020-10-09,181.0800018310547,320.69769287109375,133.93263244628906,21.673213958740234
2020-10-12,180.55999755859375,325.8569641113281,134.35934448242188,21.64735221862793
2020-10-13,177.72000122070312,323.7303161621094,135.32144165039062,21.776668548583984
2020-10-14,178.27000427246094,321.6962890625,135.63096618652344,21.724943161010742
2020-10-15,178.9199981689453,321.2987060546875,135.39674377441406,21.828393936157227
2020-10-16,178.3000030517578,321.10455322265625,135.02029418945312,21.802532196044922
2020-10-19,178.38999938964844,316.22259521484375,134.50994873046875,21.733562469482422
2020-10-20,179.25,317.48931884765625,133.22991943359375,21.664594650268555
2020-10-21,180.60000610351562,316.88836669921875,132.769775390625,21.552522659301758
2020-10-22,178.8300018310547,318.6265869140625,131.38941955566406,21.63873291015625
2020-10-23,178.63999938964844,319.7084045410156,132.19248962402344,21.587005615234375
2020-10-26,178.5500030517578,313.80023193359375,133.42239379882812,21.664594650268555
2020-10-27,179.02000427246094,312.7184143066406,134.3175048828125,21.621488571166992
2020-10-28,176.1300048828125,302.0300598144531,134.44302368164062,21.759424209594727
2020-10-29,175.39999389648438,305.0997314453125,133.13795471191406,21.84563446044922
2020-10-30,176.1999969482422,301.91912841796875,131.82443237304688,21.871498107910156
2020-11-02,177.91000366210938,305.3031005859375,132.81178283691406,21.897361755371094
2020-11-03,178.9199981689453,310.6934814453125,132.04136657714844,21.776668548583984
2020-11-04,178.82000732421875,317.6372985839844,134.90557861328125,21.742183685302734
2020-11-05,182.92999267578125,323.8321228027344,135.14010620117188,21.5352783203125
2020-11-06,183.19000244140625,323.7580261230469,133.50706481933594,21.457687377929688
2020-11-09,175.0800018310547,327.826416015625,130.70130920410156,21.595624923706055
2020-11-10,175.66000366210938,327.34552001953125,129.94761657714844,21.595624923706055
2020-11-11,174.89999389648438,329.77728271484375,130.4165496826172,21.621488571166992
2020-11-12,175.9600067138672,326.5781555175781,132.635986328125,21.621488571166992
2020-11-13,177.16000366210938,331.0994567871094,132.46005249023438,21.578384399414062
2020-11-16,177.14999389648438,335.23236083984375,132.141845703125,21.526657104492188
2020-11-17,176.5,333.4294738769531,133.0044403076172,21.49217414855957
2020-11-18,175.49000549316406,329.41668701171875,133.38973999023438,21.50079345703125
2020-11-19,175.16000366210938,330.8035888671875,134.07644653320312,21.466310501098633
2020-11-20,175.69000244140625,328.5382995605469,135.26571655273438,21.49217414855957
2020-11-23,172.22999572753906,330.5076599121094,134.64598083496094,21.526657104492188
2020-11-24,169.58999633789062,335.8334045410156,133.30599975585938,21.423208236694336
2020-11-25,169.50999450683594,335.315673828125,132.89559936523438,21.388721466064453
2020-11-27,167.7899932861328,336.24951171875,134.185302734375,21.345617294311523
2020-11-30,166.6699981689453,334.7608642578125,134.01780700683594,21.397342681884766
2020-12-01,170.17999267578125,338.42236328125,132.0418243408203,21.20768165588379
2020-12-02,171.4600067138672,339.1341857910156,130.99386596679688,21.18181800842285
2020-12-03,172.80999755859375,339.041748046875,132.05020141601562,21.069746017456055
2020-12-04,172.32000732421875,341.96356201171875,130.11354064941406,21.09560775756836
2020-12-07,174.88999938964844,341.2607421875,131.2873077392578,21.13009262084961
2020-12-08,175.5,342.2593688964844,131.90769958496094,21.155954360961914
2020-12-09,172.5,339.18975830078125,131.47166442871094,21.164575576782227
2020-12-10,172.1699981689453,339.0787658691406,132.63706970214844,21.10422706604004
2020-12-11,172.49000549316406,338.68121337890625,133.10653686523438,21.155954360961914
2020-12-14,171.5399932861328,337.1648864746094,132.73770141601562,21.09560775756836
2020-12-15,173.94000244140625,341.7231140136719,132.29331970214844,21.026639938354492
2020-12-16,174.89999389648438,342.2593688964844,131.9412078857422,21.000778198242188
2020-12-17,176.74000549316406,344.17327880859375,131.59214782714844,20.888702392578125
2020-12-18,176.44000244140625,342.7990417480469,131.19769287109375,20.914566040039062
2020-12-21,175.8800048828125,341.5733337402344,131.71795654296875,20.957670211791992
2020-12-22,174.49000549316406,340.99761962890625,132.3977813720703,21.069746017456055
2020-12-23,175.64999389648438,341.3041076660156,131.48301696777344,20.974912643432617
2020-12-24,176.35000610351562,342.6318664550781,132.0032958984375,20.992156982421875
2020-12-28,175.7100067138672,345.575439453125,132.06207275390625,20.992156982421875
2020-12-29,176.35000610351562,344.9161376953125,131.894287109375,20.923187255859375
2020-12-30,177.6999969482422,345.4082336425781,132.17958068847656,20.836977005004883
2020-12-31,178.36000061035156,347.1631774902344,132.3726348876953,20.897323608398438
2021-01-04,182.3300018310547,342.43695068359375,132.213134765625,20.914566040039062
2021-01-05,182.8699951171875,344.7954406738281,131.23123168945312,20.793872833251953
2021-01-06,179.89999389648438,346.8567810058594,128.53729248046875,20.768009185791016
2021-01-07,179.47999572753906,352.01019287109375,127.40435791015625,20.888702392578125
2021-01-08,173.33999633789062,354.0158386230469,126.99314880371094,20.923187255859375
2021-01-11,173.0,351.62945556640625,126.78326416015625,21.052501678466797
2021-01-12,174.1199951171875,351.70379638671875,126.68252563476562,20.940431594848633
2021-01-13,173.3699951171875,352.65081787109375,128.10931396484375,21.0093994140625
2021-01-14,173.27999877929688,351.41595458984375,126.90917205810547,20.966291427612305
2021-01-15,171.1300048828125,348.8531188964844,127.41266632080078,21.10422706604004
2021-01-19,172.5800018310547,351.59228515625,127.82391357421875,21.043882369995117
2021-01-20,175.38999938964844,356.45794677734375,127.94985961914062,21.035261154174805
2021-01-21,175.27999877929688,356.78289794921875,127.05186462402344,20.940431594848633
2021-01-22,173.89999389648438,355.5200500488281,127.46302032470703,20.983535766601562
2021-01-25,174.0500030517578,356.92218017578125,128.9652862548828,21.0093994140625
2021-01-26,173.6199951171875,356.3650207519531,128.72190856933594,20.949050903320312
2021-01-27,172.52000427246094,347.6553039550781,129.0492401123047,21.078365325927734
2021-01-28,172.67999267578125,350.645263671875,128.33584594726562,21.026639938354492
2021-01-29,172.61000061035156,343.62548828125,127.56377410888672,21.052501678466797
2021-02-01,174.22999572753906,349.3452453613281,127.7116470336914,21.155954360961914
2021-02-02,172.11000061035156,354.28509521484375,126.8882064819336,21.18181800842285
2021-02-03,171.85000610351562,354.56365966796875,125.76234436035156,21.17319679260254
2021-02-04,168.14999389648438,358.5935974121094,125.42631530761719,21.26802635192871
2021-02-05,169.80999755859375,360.0049133300781,124.37606048583984,21.1473331451416
2021-02-08,171.52000427246094,362.6048583984375,124.92212677001953,21.13871192932129
2021-02-09,172.0800018310547,362.36346435546875,125.01455688476562,21.026639938354492
2021-02-10,172.7100067138672,362.20556640625,125.84636688232422,21.018016815185547
2021-02-11,171.2100067138672,362.79046630859375,125.1573715209961,21.0093994140625
2021-02-12,170.69000244140625,364.5826721191406,123.60301971435547,21.026639938354492
2021-02-16,168.24000549316406,364.2668762207031,121.72097778320312,21.026639938354492
2021-02-17,166.3300018310547,364.3504943847656,122.49398803710938,21.112850189208984
2021-02-18,166.32000732421875,362.7998352050781,121.99824523925781,21.043882369995117
2021-02-19,167.00999450683594,362.1591491699219,120.37660217285156,20.992156982421875
2021-02-22,169.50999450683594,359.3735656738281,119.4608154296875,20.93181037902832
2021-02-23,169.1199951171875,359.8099365234375,119.1163558959961,20.949050903320312
2021-02-24,169.0,363.77484130859375,118.33490753173828,20.914566040039062
2021-02-25,165.82000732421875,355.0093994140625,116.40247344970703,20.983535766601562
2021-02-26,161.80999755859375,353.18011474609375,120.2505874633789,21.13871192932129
2021-03-01,161.52999877929688,361.74127197265625,118.66239929199219,21.155954360961914
2021-03-02,162.41000366210938,358.9185791015625,118.67083740234375,21.078365325927734
2021-03-03,160.6199951171875,354.16448974609375,117.38372802734375,21.13871192932129
2021-03-04,159.0399932861328,349.7817077636719,116.62664794921875,21.276647567749023
2021-03-05,159.13999938964844,356.2164611816406,116.8537826538086,21.354238510131836
2021-03-08,157.49000549316406,354.4430236816406,115.94523620605469,21.474933624267578
2021-03-09,160.83999633789062,359.5035705566406,117.55194854736328,21.354238510131836
2021-03-10,161.66000366210938,361.74127197265625,117.78750610351562,21.319751739501953
2021-03-11,161.52000427246094,365.4090270996094,116.93790435791016,21.21630096435547
2021-03-12,161.49000549316406,365.90118408203125,114.4563217163086,21.28527069091797
2021-03-15,162.1999969482422,368.0832824707031,115.1292495727539,21.328372955322266
2021-03-16,162.35000610351562,367.6190185546875,114.66657257080078,21.328372955322266
2021-03-17,163.50999450683594,368.87255859375,113.80854797363281,21.224924087524414
2021-03-18,162.55999755859375,363.50555419921875,112.65608215332031,21.354238510131836
2021-03-19,163.24000549316406,362.83294677734375,113.35433197021484,21.36285972595215
2021-03-22,163.0,365.730224609375,114.62456512451172,21.319751739501953
2021-03-23,161.80999755859375,362.8515930175781,115.65922546386719,21.449068069458008
2021-03-24,162.3699951171875,361.0069580078125,116.28174591064453,21.50079345703125
2021-03-25,161.77999877929688,363.0378723144531,115.36480712890625,21.561141967773438
2021-03-26,162.24000549316406,368.88824462890625,114.96099853515625,21.5352783203125
2021-03-29,160.30999755859375,368.7019348144531,113.98519897460938,21.587005615234375
2021-03-30,157.57000732421875,367.7237854003906,114.58244323730469,21.673213958740234
2021-03-31,159.9600067138672,369.2143249511719,113.94317626953125,21.655973434448242
2021-04-01,161.97999572753906,373.2014465332031,115.834228515625,21.561141967773438
2021-04-05,161.9199981689453,378.55810546875,115.32884216308594,21.49217414855957
2021-04-06,163.22000122070312,378.3345031738281,116.11225128173828,21.440446853637695
2021-04-07,162.75999450683594,378.7723388671875,115.30360412597656,21.466310501098633
2021-04-08,164.50999450683594,380.5703125,116.25543212890625,21.37148094177246
2021-04-09,163.27000427246094,383.3370056152344,115.834228515625,21.388721466064453
2021-04-12,162.27999877929688,383.47674560546875,115.78378295898438,21.38010025024414
2021-04-13,163.42999267578125,384.6133728027344,116.65132904052734,21.30251121520996
2021-04-14,162.72000122070312,383.2998352050781,116.28071594238281,21.276647567749023
2021-04-15,165.35000610351562,387.4173889160156,118.22660827636719,21.276647567749023
2021-04-16,166.35000610351562,388.71234130859375,117.30840301513672,21.25078773498535
2021-04-19,165.88999938964844,386.802490234375,116.9714584350586,21.13009262084961
2021-04-20,166.47999572753906,383.9705505371094,117.51058959960938,21.164575576782227
2021-04-21,168.1300048828125,387.6037292480469,117.7464370727539,21.13871192932129
2021-04-22,167.0399932861328,384.063720703125,118.26031494140625,21.199058532714844
2021-04-23,166.39999389648438,388.2279052734375,117.9822769165039,21.078365325927734
2021-04-26,166.83999633789062,389.038330078125,117.8138198852539,21.078365325927734
2021-04-27,166.4199981689453,388.9545593261719,116.7861557006836,21.086984634399414
2021-04-28,166.91000366210938,388.8427734375,116.8619384765625,21.0093994140625
2021-04-29,166.22000122070312,391.32073974609375,116.51657104492188,21.018016815185547
2021-04-30,165.66000366210938,388.7496643066406,116.7861557006836,21.190439224243164
2021-05-03,167.80999755859375,389.5880432128906,116.8561782836914,21.09560775756836
2021-05-04,166.5800018310547,387.18450927734375,117.64912414550781,21.190439224243164
2021-05-05,167.27000427246094,387.3056335449219,117.8432388305664,21.18181800842285
2021-05-06,170.05999755859375,390.3985290527344,118.0372085571289,21.078365325927734
2021-05-07,171.58999633789062,393.2398376464844,117.45512390136719,20.923187255859375
2021-05-10,172.11000061035156,389.3458251953125,116.26565551757812,20.923187255859375
2021-05-11,172.13999938964844,385.8710021972656,115.60765838623047,20.905946731567383
2021-05-12,170.42999267578125,377.67303466796875,114.392822265625,21.06112289428711
2021-05-13,171.1300048828125,382.20989990234375,114.56999206542969,21.026639938354492
2021-05-14,172.69000244140625,388.0788269042969,115.64140319824219,20.940431594848633
2021-05-17,174.6999969482422,387.0913391113281,115.3967056274414,20.914566040039062
2021-05-18,175.0399932861328,383.7562561035156,115.10145568847656,20.81973648071289
2021-05-19,175.16000366210938,382.750244140625,114.82306671142578,20.914566040039062
2021-05-20,175.9600067138672,386.8677673339844,115.7679214477539,20.811115264892578
2021-05-21,176.0399932861328,386.55108642578125,116.13914489746094,20.880083084106445
2021-05-24,176.35000610351562,390.49163818359375,116.56932067871094,20.82835578918457
2021-05-25,177.9499969482422,389.625244140625,117.64912414550781,20.802492141723633
2021-05-26,177.63999938964844,390.3985290527344,117.4466552734375,20.880083084106445
2021-05-27,177.7100067138672,390.6034851074219,116.9742660522461,20.86284065246582
2021-05-28,178.3800048828125,391.3021545410156,116.78865051269531,20.880083084106445
2021-06-01,177.89999389648438,390.9574890136719,116.7624740600586,20.845596313476562
2021-06-02,178.77000427246094,391.5722961425781,117.03282165527344,20.845596313476562
2021-06-03,175.27000427246094,390.1190490722656,116.593505859375,20.974912643432617
2021-06-04,177.16000366210938,393.6869812011719,118.19022369384766,20.897323608398438
2021-06-07,177.8699951171875,393.3050231933594,117.82698059082031,20.86284065246582
2021-06-08,177.32000732421875,393.3889465332031,118.65489959716797,20.888702392578125
2021-06-09,176.97999572753906,392.8019714355469,119.70246124267578,20.905946731567383
2021-06-10,177.74000549316406,394.6278076171875,120.4205322265625,20.888702392578125
2021-06-11,175.74000549316406,395.2799987792969,120.22627258300781,20.992156982421875
2021-06-14,174.7100067138672,396.1650390625,119.30541229248047,20.974912643432617
2021-06-15,174.0500030517578,395.4383239746094,119.16179656982422,20.992156982421875
2021-06-16,171.11000061035156,393.23046875,119.06040954589844,21.164575576782227
2021-06-17,165.85000610351562,393.1001281738281,120.84297943115234,21.328372955322266
2021-06-18,164.92999267578125,387.7969665527344,123.11555480957031,21.397342681884766
2021-06-21,166.9499969482422,393.3487243652344,121.05418395996094,21.29389190673828
2021-06-22,166.25,395.45159912109375,121.34980010986328,21.25940704345703
2021-06-23,166.13999938964844,394.9749450683594,121.0372543334961,21.29389190673828
2021-06-24,166.0399932861328,397.3114929199219,121.2315902709961,21.276647567749023
2021-06-25,166.58999633789062,398.72283935546875,119.97285461425781,21.28527069091797
2021-06-28,166.5800018310547,399.526611328125,121.20623779296875,21.29389190673828
2021-06-29,164.8300018310547,399.7415771484375,121.40901947021484,21.345617294311523
2021-06-30,165.6300048828125,400.0780029296875,121.94961547851562,21.405961990356445
2021-07-01,166.1999969482422,402.2931213378906,121.95645904541016,21.466310501098633
2021-07-02,167.2899932861328,405.36810302734375,122.69236755371094,21.38010025024414
2021-07-06,168.1199951171875,404.6296691894531,124.1304702758789,21.457687377929688
2021-07-07,168.75999450683594,406.0596618652344,125.23016357421875,21.49217414855957
2021-07-08,168.64999389648438,402.7510681152344,125.72083282470703,21.405961990356445
2021-07-09,169.2100067138672,407.05035400390625,123.95282745361328,21.354238510131836
2021-07-12,169.0,408.5083923339844,123.79206085205078,21.38010025024414
2021-07-13,169.22000122070312,407.1157531738281,122.84467315673828,21.509416580200195
2021-07-14,171.0399932861328,407.72332763671875,124.2403793334961,21.405961990356445
2021-07-15,171.07000732421875,406.33074951171875,125.61080169677734,21.466310501098633
2021-07-16,169.41000366210938,403.1435546875,125.37400817871094,21.49217414855957
2021-07-19,169.61000061035156,397.1900329589844,128.1232452392578,21.526657104492188
2021-07-20,169.38999938964844,402.88189697265625,126.88822174072266,21.552522659301758
2021-07-21,168.75999450683594,406.1438293457031,125.28093719482422,21.50079345703125
2021-07-22,169.08999633789062,406.9942321777344,126.4652099609375,21.526657104492188
2021-07-23,168.55999755859375,411.18145751953125,125.61920928955078,21.5352783203125
2021-07-26,168.16000366210938,412.1907958984375,125.24707794189453,21.466310501098633
2021-07-27,168.44000244140625,410.31219482421875,126.5836410522461,21.431827545166016
2021-07-28,169.2899932861328,410.14398193359375,126.59210968017578,21.37148094177246
2021-07-29,171.1699981689453,411.8450927734375,125.8900375366211,21.29389190673828
2021-07-30,169.82000732421875,409.8448791503906,126.48214721679688,21.354238510131836
2021-08-02,169.61000061035156,408.9850769042969,127.61026763916016,21.328372955322266
2021-08-03,169.49000549316406,412.31231689453125,127.67798614501953,21.33699607849121
2021-08-04,169.52999877929688,410.2842102050781,127.94054412841797,21.37148094177246
2021-08-05,168.86000061035156,412.8824462890625,127.28840637207031,21.37148094177246
2021-08-06,164.63999938964844,413.5646667480469,125.16252899169922,21.49217414855957
2021-08-09,161.72000122070312,413.228271484375,124.7137222290039,21.5352783203125
2021-08-10,161.77000427246094,413.7423095703125,124.13777160644531,21.552522659301758
2021-08-11,164.0,414.77044677734375,124.06155395507812,21.509416580200195
2021-08-12,164.0399932861328,416.0133972167969,123.85826873779297,21.5352783203125
2021-08-13,166.38999938964844,416.77056884765625,125.81474304199219,21.431827545166016
2021-08-16,167.22000122070312,417.75189208984375,126.11967468261719,21.449068069458008
2021-08-17,166.97000122070312,415.013427734375,126.06883239746094,21.578384399414062
2021-08-18,167.10000610351562,410.4710998535156,126.49226379394531,21.578384399414062
2021-08-19,166.61000061035156,411.10662841796875,127.42395782470703,21.68183708190918
2021-08-20,166.6999969482422,414.3779296875,127.5086898803711,21.655973434448242
2021-08-23,168.72999572753906,418.0229187011719,127.42395782470703,21.526657104492188
2021-08-24,168.64999389648438,418.68658447265625,126.43302917480469,21.509416580200195
2021-08-25,167.47999572753906,419.56512451171875,125.38275146484375,21.49217414855957
2021-08-26,167.6699981689453,417.0882568359375,125.7300033569336,21.552522659301758
2021-08-27,170.19000244140625,420.8175048828125,126.5854263305664,21.457687377929688
2021-08-30,169.35000610351562,422.6680603027344,126.91580963134766,21.457687377929688
2021-08-31,169.69000244140625,422.0418395996094,126.05191040039062,21.457687377929688
2021-09-01,169.6999969482422,422.26617431640625,126.26303100585938,21.41458511352539
2021-09-02,169.25,423.5652770996094,126.81427001953125,21.36285972595215
2021-09-03,171.05999755859375,423.4625244140625,125.66091918945312,21.319751739501953
2021-09-07,167.7100067138672,421.9483337402344,124.60091400146484,21.423208236694336
2021-09-08,167.2899932861328,421.43438720703125,125.44892883300781,21.457687377929688
2021-09-09,168.02999877929688,419.63055419921875,126.96685791015625,21.405961990356445
2021-09-10,167.17999267578125,416.3219909667969,125.84747314453125,21.440446853637695
2021-09-13,167.74000549316406,417.3874816894531,126.6107406616211,21.440446853637695
2021-09-14,168.82000732421875,415.1349792480469,128.1456756591797,21.440446853637695
2021-09-15,167.8300018310547,418.6024169921875,127.69620513916016,21.397342681884766
2021-09-16,164.02999877929688,417.9388732910156,127.11106872558594,21.49217414855957
2021-09-17,163.77000427246094,413.86767578125,126.50049591064453,21.56976318359375
2021-09-20,164.94000244140625,406.966796875,128.06930541992188,21.578384399414062
2021-09-21,166.0399932861328,406.58233642578125,127.95906829833984,21.561141967773438
2021-09-22,165.4199981689453,410.5484619140625,128.72230529785156,21.621488571166992
2021-09-23,163.50999450683594,415.5365905761719,125.81356811523438,21.5352783203125
2021-09-24,163.3000030517578,416.2210998535156,124.58395385742188,21.595624923706055
2021-09-27,163.63999938964844,415.0303039550781,124.12603759765625,21.621488571166992
2021-09-28,162.0500030517578,406.6667175292969,122.19247436523438,21.699077606201172
2021-09-29,161.32000732421875,407.3511962890625,122.40446472167969,21.854257583618164
2021-09-30,164.22000122070312,402.37237548828125,122.38751983642578,21.819772720336914
2021-10-01,164.58999633789062,407.15423583984375,123.41754150390625,21.776668548583984
2021-10-04,165.36000061035156,401.903564453125,123.10331726074219,21.707698822021484
2021-10-05,164.58999633789062,406.0853576660156,121.9145736694336,21.750802993774414
2021-10-06,165.02999877929688,407.7731018066406,122.60235595703125,21.81114959716797
2021-10-07,164.16000366210938,411.298583984375,121.32024383544922,21.802532196044922
2021-10-08,164.22999572753906,410.5484619140625,120.47112274169922,21.785287857055664
2021-10-11,163.9199981689453,407.57623291015625,120.16543579101562,21.84563446044922
2021-10-12,164.66000366210938,406.57293701171875,122.22027587890625,21.871498107910156
2021-10-13,167.58999633789062,408.03570556640625,123.4090347290039,21.750802993774414
2021-10-14,168.0,414.8990173339844,123.8675308227539,21.750802993774414
2021-10-15,165.3300018310547,418.0588684082031,123.1457748413086,21.724943161010742
2021-10-18,164.9199981689453,419.2965087890625,123.72323608398438,21.733562469482422
2021-10-19,165.4499969482422,422.53131103515625,122.01651763916016,21.68183708190918
2021-10-20,166.89999389648438,424.1908874511719,121.19282531738281,21.64735221862793
2021-10-21,166.75,425.29736328125,121.04847717285156,21.699077606201172
2021-10-22,167.77000427246094,424.85662841796875,122.38163757324219,21.655973434448242
2021-10-25,168.92999267578125,427.1351013183594,122.19483184814453,21.69045639038086
2021-10-26,167.67999267578125,427.5195617675781,123.20525360107422,21.733562469482422
2021-10-27,168.1199951171875,425.6254577636719,125.44686889648438,21.724943161010742
2021-10-28,168.0800018310547,429.7322998046875,125.0223159790039,21.595624923706055
2021-10-29,166.64999389648438,430.60430908203125,125.40444946289062,21.768047332763672
2021-11-01,167.52000427246094,431.344970703125,124.50151062011719,21.699077606201172
2021-11-02,167.16000366210938,433.0889892578125,125.05413818359375,21.750802993774414
2021-11-03,165.77000427246094,435.7330627441406,123.7618408203125,21.699077606201172
2021-11-04,167.64999389648438,437.7865295410156,125.0626220703125,21.81114959716797
2021-11-05,169.83999633789062,439.305419921875,126.93303680419922,21.79391098022461
2021-11-08,170.4499969482422,439.68048095703125,126.69499969482422,21.750802993774414
2021-11-09,171.2899932861328,438.2271423339844,128.34434509277344,21.724943161010742
2021-11-10,173.14999389648438,434.7017517089844,125.99781799316406,21.95770835876465
2021-11-11,174.1199951171875,434.84228515625,125.8107681274414,22.009435653686523
2021-11-12,174.4499969482422,438.12396240234375,125.25818634033203,21.98357391357422
2021-11-15,174.17999267578125,438.2740478515625,123.6852798461914,22.104265213012695
2021-11-16,172.9199981689453,440.0085754394531,123.37080383300781,22.190473556518555
2021-11-17,174.5,438.93975830078125,124.34848022460938,22.147371292114258
2021-11-18,173.94000244140625,440.4305419921875,124.81613159179688,22.087024688720703
2021-11-19,172.61000061035156,439.6429748535156,126.1339111328125,22.199098587036133
2021-11-22,168.74000549316406,438.4053649902344,124.6545181274414,22.311168670654297
2021-11-23,167.27999877929688,438.9866027832031,122.8521499633789,22.302547454833984
2021-11-24,167.1199951171875,440.15869140625,124.8245620727539,22.38875961303711
2021-11-26,166.85000610351562,430.34173583984375,127.97875213623047,22.216339111328125
2021-11-29,166.6199951171875,435.62054443359375,126.95006561279297,22.259443283081055
2021-11-30,165.5,427.1444396972656,128.87997436523438,22.155994415283203
2021-12-01,166.16000366210938,422.4000244140625,129.67498779296875,22.216339111328125
2021-12-02,165.24000549316406,428.86968994140625,129.83676147460938,22.22496223449707
2021-12-03,166.6300048828125,425.1378479003906,131.3860321044922,22.216339111328125
2021-12-06,166.22000122070312,430.1729736328125,129.5813751220703,22.250823974609375
2021-12-07,166.80999755859375,439.0710144042969,128.53433227539062,22.259443283081055
2021-12-08,166.89999389648438,440.2336730957031,126.31273651123047,22.155994415283203
2021-12-09,165.8800048828125,437.2613830566406,127.01921844482422,22.23358154296875
2021-12-10,166.5800018310547,441.3775329589844,126.71276092529297,22.199098587036133
2021-12-13,167.0,437.4676818847656,128.58543395996094,22.268064498901367
2021-12-14,165.44000244140625,434.4578857421875,128.27896118164062,22.311168670654297
2021-12-15,166.14999389648438,441.2463073730469,127.04475402832031,22.27668571472168
2021-12-16,168.16000366210938,437.355224609375,127.09413146972656,22.181854248046875
2021-12-17,167.8000030517578,432.7004699707031,128.53436279296875,22.337034225463867
2021-12-20,167.08999633789062,428.09942626953125,127.57141876220703,22.311168670654297
2021-12-21,167.02000427246094,435.7019958496094,127.08560943603516,22.285308837890625
2021-12-22,168.58999633789062,440.0585021972656,127.67366790771484,22.199098587036133
2021-12-23,168.97000122070312,442.7965087890625,126.5657958984375,22.181854248046875
2021-12-27,169.3699951171875,449.06304931640625,126.87262725830078,22.190473556518555
2021-12-28,168.63999938964844,448.69610595703125,126.3698501586914,22.216339111328125
2021-12-29,168.58999633789062,449.2700500488281,124.98928833007812,22.155994415283203
2021-12-30,169.8000030517578,448.028076171875,126.03742980957031,22.190473556518555
2021-12-31,170.9600067138672,446.89892578125,126.28455352783203,22.095643997192383
2022-01-03,168.3300018310547,449.4864501953125,122.96965026855469,22.23358154296875
2022-01-04,169.57000732421875,449.3358154296875,122.45834350585938,22.250823974609375
2022-01-05,169.05999755859375,440.7076416015625,121.79360961914062,22.22496223449707
2022-01-06,166.99000549316406,440.293701171875,122.10891723632812,22.24220085144043
2022-01-07,167.75,438.552978515625,121.23118591308594,22.12150764465332
2022-01-10,168.25999450683594,438.0072326660156,121.52944946289062,22.173233032226562
2022-01-11,170.2899932861328,441.9967346191406,122.33898162841797,22.07840347290039
2022-01-12,170.74000549316406,443.1916809082031,121.87030792236328,21.93184471130371
2022-01-13,170.16000366210938,437.0851135253906,122.95258331298828,21.92322540283203
2022-01-14,169.6699981689453,437.2638854980469,121.09487915039062,21.98357391357422
2022-01-18,169.38999938964844,429.5201110839844,119.39042663574219,22.12150764465332
2022-01-19,172.0800018310547,425.0602722167969,120.21710968017578,22.069782257080078
2022-01-20,171.64999389648438,420.355712890625,120.95846557617188,22.138748168945312
2022-01-21,171.08999633789062,412.1037902832031,122.3987045288086,22.07840347290039
2022-01-24,172.02999877929688,413.8538513183594,121.39306640625,22.147371292114258
2022-01-25,172.5800018310547,408.80108642578125,121.19709014892578,22.155994415283203
2022-01-26,169.7899932861328,407.77557373046875,119.73133850097656,22.27668571472168
2022-01-27,167.60000610351562,405.761962890625,121.92993927001953,22.46634864807129
2022-01-28,167.10000610351562,415.8392028808594,121.97257995605469,22.457727432250977
2022-01-31,168.08999633789062,423.32891845703125,121.34198760986328,22.302547454833984
2022-02-01,168.22999572753906,426.1893310546875,120.93915557861328,22.24220085144043
2022-02-02,168.83999633789062,430.3293762207031,121.34881591796875,22.155994415283203
2022-02-03,168.60000610351562,420.2145080566406,120.40157318115234,22.04391860961914
2022-02-04,168.86000061035156,422.19036865234375,118.62651062011719,22.026676177978516
2022-02-07,170.11000061035156,420.8354187011719,118.70337677001953,22.03529930114746
2022-02-08,170.6300048828125,424.2980651855469,117.90972900390625,22.069782257080078
2022-02-09,171.2100067138672,430.5081481933594,118.13158416748047,22.04391860961914
2022-02-10,170.55999755859375,422.7738342285156,116.25419616699219,22.07840347290039
2022-02-11,173.80999755859375,414.437255859375,117.97798156738281,22.173233032226562
2022-02-14,174.74000549316406,413.08221435546875,116.51016998291016,22.23358154296875
2022-02-15,173.0800018310547,419.7440490722656,115.18749237060547,22.147371292114258
2022-02-16,174.86000061035156,420.2145080566406,115.87017822265625,22.104265213012695
2022-02-17,177.25,411.2381286621094,116.73207092285156,22.112886428833008
2022-02-18,177.1199951171875,408.5753173828125,117.96092987060547,22.173233032226562
2022-02-22,177.49000549316406,404.1905822753906,118.26811218261719,22.181854248046875
2022-02-23,178.2899932861328,397.0208435058594,116.63817596435547,22.207717895507812
2022-02-24,177.13999938964844,402.99566650390625,116.7149887084961,22.38875961303711
2022-02-25,176.5500030517578,411.8872985839844,116.80032348632812,22.27668571472168
2022-02-28,178.3800048828125,410.83355712890625,119.36046600341797,22.311168670654297
2022-03-01,181.6199951171875,404.5764465332031,120.7404556274414,22.48358917236328
2022-03-02,179.72999572753906,412.01910400390625,116.61324310302734,22.46634864807129
2022-03-03,180.8000030517578,409.96783447265625,117.80096435546875,22.55255889892578
2022-03-04,183.67999267578125,406.6369934082031,119.8346939086914,22.724979400634766
2022-03-07,186.41000366210938,394.64971923828125,118.92037200927734,22.888776779174805
2022-03-08,191.50999450683594,391.6575622558594,117.72409057617188,22.845672607421875
2022-03-09,185.82000732421875,402.15826416015625,116.57046508789062,22.621524810791016
2022-03-10,186.39999389648438,400.34222412109375,114.89568328857422,22.733598709106445
2022-03-11,185.08999633789062,395.2518615722656,115.2802505493164,22.854293823242188
2022-03-14,182.3000030517578,392.3632507324219,112.58854675292969,22.845672607421875
2022-03-15,178.88999938964844,400.991455078125,112.39201354980469,22.81981086730957
2022-03-16,180.00999450683594,409.8832092285156,113.49432373046875,22.656009674072266
2022-03-17,180.88999938964844,415.0111389160156,112.6483383178711,22.604284286499023
2022-03-18,179.3000030517578,419.5567626953125,114.02411651611328,22.63014793395996
2022-03-21,180.6699981689453,419.43402099609375,111.38373565673828,22.716358184814453
2022-03-22,179.36000061035156,424.3420104980469,109.95669555664062,22.707735061645508
2022-03-23,181.80999755859375,418.87713623046875,112.36638641357422,22.733598709106445
2022-03-24,183.1300048828125,425.19146728515625,111.48626708984375,22.75946044921875
2022-03-25,182.3800048828125,427.2679443359375,109.93960571289062,22.768085479736328
2022-03-28,179.05999755859375,430.3070373535156,110.8795394897461,22.837051391601562
2022-03-29,179.13999938964844,435.63037109375,111.71696472167969,22.699115753173828
2022-03-30,180.5800018310547,432.9404296875,112.58854675292969,22.57842254638672
2022-03-31,180.64999389648438,426.2768859863281,112.86199951171875,22.673250198364258
2022-04-01,179.5,427.4850158691406,113.29157257080078,22.707735061645508
2022-04-04,180.3699951171875,431.1471252441406,112.50428771972656,22.811187744140625
2022-04-05,179.24000549316406,425.701171875,109.96249389648438,22.931882858276367
2022-04-06,179.66000366210938,421.4443664550781,109.07247161865234,22.949125289916992
2022-04-07,180.33999633789062,423.56805419921875,108.25092315673828,22.992229461669922
2022-04-08,181.47000122070312,422.4354553222656,107.0784683227539,22.992229461669922
2022-04-11,182.3699951171875,415.2150573730469,105.38395690917969,23.043954849243164
2022-04-12,183.77000427246094,413.67657470703125,105.23846435546875,23.121545791625977
2022-04-13,184.64999389648438,418.4146423339844,105.45243835449219,23.026714324951172
2022-04-14,184.0399932861328,413.2046813964844,103.33857727050781,23.130165100097656
2022-04-18,184.61000061035156,413.37451171875,102.82510375976562,23.22499656677246
2022-04-19,181.82000732421875,420.04742431640625,102.05487823486328,23.27672004699707
2022-04-20,182.7100067138672,419.73602294921875,104.1087875366211,23.11292266845703
2022-04-21,182.05999755859375,413.4594421386719,103.33857727050781,23.1818904876709
2022-04-22,180.2899932861328,402.11456298828125,102.68817138671875,23.319826126098633
2022-04-25,177.0500030517578,404.44586181640625,103.71514129638672,23.431901931762695
2022-04-26,177.32000732421875,392.732666015625,104.75923156738281,23.578458786010742
2022-04-27,175.97999572753906,393.8370361328125,103.41560363769531,23.72501564025879
2022-04-28,176.92999267578125,403.7851257324219,103.56964874267578,23.862951278686523
2022-04-29,176.91000366210938,388.8629150390625,102.22602081298828,23.76811981201172
2022-05-02,173.6300048828125,391.2037048339844,100.45404815673828,23.888813018798828
2022-05-03,174.08999633789062,392.99700927734375,101.1313247680664,23.8457088470459
2022-05-04,175.8000030517578,404.9649658203125,101.68850708007812,23.647424697875977
2022-05-05,175.1300048828125,390.57135009765625,98.90243530273438,23.8457088470459
2022-05-06,175.4199981689453,388.239990234375,97.445068359375,23.888813018798828
2022-05-09,172.8800048828125,375.8096923828125,98.30235290527344,23.89743423461914
2022-05-10,171.4199981689453,376.677978515625,99.19387817382812,23.949161529541016
2022-05-11,172.82000732421875,370.6939697265625,101.1056137084961,23.97502326965332
2022-05-12,170.1699981689453,370.3070373535156,100.91700744628906,24.181928634643555
2022-05-13,168.7899932861328,379.1602478027344,99.42535400390625,24.112960815429688
2022-05-16,170.39999389648438,377.6218566894531,99.32245635986328,24.018129348754883
2022-05-17,169.3300018310547,385.3896484375,98.12232971191406,23.819847106933594
2022-05-18,169.4199981689453,369.85394287109375,100.21406555175781,23.940542221069336
2022-05-19,171.91000366210938,367.5887451171875,100.45404815673828,23.690532684326172
2022-05-20,172.02999877929688,367.7492370605469,101.5942153930664,23.742258071899414
2022-05-23,172.8300018310547,374.6298522949219,99.92256927490234,23.5267333984375
2022-05-24,174.1300048828125,371.7700500488281,101.8942642211914,23.457761764526367
2022-05-25,173.0800018310547,375.0545654296875,102.29717254638672,23.543973922729492
2022-05-26,172.75999450683594,382.5486755371094,101.83426666259766,23.466384887695312
2022-05-27,172.85000610351562,391.93988037109375,102.08287811279297,23.41465950012207
2022-05-31,171.13999938964844,389.74072265625,99.92256927490234,23.457761764526367
2022-06-01,172.22999572753906,386.5882873535156,99.80834197998047,23.63880729675293
2022-06-02,174.35000610351562,393.95025634765625,99.85983276367188,23.431901931762695
2022-06-03,172.5800018310547,387.4849548339844,99.64517211914062,23.535350799560547
2022-06-06,171.82000732421875,388.6647033691406,97.807373046875,23.587080001831055
2022-06-07,172.94000244140625,392.3929443359375,98.86367797851562,23.561216354370117
2022-06-08,172.77999877929688,388.1268005371094,97.98770141601562,23.630186080932617
2022-06-09,172.22999572753906,378.8960266113281,98.3140640258789,23.80260467529297
2022-06-10,174.5399932861328,367.90966796875,97.7043228149414,23.992267608642578
2022-06-13,169.92999267578125,353.9408874511719,94.6384506225586,24.225034713745117
2022-06-14,168.57000732421875,352.87432861328125,93.44474029541016,24.276758193969727
2022-06-15,170.77000427246094,357.9049987792969,95.18805694580078,24.08709716796875
2022-06-16,172.69000244140625,346.0597229003906,95.94378662109375,23.854331970214844
2022-06-17,171.27000427246094,346.80572509765625,96.25298309326172,24.095718383789062
2022-06-21,170.6300048828125,355.53607177734375,94.62126922607422,24.00950813293457
2022-06-22,171.30999755859375,354.8914794921875,97.223388671875,23.97502326965332
2022-06-23,170.25999450683594,358.3703308105469,98.02206420898438,24.000886917114258
2022-06-24,170.08999633789062,369.7643737792969,96.6651840209961,23.949161529541016
2022-06-27,169.89999389648438,368.3519592285156,95.84076690673828,23.906055450439453
2022-06-28,169.6199951171875,360.82550048828125,96.28730773925781,24.04399299621582
2022-06-29,169.49000549316406,360.5315856933594,97.79021453857422,24.181928634643555
2022-06-30,168.4600067138672,357.6025085449219,98.64899444580078,24.104337692260742
2022-07-01,168.32000732421875,361.3846740722656,99.6617431640625,24.181928634643555
2022-07-05,164.75,362.0672607421875,100.44480895996094,24.526769638061523
2022-07-06,162.13999938964844,363.29010009765625,98.75826263427734,24.63884162902832
2022-07-07,162.22999572753906,368.73114013671875,97.88915252685547,24.647462844848633
2022-07-08,162.3000030517578,368.4278259277344,96.80494689941406,24.63022232055664
2022-07-11,161.42999267578125,364.2190246582031,98.47429656982422,24.914714813232422
2022-07-12,160.8300018310547,360.9960632324219,99.05943298339844,24.90609359741211
2022-07-13,161.60000610351562,359.10028076171875,100.19526672363281,24.854368209838867
2022-07-14,159.3300018310547,358.22821044921875,99.37782287597656,25.02678871154785
2022-07-15,159.00999450683594,365.0721740722656,99.93711853027344,24.880229949951172
2022-07-18,159.16000366210938,362.0578308105469,98.89595031738281,24.742294311523438
2022-07-19,159.5399932861328,371.84027099609375,98.36245727539062,24.58711814880371
2022-07-20,158.0399932861328,374.2101745605469,98.6205825805664,24.656085968017578
2022-07-21,160.27000427246094,378.0207214355469,100.32433319091797,24.58711814880371
2022-07-22,160.6699981689453,374.5133972167969,102.01091766357422,24.55263328552246
2022-07-25,160.22999572753906,374.9684143066406,101.01273345947266,24.51814842224121
2022-07-26,160.0399932861328,370.5321960449219,101.09019470214844,24.707807540893555
2022-07-27,161.6699981689453,380.15350341796875,100.52225494384766,24.500905990600586
2022-07-28,163.63999938964844,384.92156982421875,101.32251739501953,24.48366355895996
2022-07-29,164.10000610351562,390.5332336425781,101.04715728759766,24.38883399963379
2022-08-01,165.02999877929688,389.3768615722656,103.48072052001953,24.294002532958984
2022-08-02,164.0500030517578,386.80804443359375,101.29110717773438,24.44917869567871
2022-08-03,164.4499969482422,392.8652038574219,102.88592529296875,24.51814842224121
2022-08-04,167.1699981689453,392.5997314453125,102.8514175415039,24.36297035217285
2022-08-05,165.2899932861328,391.93621826171875,100.40320587158203,24.56987190246582
2022-08-08,166.69000244140625,391.48114013671875,102.0238265991211,24.535388946533203
2022-08-09,167.1999969482422,389.9266052246094,101.62732696533203,24.5095272064209
2022-08-10,166.77999877929688,398.11663818359375,100.96354675292969,24.242277145385742
2022-08-11,166.33999633789062,398.11663818359375,98.61012268066406,24.2595157623291
2022-08-12,167.8699951171875,404.8563537597656,99.61011505126953,24.354347229003906
2022-08-15,165.7100067138672,406.524658203125,99.52392578125,24.56987190246582
2022-08-16,165.4199981689453,407.3209228515625,99.9377212524414,24.56125259399414
2022-08-17,164.35000610351562,404.42974853515625,98.89461517333984,24.59573745727539
2022-08-18,163.9199981689453,405.605224609375,99.04117584228516,24.785398483276367
2022-08-19,162.72000122070312,400.1546325683594,97.44635772705078,24.94057846069336
2022-08-22,161.63999938964844,391.8224792480469,97.11878967285156,25.14748191833496
2022-08-23,162.77000427246094,390.8744812011719,96.58432006835938,25.044029235839844
2022-08-24,163.25,392.12579345703125,95.87743377685547,25.061269760131836
2022-08-25,163.75,397.66168212890625,97.21360778808594,25.018165588378906
2022-08-26,161.75999450683594,384.201171875,97.94638061523438,25.112995147705078
2022-08-29,161.86000061035156,381.6607360839844,97.13603973388672,25.121618270874023
2022-08-30,160.50999450683594,377.470947265625,97.37738800048828,25.112995147705078
2022-08-31,159.27000427246094,374.59869384765625,96.44638061523438,25.09575653076172
2022-09-01,157.8699951171875,375.774169921875,94.68064880371094,25.319902420043945
2022-09-02,159.25999450683594,371.8118896484375,95.21623229980469,25.328521728515625
2022-09-06,158.3300018310547,370.408935546875,92.85784912109375,25.475080490112305
2022-09-07,159.94000244140625,377.0633544921875,94.32645416259766,25.294038772583008
2022-09-08,158.97999572753906,379.52789306640625,93.35891723632812,25.34576416015625
2022-09-09,159.82000732421875,385.4239501953125,93.56625366210938,25.164724349975586
2022-09-12,160.6300048828125,389.56640625,92.79737091064453,25.035411834716797
2022-09-13,158.5399932861328,372.6271057128906,93.01334381103516,25.3802490234375
2022-09-14,157.92999267578125,374.0489807128906,93.33299255371094,25.328521728515625
2022-09-15,154.97999572753906,369.80230712890625,93.27252197265625,25.34576416015625
2022-09-16,155.83999633789062,366.9811096191406,92.49503326416016,25.34576416015625
2022-09-19,155.9600067138672,369.8269958496094,92.71099090576172,25.328521728515625
2022-09-20,155.07000732421875,365.5819396972656,91.78665924072266,25.449216842651367
2022-09-21,155.7899932861328,359.2048034667969,93.32434844970703,25.6992244720459
2022-09-22,155.6999969482422,356.18756103515625,90.9400405883789,25.73370933532715
2022-09-23,153.00999450683594,350.2196960449219,91.31151580810547,26.138896942138672
2022-09-26,151.22999572753906,346.7550048828125,89.56649017333984,26.432010650634766
2022-09-27,151.5399932861328,345.869873046875,87.20811462402344,26.44063377380371
2022-09-28,154.69000244140625,352.67535400390625,90.12803649902344,26.095792770385742
2022-09-29,154.66000366210938,345.308349609375,89.66153717041016,25.992340087890625
2022-09-30,154.6699981689453,339.9685974121094,88.50393676757812,25.992340087890625
2022-10-03,158.42999267578125,348.9441833496094,89.91022491455078,25.871644973754883
2022-10-04,160.6999969482422,359.7568054199219,89.6590576171875,25.518184661865234
2022-10-05,159.80999755859375,358.9191589355469,88.80183410644531,25.759572982788086
2022-10-06,159.6300048828125,355.2166748046875,88.30821228027344,26.018205642700195
2022-10-07,157.8800048828125,345.308349609375,87.4509506225586,26.12165641784668
2022-10-10,155.47999572753906,342.67181396484375,86.09143829345703,26.23373031616211
2022-10-11,155.16000366210938,340.5016784667969,86.47245025634766,26.250972747802734
2022-10-12,155.99000549316406,339.37847900390625,86.89674377441406,26.250972747802734
2022-10-13,154.91000366210938,348.3350830078125,86.06546783447266,26.078550338745117
2022-10-14,152.97999572753906,340.3969421386719,85.35541534423828,26.259592056274414
2022-10-17,153.4199981689453,349.1441345214844,84.93972778320312,25.992340087890625
2022-10-18,153.75,353.24639892578125,85.13890838623047,25.97509765625
2022-10-19,151.69000244140625,350.7431640625,83.58887481689453,26.16476058959961
2022-10-20,151.4499969482422,347.8020324707031,82.16009521484375,26.182003021240234
2022-10-21,154.14999389648438,356.2541809082031,80.67933654785156,25.957857131958008
2022-10-24,153.64999389648438,360.61346435546875,80.01253509521484,25.983718872070312
2022-10-25,154.0,366.37200927734375,82.3419189453125,25.6992244720459
2022-10-26,154.97999572753906,363.6116027832031,83.52826690673828,25.431974411010742
2022-10-27,154.74000549316406,361.6700134277344,84.40287017822266,25.630258560180664
2022-10-28,153.16000366210938,370.2744140625,83.82268524169922,25.673364639282227
2022-10-31,151.91000366210938,367.5997314453125,83.22515869140625,25.88888931274414
2022-11-01,153.4600067138672,365.9911804199219,84.00297546386719,25.880268096923828
2022-11-02,152.38999938964844,356.8062438964844,83.63835144042969,25.992340087890625
2022-11-03,151.80999755859375,353.1322326660156,83.1869888305664,26.207866668701172
2022-11-04,156.47000122070312,358.2148742675781,81.78937530517578,25.71647071838379
2022-11-07,155.85000610351562,361.6414794921875,80.973388671875,25.569910049438477
2022-11-08,159.4499969482422,363.5926513671875,81.85881805419922,25.457839965820312
2022-11-09,158.64999389648438,356.10186767578125,82.12794494628906,25.64750099182129
2022-11-10,163.47999572753906,375.6711120605469,85.28771209716797,25.061269760131836
2022-11-11,164.55999755859375,379.3070983886719,84.9751968383789,24.699188232421875
2022-11-14,164.9199981689453,376.0804748535156,84.76689147949219,24.811262130737305
2022-11-15,165.5,379.28802490234375,86.1384048461914,24.725053787231445
2022-11-16,165.1199951171875,376.3945007324219,88.02210235595703,24.673328399658203
2022-11-17,163.9199981689453,375.24285888671875,87.09326171875,24.768157958984375
2022-11-18,162.7899932861328,376.9466247558594,86.49431610107422,24.83712387084961
2022-11-21,161.8800048828125,375.57598876953125,86.85888671875,25.052648544311523
2022-11-22,162.07000732421875,380.6300964355469,88.09156036376953,24.897470474243164
2022-11-23,163.0800018310547,383.0286560058594,89.62803649902344,24.63884162902832
2022-11-25,163.22000122070312,382.9429626464844,89.32421875,24.63884162902832
2022-11-28,161.92999267578125,376.8323669433594,89.57595825195312,24.81988525390625
2022-11-29,162.72999572753906,376.18511962890625,88.52558135986328,24.86298942565918
2022-11-30,164.80999755859375,388.0351867675781,89.17662811279297,24.664705276489258
2022-12-01,167.83999633789062,387.7496337890625,92.02548217773438,24.36297035217285
2022-12-02,167.25999450683594,387.3022766113281,93.18276977539062,24.337106704711914
2022-12-05,164.38999938964844,380.3350830078125,91.87753295898438,24.535388946533203
2022-12-06,164.83999633789062,374.8525695800781,93.06092071533203,24.55263328552246
2022-12-07,166.3300018310547,374.2148132324219,95.25369262695312,24.47504234313965
2022-12-08,166.47000122070312,377.1464538574219,94.9926528930664,24.39745330810547
2022-12-09,167.05999755859375,374.3291320800781,92.52143096923828,24.44917869567871
2022-12-12,165.67999267578125,379.72589111328125,92.81729888916016,24.46642303466797
2022-12-13,168.50999450683594,382.6003112792969,93.7135238647461,24.250898361206055
2022-12-14,168.10000610351562,380.1542053222656,94.11381530761719,24.138822555541992
2022-12-15,165.35000610351562,370.8549499511719,94.48102569580078,24.36297035217285
2022-12-16,166.7899932861328,366.47650146484375,93.42561340332031,24.40607261657715
2022-12-19,166.32000732421875,363.3690185546875,91.85557556152344,24.41216278076172
2022-12-20,169.0800018310547,363.8661804199219,90.2244873046875,24.24692153930664
2022-12-21,168.8000030517578,369.306884765625,90.4512710571289,24.30780029296875
2022-12-22,166.75999450683594,364.0383605957031,90.43382263183594,24.342586517333984
2022-12-23,167.25999450683594,366.1324462890625,89.10800170898438,24.333890914916992
2022-12-27,168.6699981689453,364.68853759765625,87.3460922241211,24.325193405151367
2022-12-28,167.91000366210938,360.1562194824219,86.83145904541016,24.41216278076172
2022-12-29,168.85000610351562,366.6391906738281,87.81708526611328,24.264314651489258
2022-12-30,169.63999938964844,365.6733703613281,86.84019470214844,24.1860408782959
2023-01-03,171.05999755859375,364.13397216796875,88.49744415283203,24.446949005126953
2023-01-04,172.6699981689453,366.9451904296875,89.70986938476562,24.359981536865234
2023-01-05,170.52000427246094,362.757080078125,90.0849380493164,24.586101531982422
2023-01-06,173.7100067138672,371.0758056640625,91.7421875,24.264314651489258
2023-01-09,174.10000610351562,370.8654479980469,92.23062896728516,24.11646842956543
2023-01-10,174.74000549316406,373.46630859375,90.7042465209961,24.133859634399414
2023-01-11,174.6199951171875,378.18975830078125,92.17830657958984,24.133859634399414
2023-01-12,176.63999938964844,379.5668029785156,93.99256896972656,23.899045944213867
2023-01-13,178.75999450683594,381.039306640625,93.1115951538086,23.890348434448242
2023-01-17,177.58999633789062,380.3412780761719,92.50972747802734,23.959922790527344
2023-01-18,177.0800018310547,374.33642578125,94.75141143798828,23.959922790527344
2023-01-19,179.88999938964844,371.611328125,94.15827941894531,23.899045944213867
2023-01-20,179.2899932861328,378.5340576171875,92.63186645507812,23.8642578125
2023-01-23,179.6300048828125,383.075927734375,92.19571685791016,23.899045944213867
2023-01-24,180.27999877929688,382.6648254394531,93.52155303955078,23.872955322265625
2023-01-25,181.11000061035156,382.8082275390625,93.74835205078125,23.79468536376953
2023-01-26,179.47000122070312,387.0154724121094,93.31220245361328,23.855562210083008
2023-01-27,179.22000122070312,387.9046630859375,93.0766830444336,23.890348434448242
2023-01-30,178.75999450683594,383.0377197265625,92.73655700683594,23.977317810058594
2023-01-31,179.41000366210938,388.6696472167969,93.47793579101562,23.92513656616211
2023-02-01,181.6699981689453,392.8003234863281,94.60163116455078,23.699016571044922
2023-02-02,177.89999389648438,398.518310546875,94.72409057617188,23.855562210083008
2023-02-03,173.4600067138672,394.28240966796875,93.30741882324219,24.168651580810547
2023-02-06,173.82000732421875,391.872802734375,92.61656951904297,24.30780029296875
2023-02-07,173.97999572753906,396.9979553222656,91.87326049804688,24.264314651489258
2023-02-08,174.41000366210938,392.6568908691406,92.31048583984375,24.2904052734375
2023-02-09,173.02999877929688,389.2528991699219,91.43601989746094,24.255617141723633
2023-02-10,173.36000061035156,390.1612548828125,90.41289520263672,24.333890914916992
2023-02-13,172.47999572753906,394.7414245605469,91.17369079589844,24.264314651489258
2023-02-14,172.61000061035156,394.55975341796875,90.96378326416016,24.24692153930664
2023-02-15,170.88999938964844,395.8410339355469,90.11555480957031,24.41216278076172
2023-02-16,170.75,390.39080810546875,88.83879089355469,24.446949005126953
2023-02-17,171.25999450683594,389.4154968261719,89.5296401977539,24.429555892944336
2023-02-21,170.6199951171875,381.6034240722656,87.78941345214844,24.507827758789062
2023-02-22,169.66000366210938,381.07757568359375,88.59397888183594,24.586101531982422
2023-02-23,169.57000732421875,383.1046447753906,89.45967864990234,24.594797134399414
2023-02-24,168.35000610351562,379.0121765136719,88.29662322998047,24.77743148803711
2023-02-27,169.00999450683594,380.30303955078125,88.54145812988281,24.6469783782959
2023-02-28,169.77999877929688,378.8974914550781,88.94373321533203,24.716554641723633
2023-03-01,170.75999450683594,377.44403076171875,87.98821258544922,24.586101531982422
2023-03-02,170.66000366210938,380.3795471191406,87.2080078125,24.716554641723633
2023-03-03,172.49000549316406,386.48004150390625,89.3207015991211,24.620885848999023
2023-03-06,171.6199951171875,386.7477111816406,88.62813568115234,24.586101531982422
2023-03-07,168.6199951171875,380.8193664550781,89.17168426513672,24.890491485595703
2023-03-08,168.5399932861328,381.44085693359375,89.25935363769531,24.881793975830078
2023-03-09,170.1999969482422,374.4033508300781,89.47847747802734,24.812219619750977
2023-03-10,173.8699951171875,369.0008850097656,92.56426239013672,24.655675888061523
2023-03-13,177.86000061035156,368.47503662109375,92.77465057373047,24.429555892944336
2023-03-14,176.8300018310547,374.56591796875,91.24930572509766,24.429555892944336
2023-03-15,178.2100067138672,372.2233581542969,93.01133728027344,24.690462112426758
2023-03-16,178.57000732421875,378.7539978027344,92.28372955322266,24.664371490478516
2023-03-17,183.77000427246094,374.3252868652344,93.66883850097656,24.525222778320312
2023-03-20,183.83999633789062,377.9246826171875,92.84478759765625,24.386072158813477
2023-03-21,180.3699951171875,382.88702392578125,92.04702758789062,24.37737464904785
2023-03-22,183.44000244140625,376.36016845703125,93.27433013916016,24.194740295410156
2023-03-23,185.74000549316406,377.3776550292969,93.27433013916016,24.22952651977539
2023-03-24,183.64999389648438,379.85394287109375,93.66883850097656,24.37737464904785
2023-03-27,181.9499969482422,380.564208984375,91.46845245361328,24.299102783203125
2023-03-28,183.44000244140625,379.71002197265625,91.63504028320312,24.212133407592773
2023-03-29,182.52999877929688,385.2291259765625,91.4509506225586,24.273012161254883
2023-03-30,184.17999267578125,387.4847106933594,91.87168884277344,24.15995216369629
2023-03-31,183.22000122070312,392.9461364746094,93.24803924560547,24.24692153930664
2023-04-03,184.5399932861328,394.4434814453125,93.68657684326172,24.133859634399414
2023-04-04,187.97999572753906,392.2550354003906,94.15237426757812,24.03819465637207
2023-04-05,187.8300018310547,391.22802734375,95.1366958618164,24.107770919799805
2023-04-06,186.49000549316406,392.754150390625,95.38276672363281,24.125164031982422
2023-04-10,185.11000061035156,393.15728759765625,93.84479522705078,24.264314651489258
2023-04-11,186.27999877929688,393.2628479003906,94.03814697265625,24.177345275878906
2023-04-12,187.19000244140625,391.6599426269531,93.94145202636719,24.046892166137695
2023-04-13,189.72000122070312,396.86224365234375,93.20321655273438,23.933834075927734
2023-04-14,186.36000061035156,395.892822265625,92.35072326660156,24.07298469543457
2023-04-17,185.52999877929688,397.3133544921875,91.25214385986328,24.194740295410156
2023-04-18,186.25,397.572509765625,91.57731628417969,24.107770919799805
2023-04-19,185.36000061035156,397.50537109375,91.48942565917969,24.15995216369629
2023-04-20,186.08999633789062,395.3360595703125,92.27163696289062,24.15995216369629
2023-04-21,184.25,395.6432189941406,91.75308990478516,24.133859634399414
2023-04-24,184.80999755859375,396.055908203125,92.64073944091797,24.05558967590332
2023-04-25,185.75,389.76904296875,94.00296783447266,24.168651580810547
2023-04-26,184.74000549316406,388.11810302734375,93.00106048583984,24.090377807617188
2023-04-27,184.75,395.8447265625,92.07826232910156,24.09907341003418
2023-04-28,184.8000030517578,399.22344970703125,93.56354522705078,24.133859634399414
2023-05-01,183.97000122070312,398.8202819824219,90.86567687988281,24.255617141723633
2023-05-02,187.52000427246094,394.3379211425781,93.13004302978516,24.194740295410156
2023-05-03,189.11000061035156,391.631103515625,93.64989471435547,24.064287185668945
2023-05-04,190.44000244140625,388.85723876953125,92.7247543334961,24.090377807617188
2023-05-05,187.4600067138672,396.055908203125,92.41639709472656,24.05558967590332
2023-05-08,187.69000244140625,396.1615295410156,91.12120056152344,24.090377807617188
2023-05-09,189.02000427246094,394.4242248535156,90.79518127441406,24.168651580810547
2023-05-10,188.75,396.2671813964844,91.67630004882812,24.125164031982422
2023-05-11,187.1300048828125,395.5760803222656,92.64546966552734,24.281709671020508
2023-05-12,186.80999755859375,395.0577697753906,91.8701171875,24.43825340270996
2023-05-15,187.2100067138672,396.4207763671875,90.91853332519531,24.36867904663086
2023-05-16,184.8699951171875,393.7715148925781,90.64542388916016,24.429555892944336
2023-05-17,184.22999572753906,398.55157470703125,90.38108825683594,24.473039627075195
2023-05-18,181.83999633789062,402.39093017578125,89.71147155761719,24.655675888061523
2023-05-19,183.63999938964844,401.80535888671875,89.07707977294922,24.586101531982422
2023-05-22,183.2100067138672,401.96856689453125,88.7599105834961,24.60349464416504
2023-05-23,183.42999267578125,397.4573669433594,89.01542663574219,24.673070907592773
2023-05-24,181.9499969482422,394.57781982421875,88.57489013671875,24.76003646850586
2023-05-25,180.1999969482422,397.9949035644531,88.35460662841797,24.873098373413086
2023-05-26,180.9199981689453,403.1491394042969,89.06831359863281,24.86440086364746
2023-05-30,182.0399932861328,403.302734375,89.95817565917969,24.838308334350586
2023-05-31,182.32000732421875,401.0663146972656,90.74234771728516,24.881793975830078
2023-06-01,183.75999450683594,404.8768615722656,91.09837341308594,24.586101531982422
2023-06-02,181.0500030517578,410.7318115234375,90.10008239746094,24.847007751464844
2023-06-05,182.13999938964844,409.94476318359375,89.9322509765625,24.803524017333984
2023-06-06,182.33999633789062,410.8374328613281,90.46228790283203,24.881793975830078
2023-06-07,180.14999389648438,409.4168701171875,89.11949920654297,24.890491485595703
2023-06-08,182.52999877929688,411.8932189941406,90.16193389892578,24.690462112426758
2023-06-09,182.0399932861328,412.6322937011719,90.0382308959961,24.768735885620117
2023-06-12,181.8800048828125,416.3755798339844,90.30328369140625,24.77743148803711
2023-06-13,180.5399932861328,419.1207580566406,89.4110107421875,24.69915771484375
2023-06-14,180.63999938964844,419.61993408203125,90.12661743164062,24.577404022216797
2023-06-15,181.91000366210938,424.82220458984375,90.99235534667969,24.43825340270996
2023-06-16,181.6300048828125,423.37518310546875,90.63896179199219,24.481735229492188
2023-06-20,179.75,421.1785888671875,91.26619720458984,24.551313400268555
2023-06-21,179.49000549316406,419.0205993652344,91.4870376586914,24.43825340270996
2023-06-22,177.7100067138672,420.5331115722656,90.3827896118164,24.525222778320312
2023-06-23,178.1999969482422,417.3539123535156,91.28386688232422,24.655675888061523
2023-06-26,178.50999450683594,415.648681640625,91.38106536865234,24.62958526611328
2023-06-27,177.69000244140625,420.20556640625,91.14253234863281,24.56870460510254
2023-06-28,177.27999877929688,420.4175720214844,91.53124237060547,24.681766510009766
2023-06-29,177.08999633789062,422.0745849609375,89.87924194335938,24.7861270904541
2023-06-30,178.27000427246094,427.0553283691406,90.93933868408203,24.681766510009766
2023-07-03,178.47000122070312,427.5466613769531,90.42378997802734,24.707855224609375
2023-07-05,177.83999633789062,426.9108581542969,89.56456756591797,24.8209171295166
2023-07-06,177.30999755859375,423.5678405761719,88.29782104492188,24.76003646850586
2023-07-07,178.63999938964844,422.49847412109375,87.76636505126953,24.551313400268555
2023-07-10,178.77999877929688,423.5678405761719,87.88151550292969,24.490432739257812
2023-07-11,179.4499969482422,426.2653503417969,88.3332748413086,24.429555892944336
2023-07-12,181.8800048828125,429.6949768066406,89.3165054321289,24.142559051513672
2023-07-13,182.00999450683594,433.1054992675781,90.25550079345703,23.977317810058594
2023-07-14,181.42999267578125,432.83575439453125,89.7239990234375,24.020803451538086
2023-07-17,181.55999755859375,434.338623046875,89.76827239990234,23.99471092224121
2023-07-18,183.63999938964844,437.5660095214844,90.17578125,24.01210594177246
2023-07-19,183.6699981689453,438.5390319824219,91.1944580078125,24.107770919799805
2023-07-20,182.74000549316406,435.62957763671875,90.08719635009766,24.24692153930664
2023-07-21,182.17999267578125,435.62957763671875,90.1137466430664,24.31649398803711
2023-07-24,181.39999389648438,437.57568359375,89.78601837158203,24.40346336364746
2023-07-25,182.41000366210938,438.7702331542969,89.6176986694336,24.37737464904785
2023-07-26,183.3000030517578,438.8376770019531,89.70626831054688,24.30780029296875
2023-07-27,180.4199981689453,435.9282531738281,87.96123504638672,24.533916473388672
2023-07-28,181.86000061035156,440.196044921875,88.41300964355469,24.49913215637207
2023-07-31,182.35000610351562,441.0342712402344,88.62557983398438,24.542613983154297
2023-08-01,180.4600067138672,439.7721862792969,87.17327117919922,24.655675888061523
2023-08-02,179.60000610351562,433.65460205078125,86.24063110351562,24.742645263671875
2023-08-03,179.5399932861328,432.411865234375,84.25094604492188,24.725250244140625
2023-08-04,180.19000244140625,430.45611572265625,85.74321746826172,24.60349464416504
2023-08-07,179.77999877929688,434.2134094238281,84.89937591552734,24.620885848999023
2023-08-08,178.63999938964844,432.3251037597656,85.88530731201172,24.733945846557617
2023-08-09,177.7899932861328,429.4349365234375,86.32943725585938,24.751338958740234
2023-08-10,177.60000610351562,429.5890808105469,84.9082260131836,24.794824600219727
2023-08-11,177.60000610351562,429.3385925292969,84.71283721923828,24.847007751464844
2023-08-14,177.05999755859375,431.7085266113281,84.52629852294922,24.933977127075195
2023-08-15,176.58999633789062,426.6795959472656,84.0111083984375,24.942672729492188
2023-08-16,175.57000732421875,423.548583984375,83.35381317138672,25.01224708557129
2023-08-17,175.3000030517578,420.3211669921875,82.99850463867188,25.003549575805664
2023-08-18,175.3300018310547,420.5234375,83.29164123535156,25.020946502685547
2023-08-21,175.80999755859375,423.2594909667969,82.1812973022461,24.994853973388672
2023-08-22,176.10000610351562,422.11309814453125,82.8119888305664,25.081823348999023
2023-08-23,177.88999938964844,426.8144836425781,84.86383819580078,24.994853973388672
2023-08-24,177.85000610351562,420.89923095703125,84.30423736572266,25.194881439208984
2023-08-25,177.6199951171875,423.86651611328125,84.57958984375,25.22966957092285
2023-08-28,178.1300048828125,426.5543518066406,84.66841888427734,25.18618392944336
2023-08-29,179.8699951171875,432.7201232910156,85.54779815673828,25.047033309936523
2023-08-30,180.32000732421875,434.5024108886719,85.45897674560547,25.003549575805664
2023-08-31,180.02000427246094,433.8665466308594,85.84092712402344,25.125307083129883
2023-09-01,180.11000061035156,434.6758117675781,84.50365447998047,25.281850814819336
2023-09-05,178.63999938964844,432.7972106933594,83.31871795654297,25.412303924560547
2023-09-06,177.8300018310547,429.8877258300781,83.52362823486328,25.421001434326172
2023-09-07,178.02000427246094,428.5679016113281,83.75527954101562,25.48187828063965
2023-09-08,178.0800018310547,429.2132873535156,84.07601165771484,25.507970809936523
2023-09-11,178.41000366210938,432.0361328125,83.4701919555664,25.386213302612305
2023-09-12,177.49000549316406,429.6661376953125,83.9512939453125,25.429698944091797
2023-09-13,177.0800018310547,430.1671447753906,83.9334487915039,25.447092056274414
2023-09-14,177.1699981689453,433.87615966796875,83.32763671875,25.603635787963867
2023-09-15,178.33999633789062,428.64874267578125,82.81982421875,25.58624267578125
2023-09-18,179.38999938964844,428.90008544921875,83.29200744628906,25.542757034301758
2023-09-19,179.22000122070312,428.0106506347656,82.67726135253906,25.560152053833008
2023-09-20,179.35000610351562,424.0758056640625,82.93563842773438,25.603635787963867
2023-09-21,178.0500030517578,417.06646728515625,80.80632781982422,25.621028900146484
2023-09-22,178.6199951171875,416.1286926269531,81.45671081542969,25.681909561157227
2023-09-25,177.6999969482422,417.8786315917969,79.45216369628906,25.77757453918457
2023-09-26,176.27999877929688,411.7394714355469,79.17597961425781,25.855846405029297
2023-09-27,174.10000610351562,411.90380859375,78.76612854003906,25.977602005004883
2023-09-28,173.22999572753906,414.2917785644531,79.00668334960938,25.838451385498047
2023-09-29,171.4499969482422,413.2862854003906,79.01560974121094,25.855846405029297
2023-10-02,169.64999389648438,413.1219482421875,77.69285583496094,26.055871963500977
2023-10-03,169.16000366210938,407.5918884277344,76.02157592773438,26.08196449279785
2023-10-04,169.13999938964844,410.5599365234375,77.09403228759766,26.003692626953125
2023-10-05,168.8300018310547,410.4053039550781,76.70973205566406,25.916723251342773
2023-10-06,169.6999969482422,415.27789306640625,75.78025817871094,25.86454200744629
2023-10-09,172.82000732421875,417.9366760253906,77.55876922607422,25.855846405029297
2023-10-10,172.52999877929688,420.1119079589844,77.45154571533203,25.794965744018555
2023-10-11,173.7899932861328,421.8327941894531,79.06922149658203,25.794965744018555
2023-10-12,173.25999450683594,419.2611389160156,76.92425537109375,26.012388229370117
2023-10-13,178.8300018310547,417.1728515625,78.30060577392578,26.02978515625
2023-10-16,177.9600067138672,421.5621032714844,77.04044342041016,25.916723251342773
2023-10-17,178.2899932861328,421.5427551269531,76.1913833618164,25.925418853759766
2023-10-18,180.8699951171875,415.9256286621094,75.52107238769531,26.021085739135742
2023-10-19,183.08999633789062,412.2711486816406,73.9748764038086,25.94281578063965
2023-10-20,183.58999633789062,407.20513916015625,74.39496612548828,25.95151138305664
2023-10-23,182.97000122070312,406.4993896484375,75.28866577148438,25.82105827331543
2023-10-24,182.9499969482422,409.56414794921875,76.28073120117188,25.96890640258789
2023-10-25,183.72000122070312,403.68603515625,74.58263397216797,26.038480758666992
2023-10-26,184.00999450683594,398.8520202636719,75.72665405273438,26.09935760498047
2023-10-27,186.14999389648438,397.0440979003906,75.4048843383789,26.0645694732666
2023-10-30,185.10000610351562,401.79107666015625,75.06523132324219,25.960206985473633
2023-10-31,184.08999633789062,404.3144836425781,74.69881439208984,26.11675262451172
2023-11-01,183.50999450683594,408.6263732910156,76.3184585571289,26.125450134277344
2023-11-02,184.1199951171875,416.4573669433594,78.0582504272461,25.9949951171875
2023-11-03,184.7899932861328,420.2569274902344,78.5873794555664,25.751483917236328
2023-11-06,183.35000610351562,421.2237243652344,77.8250732421875,25.77757453918457
2023-11-07,182.58999633789062,422.42254638671875,78.9730224609375,25.86454200744629
2023-11-08,180.77000427246094,422.7319641113281,80.31822204589844,25.855846405029297
2023-11-09,181.49000549316406,419.4351806640625,78.47077941894531,25.96890640258789
2023-11-10,179.50999450683594,425.9803771972656,78.91024780273438,25.95151138305664
2023-11-13,180.50999450683594,425.5743103027344,78.73086547851562,25.916723251342773
2023-11-14,182.1199951171875,433.8307800292969,80.51554107666016,25.507970809936523
2023-11-15,181.63999938964844,434.7492370605469,79.38555145263672,25.603635787963867
2023-11-16,183.69000244140625,435.28094482421875,80.37203979492188,25.621028900146484
2023-11-17,183.6699981689453,435.82232666015625,80.74870300292969,25.48187828063965
2023-11-20,183.3699951171875,439.1771240234375,81.24193572998047,25.403606414794922
2023-11-21,185.35000610351562,438.219970703125,81.20609283447266,25.429698944091797
2023-11-22,184.55999755859375,439.911865234375,81.4930648803711,25.516666412353516
2023-11-24,185.52000427246094,440.18255615234375,80.53347778320312,25.403606414794922
2023-11-27,186.77000427246094,439.38983154296875,81.878662109375,25.351425170898438
2023-11-28,189.25999450683594,439.8248291015625,82.04010009765625,25.264455795288086
2023-11-29,189.5399932861328,439.51544189453125,83.07144165039062,25.29054832458496
2023-11-30,188.75,441.24609375,82.11183166503906,25.47318458557129
2023-12-01,192.00999450683594,443.8564453125,83.65834045410156,25.39491081237793
2023-12-04,187.86000061035156,441.52642822265625,83.32546997070312,25.507970809936523
2023-12-05,187.14999389648438,441.4394226074219,85.11579132080078,25.603635787963867
2023-12-06,187.83999633789062,439.6605529785156,86.24934387207031,25.664514541625977
2023-12-07,188.14999389648438,443.0153503417969,85.75453186035156,25.52536392211914
2023-12-08,185.63999938964844,444.9198913574219,85.05279541015625,25.621028900146484
2023-12-11,183.58999633789062,446.65045166015625,84.87287139892578,25.65581703186035
2023-12-12,183.49000549316406,448.6903991699219,85.12478637695312,25.58624267578125
2023-12-13,187.6300048828125,454.8779602050781,87.12198638916016,25.368820190429688
2023-12-14,188.72999572753906,456.33782958984375,89.38831329345703,25.134002685546875
2023-12-15,187.0,455.5863952636719,89.4875717163086,25.299243927001953
2023-12-18,187.85000610351562,458.1491394042969,88.7745590209961,25.295543670654297
2023-12-19,189.1300048828125,460.93505859375,89.25291442871094,25.18451690673828
2023-12-20,188.10000610351562,454.54779052734375,89.85761260986328,25.295543670654297
2023-12-21,189.42999267578125,458.85772705078125,89.28901672363281,25.129003524780273
2023-12-22,190.27000427246094,459.7799072265625,88.88286590576172,25.1197509765625
2023-12-26,191.72000122070312,461.7213439941406,89.13557434082031,25.064237594604492
2023-12-27,192.58999633789062,462.55615234375,90.7150650024414,24.934709548950195
2023-12-28,191.47000122070312,462.7308654785156,90.05615997314453,25.01797866821289
2023-12-29,191.1699981689453,461.39129638671875,89.24386596679688,25.064237594604492
2024-01-02,190.72000122070312,458.8092041015625,88.72942352294922,25.27703857421875
2024-01-03,189.1300048828125,455.062255859375,89.09947204589844,25.360309600830078
2024-01-04,189.32000732421875,453.5964660644531,87.74565124511719,25.360309600830078
2024-01-05,189.35000610351562,454.2177429199219,86.90628051757812,25.360309600830078
2024-01-08,187.8699951171875,460.7021484375,87.76370239257812,25.314048767089844
2024-01-09,187.92999267578125,460.00323486328125,87.2041015625,25.39731788635254
2024-01-10,187.5,462.604736328125,86.79798889160156,25.351057052612305
2024-01-11,187.8699951171875,462.40081787109375,87.28533935546875,25.36956024169922
2024-01-12,189.7100067138672,462.72113037109375,87.1138687133789,25.39731788635254
2024-01-16,187.91000366210938,461.0224304199219,85.57953643798828,25.61937141418457
2024-01-17,185.83999633789062,458.4597473144531,85.44413757324219,25.637874603271484
2024-01-18,187.3699951171875,462.5367431640625,84.64991760253906,25.665632247924805
2024-01-19,187.92999267578125,468.3027648925781,84.92066192626953,25.628623962402344
2024-01-22,187.22000122070312,469.29296875,85.42611694335938,25.637874603271484
2024-01-23,187.9499969482422,470.6616516113281,84.74920654296875,25.702640533447266
2024-01-24,186.39999389648438,471.1761779785156,84.25277709960938,25.628623962402344
2024-01-25,187.13999938964844,473.73883056640625,84.8033447265625,25.702640533447266
2024-01-26,187.00999450683594,473.1369934082031,84.6408920288086,25.702640533447266
2024-01-29,188.3300018310547,476.88397216796875,85.61564636230469,25.702640533447266
2024-01-30,188.58999633789062,476.51507568359375,86.39183807373047,25.68413734436035
2024-01-31,188.4499969482422,468.7396240234375,87.24024200439453,25.7489013671875
2024-02-01,190.41000366210938,474.8746337890625,88.9515151977539,25.61937141418457
2024-02-02,188.61000061035156,479.873779296875,86.98668670654297,25.850677490234375
2024-02-05,187.57000732421875,478.12646484375,85.2301254272461,25.989459991455078
2024-02-06,188.5500030517578,479.5146179199219,86.06317138671875,25.915441513061523
2024-02-07,188.5,483.5139465332031,85.64664459228516,25.887685775756836
2024-02-08,188.3300018310547,483.7275695800781,85.14863586425781,25.915441513061523
2024-02-09,187.60000610351562,486.523193359375,84.97659301757812,25.896936416625977
2024-02-12,187.11000061035156,486.30963134765625,85.07621002197266,25.924694061279297
2024-02-13,184.52999877929688,479.61163330078125,83.61842346191406,26.12824249267578
2024-02-14,184.4199981689453,483.97021484375,84.04399108886719,26.081981658935547
2024-02-15,185.66000366210938,487.30950927734375,84.47862243652344,25.980207443237305
2024-02-16,186.33999633789062,484.8826904296875,83.98966979980469,25.989459991455078
2024-02-20,187.47000122070312,482.2132263183594,84.06208038330078,25.952449798583984
2024-02-21,187.47999572753906,482.6500244140625,83.46448516845703,25.924694061279297
2024-02-22,187.55999755859375,492.638671875,83.87194061279297,25.924694061279297
2024-02-23,188.6199951171875,492.9784240722656,84.99469757080078,25.943199157714844
2024-02-26,188.1999969482422,491.17291259765625,84.74119567871094,25.896936416625977
2024-02-27,188.0,492.08538818359375,84.1435775756836,25.915441513061523
2024-02-28,188.33999633789062,491.4349670410156,84.67781066894531,25.933948516845703
2024-02-29,189.30999755859375,493.2016906738281,85.27540588378906,25.989459991455078
2024-03-01,192.88999938964844,497.83203125,85.80675506591797,25.943199157714844
2024-03-04,196.00999450683594,497.2981262207031,85.46158599853516,25.943199157714844
2024-03-05,197.19000244140625,492.32806396484375,86.6787338256836,25.915441513061523
2024-03-06,198.80999755859375,494.8227233886719,87.1873550415039,25.822919845581055
2024-03-07,199.94000244140625,499.73468017578125,87.10562133789062,25.693389892578125
2024-03-08,201.6300048828125,496.735107421875,86.95121002197266,25.702640533447266
2024-03-11,202.0,496.3079833984375,86.90579986572266,25.730396270751953
2024-03-12,199.7899932861328,501.64697265625,86.17914581298828,25.7489013671875
2024-03-13,201.19000244140625,500.86065673828125,85.7613296508789,25.721145629882812
2024-03-14,200.35000610351562,499.87054443359375,84.44432067871094,25.85993003845215
2024-03-15,199.7100067138672,496.4381103515625,84.41705322265625,25.887685775756836
2024-03-18,200.02999877929688,499.3885803222656,84.1627197265625,25.943199157714844
2024-03-19,199.8000030517578,502.1637268066406,84.39888000488281,26.007963180541992
2024-03-20,202.17999267578125,506.8084411621094,84.37166595458984,25.887685775756836
2024-03-21,201.97000122070312,508.4831237792969,84.55329895019531,26.0634765625
2024-03-22,200.35000610351562,507.5191955566406,85.36170196533203,26.202259063720703
2024-03-25,200.99000549316406,506.1170349121094,84.9347915649414,26.137495040893555
2024-03-26,201.63999938964844,505.1822204589844,85.17094421386719,26.1560001373291
2024-03-27,203.10000610351562,509.4277038574219,86.01566314697266,26.174503326416016
2024-03-28,205.72000122070312,509.3303527832031,85.9430160522461,26.24852180480957
2024-04-01,207.82000732421875,508.44415283203125,84.34093475341797,26.350296020507812
2024-04-02,210.88999938964844,505.21148681640625,83.87615203857422,26.31328773498535
2024-04-03,212.74000549316406,505.7664794921875,83.8579330444336,26.193008422851562
2024-04-04,211.52000427246094,499.5930480957031,84.45938873291016,26.193008422851562
2024-04-05,215.13999938964844,504.81219482421875,83.2838363647461,26.220766067504883
2024-04-08,216.47999572753906,505.0945739746094,83.27471160888672,26.18375587463379
2024-04-09,217.6699981689453,505.6789245605469,84.04932403564453,26.174503326416016
2024-04-10,215.61000061035156,500.61541748046875,82.21759796142578,26.452070236206055
2024-04-11,219.8000030517578,504.3935241699219,81.84395599365234,26.4705753326416
2024-04-12,216.88999938964844,497.43133544921875,82.28140258789062,26.68337631225586
2024-04-15,220.9499969482422,491.1994934082031,81.00556945800781,26.72963523864746
2024-04-16,221.22000122070312,490.30364990234375,80.46790313720703,26.766645431518555
2024-04-17,219.58999633789062,487.4018859863281,81.3609848022461,26.68337631225586
2024-04-18,220.33999633789062,486.39898681640625,80.95088195800781,26.738889694213867
2024-04-19,221.02999877929688,482.1534423828125,81.24250030517578,26.738889694213867
2024-04-22,215.57000732421875,486.59368896484375,81.1058120727539,26.748140335083008
2024-04-23,215.0399932861328,492.367919921875,81.1331558227539,26.637115478515625
2024-04-24,214.63999938964844,492.1341857910156,80.55900573730469,26.664871215820312
2024-04-25,215.9199981689453,490.2646484375,79.9940185546875,26.609357833862305
2024-04-26,216.6199951171875,494.9093933105469,80.41321563720703,26.72963523864746
2024-04-29,216.17999267578125,496.66204833984375,81.08758544921875,26.646366119384766
2024-04-30,211.8699951171875,488.7943420410156,80.39498901367188,26.81290626525879
2024-05-01,213.7899932861328,487.2071533203125,80.9875717163086,26.7851505279541
2024-05-02,213.1300048828125,491.7641906738281,81.33511352539062,26.581600189208984
2024-05-03,212.9600067138672,497.85980224609375,82.15813446044922,26.50758171081543
2024-05-06,215.1999969482422,503.0011291503906,82.47821807861328,26.53533935546875
2024-05-07,214.2100067138672,503.55615234375,82.98117065429688,26.609357833862305
2024-05-08,213.5800018310547,503.6047668457031,82.47821807861328,26.646366119384766
2024-05-09,216.9499969482422,506.5065002441406,82.88057708740234,26.553844451904297
2024-05-10,218.7100067138672,507.1590270996094,82.41419982910156,26.590852737426758
2024-05-13,216.25999450683594,507.2270202636719,82.62454986572266,26.581600189208984
2024-05-14,218.08999633789062,509.5543212890625,83.0909423828125,26.52608871459961
2024-05-15,220.88999938964844,515.8640747070312,84.22489166259766,26.359548568725586
2024-05-16,220.02999877929688,514.802734375,84.14259338378906,26.424312591552734
2024-05-17,223.66000366210938,515.542724609375,83.57561492919922,26.424312591552734
2024-05-20,224.55999755859375,516.1366577148438,83.32867431640625,26.461322784423828
2024-05-21,224.22999572753906,517.4026489257812,83.75848388671875,26.461322784423828
2024-05-22,220.11000061035156,515.9127197265625,83.85910034179688,26.544593811035156
2024-05-23,215.72000122070312,512.1444091796875,83.31951904296875,26.600107192993164
2024-05-24,215.9199981689453,515.5330810546875,83.56643676757812,26.516836166381836
2024-05-28,218.19000244140625,515.893310546875,82.36848449707031,26.479827880859375
2024-05-29,216.16000366210938,512.28076171875,81.37166595458984,26.62786293029785
2024-05-30,216.57000732421875,508.8824157714844,82.15813446044922,26.544593811035156
2024-05-31,215.3000030517578,513.517333984375,82.71598052978516,26.52608871459961
2024-06-03,217.22000122070312,513.9360961914062,84.05386352539062,26.387304306030273
2024-06-04,215.27000427246094,514.5106201171875,85.03573608398438,26.396556854248047
2024-06-05,217.82000732421875,520.6256713867188,85.65969848632812,26.43356704711914
2024-06-06,219.42999267578125,520.6159057617188,85.5312271118164,26.396556854248047
2024-06-07,211.60000610351562,519.9830932617188,83.96209716796875,26.618610382080078
2024-06-10,213.5399932861328,521.5896606445312,83.40235137939453,26.68337631225586
2024-06-11,214.14999389648438,522.845703125,84.26493072509766,26.72038459777832
2024-06-12,214.72000122070312,527.139892578125,84.89807891845703,26.600107192993164
2024-06-13,212.97000122070312,528.2012939453125,86.14603424072266,26.701879501342773
2024-06-14,215.72999572753906,528.5226440429688,86.87096405029297,26.822158813476562
2024-06-17,214.61000061035156,532.7291259765625,86.0083999633789,26.75739288330078
2024-06-18,215.47000122070312,534.0825805664062,86.79755401611328,26.748140335083008
2024-06-20,218.16000366210938,532.6318359375,86.21944427490234,26.859169006347656
2024-06-21,214.77999877929688,531.9176635742188,86.21944427490234,26.923933029174805
2024-06-24,215.6300048828125,530.1885375976562,86.5681381225586,26.831411361694336
2024-06-25,214.55999755859375,532.2303466796875,86.71495819091797,26.859169006347656
2024-06-26,212.5800018310547,532.8947143554688,85.4761734008789,26.988697052001953
2024-06-27,214.99000549316406,533.734619140625,85.8156967163086,26.951688766479492
2024-06-28,215.00999450683594,531.6343383789062,84.21903991699219,26.951688766479492
2024-07-01,215.57000732421875,532.728515625,82.76551055908203,26.960941314697266
2024-07-02,215.55999755859375,536.3135986328125,83.40989685058594,26.923933029174805
2024-07-03,217.99000549316406,538.70703125,84.50531768798828,26.81290626525879
2024-07-05,220.92999267578125,541.8133544921875,85.2049331665039,26.72038459777832
2024-07-08,218.19000244140625,542.4386596679688,85.38904571533203,26.766645431518555
2024-07-09,218.55999755859375,542.9661254882812,85.01164245605469,26.803653717041016
2024-07-10,219.36000061035156,548.3389892578125,85.27857208251953,26.775897979736328
2024-07-11,223.25,543.6107788085938,86.10706329345703,26.637115478515625
2024-07-12,223.11000061035156,547.0396728515625,86.47528839111328,26.544593811035156
2024-07-15,223.8300018310547,548.5441284179688,85.48110961914062,26.590852737426758
2024-07-16,228.2899932861328,551.7970581054688,86.68700408935547,26.590852737426758
2024-07-17,227.22999572753906,544.0602416992188,86.7054214477539,26.4705753326416
2024-07-18,225.77999877929688,539.8792114257812,86.04264068603516,26.590852737426758
2024-07-19,221.72999572753906,536.2940673828125,85.53633880615234,26.664871215820312
2024-07-22,221.8000030517578,541.8232421875,85.28775787353516,26.646366119384766
2024-07-23,222.5800018310547,540.9733276367188,85.1681137084961,26.692628860473633
2024-07-24,221.8000030517578,528.7135009765625,84.24756622314453,26.68337631225586
2024-07-25,218.3300018310547,525.958740234375,84.93795776367188,26.68337631225586
2024-07-26,220.6300048828125,531.8493041992188,85.60077667236328,26.664871215820312
2024-07-29,220.32000732421875,532.1619262695312,86.06104278564453,26.738889694213867
2024-07-30,222.52000427246094,529.4656982421875,86.39242553710938,26.75739288330078
2024-07-31,226.5500030517578,538.0719604492188,87.27613830566406,26.609357833862305
2024-08-01,225.77000427246094,530.452392578125,88.02889251708984,26.701879501342773
2024-08-02,225.33999633789062,520.5762329101562,90.77198028564453,26.43356704711914
2024-08-05,222.47999572753906,505.4151306152344,91.25226593017578,26.28553009033203
2024-08-06,220.6999969482422,510.0747375488281,89.21109771728516,26.368799209594727
2024-08-07,220.5500030517578,506.6654968261719,88.58304595947266,26.424312591552734
2024-08-08,224.00999450683594,518.3782348632812,88.0381088256836,26.461322784423828
2024-08-09,224.55999755859375,520.6641235351562,88.90631866455078,26.43356704711914
2024-08-12,228.41000366210938,520.9376220703125,89.22956848144531,26.43356704711914
2024-08-13,228.05999755859375,529.5046997070312,89.848388671875,26.294782638549805
2024-08-14,226.1999969482422,531.17529296875,90.41179656982422,26.322540283203125
2024-08-15,226.91000366210938,540.2796630859375,89.68213653564453,26.41506004333496
2024-08-16,231.99000549316406,541.4910278320312,89.99616241455078,26.28553009033203
2024-08-19,231.61000061035156,546.6683959960938,90.41179656982422,26.146747589111328
2024-08-20,232.4600067138672,545.7796020507812,91.13220977783203,26.05422592163086
2024-08-21,232.14999389648438,547.6551513671875,91.1876220703125,25.97095489501953
2024-08-22,229.3699951171875,543.3568725585938,90.28245544433594,26.09123420715332
2024-08-23,232.02000427246094,549.1302490234375,90.87358856201172,25.869178771972656
2024-08-26,232.75999450683594,547.8211669921875,90.64269256591797,25.924694061279297
2024-08-27,233.38999938964844,548.5733642578125,90.4856948852539,25.84142303466797
2024-08-28,231.75,545.3887939453125,90.37483215332031,25.989459991455078
2024-08-29,232.9499969482422,545.4375610351562,90.07929992675781,26.081981658935547
2024-08-30,231.2899932861328,550.6444091796875,89.11873626708984,26.1560001373291
2024-09-03,230.2899932861328,539.3126220703125,90.5762710571289,26.202259063720703
2024-09-04,230.42999267578125,538.2086791992188,91.74383544921875,26.072731018066406
2024-09-05,232.35000610351562,536.8997192382812,92.26273345947266,26.03571891784668
2024-09-06,230.6300048828125,527.8637084960938,92.25346374511719,26.072731018066406
2024-09-09,231.60000610351562,533.7738037109375,92.65193176269531,26.18375587463379
2024-09-10,232.6199951171875,536.0986938476562,93.30052947998047,26.193008422851562
2024-09-11,232.25,541.5985107421875,93.2264175415039,26.220766067504883
2024-09-12,236.3300018310547,546.1604614257812,92.7908935546875,26.109737396240234
2024-09-13,238.67999267578125,549.0130004882812,93.04108428955078,26.072731018066406
2024-09-16,238.66000366210938,549.82373046875,93.8935775756836,25.989459991455078
2024-09-17,237.33999633789062,550.0484008789062,93.43952178955078,26.072731018066406
2024-09-18,235.50999450683594,548.4171142578125,92.28126525878906,26.100486755371094
2024-09-19,239.1699981689453,557.7755126953125,91.9754638671875,25.989459991455078
2024-09-20,242.2100067138672,556.8113403320312,91.62335205078125,26.03571891784668
2024-09-23,242.67999267578125,558.2028198242188,91.42878723144531,26.072731018066406
2024-09-24,246.07000732421875,559.7998657226562,91.41026306152344,25.924694061279297
2024-09-25,245.72999572753906,558.5652465820312,90.65042877197266,26.100486755371094
2024-09-26,246.97999572753906,560.7798461914062,90.86355590820312,25.980207443237305
2024-09-27,245.02000427246094,559.9664916992188,91.33612823486328,25.97095489501953
2024-09-30,243.05999755859375,562.21044921875,90.90060424804688,26.072731018066406
2024-10-01,245.61000061035156,557.173828125,91.55691528320312,26.18375587463379
2024-10-02,245.66000366210938,557.4091186523438,90.78533935546875,26.294782638549805
2024-10-03,245.49000549316406,556.3899536132812,89.93008422851562,26.378053665161133
2024-10-04,245.0,561.4461669921875,88.82388305664062,26.52608871459961
2024-10-07,244.1699981689453,556.3703002929688,88.15454864501953,26.544593811035156
2024-10-08,242.3699951171875,561.6322631835938,88.30330657958984,26.544593811035156
2024-10-09,241.0500030517578,565.5223999023438,87.8012924194336,26.664871215820312
2024-10-10,242.82000732421875,564.5327758789062,87.45735931396484,26.65561866760254
2024-10-11,245.47000122070312,567.9132690429688,87.1041030883789,26.674121856689453
2024-10-14,245.07000732421875,572.5579223632812,87.16918182373047,26.75739288330078
2024-10-15,245.9199981689453,568.1091918945312,88.22892761230469,26.775897979736328
2024-10-16,247.14999389648438,570.5784912109375,88.60078430175781,26.84991455078125
2024-10-17,248.6300048828125,570.6275024414062,87.19705963134766,26.933185577392578
2024-10-18,251.27000427246094,572.8224487304688,87.26213836669922,26.859169006347656
2024-10-21,251.22000122070312,571.8817138671875,85.73758697509766,26.979446411132812
2024-10-22,253.92999267578125,571.5780029296875,85.82123565673828,27.0072021484375
2024-10-23,250.8699951171875,566.3553466796875,85.5888442993164,27.09972381591797
2024-10-24,252.8000030517578,567.5801391601562,86.13731384277344,26.99795150756836
2024-10-25,253.32000732421875,567.3840942382812,85.65391540527344,27.090473175048828
2024-10-28,253.3300018310547,569.1381225585938,85.4215087890625,27.090473175048828
2024-10-29,256.0899963378906,570.0592041015625,85.55165100097656,27.09972381591797
2024-10-30,257.5,568.3346557617188,85.80266571044922,27.034957885742188
2024-10-31,253.50999450683594,557.193603515625,85.94207763671875,27.016454696655273
2024-11-01,252.47000122070312,559.545166015625,84.73045349121094,27.127479553222656
2024-11-04,252.8300018310547,558.3399047851562,86.04562377929688,27.025707244873047
2024-11-05,253.39999389648438,565.0912475585938,86.50267028808594,26.91468048095703
2024-11-06,245.6999969482422,579.142578125,84.13348388671875,27.349533081054688
2024-11-07,249.64999389648438,583.62060546875,85.18750762939453,27.127479553222656
2024-11-08,247.9600067138672,586.1486206054688,86.26947784423828,27.31252670288086
2024-11-11,242.13999938964844,586.7072143554688,85.8497314453125,27.46981430053711
2024-11-12,240.0500030517578,584.8847045898438,84.56257629394531,27.590091705322266
2024-11-13,237.6300048828125,585.1688232421875,83.7603988647461,27.747379302978516
2024-11-14,237.00999450683594,581.4061279296875,84.24542999267578,27.858407974243164
2024-11-15,236.58999633789062,573.9591064453125,84.02157592773438,27.830650329589844
2024-11-18,241.08999633789062,576.310791015625,84.17081451416016,27.69186782836914
2024-11-19,243.25,578.41748046875,84.59986877441406,27.682613372802734
2024-11-20,244.6199951171875,578.6134643554688,84.32938385009766,27.821395874023438
2024-11-21,246.66000366210938,581.7195434570312,84.26408386230469,27.91391944885254
2024-11-22,249.83999633789062,583.5226440429688,84.31072235107422,28.061954498291016
2024-11-25,242.47999572753906,585.5020141601562,86.49334716796875,27.867658615112305
2024-11-26,242.9499969482422,588.5591430664062,86.15755462646484,27.904666900634766
2024-11-27,243.49000549316406,586.7757568359375,86.75450897216797,27.66411018371582
2024-11-29,245.58999633789062,590.4208984375,87.64994812011719,27.617849349975586
2024-12-02,243.44000244140625,591.479248046875,87.86054992675781,27.78438949584961
2024-12-03,243.92999267578125,591.75341796875,87.1024169921875,27.775136947631836
2024-12-04,244.6699981689453,595.427978515625,88.03837585449219,27.76588249206543
2024-12-05,242.86000061035156,594.4481201171875,88.2162094116211,27.617849349975586
2024-12-06,242.9499969482422,595.5750122070312,88.34725952148438,27.69186782836914
2024-12-09,245.36000061035156,592.5079956054688,87.53294372558594,27.738126754760742
2024-12-10,248.58999633789062,590.6658325195312,87.1211166381836,27.802892684936523
2024-12-11,250.9600067138672,595.2320556640625,86.29747009277344,27.895414352416992
2024-12-12,247.27999877929688,592.1649780273438,85.2491683959961,27.98793601989746
2024-12-13,244.2899932861328,592.0475463867188,84.37870025634766,27.997190475463867
2024-12-16,244.8800048828125,594.5756225585938,84.63141632080078,27.950927734375
2024-12-17,243.94000244140625,592.1257934570312,84.83734130859375,27.97868537902832
2024-12-18,239.25999450683594,574.4784545898438,83.77649688720703,28.302513122558594
2024-12-19,239.60000610351562,574.302001953125,82.50800323486328,28.3580265045166
2024-12-20,242.10000610351562,581.199951171875,82.97781372070312,28.219242095947266
2024-12-23,240.9600067138672,584.6803588867188,82.21672058105469,28.322710037231445
2024-12-24,241.44000244140625,591.1790161132812,82.56437683105469,28.400068283081055
2024-12-26,243.07000732421875,591.2183227539062,82.51740264892578,28.34204864501953
2024-12-27,241.39999389648438,584.9949951171875,81.84087371826172,28.293699264526367
2024-12-30,240.6300048828125,578.3192138671875,82.49861907958984,28.322710037231445
2024-12-31,242.1300048828125,576.2152709960938,82.0569839477539,28.448415756225586
2025-01-02,245.4199981689453,574.7994995117188,82.28250122070312,28.690160751342773
2025-01-03,243.49000549316406,581.9864501953125,82.0194091796875,28.603132247924805
2025-01-06,243.19000244140625,585.3390502929688,81.65294647216797,28.41940689086914
2025-01-07,244.55999755859375,578.722412109375,80.73212432861328,28.525774002075195
2025-01-08,245.86000061035156,579.5678100585938,80.83547973632812,28.63214111328125
2025-01-10,248.2100067138672,570.7193603515625,80.29989624023438,28.77718734741211
2025-01-13,245.74000549316406,571.604248046875,80.27171325683594,28.864215850830078
2025-01-14,247.02999877929688,572.3907470703125,80.14016723632812,28.680490493774414
2025-01-15,248.8800048828125,582.802490234375,81.52141571044922,28.63214111328125
2025-01-16,250.60000610351562,581.6817016601562,81.78449249267578,28.63214111328125
2025-01-17,249.27000427246094,587.521728515625,81.92544555664062,28.738508224487305
2025-01-21,253.1300048828125,592.899658203125,82.65834045410156,28.371057510375977
2025-01-22,254.42999267578125,596.232666015625,82.22611236572266,28.41940689086914
2025-01-23,254.07000732421875,599.4868774414062,81.5871810913086,28.40973663330078
2025-01-24,255.64999389648438,597.7368774414062,81.95362854003906,28.235681533813477
2025-01-27,252.99000549316406,589.2815551757812,82.92143249511719,28.245349884033203
2025-01-28,255.17999267578125,594.3449096679688,82.86507415771484,28.361387252807617
2025-01-29,254.1999969482422,591.680419921875,82.6959228515625,28.41940689086914
2025-01-30,258.04998779296875,594.8561401367188,83.00599670410156,28.41940689086914
2025-01-31,258.55999755859375,591.6903076171875,82.46102905273438,28.535444259643555
2025-02-03,259.94000244140625,587.70849609375,83.1324234008789,28.661149978637695
2025-02-04,262.5,591.6510620117188,83.38702392578125,28.400068283081055
2025-02-05,264.1300048828125,594.0498657226562,84.76374816894531,28.35171890258789
2025-02-06,263.42999267578125,596.114501953125,84.72604370117188,28.332378387451172
2025-02-07,263.8999938964844,590.6580200195312,84.17911529541016,28.458086013793945
2025-02-10,268.3699951171875,594.6693115234375,83.92453002929688,28.545114517211914
2025-02-11,267.3900146484375,595.12158203125,83.38702392578125,28.448415756225586
2025-02-12,267.6700134277344,593.204345703125,82.25547790527344,28.467756271362305
2025-02-13,270.30999755859375,599.4672241210938,83.62276458740234,28.235681533813477
2025-02-14,266.2900085449219,599.4376831054688,84.06597900390625,28.158323287963867
2025-02-18,270.70001220703125,601.197509765625,83.07585144042969,28.21634292602539
2025-02-19,270.8500061035156,602.61328125,83.17955780029297,28.245349884033203
2025-02-20,270.989990234375,600.1062622070312,83.4907455444336,28.022947311401367
2025-02-21,270.739990234375,589.842041015625,84.49974822998047,28.119644165039062
2025-02-24,272.2099914550781,587.157958984375,84.74490356445312,28.13898468017578
2025-02-25,268.6199951171875,584.23779296875,86.2065200805664,28.032615661621094
2025-02-26,269.0299987792969,584.5328979492188,86.71571350097656,28.090635299682617
2025-02-27,264.92999267578125,575.20263671875,86.10277557373047,28.293699264526367
2025-02-28,263.2699890136719,584.1788940429688,87.15892028808594,28.41940689086914
2025-03-03,266.739990234375,573.944091796875,87.56565856933594,28.14865493774414
2025-03-04,269.05999755859375,567.1504516601562,86.4873046875,27.897239685058594
2025-03-05,269.6199951171875,573.2460327148438,85.7967529296875,27.55879783630371
2025-03-06,268.25,563.0703125,85.51296997070312,27.539459228515625
2025-03-07,268.3900146484375,566.2262573242188,85.23866271972656,27.452430725097656
2025-03-10,266.0400085449219,551.1444702148438,86.12785339355469,27.471771240234375
2025-03-11,269.1600036621094,546.5628662109375,85.51296997070312,27.317054748535156
2025-03-12,270.3299865722656,549.46337890625,85.0021743774414,27.384742736816406
2025-03-13,275.1300048828125,542.1386108398438,85.74945831298828,27.481441497802734
2025-03-14,275.239990234375,553.3369750976562,85.29541778564453,27.452430725097656
2025-03-17,276.7300109863281,557.6039428710938,85.72108459472656,27.346065521240234
2025-03-18,279.9599914550781,551.5770874023438,85.80622100830078,27.326725006103516
2025-03-19,281.1099853515625,557.5842895507812,86.25081634521484,27.394412994384766
2025-03-20,280.75,555.9718017578125,86.30757904052734,27.471771240234375
2025-03-21,278.489990234375,556.1552734375,85.7967529296875,27.55879783630371
2025-03-24,277.25,566.1151733398438,84.91703033447266,27.607147216796875
2025-03-25,278.4700012207031,567.4760131835938,84.90758514404297,27.57813835144043
2025-03-26,278.239990234375,560.701416015625,84.34945678710938,27.70384407043457
2025-03-27,281.9700012207031,559.2123413085938,84.10352325439453,27.616817474365234
2025-03-28,284.05999755859375,547.9507446289062,85.26704406738281,27.56846809387207
2025-03-31,288.1400146484375,551.6289672851562,86.10891723632812,27.59747886657715
2025-04-01,287.57000732421875,553.18701171875,86.85511779785156,27.62648582458496
2025-04-02,288.1600036621094,556.6878051757812,86.79814910888672,27.51045036315918
2025-04-03,286.4200134277344,529.2537841796875,87.19688415527344,27.026962280273438
2025-04-04,279.7200012207031,498.2696838378906,88.14622497558594,27.326725006103516
2025-04-07,273.7099914550781,497.3821716308594,85.48805236816406,27.442760467529297
2025-04-08,275.20001220703125,489.5918273925781,83.8741683959961,27.317054748535156
2025-04-09,285.3800048828125,541.0084228515625,84.36783599853516,27.35573387145996
2025-04-10,292.3500061035156,517.3019409179688,82.04196166992188,26.785219192504883
2025-04-11,297.92999267578125,526.5320434570312,82.4881362915039,26.543476104736328
2025-04-14,296.2300109863281,531.6401977539062,83.07673645019531,26.45644760131836
2025-04-15,297.7799987792969,530.151123046875,83.37102508544922,26.60149383544922
2025-04-16,307.4700012207031,518.3668212890625,83.836181640625,26.37908935546875
2025-04-17,306.1199951171875,519.1064453125,83.09573364257812,26.398427963256836
2025-04-21,315.5899963378906,506.7503662109375,81.64322662353516,26.147014617919922
2025-04-22,311.1099853515625,519.934814453125,82.09891510009766,26.29206085205078
2025-04-23,303.6499938964844,527.991455078125,82.8963623046875,26.53380584716797
2025-04-24,308.07000732421875,539.1051635742188,83.7697525024414,26.417766571044922
2025-04-25,304.7300109863281,543.0003662109375,84.38682556152344,26.485454559326172
2025-04-28,309.07000732421875,543.2073974609375,84.9184341430664,26.321069717407227
2025-04-29,306.05999755859375,546.6293334960938,85.63045501708984,26.408098220825195
2025-04-30,303.7699890136719,546.8462524414062,84.93742370605469,26.50479507446289
2025-05-01,297.4599914550781,550.7216186523438,84.50675964355469,26.65951156616211
2025-05-02,297.9800109863281,558.8966674804688,83.59204864501953,26.620832443237305
2025-05-05,306.8800048828125,555.6917724609375,83.1251449584961,26.57248306274414
2025-05-06,315.4800109863281,551.047119140625,83.40147399902344,26.408098220825195
2025-05-07,310.75,553.3645629882812,83.7540283203125,26.60149383544922
2025-05-08,304.6300048828125,557.22021484375,82.82022857666016,26.823896408081055
2025-05-09,306.8399963378906,556.5103759765625,82.9441146850586,26.746540069580078
2025-05-12,298.19000244140625,574.9014892578125,82.17232513427734,27.123659133911133
2025-05-13,299.4599914550781,578.6981201171875,81.83882141113281,26.891584396362305
2025-05-14,293.1600036621094,579.437744140625,81.29571533203125,26.949604034423828
2025-05-15,297.8399963378906,582.2679443359375,82.01034545898438,26.881916046142578
2025-05-16,294.239990234375,585.9559936523438,82.22948455810547,26.959272384643555
2025-05-19,298.0299987792969,586.596923828125,81.99128723144531,26.775548934936523
2025-05-20,303.5799865722656,584.6246337890625,81.40052795410156,26.698190689086914
2025-05-21,305.82000732421875,574.7733154296875,80.00938415527344,26.5821533203125
2025-05-22,303.1099853515625,575.0001831054688,80.42862701416016,26.65951156616211
2025-05-23,309.75,571.0752563476562,80.5620346069336,26.46611785888672
2025-05-27,304.5,582.9483032226562,81.68636322021484,26.611164093017578
2025-05-28,303.80999755859375,579.5757446289062,81.33382415771484,26.698190689086914
2025-05-29,305.6099853515625,581.863525390625,82.0865707397461,26.553142547607422
2025-05-30,303.6000061035156,581.2127685546875,82.21041870117188,26.543476104736328
2025-06-02,311.6700134277344,584.4866333007812,81.44532012939453,26.35974884033203
2025-06-03,308.9100036621094,587.8197631835938,81.30186462402344,26.53380584716797
2025-06-04,310.8999938964844,587.6619262695312,82.62167358398438,26.417766571044922
2025-06-05,309.3299865722656,584.8219604492188,82.6790542602539,26.398427963256836
2025-06-06,305.17999267578125,590.8275146484375,81.62703704833984,26.53380584716797
2025-06-09,306.6199951171875,591.3599243164062,81.71310424804688,26.46611785888672
2025-06-10,306.7099914550781,594.7128295898438,82.1339340209961,26.49512481689453
2025-06-11,308.3699951171875,593.0166625976562,82.38258361816406,26.398427963256836
2025-06-12,312.20001220703125,595.37353515625,83.36766052246094,26.205034255981445
2025-06-13,316.2900085449219,588.7171020507812,82.56429290771484,26.272722244262695
2025-06-16,311.7799987792969,594.318359375,81.73223876953125,26.30173110961914
2025-06-17,311.94000244140625,589.2398071289062,82.72687530517578,26.475786209106445
2025-06-18,310.260009765625,589.1510009765625,82.8703384399414,26.52413558959961
2025-06-20,310.1300048828125,587.7673950195312,82.71731567382812,26.49512481689453
2025-06-23,311.0799865722656,593.572998046875,82.98509216308594,26.38875961303711
2025-06-24,306.19000244140625,600.1304321289062,83.58760070800781,26.253381729125977
2025-06-25,307.1199951171875,600.4666748046875,83.69281768798828,26.185693740844727
2025-06-26,306.7799987792969,605.16455078125,84.11361694335938,26.07932472229004
2025-06-27,301.2200012207031,608.1712646484375,83.57805633544922,26.127676010131836
2025-06-30,304.8299865722656,611.0791015625,84.40054321289062,25.992298126220703
2025-07-01,307.54998779296875,610.8812866210938,84.60980987548828,25.982629776000977
2025-07-02,309.25,613.650634765625,84.07223510742188,25.963289260864258
2025-07-03,307.1400146484375,618.4869995117188,83.4866714477539,26.0889949798584
2025-07-07,307.3699951171875,613.8779907226562,82.6899185180664,26.176023483276367
2025-07-08,304.1600036621094,613.5418090820312,82.5843276977539,26.195363998413086
2025-07-09,305.5199890136719,617.2210083007812,83.4482650756836,26.195363998413086
2025-07-10,306.20001220703125,618.9617309570312,83.505859375,26.243711471557617
2025-07-11,309.1400146484375,616.7858276367188,82.35391998291016,26.321069717407227
2025-07-14,308.010009765625,617.9627685546875,82.18113708496094,26.38875961303711
2025-07-15,306.7300109863281,615.322021484375,81.60517883300781,26.53380584716797
2025-07-16,308.260009765625,617.3792724609375,81.7203598022461,26.43710708618164
2025-07-17,307.5899963378906,621.1574096679688,81.70116424560547,26.553142547607422
2025-07-18,308.3900146484375,620.702392578125,81.82594299316406,26.51446533203125
2025-07-21,313.1300048828125,621.8794555664062,82.5555191040039,26.340410232543945
2025-07-22,316.1000061035156,621.9684448242188,83.0546875,26.205034255981445
2025-07-23,312.17999267578125,627.2598266601562,82.59391784667969,26.166353225708008
2025-07-24,310.2699890136719,627.4674072265625,82.44992065429688,26.234041213989258
2025-07-25,307.3999938964844,630.1181030273438,82.96829223632812,26.29206085205078
2025-07-28,305.4100036621094,629.9598999023438,82.43072509765625,26.59182357788086
2025-07-29,306.25,628.2982788085938,83.82264709472656,26.65951156616211
2025-07-30,300.9599914550781,627.5070190429688,83.39069366455078,26.920595169067383
2025-07-31,302.9599914550781,625.1531372070312,83.43866729736328,26.978612899780273
2025-08-01,309.1099853515625,614.9066162109375,84.62488555908203,26.65951156616211
2025-08-04,310.9100036621094,624.2530517578125,84.85615539550781,26.64984130859375
2025-08-05,311.1600036621094,621.088134765625,85.1163330078125,26.64984130859375
2025-08-06,310.5,625.845458984375,84.62488555908203,26.49512481689453
2025-08-07,313.1199951171875,625.3212280273438,84.4803466796875,26.475786209106445
2025-08-08,313.04998779296875,630.1972045898438,84.11417388916016,26.52413558959961
2025-08-11,308.54998779296875,628.9509887695312,84.21052551269531,26.630502700805664
2025-08-12,308.2699890136719,635.6467895507812,83.78652954101562,26.49512481689453
2025-08-13,309.2099914550781,637.82275390625,84.4803466796875,26.42743682861328
2025-08-14,307.25,637.882080078125,83.8539810180664,26.52413558959961
2025-08-15,307.42999267578125,636.388671875,83.25654602050781,26.43710708618164
2025-08-18,306.95001220703125,636.2501220703125,83.0156478881836,26.50479507446289
2025-08-19,305.2699890136719,632.7984008789062,83.49746704101562,26.57248306274414
2025-08-20,308.3599853515625,631.1170654296875,83.6805191040039,26.553142547607422
2025-08-21,307.2900085449219,628.5850830078125,83.26618957519531,26.688520431518555
2025-08-22,310.5799865722656,638.2380981445312,83.88290405273438,26.42743682861328
2025-08-25,309.8299865722656,635.42919921875,83.64200592041016,26.64017105102539
2025-08-26,312.0799865722656,638.0897216796875,83.59380340576172,26.57248306274414
2025-08-27,312.7099914550781,639.543701171875,83.49746704101562,26.5821533203125
2025-08-28,315.0299987792969,641.8085327148438,84.04670715332031,26.485454559326172
2025-08-29,318.07000732421875,637.98095703125,83.44927215576172,26.46611785888672
2025-09-02,325.5899963378906,633.2533569335938,82.82826232910156,26.64017105102539
2025-09-03,328.1400146484375,636.685302734375,83.73751831054688,26.59182357788086
2025-09-04,326.69000244140625,642.00634765625,84.37592315673828,26.630502700805664
2025-09-05,331.04998779296875,640.1469116210938,85.66239929199219,26.49512481689453
2025-09-08,334.82000732421875,641.7195434570312,86.80379486083984,26.408098220825195
2025-09-09,334.05999755859375,643.203125,86.31047821044922,26.51446533203125
2025-09-10,335.260009765625,645.0624389648438,86.80379486083984,26.53380584716797
2025-09-11,334.760009765625,650.4231567382812,87.38416290283203,26.44677734375
2025-09-12,335.4200134277344,650.2055053710938,87.00692749023438,26.485454559326172
2025-09-15,338.9100036621094,653.6671142578125,87.21005249023438,26.398427963256836
2025-09-16,339.5899963378906,652.76708984375,87.39382934570312,26.234041213989258
2025-09-17,336.9700012207031,651.9561157226562,87.17137145996094,26.321069717407227
2025-09-18,335.6199951171875,655.0023803710938,86.27178955078125,26.44677734375
2025-09-19,339.17999267578125,658.2465209960938,86.10735321044922,26.52413558959961
2025-09-22,345.04998779296875,661.3607177734375,85.7978286743164,26.42743682861328
2025-09-23,346.4599914550781,657.7606201171875,86.39753723144531,26.408098220825195
2025-09-24,343.32000732421875,655.6678466796875,86.06867980957031,26.60149383544922
2025-09-25,344.75,652.6429443359375,86.06867980957031,26.785219192504883
2025-09-26,346.739990234375,656.3819580078125,85.99129486083984,26.688520431518555
2025-09-29,352.4599914550781,658.2266845703125,86.69740295410156,26.630502700805664
2025-09-30,355.4700012207031,660.7061157226562,86.44590759277344,26.60149383544922
2025-10-01,356.0299987792969,662.95751953125,86.66915893554688,26.59182357788086
2025-10-02,354.7900085449219,663.7210693359375,86.92152404785156,26.630502700805664
2025-10-03,357.6400146484375,663.7113037109375,86.75651550292969,26.5821533203125
2025-10-06,364.3800048828125,666.0914916992188,86.0673599243164,26.707860946655273
2025-10-07,366.260009765625,663.6219482421875,86.5623779296875,26.862577438354492
2025-10-08,372.29998779296875,667.5791625976562,86.63034057617188,26.920595169067383
2025-10-09,365.42999267578125,665.6452026367188,86.5623779296875,27.104320526123047
2025-10-10,369.1199951171875,647.6542358398438,87.96012115478516,26.968942642211914
2025-10-13,378.0899963378906,657.5919189453125,87.91159057617188,27.065641403198242
2025-10-14,380.7900085449219,656.78857421875,88.19307708740234,26.988283157348633
2025-10-15,387.3900146484375,659.7044067382812,87.99894714355469,26.910924911499023
2025-10-16,396.45001220703125,655.2116088867188,88.65897369384766,26.80455780029297
2025-10-17,388.989990234375,658.9308471679688,88.52308654785156,26.833566665649414
2025-10-20,403.1499938964844,665.7840576171875,88.86283111572266,26.901254653930664
2025-10-21,377.239990234375,665.7741088867188,89.29961395263672,27.00762367248535
2025-10-22,377.2799987792969,662.3128051757812,89.35784149169922,26.978612899780273
2025-10-23,378.7900085449219,666.2402954101562,88.74635314941406,26.988283157348633
2025-10-24,377.5199890136719,671.6851806640625,88.78516387939453,26.988283157348633
2025-10-27,367.010009765625,679.6095581054688,89.08607482910156,26.959272384643555
2025-10-28,364.3800048828125,681.41455078125,89.31901550292969,26.9399356842041
2025-10-29,363.0,681.7418823242188,88.41632080078125,27.094650268554688
2025-10-30,370.1300048828125,674.2440185546875,87.90188598632812,27.201017379760742
2025-10-31,368.1199951171875,676.4556274414062,87.63980102539062,27.27837562561035
2025-11-03,368.7799987792969,677.72509765625,87.42060852050781,27.297714233398438
2025-11-04,362.32000732421875,669.691650390625,87.61544799804688,27.384742736816406
2025-11-05,366.510009765625,672.012451171875,86.66077423095703,27.394412994384766
2025-11-06,366.07000732421875,664.8021850585938,87.44010925292969,27.249366760253906
2025-11-07,368.30999755859375,665.4567260742188,87.25502014160156,27.230026245117188
2025-11-10,378.3800048828125,675.8406982421875,87.23553466796875,27.249366760253906
2025-11-11,379.8699951171875,677.387939453125,87.63493347167969,27.2106876373291
2025-11-12,385.989990234375,677.7648315429688,87.79080963134766,27.220355987548828
2025-11-13,382.8699951171875,666.5180053710938,87.06993103027344,27.14299964904785
2025-11-14,375.9599914550781,666.4088134765625,86.57310485839844,27.181678771972656
2025-11-17,371.6499938964844,660.2003173828125,86.78742218017578,27.249366760253906
2025-11-18,374.3500061035156,654.65625,86.75819396972656,27.27837562561035
2025-11-19,374.9599914550781,657.185302734375,86.58285522460938,27.452430725097656
2025-11-20,374.8500061035156,647.1683349609375,86.92379760742188,27.471771240234375
2025-11-21,374.2699890136719,653.6148681640625,87.18682098388672,27.452430725097656
2025-11-24,380.20001220703125,663.2351684570312,87.68364715576172,27.452430725097656
2025-11-25,380.0799865722656,669.4735717773438,87.90769958496094,27.375072479248047
2025-11-26,383.1199951171875,674.09521484375,88.29735565185547,27.297714233398438
2025-11-28,387.8800048828125,677.7747192382812,87.87847137451172,27.27837562561035
2025-12-01,389.75,674.6803588867188,86.78449249267578,27.268707275390625
2025-12-02,387.239990234375,675.9299926757812,86.82359313964844,27.259037017822266
2025-12-03,386.8800048828125,678.2706298828125,87.0680160522461,27.123659133911133
2025-12-04,387.1300048828125,678.7664794921875,86.59874725341797,27.181678771972656
2025-12-05,386.44000244140625,680.0557861328125,86.19792175292969,27.152667999267578
2025-12-08,385.4200134277344,678.0126953125,85.9144058227539,27.191349029541016
2025-12-09,387.3999938964844,677.4276123046875,86.00238800048828,27.230026245117188
2025-12-10,389.04998779296875,681.92041015625,86.33477783203125,27.084980010986328
2025-12-11,393.239990234375,683.5072021484375,86.21747589111328,26.988283157348633
2025-12-12,395.44000244140625,676.1581420898438,85.386474609375,27.026962280273438
2025-12-15,395.79998779296875,675.1365966796875,85.44514465332031,27.00762367248535
2025-12-16,395.8900146484375,673.2918701171875,85.9144058227539,26.978612899780273
2025-12-17,399.2900085449219,665.8832397460938,85.83619689941406,27.036630630493164
2025-12-18,398.57000732421875,670.9115600585938,86.24681091308594,27.055971145629883
2025-12-19,399.0199890136719,676.9923095703125,85.92488861083984,27.14299964904785
2025-12-22,408.2300109863281,681.2098999023438,85.73841857910156,27.030000686645508
2025-12-23,413.6400146484375,684.3233032226562,85.87581634521484,26.940000534057617
2025-12-24,411.92999267578125,686.7305297851562,86.3959732055664,26.950000762939453
2025-12-26,416.739990234375,686.660888671875,86.11135864257812,26.969999313354492
2025-12-29,398.6000061035156,684.2138671875,86.43524169921875,26.979999542236328
2025-12-30,398.8900146484375,683.3783569335938,86.22913360595703,27.049999237060547
2025-12-31,396.30999755859375,678.3152465820312,85.54212951660156,27.030000686645508
2026-01-02,398.2799987792969,679.55859375,85.41454315185547,27.110000610351562
2026-01-05,408.760009765625,684.0845336914062,85.83656311035156,27.06999969482422
2026-01-06,413.17999267578125,688.1529541015625,85.65989685058594,27.15999984741211
2026-01-07,409.2300109863281,685.9347534179688,86.16043090820312,27.200000762939453
2026-01-08,411.489990234375,685.8651123046875,85.72859954833984,27.270000457763672
2026-01-09,414.4700012207031,690.4010009765625,86.29783630371094,27.329999923706055
2026-01-12,422.2300109863281,691.4852294921875,86.04266357421875,27.280000686645508
2026-01-13,421.6300048828125,690.1026000976562,86.18988800048828,27.350000381469727
2026-01-14,425.94000244140625,686.7106323242188,86.69041442871094,27.329999923706055
2026-01-15,423.3299865722656,688.5806884765625,86.67078399658203,27.43000030517578
2026-01-16,421.2900085449219,688.0037231445312,86.17024993896484,27.43000030517578
2026-01-20,437.2300109863281,673.9981689453125,85.0416030883789,27.209999084472656
2026-01-21,443.6000061035156,681.77685546875,85.68934631347656,27.270000457763672
2026-01-22,451.7900085449219,685.3379516601562,86.06228637695312,27.149999618530273
2026-01-23,458.0,685.5865478515625,86.29783630371094,26.90999984741211
2026-01-26,464.70001220703125,689.0680541992188,86.71003723144531,26.780000686645508
2026-01-27,476.1000061035156,691.8134765625,86.17024993896484,26.469999313354492
2026-01-28,494.55999755859375,691.7438354492188,85.97396850585938,26.6299991607666
2026-01-29,495.8999938964844,690.3711547851562,85.99359130859375,26.59000015258789
2026-01-30,444.95001220703125,688.3120727539062,85.51268005371094,26.850000381469727
2026-02-02,427.1300048828125,691.7339477539062,85.26835632324219,26.989999771118164
2026-02-03,454.2900085449219,685.885009765625,85.47525787353516,26.920000076293945
2026-02-04,453.9700012207031,682.5626831054688,85.25850677490234,27.010000228881836
2026-02-05,441.8800048828125,674.0379638671875,86.1845932006836,27.09000015258789
2026-02-06,455.4599914550781,686.96923828125,86.24369812011719,27.010000228881836
2026-02-09,467.0299987792969,690.2816772460938,86.2239990234375,26.790000915527344
2026-02-10,462.3999938964844,688.4613037109375,87.21903991699219,26.799999237060547
2026-02-11,467.6300048828125,688.3021850585938,86.75599670410156,26.829999923706055
2026-02-12,451.3900146484375,677.668701171875,87.90867614746094,26.81999969482422
2026-02-13,462.6199951171875,678.1461181640625,88.39141845703125,26.81999969482422
2026-02-17,448.20001220703125,679.2402954101562,88.53919982910156,26.90999984741211
2026-02-18,458.2799987792969,682.662109375,88.20423889160156,27.079999923706055
2026-02-19,459.55999755859375,680.8616333007812,88.29290771484375,27.1200008392334
2026-02-20,468.6199951171875,685.7855834960938,88.08602142333984,27.09000015258789
2026-02-23,481.2799987792969,678.7827758789062,88.41111755371094,27.09000015258789
2026-02-24,474.6099853515625,683.7164916992188,88.56876373291016,27.110000610351562
2026-02-25,473.4200134277344,689.4859008789062,88.57861328125,27.079999923706055
2026-02-26,477.4800109863281,685.6561889648438,88.93326568603516,27.100000381469727
2026-02-27,483.75,682.3637084960938,89.47512817382812,27.079999923706055
2026-03-02,490.0,682.751708984375,88.57661437988281,27.329999923706055
2026-03-03,468.1400146484375,676.7337036132812,88.39868927001953,27.459999084472656
2026-03-04,471.79998779296875,681.5082397460938,88.12191772460938,27.40999984741211
2026-03-05,466.1300048828125,677.70849609375,87.76606750488281,27.479999542236328
2026-03-06,473.510009765625,668.82568359375,87.43987274169922,27.469999313354492
2026-03-09,472.5299987792969,674.6845703125,88.20099639892578,27.459999084472656
2026-03-10,477.8599853515625,673.6002807617188,87.26194763183594,27.450000762939453
2026-03-11,476.239990234375,672.7548217773438,86.13509368896484,27.549999237060547
2026-03-12,466.8800048828125,662.5390625,85.96705627441406,27.68000030517578
2026-03-13,460.8399963378906,658.7890014648438,85.54202270507812,27.889999389648438
2026-03-16,460.42999267578125,665.493408203125,86.20429229736328,27.729999542236328
2026-03-17,459.2699890136719,667.2440185546875,86.44152069091797,27.68000030517578
2026-03-18,444.739990234375,657.9335327148438,85.95716857910156,27.850000381469727
2026-03-19,426.4100036621094,656.3121948242188,86.4810562133789,27.579999923706055
2026-03-20,413.3800048828125,646.9034423828125,84.84020233154297,27.68000030517578
2026-03-23,404.0400085449219,653.6959228515625,85.39374542236328,27.559999465942383
2026-03-24,404.1300048828125,651.5015869140625,85.01812744140625,27.649999618530273
2026-03-25,416.2900085449219,655.1322021484375,85.83855438232422,27.700000762939453
2026-03-26,400.6400146484375,643.432373046875,85.11697387695312,27.809999465942383
2026-03-27,414.70001220703125,632.4606323242188,84.65239715576172,27.84000015258789
2026-03-30,414.5799865722656,630.3460693359375,85.77925109863281,27.979999542236328
2026-03-31,430.2900085449219,648.6688842773438,85.6902847290039,27.780000686645508
2026-04-01,437.82000732421875,653.5562744140625,85.6059341430664,27.729999542236328
2026-04-02,429.4100036621094,654.144775390625,86.13191223144531,27.860000610351562
2026-04-06,427.6499938964844,657.23681640625,85.99297332763672,27.829999923706055
2026-04-07,431.80999755859375,657.5260009765625,85.98304748535156,27.75
2026-04-08,434.5299987792969,674.27294921875,86.26092529296875,27.530000686645508
2026-04-09,437.9100036621094,678.162841796875,86.04259490966797,27.479999542236328
2026-04-10,437.1300048828125,677.7140502929688,85.83418273925781,27.440000534057617
2026-04-13,435.3599853515625,684.3369750976562,86.09221649169922,27.3799991607666
2026-04-14,445.0899963378906,692.675537109375,86.5487289428711,27.31999969482422
2026-04-15,440.4599914550781,698.1414184570312,86.1716079711914,27.290000915527344
2026-04-16,440.0799865722656,699.8569946289062,85.62577819824219,27.3700008392334
2026-04-17,445.92999267578125,708.3152465820312,86.40978240966797,27.360000610351562
2026-04-20,442.0899963378906,706.8988037109375,86.38994598388672,27.31999969482422
2026-04-21,429.57000732421875,702.2708129882812,85.91357421875,27.469999313354492
2026-04-22,435.260009765625,709.3825073242188,86.08228302001953,27.479999542236328
2026-04-23,431.0400085449219,706.6295776367188,85.89373016357422,27.530000686645508
2026-04-24,433.25,712.10546875,86.05252075195312,27.479999542236328
2026-04-27,429.8900146484375,713.332275390625,85.62577819824219,27.450000762939453
2026-04-28,421.9100036621094,709.8612060546875,85.71509552001953,27.530000686645508
2026-04-29,417.4100036621094,709.7515258789062,85.0501708984375,27.610000610351562
2026-04-30,423.6600036621094,716.8132934570312,84.97077941894531,27.360000610351562
2026-05-01,423.17999267578125,718.7982177734375,85.27458953857422,27.40999984741211
2026-05-04,414.7099914550781,716.1649780273438,84.62712860107422,27.479999542236328
2026-05-05,418.2699890136719,721.9102172851562,85.09529113769531,27.5
2026-05-06,430.9599914550781,731.9443359375,85.74274444580078,27.350000381469727
2026-05-07,431.67999267578125,729.7001342773438,85.3144302368164,27.40999984741211
2026-05-08,433.7699890136719,735.724609375,85.74274444580078,27.34000015258789
2026-05-11,434.6499938964844,737.4002685546875,85.22477722167969,27.350000381469727
2026-05-12,432.92999267578125,736.2831420898438,84.65701293945312,27.450000762939453
2026-05-13,430.5,740.4025268554688,84.46776580810547,27.510000228881836
2026-05-14,427.2099914550781,746.2474975585938,84.58728790283203,27.6200008392334
2026-05-15,417.2900085449219,737.2706298828125,83.33222961425781,27.770000457763672
2026-05-18,418.42999267578125,736.751953125,83.23261260986328,27.700000762939453
2026-05-19,411.5,731.8446044921875,82.69473266601562,27.790000915527344
2026-05-20,417.3999938964844,739.3452758789062,83.58125305175781,27.729999542236328
2026-05-21,416.989990234375,740.8114624023438,83.89002990722656,27.729999542236328
2026-05-22,413.82000732421875,743.7239990234375,84.34822845458984,27.770000457763672
2026-05-26,414.0,748.6613159179688,84.7665786743164,27.75
2026-05-27,408.489990234375,748.5316162109375,84.96580505371094,27.75
2026-05-28,412.7699890136719,752.6609497070312,85.4040756225586,27.700000762939453
2026-05-29,417.1199951171875,754.5361328125,85.42400360107422,27.65999984741211
2026-06-01,411.260009765625,756.5908203125,85.47000122070312,27.760000228881836
2026-06-02,411.95001220703125,757.6182250976562,85.6500015258789,27.760000228881836
2026-06-03,407.8699951171875,752.3018798828125,85.30999755859375,27.860000610351562
2026-06-04,411.2699890136719,755.1445922851562,85.5,27.84000015258789
2026-06-05,396.239990234375,735.65478515625,85.05999755859375,28.020000457763672
2026-06-08,397.2699890136719,737.3204345703125,84.62000274658203,28.030000686645508
2026-06-09,390.7799987792969,735.1560668945312,85.12000274658203,28.010000228881836
2026-06-10,374.5799865722656,723.56591796875,84.87999725341797,28.049999237060547
2026-06-11,386.32000732421875,735.8642578125,85.9800033569336,27.950000762939453
2026-06-12,386.5400085449219,739.843994140625,85.7699966430664,27.950000762939453
2026-06-15,396.54998779296875,752.890380859375,85.72000122070312,27.969999313354492
2026-06-16,397.6300048828125,748.4019775390625,86.19000244140625,27.93000030517578
2026-06-17,388.6000061035156,739.0560302734375,86.33000183105469,28.18000030517578
2026-06-18,387.1199951171875,746.739990234375,86.75,28.299999237060547
2026-06-22,384.5899963378906,744.3900146484375,86.08999633789062,28.360000610351562
2026-06-23,377.32000732421875,733.5800170898438,86.19999694824219,28.450000762939453
2026-06-24,365.9200134277344,733.239990234375,87.37999725341797,28.530000686645508
2026-06-25,369.4599914550781,734.2999877929688,87.3499984741211,28.479999542236328
2026-06-26,373.6300048828125,728.989990234375,87.36000061035156,28.459999084472656
2026-06-29,368.5799865722656,741.0,87.44999694824219,28.3700008392334
2026-06-30,368.3800048828125,746.77001953125,86.41999816894531,28.40999984741211
2026-07-01,370.6000061035156,745.760009765625,85.5199966430664,28.489999771118164
